index,episode_time,steps,noise,episode_reward,avg_critic_loss,avg_actor_loss
0,2.4333317,146,0,23.273916,0,0
1,1.9833322,119,0,0.40629783,0.23303752,0.01769173
2,2.0499988,123,0,0.88233453,0.15280809,-0.013335342
3,1.8999989,114,0,1.6096241,0.112804286,-0.040450595
4,1.799999,108,0,2.6691835,0.08949476,-0.05910321
5,1.3499994,81,0,25.585257,0.13459475,-0.102864966
6,1.0666664,64,0,2.0582054,0.120447785,-0.15914683
7,1.133333,68,0,5.7288246,0.101252325,-0.20618512
8,0.7333333,44,0,1.2149463,0.086586215,-0.24667
9,0.84999985,51,0,2.5895846,0.085610144,-0.2756594
10,0.74999994,45,0,0.9914391,0.07586578,-0.30280274
11,0.7,42,0,2.058122,0.081982985,-0.33045346
12,0.7,42,0,14.099215,0.08758028,-0.3787582
13,0.74999994,45,0,1.384049,0.090808846,-0.44606018
14,0.71666664,43,0,6.620505,0.07963515,-0.52689713
15,0.65000004,39,0,4.622636,0.08225975,-0.5915064
16,0.71666664,43,0,2.3011167,0.074362606,-0.658069
17,0.61666673,37,0,8.814196,0.075960316,-0.7231506
18,0.6666667,40,0,1.4994073,0.07310429,-0.76175994
19,0.71666664,43,0,5.792052,0.06952867,-0.802223
20,0.5666668,34,0,2.9255233,0.07962195,-0.85109144
21,0.65000004,39,0,11.521124,0.07653374,-0.90670437
22,0.6000001,36,0,4.208995,0.07614848,-0.9595512
23,0.65000004,39,0,5.7883396,0.09035088,-1.0070081
24,0.6666667,40,0,3.2717159,0.07254188,-1.031853
25,0.5666668,34,0,0.43763587,0.06891735,-1.0597023
26,0.6666667,40,0,2.6645508,0.0774642,-1.0816386
27,0.6333334,38,0,1.0477561,0.073773235,-1.1203223
28,0.58333343,35,0,0.8373485,0.06893529,-1.1307138
29,0.55000013,33,0,7.989539,0.080881625,-1.1565115
30,0.6000001,36,0,3.4953148,0.07260837,-1.2078382
31,0.58333343,35,0,2.6985183,0.069040485,-1.1714075
32,0.55000013,33,0,0.7805206,0.071597725,-1.2025867
33,0.6666667,40,0,4.4347005,0.06741634,-1.204841
34,0.6000001,36,0,2.0080872,0.070604265,-1.2157964
35,0.5666668,34,0,2.7143855,0.06624461,-1.2080607
36,0.65000004,39,0,1.3218944,0.06522182,-1.1984775
37,0.58333343,35,0,0.69497687,0.06997144,-1.1841757
38,0.61666673,37,0,1.78744,0.06673302,-1.217388
39,0.58333343,35,0,2.839616,0.059823122,-1.1764307
40,0.7,42,0,3.0115623,0.057797857,-1.1774008
41,0.6666667,40,0,1.4747354,0.057529837,-1.1712103
42,0.65000004,39,0,3.8236275,0.061424166,-1.2256622
43,0.65000004,39,0,4.619995,0.05537798,-1.2585075
44,0.6666667,40,0,3.4878352,0.051888913,-1.2296298
45,0.65000004,39,0,1.3299971,0.05219414,-1.2224926
46,0.65000004,39,0,0.9198219,0.049237546,-1.214724
47,0.7,42,0,5.8226504,0.052705683,-1.2001848
48,0.71666664,43,0,5.2002096,0.050079364,-1.2449801
49,0.6000001,36,0,0.9522259,0.043212842,-1.273898
50,0.6333334,38,0,1.8151373,0.044221155,-1.2756487
51,0.7999999,48,0,2.3693187,0.045631524,-1.2797507
52,1.2499995,75,0,6.0824003,0.044933178,-1.315761
53,1.8166656,109,0,1.7970785,0.04647934,-1.432806
54,1.1999996,72,0,3.726195,0.043840688,-1.6017182
55,0.84999985,51,0,1.9964198,0.044995636,-1.6841496
56,0.7999999,48,0,3.8466642,0.041270748,-1.7478358
57,0.6333334,38,0,1.1682192,0.04170825,-1.8125998
58,0.74999994,45,0,2.450462,0.04039809,-1.8478862
59,0.84999985,51,0,2.1800199,0.044380963,-1.8910562
60,0.7666666,46,0,3.8965394,0.037883285,-1.96303
61,0.7,42,0,1.2582852,0.04165455,-1.9650447
62,0.74999994,45,0,3.5500522,0.04232875,-2.0749464
63,0.81666654,49,0,8.850585,0.045541342,-2.1725514
64,0.68333334,41,0,2.2066765,0.03770876,-2.1970537
65,0.88333315,53,0,1.2232819,0.03698794,-2.251489
66,0.84999985,51,0,0.5351397,0.035744414,-2.3196027
67,1.2333329,74,0,1.443449,0.03841497,-2.406052
68,1.3166661,79,0,0.93955696,0.03745777,-2.481407
69,1.4999993,90,0,1.5597365,0.037646174,-2.55253
70,1.4999993,90,0,2.9960957,0.04019858,-2.6635864
71,1.3999994,84,0,1.4055568,0.040527865,-2.7214267
72,1.3333328,80,0,5.6633387,0.045267362,-2.8514326
73,1.0999997,66,0,6.7741523,0.039767027,-2.9607306
74,1.0166664,61,0,3.513975,0.039572384,-3.0559587
75,0.81666654,49,0,1.3360323,0.03630086,-3.1654985
76,1.1499996,69,0,1.1796451,0.038553987,-3.2947452
77,0.8666665,52,0,0.691428,0.03973201,-3.4104025
78,0.94999975,57,0,0.84337336,0.042793144,-3.5207286
79,1.4833326,89,0,0.8673176,0.035108507,-3.6220233
80,1.5333326,92,0,1.1679616,0.03759204,-3.7960255
81,1.4833326,89,0,1.3374864,0.036912117,-3.9272513
82,1.0999997,66,0,3.5597758,0.04224122,-4.0527015
83,0.9999997,60,0,2.929256,0.04021744,-4.1771517
84,1.2166662,73,0,0.47834325,0.03826395,-4.2933946
85,0.94999975,57,0,7.511182,0.04020843,-4.393973
86,0.7333333,44,0,2.7606494,0.036029503,-4.4247627
87,0.7333333,44,0,0.23826335,0.040765304,-4.5598283
88,1.4499993,87,0,4.533306,0.038764976,-4.6050744
89,1.2666662,76,0,1.2248061,0.039147057,-4.7232842
90,0.8999998,54,0,0.6232419,0.038033273,-4.8092823
91,1.2666662,76,0,4.146264,0.03821494,-4.905922
92,0.7999999,48,0,0.966203,0.035361324,-4.979068
93,1.4333327,86,0,4.1419086,0.03987634,-5.040825
94,0.84999985,51,0,0.39539462,0.036663216,-5.0801506
95,0.98333305,59,0,0.4885856,0.03670745,-5.1424394
96,0.9666664,58,0,1.3931758,0.03681088,-5.2056603
97,1.6333325,98,0,4.9214306,0.036027823,-5.2284694
98,1.3166661,79,0,3.7511036,0.035076234,-5.2887197
99,1.5333326,92,0,1.7605102,0.035120502,-5.3518085
100,1.5999992,96,0,0.96962494,0.03527958,-5.402397
101,1.4833326,89,0,1.4370738,0.03301136,-5.4030533
102,1.3666661,82,0,2.1545541,0.032904364,-5.4592524
103,1.5333326,92,0,9.013078,0.0355644,-5.5164623
104,1.5166659,91,0,3.562125,0.031097533,-5.53753
105,1.1833329,71,0,6.496848,0.029958272,-5.545641
106,1.3499994,81,0,0.51005757,0.033065412,-5.600422
107,1.3833327,83,0,2.2034543,0.028489145,-5.6011434
108,1.5666659,94,0,5.1550813,0.028588315,-5.612089
109,1.2166662,73,0,4.4794827,0.027317312,-5.6576033
110,1.0166664,61,0,3.332826,0.02771191,-5.6779385
111,0.98333305,59,0,1.3185714,0.0327423,-5.6738515
112,1.3833327,83,0,1.6083944,0.026903888,-5.6698976
113,0.9666664,58,0,1.9775974,0.026278276,-5.677674
114,1.0333331,62,0,1.3626834,0.029587332,-5.7294927
115,1.3833327,83,0,8.285184,0.030606806,-5.721233
116,1.5166659,91,0,3.2376225,0.027777806,-5.766574
117,1.5499992,93,0,13.754631,0.028395066,-5.8143725
118,1.5166659,91,0,3.9225006,0.027430927,-5.876096
119,1.6499991,99,0,6.788485,0.027666098,-5.909855
120,1.4999993,90,0,4.157793,0.029325722,-5.954335
121,1.5666659,94,0,5.867753,0.028578147,-5.9962435
122,1.7333324,104,0,4.263927,0.032162823,-6.0910006
123,1.5333326,92,0,2.5646894,0.031436212,-6.1335034
124,1.7666657,106,0,14.433548,0.030328196,-6.2099385
125,1.1833329,71,0,0.5962252,0.027970105,-6.2677813
126,1.6499991,99,0,4.647075,0.031797197,-6.3306527
127,1.7666657,106,0,4.125139,0.02767651,-6.380105
128,1.6833324,101,0,4.5778193,0.028773293,-6.5114813
129,1.4333327,86,0,3.785437,0.032156434,-6.5720286
130,1.749999,105,0,1.8077393,0.030492775,-6.6702805
131,2.0166655,121,0,7.0497513,0.030628927,-6.7415996
132,2.1499987,129,0,22.703947,0.032527056,-6.881521
133,1.1666663,70,0,0.7554236,0.032812085,-6.9751673
134,2.0666654,124,0,22.427639,0.03140086,-7.05015
135,1.3666661,82,0,5.854689,0.032466717,-7.129326
136,2.183332,131,0,14.319245,0.031901583,-7.23457
137,1.9999988,120,0,4.575362,0.033710025,-7.3333673
138,1.3499994,81,0,2.2276914,0.03403016,-7.4245806
139,1.849999,111,0,6.295971,0.035876743,-7.5187144
140,1.849999,111,0,0.6218786,0.03297043,-7.539197
141,1.8166656,109,0,2.9749346,0.038665343,-7.67252
142,1.416666,85,0,4.7032275,0.036312774,-7.7405148
143,1.5166659,91,0,11.234155,0.035221864,-7.7930655
144,1.0333331,62,0,1.7627962,0.03886944,-7.846258
145,0.78333324,47,0,2.306364,0.038357183,-7.8297453
146,0.9666664,58,0,10.350468,0.037990987,-7.9292555
147,1.0499997,63,0,1.5786228,0.03719941,-7.956673
148,1.6166658,97,0,2.0959926,0.040430233,-7.993358
149,1.4833326,89,0,2.3259158,0.040103752,-8.150019
150,1.1166663,67,0,2.452512,0.039260734,-8.2156315
151,1.2166662,73,0,4.2848935,0.038317423,-8.247736
152,0.7333333,44,0,2.794476,0.039268695,-8.320244
153,0.7,42,0,4.3711514,0.03969238,-8.366865
154,1.1499996,69,0,5.8459916,0.03763537,-8.398558
155,0.9999997,60,0,4.5326424,0.038251474,-8.451139
156,0.98333305,59,0,2.4599605,0.03701301,-8.489727
157,2.1666653,130,0,1.0160686,0.039003402,-8.605238
158,1.4499993,87,0,3.2632072,0.03832762,-8.718038
159,1.8333323,110,0,1.420605,0.04060986,-8.809486
160,1.7166657,103,0,0.2997739,0.039887413,-8.912872
161,2.9999979,180,0,1.2882338,0.040489286,-8.99856
162,1.7666657,106,0,1.3109506,0.042335544,-9.136223
163,2.0666654,124,0,2.625579,0.0445958,-9.139846
164,1.9499989,117,0,2.9409013,0.04440375,-9.179931
165,1.6333325,98,0,1.2473602,0.04461136,-9.228166
166,1.3666661,82,0,2.5733926,0.044463456,-9.261068
167,2.3333318,140,0,2.4444675,0.044276368,-9.367187
168,2.4499984,147,0,0.6248174,0.0434056,-9.439278
169,2.3166652,139,0,2.9904077,0.043479156,-9.483634
170,3.0166645,181,0,14.943535,0.043582987,-9.566012
171,2.5833316,155,0,0.41990146,0.043717656,-9.657172
172,3.0166645,181,0,13.153242,0.044716652,-9.709885
173,3.0166645,181,0,4.9104257,0.04354523,-9.782925
174,1.9666655,118,0,0.52602893,0.04494322,-9.848795
175,2.2833319,137,0,4.3368063,0.04451141,-9.819676
176,1.7833323,107,0,1.8916706,0.044676524,-9.818253
177,2.5333316,152,0,1.1929345,0.043822996,-9.827452
178,2.516665,151,0,29.07815,0.04283471,-9.796598
179,2.799998,168,0,38.73545,0.04172593,-9.814215
180,2.083332,125,0,4.9231114,0.040688176,-9.782596
181,1.849999,111,0,2.9491558,0.04359665,-9.782813
182,2.033332,122,0,4.3243246,0.041594524,-9.731481
183,1.7166657,103,0,1.5348128,0.042633258,-9.744557
184,1.466666,88,0,1.6860477,0.039541412,-9.697438
185,2.133332,128,0,12.238072,0.041233458,-9.668765
186,1.6833324,101,0,2.0966263,0.043057166,-9.659496
187,1.749999,105,0,3.757546,0.03972654,-9.629876
188,1.6999991,102,0,7.4926176,0.040010907,-9.619479
189,1.5833325,95,0,2.7259765,0.03976393,-9.522144
190,1.5333326,92,0,5.0252266,0.039636362,-9.487655
191,1.3499994,81,0,1.3068268,0.040978428,-9.498288
192,1.5833325,95,0,1.3749365,0.04033796,-9.454435
193,1.466666,88,0,2.0246158,0.038979534,-9.397781
194,1.3333328,80,0,0.40003172,0.039775237,-9.377581
195,1.7166657,103,0,2.757545,0.03914474,-9.324173
196,1.4499993,87,0,8.746745,0.039235093,-9.287419
197,1.6333325,98,0,0.5861764,0.03598113,-9.240681
198,2.566665,154,0,47.54489,0.038721975,-9.205375
199,1.4499993,87,0,3.0970953,0.03884104,-9.184589
200,1.416666,85,0,1.039478,0.03884098,-9.138924
201,1.8166656,109,0,6.06585,0.03710967,-9.105231
202,1.4333327,86,0,1.0644362,0.03976962,-9.083305
203,1.4999993,90,0,2.5098248,0.038405914,-9.0203285
204,1.6166658,97,0,2.1975546,0.038250264,-8.980219
205,2.0166655,121,0,9.961104,0.040427107,-8.988797
206,0.78333324,47,0,1.2555348,0.036959358,-8.958369
207,0.8666665,52,0,8.158408,0.040577687,-8.973218
208,0.8333332,50,0,4.009017,0.041673962,-8.976758
209,0.7333333,44,0,2.399758,0.040349342,-8.941486
210,0.6666667,40,0,10.547569,0.040677294,-8.9432125
211,0.7999999,48,0,2.004152,0.04199889,-8.924563
212,0.8666665,52,0,1.7308917,0.03967738,-8.929206
213,0.8333332,50,0,5.384295,0.039328743,-8.923556
214,1.5166659,91,0,4.810656,0.0393566,-8.931388
215,0.74999994,45,0,4.559102,0.03974705,-8.951761
216,0.8666665,52,0,1.6454569,0.037540127,-8.904543
217,1.5166659,91,0,27.278208,0.03961607,-8.9640875
218,1.2666662,76,0,1.0836741,0.04000514,-8.987557
219,1.0333331,62,0,4.565241,0.03923271,-8.958018
220,0.78333324,47,0,7.0411787,0.036106046,-8.9341545
221,1.5333326,92,0,4.363638,0.038920518,-8.981155
222,1.8333323,110,0,9.122642,0.03982613,-8.943809
223,1.3499994,81,0,3.198404,0.03848951,-8.9889345
224,1.1999996,72,0,21.077517,0.03878673,-9.022268
225,1.0499997,63,0,4.87897,0.038481876,-9.107427
226,1.5833325,95,0,5.873771,0.036337685,-9.045739
227,1.5999992,96,0,3.2680957,0.03679689,-9.045086
228,1.3499994,81,0,4.134108,0.035916366,-9.068105
229,2.3666651,142,0,1.0533646,0.034992278,-9.088343
230,1.1999996,72,0,6.208073,0.034466084,-9.105515
231,1.9999988,120,0,12.649977,0.036629636,-9.150471
232,2.949998,177,0,3.1332457,0.036553755,-9.197986
233,3.0166645,181,0,1.9059027,0.035578575,-9.248903
234,1.7833323,107,0,1.6964343,0.03591133,-9.28814
235,3.0166645,181,0,10.185273,0.034223884,-9.368422
236,1.799999,108,0,6.4950027,0.033619788,-9.403688
237,1.0666664,64,0,1.8378654,0.03368666,-9.521377
238,1.0999997,66,0,3.5140555,0.03470859,-9.521307
239,3.0166645,181,0,26.682617,0.033116397,-9.590357
240,1.6666658,100,0,4.24675,0.034004662,-9.670932
241,1.0499997,63,0,5.9400687,0.034283828,-9.7030735
242,1.1666663,70,0,4.3884525,0.034157276,-9.739401
243,1.416666,85,0,38.51866,0.034865636,-9.831015
244,1.2166662,73,0,1.0760865,0.0355589,-9.857712
245,1.4333327,86,0,8.962117,0.035387088,-9.902882
246,1.9499989,117,0,12.809527,0.037237965,-9.999162
247,1.1833329,71,0,8.111097,0.034486774,-10.02545
248,1.4999993,90,0,8.72784,0.034354232,-10.109181
249,2.083332,125,0,4.2029037,0.032938838,-10.119317
250,2.133332,128,0,9.575744,0.033151954,-10.242907
251,1.2333329,74,0,17.584843,0.034872334,-10.289788
252,1.5166659,91,0,34.675858,0.034835324,-10.3321085
253,1.3833327,83,0,1.4288974,0.037861537,-10.400152
254,1.3833327,83,0,4.5844855,0.036390122,-10.501977
255,1.3499994,81,0,7.350746,0.036708225,-10.453644
256,1.5999992,96,0,2.2483053,0.03608501,-10.5816965
257,1.2166662,73,0,3.4107497,0.037186366,-10.606091
258,2.3166652,139,0,46.4343,0.03861439,-10.709618
259,2.5999982,156,0,75.552826,0.03969749,-10.832681
260,1.0666664,64,0,1.1162701,0.04120601,-10.921048
261,1.1499996,69,0,2.0281832,0.039760057,-10.933319
262,1.466666,88,0,21.394367,0.041722022,-10.973392
263,1.4333327,86,0,36.347694,0.04431985,-11.120924
264,1.4999993,90,0,0.77009434,0.04400652,-11.111115
265,2.466665,148,0,5.569763,0.04601785,-11.220056
266,2.0499988,123,0,7.126198,0.04655796,-11.280968
267,1.1166663,67,0,4.869112,0.043944385,-11.348392
268,2.5333316,152,0,1.1258882,0.047151145,-11.419889
269,1.9499989,117,0,62.56405,0.047025423,-11.476449
270,2.2833319,137,0,5.5034275,0.05054223,-11.586445
271,1.5333326,92,0,31.995934,0.051541667,-11.647751
272,2.233332,134,0,84.79163,0.055768106,-11.712461
273,1.1499996,69,0,6.447674,0.055004094,-11.833434
274,2.5999982,156,0,21.757824,0.056793902,-11.887616
275,0.78333324,47,0,0.5942638,0.058346983,-11.927168
276,2.133332,128,0,14.113469,0.057366457,-11.984329
277,1.2833328,77,0,1.7674321,0.060185228,-12.110468
278,1.9499989,117,0,26.53194,0.05876768,-12.156324
279,2.516665,151,0,1.0574195,0.057882674,-12.184224
280,1.466666,88,0,6.080417,0.060617875,-12.27866
281,1.3833327,83,0,6.6602883,0.05869061,-12.330552
282,0.91666645,55,0,3.6815643,0.061081607,-12.365707
283,2.799998,168,0,6.4097953,0.061965622,-12.465088
284,2.3166652,139,0,2.3184285,0.066283174,-12.627122
285,3.0166645,181,0,21.392315,0.068511166,-12.7416115
286,1.8999989,114,0,51.987766,0.072870634,-12.901469
287,0.91666645,55,0,2.418049,0.07113908,-12.9105
288,1.7333324,104,0,9.473016,0.072754115,-12.9644785
289,3.0166645,181,0,7.0660076,0.075477354,-13.075652
290,1.3333328,80,0,5.7358418,0.07427156,-13.110499
291,1.3499994,81,0,8.062581,0.07801008,-13.200192
292,1.9166656,115,0,5.2513843,0.075761735,-13.252636
293,3.0166645,181,0,26.433683,0.07357532,-13.383838
294,1.4499993,87,0,3.09613,0.07405684,-13.510969
295,2.183332,131,0,9.145781,0.074061394,-13.557898
296,3.0166645,181,0,39.97709,0.072250634,-13.670188
297,2.3999984,144,0,3.2765243,0.07286848,-13.759354
298,2.2999985,138,0,13.998948,0.06926029,-13.876275
299,2.5499983,153,0,4.0914125,0.07143736,-13.935544
300,2.3499985,141,0,6.4795413,0.07008238,-14.005122
301,3.0166645,181,0,7.6253505,0.07273877,-14.174779
302,1.6666658,100,0,4.2614875,0.073111,-14.296101
303,3.0166645,181,0,29.632504,0.07343336,-14.388345
304,2.3833318,143,0,1.3134747,0.07560923,-14.47549
305,1.8666656,112,0,12.342312,0.07757392,-14.562525
306,2.083332,125,0,51.312344,0.07754261,-14.595369
307,2.5333316,152,0,44.203697,0.077452205,-14.761841
308,1.8999989,114,0,24.083126,0.07981659,-14.904608
309,1.8833323,113,0,12.2326,0.07997558,-14.966516
310,1.5666659,94,0,5.182699,0.081858106,-15.061952
311,2.1666653,130,0,16.578224,0.084058866,-15.145566
312,1.466666,88,0,0.6401877,0.0838401,-15.282145
313,3.0166645,181,0,44.827805,0.08758142,-15.37215
314,1.6999991,102,0,5.0000243,0.08816281,-15.461239
315,1.7333324,104,0,17.898722,0.0905934,-15.604864
316,3.0166645,181,0,102.13909,0.094214745,-15.744571
317,2.1999986,132,0,6.352065,0.09379921,-15.879902
318,1.9333322,116,0,12.676612,0.09362682,-16.045448
319,1.5499992,93,0,5.853789,0.09519956,-16.144567
320,3.0166645,181,0,84.57579,0.09641112,-16.266794
321,3.0166645,181,0,47.018475,0.09917262,-16.499691
322,1.6166658,97,0,8.657986,0.09805934,-16.64642
323,2.2833319,137,0,16.85668,0.09949015,-16.731915
324,3.0166645,181,0,13.641085,0.10182871,-16.844973
325,3.0166645,181,0,43.048584,0.10304008,-16.98891
326,1.466666,88,0,2.806776,0.103894845,-17.029263
327,2.0166655,121,0,58.33926,0.10668419,-17.159357
328,1.5666659,94,0,3.0148108,0.111150295,-17.229473
329,1.3166661,79,0,10.459208,0.10919584,-17.268068
330,3.0166645,181,0,20.905415,0.1085547,-17.321846
331,1.5999992,96,0,22.53559,0.10790224,-17.417967
332,1.3333328,80,0,27.973127,0.11091112,-17.440542
333,3.0166645,181,0,6.727106,0.112165384,-17.527155
334,1.3666661,82,0,1.1325307,0.111116625,-17.551304
335,3.0166645,181,0,140.53752,0.10872801,-17.68244
336,3.0166645,181,0,26.137493,0.108436905,-17.726177
337,2.0666654,124,0,6.3019705,0.11216125,-17.768147
338,3.0166645,181,0,61.759415,0.11001335,-17.874979
339,2.083332,125,0,14.015338,0.10831828,-17.89228
340,1.4833326,89,0,3.8728044,0.10898266,-17.972818
341,1.8666656,112,0,20.907082,0.11089655,-18.031082
342,1.416666,85,0,40.37876,0.112136126,-18.02929
343,2.3333318,140,0,0.9895905,0.11338242,-18.099554
344,1.7166657,103,0,2.5339,0.11445224,-18.096245
345,3.0166645,181,0,20.832241,0.11366462,-18.169212
346,2.3166652,139,0,26.265312,0.1168586,-18.194874
347,1.8333323,110,0,16.227839,0.115334615,-18.28052
348,1.9999988,120,0,3.019884,0.11454708,-18.293846
349,2.0499988,123,0,6.3210335,0.118235216,-18.34325
350,1.4833326,89,0,1.5914234,0.11748037,-18.33992
351,1.9166656,115,0,84.701584,0.11916229,-18.380995
352,3.0166645,181,0,21.612442,0.12136781,-18.441097
353,3.0166645,181,0,101.1492,0.12992586,-18.583607
354,3.0166645,181,0,31.15783,0.13423914,-18.658253
355,2.2999985,138,0,15.518999,0.13429518,-18.744644
356,1.799999,108,0,19.624187,0.13516141,-18.810726
357,1.9833322,119,0,4.625458,0.1349223,-18.878656
358,0.8999998,54,0,1.4378324,0.13707682,-18.963593
359,0.94999975,57,0,2.7706375,0.1357544,-18.949806
360,2.8166647,169,0,5.1978855,0.1386511,-18.989075
361,1.0499997,63,0,11.477438,0.13791451,-18.994358
362,2.799998,168,0,16.583336,0.13956256,-19.086493
363,2.6333315,158,0,3.1445389,0.14107667,-19.188025
364,3.0166645,181,0,10.318329,0.1429852,-19.29821
365,2.4499984,147,0,5.2787323,0.14441496,-19.327461
366,2.1666653,130,0,5.493928,0.14325796,-19.3821
367,3.0166645,181,0,36.654015,0.14451362,-19.510832
368,3.0166645,181,0,1.8449278,0.1436696,-19.60264
369,3.0166645,181,0,40.26637,0.14757274,-19.746317
370,3.0166645,181,0,2.7180278,0.14847198,-19.771635
371,3.0166645,181,0,19.300262,0.14940378,-19.886417
372,3.0166645,181,0,32.73911,0.15050626,-20.029762
373,1.7166657,103,0,35.81903,0.15031159,-20.11701
374,3.0166645,181,0,3.281892,0.15172572,-20.214228
375,1.7666657,106,0,36.182697,0.15327823,-20.3058
376,1.9333322,116,0,4.9607368,0.15032338,-20.344833
377,3.0166645,181,0,42.03867,0.14818467,-20.445368
378,1.5333326,92,0,4.2140217,0.15116264,-20.526733
379,3.0166645,181,0,16.76924,0.15307099,-20.636826
380,2.2666652,136,0,28.480936,0.14620881,-20.669348
381,0.91666645,55,0,2.5389009,0.1508507,-20.800282
382,3.0166645,181,0,11.000717,0.14969788,-20.843054
383,3.0166645,181,0,54.898148,0.14723454,-20.943718
384,2.8833313,173,0,2.1547434,0.1468639,-21.05067
385,2.3999984,144,0,7.6092415,0.1437728,-21.182781
386,1.9166656,115,0,5.518925,0.1452831,-21.254648
387,2.749998,165,0,19.219011,0.14301859,-21.316996
388,3.0166645,181,0,10.523331,0.14327951,-21.364246
389,3.0166645,181,0,28.729704,0.14063962,-21.475368
390,1.749999,105,0,15.188055,0.14240675,-21.533895
391,1.0666664,64,0,16.869389,0.1403444,-21.479094
392,3.0166645,181,0,80.738815,0.13875215,-21.601067
393,2.8333313,170,0,43.954674,0.13943936,-21.684353
394,0.58333343,35,0,0.5281689,0.14307974,-21.77738
395,1.0999997,66,0,10.220598,0.13549411,-21.787148
396,1.849999,111,0,21.175339,0.13951556,-21.78693
397,0.81666654,49,0,6.7070155,0.13668512,-21.782135
398,3.0166645,181,0,8.94391,0.13633816,-21.83993
399,0.98333305,59,0,6.0416665,0.14225173,-21.886103
400,1.1666663,70,0,4.269301,0.13775446,-21.87215
401,3.0166645,181,0,38.172794,0.13643058,-21.931616
402,1.1666663,70,0,7.8120713,0.13133532,-21.939615
403,1.0666664,64,0,3.9669797,0.13885914,-21.939709
404,2.2166653,133,0,46.04803,0.1339982,-22.000744
405,2.9333313,176,0,48.844604,0.13711266,-22.002253
406,3.0166645,181,0,145.04912,0.1338705,-22.045597
407,3.0166645,181,0,29.684889,0.13263313,-22.113504
408,3.0166645,181,0,21.799456,0.13421421,-22.111507
409,1.1166663,67,0,9.809256,0.1323205,-22.114367
410,3.0166645,181,0,49.642483,0.13193528,-22.12239
411,3.0166645,181,0,104.75883,0.13039118,-22.16069
412,3.0166645,181,0,9.876298,0.13183792,-22.164165
413,1.0166664,61,0,1.8654069,0.1294646,-22.06735
414,1.8333323,110,0,2.5189025,0.12971713,-22.11125
415,3.0166645,181,0,112.678955,0.1320863,-22.057735
416,3.0166645,181,0,95.45749,0.13626194,-22.098192
417,0.65000004,39,0,1.7035497,0.13470118,-22.040462
418,2.3166652,139,0,13.713591,0.13420963,-22.076227
419,3.0166645,181,0,38.33834,0.1320335,-22.046703
420,2.3999984,144,0,21.318075,0.13175575,-22.078629
421,2.1499987,129,0,5.662007,0.1332361,-22.093735
422,3.0166645,181,0,39.185158,0.13137011,-22.057692
423,3.0166645,181,0,18.54379,0.13264392,-22.068882
424,3.0166645,181,0,16.787458,0.1350646,-22.136158
425,1.5666659,94,0,1.0906303,0.13585941,-22.018621
426,3.0166645,181,0,63.28754,0.13529058,-22.076117
427,3.0166645,181,0,1.7718621,0.1368691,-22.111456
428,3.0166645,181,0,12.501232,0.13748984,-22.040022
429,0.7666666,46,0,3.8144433,0.14108062,-22.118979
430,3.0166645,181,0,102.19422,0.14007339,-22.05447
431,3.0166645,181,0,31.149094,0.1428016,-22.0687
432,3.0166645,181,0,58.719185,0.14172335,-22.057016
433,3.0166645,181,0,25.821066,0.14479572,-22.10556
434,3.0166645,181,0,21.704033,0.14540398,-22.122183
435,0.7666666,46,0,3.0096383,0.14569397,-22.079302
436,3.0166645,181,0,24.16498,0.14457053,-22.118902
437,1.3333328,80,0,3.1945655,0.15017486,-22.082613
438,1.3999994,84,0,3.8777342,0.14896925,-22.140116
439,0.68333334,41,0,1.2933437,0.14348571,-22.116674
440,3.0166645,181,0,27.144712,0.1444835,-22.16014
441,1.749999,105,0,11.802946,0.15063326,-22.082888
442,3.0166645,181,0,26.007715,0.1473111,-22.12965
443,3.0166645,181,0,12.691523,0.14566252,-22.108017
444,1.4833326,89,0,17.082159,0.1505192,-22.09152
445,0.9666664,58,0,3.528037,0.14870825,-22.092281
446,3.0166645,181,0,11.503628,0.14823754,-22.113382
447,3.0166645,181,0,46.234028,0.15038078,-22.081411
448,3.0166645,181,0,4.1896973,0.1442626,-22.076376
449,3.0166645,181,0,19.749428,0.14682831,-22.007017
450,3.0166645,181,0,4.9718175,0.14817336,-22.034765
451,3.0166645,181,0,2.8311958,0.14964442,-21.977655
452,3.0166645,181,0,37.661907,0.15021503,-21.894285
453,3.0166645,181,0,12.456315,0.14754583,-21.869963
454,3.0166645,181,0,41.49459,0.14929698,-21.924942
455,3.0166645,181,0,6.0913515,0.15230912,-21.899342
456,1.5666659,94,0,5.2893534,0.15484495,-21.893507
457,3.0166645,181,0,14.906969,0.15456231,-21.799007
458,2.3333318,140,0,4.723502,0.15529399,-21.864258
459,3.0166645,181,0,24.351671,0.15755379,-21.819353
460,3.0166645,181,0,37.952652,0.154519,-21.808731
461,3.0166645,181,0,1.2192544,0.15889001,-21.790442
462,1.2666662,76,0,6.006248,0.16512847,-21.818598
463,1.2333329,74,0,28.162136,0.16518535,-21.73494
464,2.033332,122,0,19.80902,0.15644577,-21.62202
465,3.0166645,181,0,4.0756416,0.16096722,-21.658787
466,3.0166645,181,0,43.620678,0.15565477,-21.689491
467,1.8999989,114,0,6.676547,0.16092606,-21.651274
468,3.0166645,181,0,28.941683,0.16108933,-21.610746
469,3.0166645,181,0,11.675069,0.1589285,-21.558104
470,2.3999984,144,0,10.63463,0.15768197,-21.606327
471,1.0333331,62,0,6.451386,0.16123565,-21.551828
472,1.9666655,118,0,1.0180318,0.159806,-21.516586
473,3.0166645,181,0,92.22455,0.16188239,-21.60476
474,3.0166645,181,0,54.582073,0.15856904,-21.529099
475,3.0166645,181,0,35.304325,0.15779224,-21.588669
476,2.1166654,127,0,0.83570635,0.15637444,-21.560593
477,3.0166645,181,0,17.226063,0.15896082,-21.659004
478,3.0166645,181,0,82.51552,0.16047244,-21.679796
479,3.0166645,181,0,22.65941,0.15837756,-21.712053
480,3.0166645,181,0,67.62906,0.1618793,-21.693117
481,1.8166656,109,0,10.702597,0.16525652,-21.682148
482,3.0166645,181,0,16.472569,0.16532758,-21.789597
483,3.0166645,181,0,6.3950663,0.16906089,-21.800222
484,2.4999983,150,0,24.355042,0.16639514,-21.806198
485,1.6166658,97,0,38.592728,0.16804244,-21.929274
486,3.0166645,181,0,149.78094,0.16929935,-22.032845
487,1.8666656,112,0,24.211683,0.16983336,-22.057144
488,2.9333313,176,0,15.699098,0.16685355,-22.058634
489,3.0166645,181,0,130.2605,0.16935435,-22.174404
490,2.2666652,136,0,38.937244,0.1705841,-22.287395
491,2.416665,145,0,91.168686,0.17135683,-22.31966
492,2.5499983,153,0,14.189156,0.1698845,-22.410826
493,3.0166645,181,0,78.6522,0.1685627,-22.497898
494,3.0166645,181,0,43.851677,0.16665055,-22.53571
495,1.6166658,97,0,14.107048,0.16752169,-22.580486
496,3.0166645,181,0,113.075066,0.16908382,-22.723888
497,2.2166653,133,0,0.762119,0.16837057,-22.822319
498,2.849998,171,0,4.7555537,0.1672837,-22.86608
499,3.0166645,181,0,53.918747,0.16681568,-22.980133
500,1.5999992,96,0,7.13157,0.16897751,-22.998713
501,3.0166645,181,0,42.701202,0.16741031,-23.007763
502,3.0166645,181,0,25.513113,0.16697907,-23.204239
503,3.0166645,181,0,27.300344,0.16899414,-23.358894
504,1.9166656,115,0,12.471403,0.16989417,-23.392025
505,3.0166645,181,0,127.213684,0.16858196,-23.517933
506,3.0166645,181,0,43.777554,0.16339165,-23.55876
507,3.0166645,181,0,29.833279,0.16834888,-23.680511
508,3.0166645,181,0,65.3318,0.1661419,-23.74557
509,3.0166645,181,0,101.40126,0.16463883,-23.906675
510,3.0166645,181,0,270.86197,0.16191392,-24.04534
511,3.0166645,181,0,35.445984,0.16486228,-24.09842
512,3.0166645,181,0,94.40806,0.16223057,-24.225763
513,3.0166645,181,0,131.92162,0.1603842,-24.309252
514,3.0166645,181,0,102.37458,0.15999025,-24.407106
515,3.0166645,181,0,35.046402,0.16094573,-24.549469
516,3.0166645,181,0,138.35515,0.15619904,-24.560839
517,3.0166645,181,0,107.224464,0.15878534,-24.758915
518,3.0166645,181,0,14.994526,0.15798211,-24.77562
519,3.0166645,181,0,198.37767,0.15568884,-24.989834
520,1.1166663,67,0,4.941607,0.15819915,-24.975048
521,3.0166645,181,0,151.35387,0.1548394,-25.126085
522,3.0166645,181,0,40.713783,0.15790425,-25.207577
523,3.0166645,181,0,16.385422,0.15539075,-25.322876
524,3.0166645,181,0,189.78987,0.15622373,-25.31223
525,3.0166645,181,0,117.66173,0.15780494,-25.434698
526,0.7999999,48,0,5.407949,0.15752006,-25.551695
527,3.0166645,181,0,104.61416,0.15662996,-25.603273
528,0.81666654,49,0,4.702169,0.16443597,-25.646162
529,3.0166645,181,0,96.77101,0.15833962,-25.720171
530,0.7999999,48,0,1.9185687,0.15972422,-25.665087
531,2.183332,131,0,50.532455,0.15580969,-25.800205
532,1.9333322,116,0,24.755726,0.15757108,-25.903349
533,0.58333343,35,0,1.3398509,0.16425325,-25.739777
534,3.0166645,181,0,137.86214,0.1602538,-25.942934
535,2.083332,125,0,7.147952,0.1592941,-26.032738
536,3.0166645,181,0,132.90529,0.15790923,-26.040956
537,0.46666685,28,0,1.1005907,0.1621111,-26.22356
538,2.233332,134,0,11.863703,0.15905307,-26.202698
539,1.7333324,104,0,5.7134924,0.1589272,-26.20846
540,0.74999994,45,0,0.57615304,0.15953161,-26.293644
541,2.2999985,138,0,2.8027182,0.16269715,-26.226929
542,3.0166645,181,0,68.90367,0.15977396,-26.285044
543,1.1999996,72,0,14.118493,0.15591533,-26.21929
544,2.3166652,139,0,5.3913326,0.15901083,-26.357746
545,3.0166645,181,0,90.46942,0.16218495,-26.38074
546,3.0166645,181,0,53.302753,0.16117969,-26.543997
547,3.0166645,181,0,82.76587,0.16337308,-26.518764
548,3.0166645,181,0,84.46186,0.16279764,-26.58394
549,3.0166645,181,0,102.542015,0.1602831,-26.605188
550,3.0166645,181,0,133.87633,0.16192488,-26.633959
551,3.0166645,181,0,115.14096,0.16376545,-26.783585
552,3.0166645,181,0,108.668175,0.16252261,-26.863796
553,1.3499994,81,0,8.241767,0.16474898,-26.829773
554,3.0166645,181,0,57.766506,0.16215363,-26.901924
555,3.0166645,181,0,159.11966,0.16381706,-26.898
556,3.0166645,181,0,2.7194417,0.1657624,-26.920315
557,3.0166645,181,0,78.37734,0.16432878,-26.99795
558,3.0166645,181,0,115.25819,0.16374297,-27.028479
559,3.0166645,181,0,60.604122,0.16126586,-27.071043
560,0.9999997,60,0,5.252722,0.15781143,-27.045078
561,0.71666664,43,0,1.4139402,0.16240594,-27.038076
562,3.0166645,181,0,121.21311,0.16199593,-27.047045
563,3.0166645,181,0,133.83458,0.16037135,-27.194012
564,3.0166645,181,0,187.44684,0.15963826,-27.227627
565,3.0166645,181,0,198.00504,0.15788272,-27.255144
566,1.9666655,118,0,6.8787866,0.15708956,-27.305372
567,3.0166645,181,0,152.47673,0.16069803,-27.298073
568,1.2999995,78,0,6.839796,0.15814792,-27.413889
569,3.0166645,181,0,78.92438,0.1575,-27.339334
570,0.78333324,47,0,1.8935776,0.15592887,-27.51853
571,3.0166645,181,0,179.60045,0.15780136,-27.494102
572,3.0166645,181,0,30.051739,0.1576746,-27.536386
573,2.4499984,147,0,32.404343,0.15932164,-27.603811
574,1.8166656,109,0,3.1836169,0.15845081,-27.530708
575,3.0166645,181,0,162.46446,0.15895587,-27.635202
576,3.0166645,181,0,121.69282,0.15751624,-27.67727
577,3.0166645,181,0,154.32246,0.15568407,-27.736645
578,3.0166645,181,0,192.43102,0.15898964,-27.743628
579,3.0166645,181,0,52.48637,0.1583606,-27.82808
580,3.0166645,181,0,115.237885,0.15697062,-27.870777
581,2.4999983,150,0,53.316296,0.1585671,-27.945642
582,2.9333313,176,0,25.116802,0.16106033,-27.921144
583,1.2833328,77,0,0.93226767,0.16245507,-28.090948
584,1.7333324,104,0,1.2446301,0.1586278,-27.906733
585,3.0166645,181,0,187.44711,0.15987976,-28.040312
586,3.0166645,181,0,173.41663,0.15966569,-28.02905
587,3.0166645,181,0,72.97307,0.1599903,-28.126438
588,2.7666647,166,0,23.846981,0.16284522,-28.107603
589,2.2166653,133,0,3.1161284,0.1606022,-28.16681
590,3.0166645,181,0,134.59192,0.16665283,-28.157349
591,3.0166645,181,0,153.35878,0.16296528,-28.13266
592,3.0166645,181,0,123.24709,0.16017626,-28.16791
593,3.0166645,181,0,96.36921,0.16022815,-28.407843
594,3.0166645,181,0,108.54289,0.1630318,-28.341114
595,1.7333324,104,0,2.228585,0.1634428,-28.322254
596,3.0166645,181,0,136.61545,0.16312984,-28.359858
597,1.3333328,80,0,4.628997,0.16122308,-28.205957
598,3.0166645,181,0,97.136536,0.16174018,-28.231014
599,3.0166645,181,0,119.825096,0.16076207,-28.316835
600,0.68333334,41,0,4.0929728,0.16336963,-28.472607
601,3.0166645,181,0,44.287823,0.16095981,-28.385578
602,0.98333305,59,0,2.2678046,0.16096297,-28.401932
603,3.0166645,181,0,159.70831,0.15921319,-28.39308
604,3.0166645,181,0,154.75679,0.15876491,-28.400017
605,2.183332,131,0,32.99193,0.15646371,-28.413164
606,3.0166645,181,0,100.58482,0.15850793,-28.320478
607,3.0166645,181,0,12.719991,0.15810412,-28.33604
608,1.6499991,99,0,4.4728727,0.1579159,-28.293549
609,3.0166645,181,0,83.61437,0.15623055,-28.30726
610,3.0166645,181,0,85.56752,0.15541135,-28.287275
611,3.0166645,181,0,179.94997,0.15789448,-28.332329
612,3.0166645,181,0,98.78158,0.15594722,-28.277304
613,3.0166645,181,0,17.508696,0.15411273,-28.282124
614,3.0166645,181,0,242.67676,0.15535544,-28.224356
615,1.6999991,102,0,26.627834,0.1542171,-28.180481
616,2.9666646,178,0,62.913418,0.15310366,-28.272093
617,0.94999975,57,0,3.6251035,0.15511382,-28.200651
618,3.0166645,181,0,190.43321,0.15349157,-28.142485
619,1.799999,108,0,73.06155,0.14925896,-28.127142
620,2.6833315,161,0,73.17384,0.15415835,-28.146961
621,3.0166645,181,0,1.4463494,0.15503123,-28.086811
622,1.2999995,78,0,0.84996957,0.15015888,-28.069448
623,3.0166645,181,0,63.595116,0.152948,-27.954756
624,3.0166645,181,0,111.72287,0.14839882,-27.934927
625,3.0166645,181,0,177.2313,0.15162548,-27.994864
626,2.033332,122,0,81.771965,0.15537828,-27.958073
627,0.8999998,54,0,0.54923075,0.14779676,-27.933512
628,1.0999997,66,0,29.716724,0.14910606,-27.93131
629,3.0166645,181,0,117.08419,0.15058452,-27.828165
630,0.7999999,48,0,1.2653482,0.15670939,-27.881376
631,3.0166645,181,0,12.687722,0.14934018,-27.712503
632,3.0166645,181,0,146.16125,0.15259553,-27.76185
633,2.849998,171,0,116.1541,0.14793155,-27.782457
634,1.0166664,61,0,34.409046,0.15245035,-27.714512
635,3.0166645,181,0,64.322464,0.14845993,-27.705065
636,3.0166645,181,0,115.793236,0.15194513,-27.701609
637,2.8166647,169,0,72.147194,0.15151566,-27.778248
638,3.0166645,181,0,56.396126,0.15123866,-27.606287
639,1.0999997,66,0,36.57241,0.14595902,-27.654057
640,1.2166662,73,0,16.074501,0.14481777,-27.439314
641,3.0166645,181,0,110.07392,0.14843972,-27.624945
642,3.0166645,181,0,129.79204,0.1468389,-27.631584
643,3.0166645,181,0,164.96327,0.15167332,-27.5886
644,3.0166645,181,0,110.01969,0.14819613,-27.51163
645,3.0166645,181,0,45.964878,0.14429468,-27.514647
646,3.0166645,181,0,129.98152,0.14938925,-27.511808
647,2.083332,125,0,1.0865082,0.14660205,-27.522228
648,2.3499985,141,0,62.70598,0.14965542,-27.38971
649,0.68333334,41,0,1.0145254,0.14770307,-27.550268
650,3.0166645,181,0,50.40277,0.14500833,-27.331968
651,3.0166645,181,0,100.30023,0.14850093,-27.376585
652,3.0166645,181,0,91.02383,0.14753844,-27.334072
653,3.0166645,181,0,128.67499,0.1526868,-27.281137
654,3.0166645,181,0,87.69352,0.14690664,-27.349655
655,3.0166645,181,0,108.10414,0.1468914,-27.304474
656,2.4833317,149,0,30.982296,0.14440902,-27.344732
657,3.0166645,181,0,204.11948,0.14867282,-27.237747
658,3.0166645,181,0,133.99976,0.14484785,-27.16268
659,3.0166645,181,0,64.33863,0.14245652,-27.24615
660,3.0166645,181,0,160.74522,0.14424682,-27.204382
661,3.0166645,181,0,124.81788,0.13901424,-27.156937
662,3.0166645,181,0,113.03202,0.14249471,-27.159939
663,3.0166645,181,0,106.44645,0.14094578,-27.205269
664,3.0166645,181,0,22.209278,0.14407064,-27.160645
665,3.0166645,181,0,158.24751,0.14133595,-27.134356
666,3.0166645,181,0,210.73102,0.13692303,-27.115337
667,3.0166645,181,0,207.59926,0.14011995,-27.152676
668,3.0166645,181,0,259.11905,0.14328207,-27.050621
669,3.0166645,181,0,1.0366646,0.13919483,-27.116497
670,3.0166645,181,0,138.72496,0.1398456,-27.088043
671,3.0166645,181,0,157.39215,0.14063698,-27.115324
672,3.0166645,181,0,249.91966,0.14056425,-27.172266
673,3.0166645,181,0,43.908035,0.13992007,-27.076374
674,3.0166645,181,0,148.80946,0.140501,-27.157183
675,2.233332,134,0,0.93792784,0.14269225,-27.077477
676,3.0166645,181,0,155.2081,0.14094914,-27.163282
677,3.0166645,181,0,152.13171,0.14389926,-27.193888
678,2.6999981,162,0,1.1878192,0.14083211,-27.21056
679,3.0166645,181,0,145.11644,0.14467847,-27.162806
680,3.0166645,181,0,6.00851,0.14443211,-27.17344
681,3.0166645,181,0,208.70595,0.14424932,-27.275303
682,3.0166645,181,0,216.44403,0.14562485,-27.26499
683,3.0166645,181,0,188.02083,0.14385626,-27.313095
684,1.8999989,114,0,1.6227393,0.14542653,-27.32551
685,3.0166645,181,0,230.7784,0.14829722,-27.348658
686,3.0166645,181,0,184.41545,0.14618565,-27.364529
687,3.0166645,181,0,213.81035,0.14567287,-27.497824
688,3.0166645,181,0,180.37845,0.14656869,-27.53855
689,3.0166645,181,0,178.283,0.14673747,-27.597654
690,3.0166645,181,0,141.64116,0.1508907,-27.691153
691,3.0166645,181,0,183.93077,0.14740267,-27.846212
692,3.0166645,181,0,193.16135,0.1472562,-27.872757
693,3.0166645,181,0,191.84818,0.14817023,-27.883442
694,3.0166645,181,0,70.56416,0.15223803,-27.906668
695,3.0166645,181,0,284.1282,0.1483179,-27.8809
696,3.0166645,181,0,256.2716,0.1489141,-28.182693
697,3.0166645,181,0,142.23837,0.14805467,-28.025253
698,3.0166645,181,0,159.81644,0.15047394,-28.335781
699,3.0166645,181,0,213.39645,0.15278842,-28.31765
700,3.0166645,181,0,260.91357,0.1528111,-28.32502
701,1.0666664,64,0,4.5152535,0.15574268,-28.423712
702,3.0166645,181,0,171.83755,0.1530466,-28.34495
703,3.0166645,181,0,209.32227,0.15169014,-28.474833
704,3.0166645,181,0,88.86655,0.15251778,-28.46094
705,3.0166645,181,0,256.6548,0.1535577,-28.661804
706,3.0166645,181,0,8.801908,0.1529769,-28.605965
707,3.0166645,181,0,185.39638,0.15346605,-28.754858
708,3.0166645,181,0,143.35861,0.15415676,-28.724653
709,3.0166645,181,0,235.86443,0.15342563,-28.977705
710,3.0166645,181,0,124.38978,0.15514457,-28.945396
711,3.0166645,181,0,166.96704,0.15484047,-28.98007
712,3.0166645,181,0,247.43385,0.1542421,-29.004463
713,3.0166645,181,0,103.71545,0.1580804,-29.129719
714,3.0166645,181,0,145.67105,0.15494367,-29.215508
715,3.0166645,181,0,184.27989,0.1582106,-29.140268
716,3.0166645,181,0,251.24709,0.16044447,-29.462397
717,3.0166645,181,0,116.42847,0.15635869,-29.531921
718,3.0166645,181,0,249.50471,0.15610461,-29.443708
719,3.0166645,181,0,174.0907,0.15554406,-29.696339
720,3.0166645,181,0,194.36664,0.15878096,-29.78366
721,3.0166645,181,0,145.04623,0.15963563,-29.857567
722,3.0166645,181,0,308.08856,0.15861644,-29.991707
723,3.0166645,181,0,224.7115,0.15864022,-29.960722
724,3.0166645,181,0,180.96419,0.16376811,-30.054873
725,3.0166645,181,0,184.87607,0.16093707,-30.204475
726,3.0166645,181,0,196.0916,0.15957618,-30.30943
727,3.0166645,181,0,315.66425,0.15923752,-30.408398
728,1.5999992,96,0,1.4301174,0.15875071,-30.21475
729,3.0166645,181,0,110.947685,0.16417378,-30.489891
730,3.0166645,181,0,261.66156,0.15959379,-30.544
731,3.0166645,181,0,26.197388,0.16443942,-30.66927
732,3.0166645,181,0,187.48189,0.16422679,-30.738085
733,1.1833329,71,0,2.2572207,0.16166013,-30.721924
734,3.0166645,181,0,208.5357,0.16424404,-30.93654
735,3.0166645,181,0,210.55331,0.16150858,-31.007265
736,1.2166662,73,0,7.5455265,0.16452907,-30.93404
737,2.3666651,142,0,19.010918,0.16307883,-30.938368
738,3.0166645,181,0,266.1398,0.16392079,-30.954977
739,3.0166645,181,0,259.28302,0.16476102,-31.149765
740,3.0166645,181,0,97.38826,0.16399945,-31.191996
741,3.0166645,181,0,216.7044,0.16808628,-31.26081
742,3.0166645,181,0,159.33052,0.16408435,-31.308018
743,3.0166645,181,0,204.50984,0.16566306,-31.549988
744,1.5499992,93,0,3.9796672,0.16413204,-31.364735
745,3.0166645,181,0,217.56798,0.16272365,-31.352633
746,3.0166645,181,0,187.25188,0.1627835,-31.63817
747,3.0166645,181,0,178.1571,0.16587763,-31.685844
748,3.0166645,181,0,265.72385,0.16130035,-31.821562
749,3.0166645,181,0,317.80417,0.16104692,-31.953213
750,3.0166645,181,0,199.55806,0.16130379,-31.950384
751,3.0166645,181,0,195.49622,0.16129066,-32.035812
752,3.0166645,181,0,180.48483,0.16167228,-32.0148
753,3.0166645,181,0,207.18428,0.1589479,-32.06957
754,2.6666648,160,0,46.960964,0.15726398,-32.26793
755,3.0166645,181,0,197.08559,0.15759656,-32.296165
756,3.0166645,181,0,257.26038,0.16314138,-32.276318
757,3.0166645,181,0,238.4134,0.16223764,-32.429573
758,1.9166656,115,0,1.0664377,0.16221978,-32.574383
759,3.0166645,181,0,233.70427,0.16314568,-32.489166
760,3.0166645,181,0,253.4126,0.1615307,-32.55317
761,3.0166645,181,0,250.18396,0.16265504,-32.723186
762,3.0166645,181,0,317.12912,0.16510645,-32.617035
763,3.0166645,181,0,249.30132,0.16240998,-32.637405
764,3.0166645,181,0,305.02063,0.16686203,-32.819714
765,3.0166645,181,0,257.00427,0.16125232,-32.80429
766,3.0166645,181,0,225.48434,0.16499753,-32.89912
767,3.0166645,181,0,317.29858,0.1642395,-32.87092
768,3.0166645,181,0,320.8315,0.16449167,-33.143116
769,3.0166645,181,0,224.15872,0.16622889,-33.12774
770,3.0166645,181,0,315.22592,0.1637967,-33.266396
771,3.0166645,181,0,304.34534,0.16434862,-33.327305
772,3.0166645,181,0,211.42918,0.16552646,-33.285336
773,3.0166645,181,0,211.61633,0.16572759,-33.438797
774,3.0166645,181,0,373.50137,0.16548312,-33.557423
775,3.0166645,181,0,222.13068,0.16274624,-33.547695
776,3.0166645,181,0,247.01021,0.16679367,-33.508854
777,3.0166645,181,0,362.64017,0.16554557,-33.7195
778,3.0166645,181,0,344.2934,0.16376086,-33.685375
779,3.0166645,181,0,292.54083,0.16675234,-33.914257
780,3.0166645,181,0,257.1994,0.16520622,-33.835434
781,3.0166645,181,0,5.5188985,0.16677298,-33.880142
782,3.0166645,181,0,263.64343,0.1634208,-33.98231
783,3.0166645,181,0,334.22092,0.16447227,-34.061535
784,3.0166645,181,0,312.4928,0.16480395,-34.202766
785,3.0166645,181,0,173.59596,0.16454346,-34.227646
786,3.0166645,181,0,194.40894,0.16459058,-34.306297
787,3.0166645,181,0,264.26276,0.16823044,-34.136433
788,3.0166645,181,0,300.5245,0.1637719,-34.42162
789,3.0166645,181,0,309.10336,0.16881436,-34.67113
790,3.0166645,181,0,235.50085,0.16542852,-34.684612
791,3.0166645,181,0,280.1339,0.16981606,-34.732204
792,3.0166645,181,0,231.10857,0.17101623,-34.726776
793,3.0166645,181,0,292.3333,0.16789792,-34.767677
794,3.0166645,181,0,220.31262,0.1694066,-34.97453
795,3.0166645,181,0,3.896605,0.16933037,-34.919304
796,3.0166645,181,0,182.89723,0.16952036,-35.07453
797,3.0166645,181,0,331.4699,0.171644,-35.37736
798,3.0166645,181,0,270.9442,0.17044859,-35.536118
799,3.0166645,181,0,263.42413,0.17424987,-35.56447
800,3.0166645,181,0,4.956511,0.1696742,-35.605743
801,3.0166645,181,0,317.64984,0.16940872,-35.838356
802,3.0166645,181,0,312.98126,0.17366819,-35.895245
803,3.0166645,181,0,346.31964,0.17033231,-36.092884
804,3.0166645,181,0,338.01385,0.16971447,-36.06353
805,3.0166645,181,0,83.50018,0.16831157,-36.383
806,3.0166645,181,0,234.2888,0.16685462,-36.575813
807,3.0166645,181,0,291.9114,0.16892882,-36.510067
808,3.0166645,181,0,297.9334,0.166912,-36.83721
809,3.0166645,181,0,279.06778,0.170603,-36.878204
810,3.0166645,181,0,314.0616,0.16828984,-36.958492
811,3.0166645,181,0,9.6073475,0.17079122,-37.029915
812,3.0166645,181,0,268.05896,0.17105192,-37.087074
813,3.0166645,181,0,312.3845,0.17163332,-37.4094
814,3.0166645,181,0,8.885197,0.17205128,-37.470432
815,2.949998,177,0,0.46930385,0.17621014,-37.523254
816,3.0166645,181,0,336.35062,0.17352994,-37.61078
817,3.0166645,181,0,299.03928,0.17639385,-37.558983
818,3.0166645,181,0,344.33472,0.17645034,-38.00228
819,3.0166645,181,0,274.0909,0.1778142,-37.939404
820,3.0166645,181,0,249.0266,0.17738023,-38.233707
821,3.0166645,181,0,159.55118,0.1781424,-38.01268
822,3.0166645,181,0,151.11795,0.18205173,-38.268944
823,3.0166645,181,0,257.84177,0.17993715,-38.47376
824,3.0166645,181,0,292.65915,0.17927952,-38.57623
825,3.0166645,181,0,166.64172,0.18019643,-38.60529
826,3.0166645,181,0,247.64243,0.17911436,-38.64425
827,3.0166645,181,0,216.01349,0.18167035,-38.913944
828,3.0166645,181,0,290.37918,0.1811145,-38.875854
829,3.0166645,181,0,1.3289937,0.18565293,-38.97908
830,3.0166645,181,0,323.0139,0.17728497,-39.240643
831,3.0166645,181,0,315.0033,0.18242878,-39.522324
832,3.0166645,181,0,291.46786,0.18542276,-39.352497
833,3.0166645,181,0,342.54245,0.17989519,-39.527798
834,3.0166645,181,0,296.0244,0.18073343,-39.558426
835,3.0166645,181,0,317.87308,0.17915137,-39.687347
836,3.0166645,181,0,267.3103,0.18092178,-39.699306
837,3.0166645,181,0,368.37366,0.17979504,-40.128395
838,3.0166645,181,0,353.33957,0.18239959,-40.08162
839,3.0166645,181,0,279.65933,0.18291916,-40.173283
840,3.0166645,181,0,1.5706007,0.18307981,-40.287098
841,3.0166645,181,0,259.99457,0.18143329,-40.433678
842,3.0166645,181,0,312.65964,0.18125236,-40.71345
843,3.0166645,181,0,298.5952,0.18125935,-40.801266
844,3.0166645,181,0,192.44835,0.18508148,-40.632946
845,3.0166645,181,0,216.27002,0.18584032,-40.79689
846,3.0166645,181,0,111.42324,0.18783633,-41.19103
847,3.0166645,181,0,412.58817,0.1836791,-41.107178
848,3.0166645,181,0,365.76822,0.18432622,-41.28913
849,3.0166645,181,0,310.30505,0.18693613,-41.564766
850,3.0166645,181,0,316.4279,0.19001071,-41.66095
851,3.0166645,181,0,7.824153,0.19097777,-41.766747
852,3.0166645,181,0,400.30154,0.1886656,-42.017357
853,3.0166645,181,0,332.68616,0.18875687,-42.1191
854,3.0166645,181,0,248.58261,0.18777628,-42.127743
855,3.0166645,181,0,352.1866,0.18356912,-42.449413
856,3.0166645,181,0,182.14113,0.18236001,-42.51358
857,3.0166645,181,0,301.44403,0.18240455,-42.80568
858,3.0166645,181,0,279.51645,0.18209015,-42.77
859,3.0166645,181,0,328.2595,0.18093395,-43.089043
860,3.0166645,181,0,246.10974,0.18016027,-43.281483
861,3.0166645,181,0,414.68384,0.17738877,-43.672695
862,3.0166645,181,0,235.0294,0.18103512,-43.7989
863,3.0166645,181,0,335.83798,0.18460317,-44.02305
864,3.0166645,181,0,301.82825,0.18085235,-44.013878
865,3.0166645,181,0,327.2355,0.17784296,-44.344204
866,3.0166645,181,0,314.91064,0.18198162,-44.6622
867,3.0166645,181,0,347.41208,0.18037212,-44.412296
868,3.0166645,181,0,231.3359,0.17880313,-44.69264
869,3.0166645,181,0,315.74695,0.1837668,-44.823456
870,3.0166645,181,0,316.65317,0.1845477,-45.143467
871,3.0166645,181,0,253.18944,0.18310492,-45.37219
872,3.0166645,181,0,313.37433,0.18769845,-45.57115
873,3.0166645,181,0,288.16254,0.1892716,-45.799957
874,3.0166645,181,0,366.12857,0.18716986,-46.06354
875,3.0166645,181,0,380.4803,0.18759157,-46.19375
876,3.0166645,181,0,406.67752,0.18988444,-46.49816
877,3.0166645,181,0,366.26816,0.1868986,-46.63588
878,3.0166645,181,0,214.76797,0.1902985,-47.023643
879,3.0166645,181,0,364.43924,0.19867419,-47.06711
880,3.0166645,181,0,345.25696,0.19707821,-47.373936
881,3.0166645,181,0,199.96535,0.19070292,-47.626953
882,3.0166645,181,0,203.77795,0.19217707,-47.703243
883,3.0166645,181,0,263.10397,0.1930055,-47.822254
884,3.0166645,181,0,285.54276,0.19384173,-48.088284
885,3.0166645,181,0,354.81958,0.19113277,-48.357437
886,3.0166645,181,0,357.69476,0.19411522,-48.482925
887,3.0166645,181,0,320.3587,0.19282974,-48.725533
888,3.0166645,181,0,313.46054,0.19385028,-48.88716
889,3.0166645,181,0,299.746,0.1983043,-49.183266
890,3.0166645,181,0,260.13663,0.19749138,-49.198048
891,3.0166645,181,0,269.6729,0.19630606,-49.39667
892,3.0166645,181,0,329.66245,0.19585201,-49.79732
893,3.0166645,181,0,234.2494,0.19495055,-49.909557
894,3.0166645,181,0,315.46582,0.1951706,-50.15696
895,3.0166645,181,0,353.67627,0.19539993,-50.30258
896,3.0166645,181,0,331.47046,0.1946942,-50.63931
897,3.0166645,181,0,93.25787,0.19329615,-50.47182
898,3.0166645,181,0,244.97829,0.19160208,-50.99228
899,3.0166645,181,0,183.52666,0.1915584,-50.904034
900,3.0166645,181,0,266.88416,0.19212955,-51.001297
901,3.0166645,181,0,407.50296,0.19203275,-51.348835
902,3.0166645,181,0,324.79205,0.19288862,-51.238293
903,3.0166645,181,0,349.89517,0.19437137,-51.499313
904,3.0166645,181,0,347.58197,0.19140089,-51.725838
905,3.0166645,181,0,272.1601,0.1877913,-51.72401
906,3.0166645,181,0,354.9686,0.18726885,-51.818295
907,3.0166645,181,0,287.78696,0.18748137,-52.081665
908,3.0166645,181,0,315.74622,0.18812169,-52.491886
909,3.0166645,181,0,150.78157,0.19140953,-52.50563
910,3.0166645,181,0,205.82487,0.1917715,-52.564224
911,3.0166645,181,0,52.042645,0.19040573,-52.53682
912,3.0166645,181,0,225.98651,0.19083051,-53.002907
913,3.0166645,181,0,60.453686,0.19065152,-52.794807
914,3.0166645,181,0,205.23537,0.18692273,-53.058666
915,3.0166645,181,0,359.6228,0.19082215,-53.088093
916,3.0166645,181,0,277.68335,0.18916038,-53.281174
917,3.0166645,181,0,289.6069,0.19239639,-53.323105
918,3.0166645,181,0,323.02704,0.19543523,-53.426594
919,3.0166645,181,0,210.19586,0.19457348,-53.758854
920,1.9666655,118,0,1.493896,0.19267657,-53.703938
921,3.0166645,181,0,419.2773,0.19297867,-53.84929
922,3.0166645,181,0,363.05463,0.19624993,-53.950947
923,3.0166645,181,0,73.40244,0.19397001,-54.11201
924,3.0166645,181,0,291.93814,0.19610444,-54.17956
925,3.0166645,181,0,261.46115,0.19228052,-54.430637
926,3.0166645,181,0,431.77536,0.19698527,-54.423676
927,3.0166645,181,0,346.2282,0.19677204,-54.728157
928,3.0166645,181,0,114.74351,0.19397557,-54.88445
929,3.0166645,181,0,338.3563,0.20122498,-55.008057
930,3.0166645,181,0,329.75513,0.19839343,-55.061356
931,3.0166645,181,0,302.72806,0.2011535,-55.18522
932,1.749999,105,0,0.46659237,0.19989687,-55.449192
933,3.0166645,181,0,323.69928,0.20077851,-55.32304
934,3.0166645,181,0,294.0144,0.19663234,-55.44937
935,3.0166645,181,0,348.46533,0.20593157,-55.579544
936,3.0166645,181,0,379.82758,0.20389372,-55.998974
937,3.0166645,181,0,362.95477,0.20323405,-55.969917
938,3.0166645,181,0,321.9118,0.20043728,-56.261436
939,3.0166645,181,0,335.4623,0.20372587,-56.23663
940,3.0166645,181,0,312.33618,0.2047117,-56.348682
941,3.0166645,181,0,318.4404,0.21467684,-56.55114
942,3.0166645,181,0,326.76392,0.20589057,-56.3891
943,3.0166645,181,0,390.64874,0.21031302,-56.867744
944,3.0166645,181,0,140.44821,0.20555833,-56.89651
945,3.0166645,181,0,349.59552,0.20518138,-57.247173
946,3.0166645,181,0,340.29233,0.21206889,-57.178707
947,3.0166645,181,0,377.62762,0.21186922,-57.046265
948,3.0166645,181,0,218.37991,0.21734425,-57.551582
949,3.0166645,181,0,416.72797,0.21192339,-57.807476
950,3.0166645,181,0,228.65773,0.2148479,-57.38601
951,3.0166645,181,0,281.66638,0.21690428,-57.79865
952,3.0166645,181,0,311.63412,0.22043887,-58.24176
953,3.0166645,181,0,402.18964,0.22216599,-58.011208
954,3.0166645,181,0,374.9652,0.2161104,-58.364193
955,3.0166645,181,0,350.2782,0.22059774,-58.54502
956,3.0166645,181,0,219.3884,0.22226626,-58.627167
957,3.0166645,181,0,253.27347,0.22499146,-58.497337
958,3.0166645,181,0,334.23627,0.22722048,-58.81604
959,3.0166645,181,0,361.2101,0.22617683,-58.80153
960,3.0166645,181,0,347.96808,0.22565307,-59.204422
961,3.0166645,181,0,309.2499,0.23273815,-59.10156
962,3.0166645,181,0,249.90952,0.231159,-59.287758
963,3.0166645,181,0,209.30312,0.23244195,-59.52053
964,3.0166645,181,0,399.57886,0.23393023,-59.98616
965,3.0166645,181,0,288.88232,0.23895995,-59.929646
966,3.0166645,181,0,159.24796,0.23901953,-60.186703
967,3.0166645,181,0,373.05093,0.23251605,-60.365345
968,3.0166645,181,0,342.10034,0.23953283,-60.92389
969,3.0166645,181,0,382.0184,0.24672824,-60.936527
970,3.0166645,181,0,1.9655144,0.24503605,-60.942787
971,3.0166645,181,0,381.53406,0.24274573,-61.05675
972,3.0166645,181,0,335.1259,0.24247336,-61.371895
973,3.0166645,181,0,317.6896,0.25509185,-61.521297
974,3.0166645,181,0,356.96454,0.25032225,-61.64807
975,3.0166645,181,0,314.6915,0.2554767,-61.849422
976,1.2333329,74,0,1.3232338,0.2495467,-61.80903
977,3.0166645,181,0,378.37668,0.25635332,-62.20422
978,3.0166645,181,0,214.31313,0.25934753,-62.369804
979,3.0166645,181,0,381.52057,0.254515,-62.185482
980,3.0166645,181,0,358.05762,0.25740203,-62.670364
981,3.0166645,181,0,276.39282,0.2559867,-62.742107
982,3.0166645,181,0,105.05882,0.26272535,-62.94643
983,3.0166645,181,0,235.5767,0.26124436,-63.103504
984,3.0166645,181,0,357.03958,0.2553299,-62.89494
985,3.0166645,181,0,386.2221,0.25977248,-63.122135
986,3.0166645,181,0,295.79498,0.26080176,-63.625317
987,3.0166645,181,0,310.718,0.2605811,-63.641388
988,3.0166645,181,0,376.99396,0.25972646,-63.7467
989,3.0166645,181,0,351.3424,0.263761,-63.97598
990,3.0166645,181,0,361.5982,0.25992334,-64.0376
991,3.0166645,181,0,167.09846,0.25907212,-64.39655
992,3.0166645,181,0,247.71127,0.25801674,-64.64416
993,3.0166645,181,0,396.13196,0.25918245,-64.810196
994,3.0166645,181,0,408.96155,0.2601948,-64.9223
995,3.0166645,181,0,301.80295,0.25880525,-65.01495
996,3.0166645,181,0,409.11423,0.2616086,-65.000755
997,3.0166645,181,0,226.4506,0.26084873,-65.383446
998,3.0166645,181,0,339.11526,0.25855258,-65.48065
999,3.0166645,181,0,356.21686,0.25947875,-65.59364
1000,3.0166645,181,0,263.49002,0.2586733,-65.94082
1001,3.0166645,181,0,390.66708,0.25310317,-66.04424
1002,3.0166645,181,0,362.1712,0.25468934,-66.19973
1003,3.0166645,181,0,359.50772,0.25463873,-66.29223
1004,3.0166645,181,0,301.54376,0.25613314,-66.1238
1005,3.0166645,181,0,370.39355,0.25884077,-66.496544
1006,3.0166645,181,0,379.1667,0.2578475,-66.55051
1007,3.0166645,181,0,374.50372,0.25678974,-67.23764
1008,0.98333305,59,0,1.7831483,0.25902888,-66.89737
1009,3.0166645,181,0,347.68097,0.25342792,-67.15914
1010,3.0166645,181,0,385.39273,0.25833896,-67.09565
1011,3.0166645,181,0,441.07657,0.25615463,-67.312965
1012,3.0166645,181,0,202.504,0.25452936,-67.497856
1013,1.2833328,77,0,1.281557,0.25494957,-67.70618
1014,3.0166645,181,0,387.21567,0.25569862,-67.47412
1015,3.0166645,181,0,329.64456,0.25959632,-67.849884
1016,3.0166645,181,0,418.75922,0.25915104,-67.88543
1017,0.9666664,58,0,0.86932355,0.26053852,-67.84643
1018,3.0166645,181,0,378.17944,0.25792122,-68.062225
1019,3.0166645,181,0,449.9603,0.2586277,-67.923355
1020,3.0166645,181,0,329.9899,0.26268858,-68.2394
1021,3.0166645,181,0,389.97623,0.25928503,-68.38818
1022,3.0166645,181,0,300.56567,0.26385015,-68.40628
1023,3.0166645,181,0,370.47058,0.26346597,-68.58158
1024,3.0166645,181,0,378.69022,0.26351318,-68.6793
1025,3.0166645,181,0,421.35056,0.2674314,-68.91542
1026,3.0166645,181,0,366.35248,0.26230377,-69.02454
1027,3.0166645,181,0,215.31592,0.27104953,-69.373436
1028,3.0166645,181,0,339.4064,0.2691931,-69.24662
1029,3.0166645,181,0,352.5161,0.2685323,-69.45433
1030,3.0166645,181,0,410.6199,0.27010524,-69.59478
1031,3.0166645,181,0,303.2912,0.27029526,-69.677574
1032,1.3666661,82,0,2.381381,0.27304843,-70.12197
1033,3.0166645,181,0,431.10416,0.27281177,-70.14614
1034,3.0166645,181,0,362.3467,0.27313602,-70.14011
1035,3.0166645,181,0,361.7524,0.27867916,-70.179794
1036,3.0166645,181,0,377.35498,0.27056822,-70.62181
1037,3.0166645,181,0,289.60413,0.278414,-70.3819
1038,3.0166645,181,0,218.40495,0.2731853,-70.767204
1039,3.0166645,181,0,293.64594,0.27679652,-70.77833
1040,3.0166645,181,0,416.8879,0.28027454,-70.72904
1041,3.0166645,181,0,155.03865,0.27828258,-71.00949
1042,3.0166645,181,0,493.22098,0.2813603,-71.19942
1043,3.0166645,181,0,366.18155,0.27527198,-71.48754
1044,3.0166645,181,0,121.6216,0.28038138,-71.18411
1045,3.0166645,181,0,384.72058,0.28499594,-71.62558
1046,3.0166645,181,0,320.48132,0.27919447,-71.659744
1047,3.0166645,181,0,384.18347,0.28140908,-71.50809
1048,3.0166645,181,0,348.4449,0.28261608,-71.677284
1049,3.0166645,181,0,350.2646,0.2849631,-72.013725
1050,3.0166645,181,0,120.64568,0.2860273,-71.962875
1051,3.0166645,181,0,104.176125,0.28707734,-72.145096
1052,3.0166645,181,0,313.12088,0.28764546,-72.27839
1053,3.0166645,181,0,387.86307,0.28528634,-72.71812
1054,3.0166645,181,0,385.23938,0.28912616,-72.86565
1055,3.0166645,181,0,337.2214,0.28830063,-72.78407
1056,3.0166645,181,0,267.54825,0.28915626,-72.893105
1057,3.0166645,181,0,346.93732,0.28543827,-73.23837
1058,3.0166645,181,0,253.67337,0.28054982,-73.05887
1059,3.0166645,181,0,248.72417,0.2839712,-73.4028
1060,3.0166645,181,0,145.89078,0.2924415,-73.45394
1061,3.0166645,181,0,282.719,0.29064488,-73.65186
1062,3.0166645,181,0,353.1479,0.28507617,-73.83476
1063,3.0166645,181,0,390.36957,0.29021916,-73.77197
1064,3.0166645,181,0,5.3106217,0.2929874,-73.9787
1065,3.0166645,181,0,219.34373,0.2918994,-74.06091
1066,3.0166645,181,0,410.56424,0.29363027,-73.904785
1067,3.0166645,181,0,293.21194,0.29400384,-74.28488
1068,3.0166645,181,0,247.47188,0.29142788,-74.347855
1069,3.0166645,181,0,325.84918,0.29455695,-74.74087
1070,3.0166645,181,0,333.64288,0.2973634,-74.859024
1071,3.0166645,181,0,24.603323,0.29551297,-74.65976
1072,3.0166645,181,0,174.54092,0.29718128,-74.74534
1073,3.0166645,181,0,151.23091,0.3034204,-74.935135
1074,3.0166645,181,0,393.7915,0.29837134,-74.88818
1075,3.0166645,181,0,302.06693,0.29358867,-75.119736
1076,3.0166645,181,0,363.68027,0.29681835,-75.27064
1077,3.0166645,181,0,385.98392,0.29952982,-75.12823
1078,3.0166645,181,0,199.05907,0.30029702,-75.43633
1079,3.0166645,181,0,243.18367,0.30281016,-75.63778
1080,3.0166645,181,0,373.1431,0.3111059,-75.85893
1081,3.0166645,181,0,261.00595,0.30908206,-75.870224
1082,3.0166645,181,0,324.59964,0.31001657,-75.71073
1083,3.0166645,181,0,397.80106,0.31018472,-75.84629
1084,3.0166645,181,0,176.62604,0.31181416,-76.09919
1085,3.0166645,181,0,165.72227,0.31176993,-76.00924
1086,3.0166645,181,0,292.85617,0.31678376,-76.085945
1087,3.0166645,181,0,388.82837,0.31242338,-76.5838
1088,3.0166645,181,0,133.93083,0.31593105,-76.5727
1089,3.0166645,181,0,91.27118,0.3164374,-76.36984
1090,3.0166645,181,0,181.19083,0.31766564,-76.34908
1091,3.0166645,181,0,162.65057,0.31734827,-76.70557
1092,3.0166645,181,0,84.84569,0.32097208,-76.53577
1093,3.0166645,181,0,62.951668,0.32468775,-76.75055
1094,3.0166645,181,0,239.7288,0.3244976,-76.81887
1095,3.0166645,181,0,236.15076,0.3271015,-76.999886
1096,3.0166645,181,0,271.40036,0.3351082,-76.870895
1097,3.0166645,181,0,268.89468,0.33643496,-76.989395
1098,3.0166645,181,0,288.00348,0.33751428,-76.99917
1099,3.0166645,181,0,262.55566,0.3430455,-77.17196
1100,1.416666,85,0,1.743473,0.33695355,-77.017044
1101,3.0166645,181,0,294.72723,0.34024045,-77.14255
1102,3.0166645,181,0,98.28461,0.34390202,-77.247894
1103,3.0166645,181,0,27.691914,0.3469089,-77.160706
1104,3.0166645,181,0,119.15583,0.34446055,-77.4083
1105,3.0166645,181,0,149.63298,0.34437042,-77.21926
1106,3.0166645,181,0,371.73575,0.34268415,-77.174095
1107,3.0166645,181,0,272.08896,0.34628692,-77.36771
1108,3.0166645,181,0,419.0518,0.34698462,-77.442696
1109,1.3666661,82,0,1.9188746,0.339232,-77.39555
1110,3.0166645,181,0,307.06,0.3451487,-77.929504
1111,3.0166645,181,0,284.83966,0.35302237,-77.59563
1112,3.0166645,181,0,339.9053,0.3457468,-77.84973
1113,3.0166645,181,0,259.31967,0.34453154,-77.88111
1114,3.0166645,181,0,356.33698,0.34615806,-77.98205
1115,3.0166645,181,0,376.11713,0.34351808,-77.61245
1116,3.0166645,181,0,241.10316,0.34059593,-77.91896
1117,3.0166645,181,0,356.90814,0.34582272,-77.89387
1118,3.0166645,181,0,371.5458,0.34327248,-78.117065
1119,3.0166645,181,0,327.85654,0.34445617,-78.26858
1120,3.0166645,181,0,320.1409,0.34597093,-78.34056
1121,3.0166645,181,0,315.3158,0.34747544,-78.343506
1122,3.0166645,181,0,375.8263,0.34688446,-78.424576
1123,3.0166645,181,0,379.78775,0.3445522,-78.71315
1124,3.0166645,181,0,262.55118,0.34583074,-78.766556
1125,3.0166645,181,0,358.70697,0.34803906,-78.879326
1126,3.0166645,181,0,395.4308,0.34412354,-78.91166
1127,3.0166645,181,0,338.40594,0.34032577,-79.1658
1128,3.0166645,181,0,396.13403,0.34758428,-79.315285
1129,3.0166645,181,0,304.00537,0.34294394,-79.594955
1130,3.0166645,181,0,329.72556,0.3464581,-79.32866
1131,3.0166645,181,0,324.34012,0.34563962,-79.41159
1132,3.0166645,181,0,213.5037,0.34371698,-79.63416
1133,3.0166645,181,0,258.38577,0.3456358,-79.76996
1134,3.0166645,181,0,268.90036,0.35023513,-79.83768
1135,3.0166645,181,0,145.6451,0.3485125,-80.21558
1136,3.0166645,181,0,351.36795,0.34991077,-80.190025
1137,1.3333328,80,0,0.7387292,0.34113836,-80.47811
1138,3.0166645,181,0,368.735,0.3495641,-80.32208
1139,3.0166645,181,0,1.4059384,0.35134324,-80.33773
1140,3.0166645,181,0,294.16156,0.35839933,-80.259514
1141,3.0166645,181,0,307.0188,0.36343244,-80.495544
1142,3.0166645,181,0,289.4123,0.3580208,-80.51062
1143,3.0166645,181,0,231.51648,0.3579268,-80.57281
1144,3.0166645,181,0,161.81969,0.36417356,-81.05988
1145,3.0166645,181,0,131.73264,0.36796442,-80.77086
1146,3.0166645,181,0,21.585245,0.379217,-81.21201
1147,3.0166645,181,0,265.57382,0.37338927,-81.25484
1148,3.0166645,181,0,286.28632,0.3813795,-81.31935
1149,3.0166645,181,0,106.62458,0.3821692,-81.36292
1150,3.0166645,181,0,328.14673,0.38100356,-81.41038
1151,3.0166645,181,0,289.24127,0.3895834,-81.36465
1152,3.0166645,181,0,21.878277,0.39370576,-81.50317
1153,3.0166645,181,0,133.4542,0.3974092,-81.54756
1154,3.0166645,181,0,269.80545,0.39361584,-81.43973
1155,3.0166645,181,0,100.5897,0.40273404,-81.80481
1156,3.0166645,181,0,143.39877,0.40639755,-81.70928
1157,3.0166645,181,0,131.05957,0.41033438,-81.96903
1158,3.0166645,181,0,254.50093,0.42221874,-81.840385
1159,3.0166645,181,0,68.78634,0.42192465,-82.217476
1160,3.0166645,181,0,270.67706,0.4267161,-81.86424
1161,3.0166645,181,0,164.57971,0.43253863,-82.29991
1162,3.0166645,181,0,59.386963,0.43735108,-82.50453
1163,3.0166645,181,0,61.386417,0.43856138,-82.58711
1164,3.0166645,181,0,93.1565,0.43984166,-82.641914
1165,3.0166645,181,0,157.77611,0.44615015,-82.94538
1166,2.7333314,164,0,0.63373667,0.46502388,-82.68816
1167,1.8833323,113,0,5.18637,0.45700607,-82.60835
1168,3.0166645,181,0,1.5219777,0.47117463,-82.796326
1169,3.0166645,181,0,81.167,0.47187263,-82.59788
1170,3.0166645,181,0,287.59464,0.4768573,-82.80826
1171,3.0166645,181,0,103.033356,0.4744365,-83.05739
1172,3.0166645,181,0,121.499306,0.4845467,-83.0528
1173,2.8833313,173,0,39.046925,0.48804215,-82.855156
1174,1.3833327,83,0,3.2740548,0.50000226,-83.069595
1175,3.0166645,181,0,243.92783,0.5104384,-83.020485
1176,3.0166645,181,0,87.380295,0.5132742,-82.97144
1177,3.0166645,181,0,158.28523,0.51084536,-83.21042
1178,3.0166645,181,0,327.47583,0.5227683,-83.09203
1179,3.0166645,181,0,198.1955,0.5305411,-83.35747
1180,3.0166645,181,0,257.03262,0.5375419,-83.194786
1181,3.0166645,181,0,18.770437,0.5366949,-83.47302
1182,2.033332,122,0,7.146827,0.5616468,-83.39845
1183,3.0166645,181,0,27.566658,0.55471563,-83.52398
1184,3.0166645,181,0,207.13527,0.56217533,-83.27475
1185,3.0166645,181,0,36.4024,0.5668582,-83.433105
1186,3.0166645,181,0,222.75096,0.5924771,-83.34959
1187,3.0166645,181,0,158.3471,0.6025109,-83.22789
1188,3.0166645,181,0,327.82565,0.59099025,-83.72066
1189,1.1833329,71,0,2.5785692,0.616914,-83.51587
1190,3.0166645,181,0,113.56693,0.6064232,-83.51671
1191,3.0166645,181,0,326.546,0.6319158,-83.6786
1192,1.7166657,103,0,2.322481,0.62090266,-83.85366
1193,1.749999,105,0,4.288975,0.6441018,-83.50203
1194,3.0166645,181,0,128.55331,0.6365538,-83.63303
1195,3.0166645,181,0,329.06873,0.6446655,-83.530876
1196,1.2999995,78,0,4.1002545,0.65913785,-83.54575
1197,3.0166645,181,0,299.27127,0.6635698,-83.710815
1198,3.0166645,181,0,300.8623,0.65796804,-83.73838
1199,3.0166645,181,0,271.25754,0.67640084,-83.738045
1200,3.0166645,181,0,295.92474,0.6728913,-83.78889
1201,3.0166645,181,0,225.65121,0.6856482,-84.2462
1202,3.0166645,181,0,110.88543,0.68736976,-83.876175
1203,3.0166645,181,0,221.1191,0.6990362,-84.01435
1204,3.0166645,181,0,140.32959,0.7010032,-83.847435
1205,2.0166655,121,0,40.665947,0.71579534,-83.98073
1206,3.0166645,181,0,353.77344,0.71704084,-83.98425
1207,3.0166645,181,0,254.58162,0.7363696,-84.2264
1208,3.0166645,181,0,79.2801,0.74219835,-84.203835
1209,3.0166645,181,0,141.3627,0.75645274,-83.90636
1210,3.0166645,181,0,137.43442,0.74309176,-84.02678
1211,3.0166645,181,0,272.34714,0.7602945,-84.0807
1212,3.0166645,181,0,130.28955,0.7653775,-84.27408
1213,3.0166645,181,0,110.83764,0.7830847,-84.02482
1214,3.0166645,181,0,208.05711,0.7704042,-84.19552
1215,3.0166645,181,0,324.68155,0.7781152,-84.214455
1216,3.0166645,181,0,219.19102,0.7797887,-84.308716
1217,3.0166645,181,0,218.3658,0.7845325,-84.07158
1218,3.0166645,181,0,286.929,0.7846533,-84.47535
1219,3.0166645,181,0,252.07254,0.800832,-84.353165
1220,3.0166645,181,0,211.501,0.7977369,-84.29484
1221,3.0166645,181,0,200.69492,0.80223936,-84.0995
1222,3.0166645,181,0,157.8614,0.8084885,-84.622284
1223,3.0166645,181,0,257.49948,0.8081245,-84.56324
1224,3.0166645,181,0,322.2015,0.8084092,-84.43625
1225,3.0166645,181,0,283.46295,0.81866133,-84.34011
1226,1.0333331,62,0,2.1613333,0.84149176,-84.649925
1227,3.0166645,181,0,166.91426,0.83489954,-84.47453
1228,3.0166645,181,0,280.79727,0.83926696,-84.48779
1229,3.0166645,181,0,233.86719,0.83717823,-84.48107
1230,3.0166645,181,0,206.52484,0.8649415,-84.64537
1231,3.0166645,181,0,236.242,0.86515534,-84.578094
1232,3.0166645,181,0,172.98204,0.87151283,-84.80642
1233,3.0166645,181,0,226.54204,0.87927,-84.730156
1234,3.0166645,181,0,188.87598,0.8967689,-84.62842
1235,3.0166645,181,0,187.8307,0.88353616,-84.51507
1236,3.0166645,181,0,185.5172,0.8995114,-84.725845
1237,3.0166645,181,0,151.54402,0.9032012,-84.86199
1238,3.0166645,181,0,242.49158,0.9028053,-84.78974
1239,3.0166645,181,0,258.45062,0.8870538,-84.81036
1240,3.0166645,181,0,255.35437,0.93070805,-84.81095
1241,3.0166645,181,0,169.14041,0.90527785,-85.06975
1242,3.0166645,181,0,246.32745,0.92101,-84.75616
1243,3.0166645,181,0,271.302,0.9178966,-85.05092
1244,3.0166645,181,0,299.88684,0.9326114,-84.78208
1245,3.0166645,181,0,184.78622,0.9426601,-84.83677
1246,3.0166645,181,0,295.96484,0.932182,-85.01301
1247,3.0166645,181,0,253.61887,0.94296753,-84.964355
1248,3.0166645,181,0,283.15543,0.9390402,-84.8652
1249,3.0166645,181,0,236.71498,0.94476616,-84.88913
1250,3.0166645,181,0,335.5637,0.9356547,-84.88117
1251,3.0166645,181,0,310.0543,0.9442083,-85.04947
1252,3.0166645,181,0,223.95714,0.9468669,-84.94827
1253,3.0166645,181,0,279.86444,0.9560163,-85.20785
1254,3.0166645,181,0,173.9602,0.9564375,-85.11145
1255,3.0166645,181,0,247.2467,0.9583385,-85.1281
1256,3.0166645,181,0,273.63953,0.96069103,-85.006195
1257,3.0166645,181,0,302.99747,0.96237516,-85.226974
1258,3.0166645,181,0,224.73244,0.9667337,-85.31672
1259,3.0166645,181,0,282.7791,0.9584975,-85.021065
1260,3.0166645,181,0,266.79404,0.9599588,-85.49973
1261,3.0166645,181,0,213.53307,0.97087395,-85.31046
1262,3.0166645,181,0,205.4224,0.97181004,-85.412254
1263,3.0166645,181,0,256.22864,0.99948174,-85.06715
1264,3.0166645,181,0,156.02252,0.98473465,-85.225426
1265,3.0166645,181,0,202.28806,0.99469274,-85.162415
1266,3.0166645,181,0,225.70123,1.0014665,-85.20028
1267,3.0166645,181,0,168.69737,1.0179394,-85.28201
1268,3.0166645,181,0,222.71875,1.0054837,-85.16981
1269,3.0166645,181,0,180.12299,1.0279851,-85.18527
1270,3.0166645,181,0,283.43692,1.041542,-85.28781
1271,3.0166645,181,0,294.57404,1.0291929,-85.26383
1272,3.0166645,181,0,118.066986,1.0333793,-85.447525
1273,2.7166648,163,0,6.019932,1.0558481,-85.44898
1274,3.0166645,181,0,174.78238,1.060674,-85.33481
1275,3.0166645,181,0,182.93811,1.0469229,-85.426254
1276,3.0166645,181,0,303.03494,1.0708287,-85.34902
1277,3.0166645,181,0,272.82343,1.0735763,-85.39179
1278,3.0166645,181,0,212.84535,1.0854763,-85.51338
1279,2.616665,157,0,4.6720476,1.0633419,-85.24288
1280,3.0166645,181,0,322.55017,1.0771061,-85.54322
1281,3.0166645,181,0,279.43887,1.0847597,-85.41468
1282,3.0166645,181,0,199.19847,1.1235241,-85.34139
1283,2.233332,134,0,6.9399214,1.1189055,-85.86677
1284,3.0166645,181,0,249.99547,1.1154289,-85.72758
1285,3.0166645,181,0,218.60739,1.1115183,-85.76175
1286,3.0166645,181,0,260.8127,1.1220315,-85.77678
1287,3.0166645,181,0,242.41914,1.1010715,-85.600746
1288,3.0166645,181,0,312.82843,1.1330514,-85.78688
1289,3.0166645,181,0,209.55414,1.1155794,-85.80477
1290,3.0166645,181,0,29.959574,1.1192113,-85.71634
1291,3.0166645,181,0,335.51245,1.1335537,-85.89478
1292,3.0166645,181,0,156.1745,1.1375363,-85.83733
1293,3.0166645,181,0,196.63237,1.164239,-85.70548
1294,3.0166645,181,0,298.6019,1.1603819,-85.96016
1295,3.0166645,181,0,198.71666,1.1278121,-86.0948
1296,3.0166645,181,0,186.7176,1.1412299,-86.08466
1297,3.0166645,181,0,322.9572,1.1582488,-86.06598
1298,3.0166645,181,0,343.81927,1.1526352,-86.14203
1299,3.0166645,181,0,180.54257,1.1651008,-86.19067
1300,3.0166645,181,0,273.91473,1.1771975,-85.976456
1301,3.0166645,181,0,365.24442,1.1443076,-86.22443
1302,3.0166645,181,0,301.83017,1.1518815,-86.24978
1303,3.0166645,181,0,214.5636,1.1558015,-86.18367
1304,3.0166645,181,0,131.86128,1.1491165,-86.30684
1305,3.0166645,181,0,158.98888,1.1761749,-86.76231
1306,3.0166645,181,0,172.52583,1.1891766,-86.451225
1307,3.0166645,181,0,195.92406,1.2074438,-86.7521
1308,3.0166645,181,0,157.99113,1.2521749,-86.698135
1309,3.0166645,181,0,227.7422,1.2639192,-86.76129
1310,3.0166645,181,0,265.0196,1.2477574,-86.766365
1311,3.0166645,181,0,181.57458,1.2579668,-87.02843
1312,3.0166645,181,0,301.14536,1.2436211,-86.98231
1313,3.0166645,181,0,246.72786,1.250357,-86.960976
1314,3.0166645,181,0,123.10955,1.268186,-87.1206
1315,3.0166645,181,0,297.39352,1.285072,-87.245766
1316,3.0166645,181,0,178.49709,1.2661191,-87.24875
1317,3.0166645,181,0,310.4883,1.2771007,-87.21616
1318,3.0166645,181,0,209.14948,1.2358035,-87.35184
1319,3.0166645,181,0,148.91249,1.2473935,-87.61373
1320,3.0166645,181,0,132.81253,1.2402722,-87.54157
1321,3.0166645,181,0,182.09802,1.2361501,-87.63759
1322,3.0166645,181,0,78.11057,1.2302487,-87.81145
1323,3.0166645,181,0,80.7811,1.2587825,-87.76755
1324,3.0166645,181,0,72.936066,1.2731953,-87.78482
1325,3.0166645,181,0,232.21187,1.3250932,-87.89346
1326,3.0166645,181,0,164.09593,1.3310585,-88.001755
1327,3.0166645,181,0,157.93152,1.3714378,-88.33234
1328,3.0166645,181,0,166.67296,1.3520379,-88.64663
1329,3.0166645,181,0,250.17834,1.3474225,-88.57513
1330,3.0166645,181,0,225.11308,1.3450468,-88.8055
1331,3.0166645,181,0,201.35472,1.31779,-89.06008
1332,3.0166645,181,0,14.630373,1.3229336,-89.17706
1333,3.0166645,181,0,204.73407,1.3511801,-89.25606
1334,3.0166645,181,0,205.84743,1.3642846,-89.70919
1335,3.0166645,181,0,178.27342,1.3514094,-89.89257
1336,3.0166645,181,0,184.95685,1.3648639,-90.01016
1337,3.0166645,181,0,177.32164,1.3597823,-90.20789
1338,3.0166645,181,0,214.39713,1.3731227,-90.32735
1339,3.0166645,181,0,204.5906,1.3732134,-90.46305
1340,3.0166645,181,0,120.624176,1.3835125,-90.78164
1341,3.0166645,181,0,136.40948,1.3705275,-90.80074
1342,1.2833328,77,0,1.527148,1.402341,-91.13116
1343,3.0166645,181,0,61.596146,1.3837994,-90.88484
1344,3.0166645,181,0,162.66962,1.4160705,-91.05589
1345,3.0166645,181,0,182.7759,1.399052,-91.28761
1346,3.0166645,181,0,149.91905,1.3759984,-91.244385
1347,3.0166645,181,0,182.02003,1.4048986,-91.227776
1348,3.0166645,181,0,220.07578,1.3874187,-91.44055
1349,3.0166645,181,0,144.04004,1.386688,-91.5234
1350,3.0166645,181,0,124.908485,1.374428,-91.49431
1351,3.0166645,181,0,170.12267,1.3480215,-91.41188
1352,3.0166645,181,0,221.30942,1.3600537,-91.644005
1353,3.0166645,181,0,105.80691,1.3787374,-91.36886
1354,3.0166645,181,0,203.83931,1.3575653,-91.6211
1355,3.0166645,181,0,183.70828,1.3792725,-91.67344
1356,3.0166645,181,0,130.6263,1.369072,-91.52298
1357,3.0166645,181,0,158.91031,1.343683,-91.70807
1358,3.0166645,181,0,111.91654,1.3453414,-91.63277
1359,3.0166645,181,0,133.29793,1.3399208,-91.62091
1360,3.0166645,181,0,120.1191,1.3437192,-91.5325
1361,3.0166645,181,0,105.83511,1.3481728,-91.67157
1362,3.0166645,181,0,279.7203,1.3358159,-91.611046
1363,3.0166645,181,0,151.26515,1.335155,-91.443405
1364,3.0166645,181,0,42.838577,1.3627301,-91.70325
1365,3.0166645,181,0,147.64632,1.3129818,-91.68301
1366,1.2333329,74,0,1.3076777,1.3625792,-92.00585
1367,3.0166645,181,0,133.107,1.3512088,-91.77262
1368,3.0166645,181,0,175.90082,1.3492633,-91.61969
1369,3.0166645,181,0,127.02878,1.3685689,-91.73025
1370,3.0166645,181,0,19.914375,1.371262,-91.6558
1371,3.0166645,181,0,213.28967,1.379791,-91.9203
1372,3.0166645,181,0,107.797104,1.3641933,-91.88408
1373,3.0166645,181,0,253.00316,1.4062974,-91.96422
1374,3.0166645,181,0,173.12201,1.3973143,-91.797356
1375,3.0166645,181,0,236.23964,1.3828825,-91.985916
1376,3.0166645,181,0,223.15315,1.38957,-91.62441
1377,3.0166645,181,0,185.86162,1.3743825,-91.87106
1378,3.0166645,181,0,181.0949,1.363926,-91.83501
1379,3.0166645,181,0,197.5848,1.3823313,-91.77309
1380,3.0166645,181,0,291.27298,1.378682,-92.021965
1381,3.0166645,181,0,272.1039,1.3894829,-91.8579
1382,3.0166645,181,0,293.76764,1.3805546,-91.89735
1383,3.0166645,181,0,228.17027,1.4091896,-91.96192
1384,3.0166645,181,0,208.43036,1.3752599,-92.03761
1385,1.0499997,63,0,4.020716,1.4007089,-91.8826
1386,3.0166645,181,0,406.9081,1.3751283,-91.96259
1387,3.0166645,181,0,427.44638,1.3837698,-91.906906
1388,3.0166645,181,0,129.22481,1.3660451,-91.87894
1389,3.0166645,181,0,282.91998,1.371068,-91.83886
1390,3.0166645,181,0,396.16595,1.376546,-92.01931
1391,3.0166645,181,0,312.53583,1.3783164,-91.63755
1392,0.9999997,60,0,1.4020998,1.3831487,-91.75551
1393,3.0166645,181,0,217.54337,1.4015776,-91.58394
1394,3.0166645,181,0,413.54947,1.3890808,-91.60126
1395,3.0166645,181,0,127.226265,1.3864467,-91.516624
1396,3.0166645,181,0,249.32803,1.3618876,-91.4292
1397,3.0166645,181,0,530.2489,1.3664851,-91.55983
1398,3.0166645,181,0,417.48114,1.3696167,-91.57436
1399,1.0499997,63,0,5.392556,1.405839,-91.72774
1400,3.0166645,181,0,293.13754,1.3861856,-91.41462
1401,3.0166645,181,0,401.02594,1.3754623,-91.54304
1402,3.0166645,181,0,324.2168,1.3581948,-91.37665
1403,3.0166645,181,0,551.6084,1.3690947,-91.5637
1404,3.0166645,181,0,216.83347,1.3326437,-91.633446
1405,3.0166645,181,0,335.16116,1.3686284,-91.51089
1406,3.0166645,181,0,333.07697,1.3494061,-91.48376
1407,3.0166645,181,0,273.04663,1.3412292,-91.3083
1408,3.0166645,181,0,300.16666,1.3277222,-91.1435
1409,3.0166645,181,0,466.10907,1.3000895,-91.15595
1410,3.0166645,181,0,372.82797,1.3405958,-90.96746
1411,3.0166645,181,0,253.11911,1.3168142,-91.20465
1412,3.0166645,181,0,390.24615,1.3211701,-90.97109
1413,3.0166645,181,0,424.39282,1.2989105,-91.18006
1414,3.0166645,181,0,345.56287,1.2917619,-90.97814
1415,3.0166645,181,0,281.6406,1.2802545,-91.091675
1416,3.0166645,181,0,450.2839,1.2840456,-91.03398
1417,3.0166645,181,0,274.9418,1.2708222,-91.019264
1418,3.0166645,181,0,301.55573,1.282069,-91.056366
1419,3.0166645,181,0,400.20395,1.2634321,-91.255714
1420,3.0166645,181,0,202.9842,1.2658287,-91.272835
1421,3.0166645,181,0,348.76852,1.2700154,-91.24326
1422,3.0166645,181,0,448.11597,1.2250112,-91.3643
1423,3.0166645,181,0,275.82608,1.2277815,-91.34631
1424,3.0166645,181,0,340.99924,1.2282896,-91.40283
1425,3.0166645,181,0,281.99918,1.214646,-91.66011
1426,3.0166645,181,0,370.65707,1.208161,-91.53283
1427,3.0166645,181,0,208.25058,1.2098005,-91.80383
1428,3.0166645,181,0,369.169,1.2086902,-91.74305
1429,3.0166645,181,0,246.7081,1.1851614,-91.5883
1430,3.0166645,181,0,356.27335,1.1777698,-92.08566
1431,3.0166645,181,0,362.37448,1.1384871,-92.05134
1432,3.0166645,181,0,307.82178,1.1412964,-92.07604
1433,3.0166645,181,0,344.28592,1.1383544,-91.99568
1434,3.0166645,181,0,227.84705,1.1213547,-92.16677
1435,3.0166645,181,0,366.79742,1.1056359,-92.206245
1436,0.68333334,41,0,0.56863046,1.1261915,-92.2655
1437,3.0166645,181,0,251.56918,1.0838149,-92.20141
1438,3.0166645,181,0,174.18481,1.0923659,-92.3199
1439,3.0166645,181,0,277.29642,1.0707225,-92.14433
1440,3.0166645,181,0,287.55768,1.0802084,-92.237144
1441,3.0166645,181,0,240.47444,1.0701915,-92.41848
1442,3.0166645,181,0,242.12984,1.0530741,-92.53595
1443,3.0166645,181,0,300.61557,1.0345794,-92.17179
1444,3.0166645,181,0,321.61502,1.0483818,-92.397736
1445,3.0166645,181,0,282.84372,1.042781,-92.50104
1446,3.0166645,181,0,185.30333,1.0302222,-92.55443
1447,3.0166645,181,0,244.10635,1.0166708,-92.472046
1448,3.0166645,181,0,292.00623,1.0160147,-92.6081
1449,3.0166645,181,0,322.61713,1.020263,-92.32209
1450,3.0166645,181,0,357.5671,0.98851055,-92.5954
1451,3.0166645,181,0,66.6147,0.9877819,-92.37398
1452,3.0166645,181,0,223.1869,0.9978033,-92.494804
1453,3.0166645,181,0,324.3969,0.9906858,-92.67332
1454,3.0166645,181,0,332.05453,0.9900836,-92.688644
1455,1.2999995,78,0,2.2485533,0.9728587,-92.42857
1456,3.0166645,181,0,221.93925,0.97464144,-92.76099
1457,3.0166645,181,0,298.05258,0.97883147,-92.82806
1458,3.0166645,181,0,234.82954,0.97590345,-92.695435
1459,3.0166645,181,0,194.78564,0.9711332,-92.71997
1460,3.0166645,181,0,298.65106,0.9592305,-92.87546
1461,3.0166645,181,0,240.0281,0.9571904,-92.754745
1462,0.94999975,57,0,0.8904794,0.9229469,-93.32656
1463,3.0166645,181,0,275.77203,0.9448978,-92.97148
1464,3.0166645,181,0,321.9037,0.940784,-93.110054
1465,3.0166645,181,0,205.46812,0.92822427,-93.079445
1466,3.0166645,181,0,188.36803,0.9442033,-93.25537
1467,0.9333331,56,0,1.0487081,0.9510333,-93.15404
1468,0.65000004,39,0,0.9744193,0.94075537,-93.260475
1469,3.0166645,181,0,344.9584,0.9286261,-93.223366
1470,3.0166645,181,0,316.618,0.93138456,-93.13652
1471,3.0166645,181,0,283.21066,0.9449312,-92.99123
1472,3.0166645,181,0,361.1148,0.93274605,-93.12122
1473,3.0166645,181,0,317.63974,0.9536476,-93.24378
1474,3.0166645,181,0,251.31087,0.95039886,-93.052536
1475,3.0166645,181,0,192.92006,0.954316,-93.35826
1476,3.0166645,181,0,326.967,0.9539617,-93.39201
1477,3.0166645,181,0,311.80063,0.95701367,-93.28647
1478,3.0166645,181,0,210.29936,0.97243726,-93.46959
1479,3.0166645,181,0,275.9579,0.9782949,-93.317986
1480,3.0166645,181,0,347.80908,0.96832335,-93.3336
1481,3.0166645,181,0,303.1212,0.9973245,-93.35577
1482,3.0166645,181,0,339.89114,1.0233817,-93.43435
1483,3.0166645,181,0,340.73322,1.0231245,-93.302765
1484,3.0166645,181,0,237.85852,1.0462352,-93.39414
1485,3.0166645,181,0,256.6218,1.040608,-93.426315
1486,3.0166645,181,0,319.4053,1.0459667,-93.15158
1487,0.84999985,51,0,0.38537502,1.0162082,-93.2345
1488,0.58333343,35,0,0.8090596,1.0615119,-93.61157
1489,3.0166645,181,0,229.6414,1.0476775,-93.22806
1490,3.0166645,181,0,256.92264,1.0549358,-93.293755
1491,3.0166645,181,0,276.50992,1.0720686,-93.38264
1492,3.0166645,181,0,383.37375,1.0676459,-93.40047
1493,3.0166645,181,0,408.10196,1.0668699,-93.52884
1494,3.0166645,181,0,389.2527,1.0594329,-93.470505
1495,3.0166645,181,0,320.63922,1.0718642,-93.38851
1496,3.0166645,181,0,176.9579,1.0531824,-93.19316
1497,3.0166645,181,0,243.68835,1.0707736,-93.237236
1498,3.0166645,181,0,277.15707,1.0558877,-93.15651
1499,3.0166645,181,0,293.17966,1.0497744,-93.257
1500,3.0166645,181,0,387.64453,1.0656414,-93.245415
1501,3.0166645,181,0,217.9534,1.0705279,-93.15904
1502,3.0166645,181,0,257.75958,1.0670506,-93.191124
1503,3.0166645,181,0,372.06107,1.0673463,-93.12315
1504,3.0166645,181,0,372.79462,1.0599103,-92.86542
1505,0.5666668,34,0,0.26486897,1.0770985,-92.756805
1506,3.0166645,181,0,204.41573,1.0659785,-92.99758
1507,3.0166645,181,0,356.65756,1.0688285,-92.89163
1508,3.0166645,181,0,314.80875,1.0708911,-92.882034
1509,3.0166645,181,0,348.22098,1.0683553,-92.7624
1510,3.0166645,181,0,153.43027,1.0518705,-92.748955
1511,3.0166645,181,0,400.47482,1.0621185,-92.8349
1512,3.0166645,181,0,150.63577,1.0619037,-92.702255
1513,3.0166645,181,0,454.33395,1.0593201,-92.5784
1514,3.0166645,181,0,444.58447,1.0503883,-92.49269
1515,3.0166645,181,0,252.54073,1.0534629,-92.32437
1516,3.0166645,181,0,345.30167,1.0524411,-92.47535
1517,3.0166645,181,0,343.06696,1.0434852,-92.50832
1518,3.0166645,181,0,327.99384,1.0346764,-92.4043
1519,3.0166645,181,0,306.56442,1.0315552,-92.31929
1520,3.0166645,181,0,338.49628,1.0150996,-92.449
1521,3.0166645,181,0,392.19638,1.0110358,-92.33657
1522,3.0166645,181,0,139.9153,1.0259155,-92.033485
1523,3.0166645,181,0,395.20215,1.0180523,-92.10146
1524,3.0166645,181,0,16.299442,1.0046978,-92.04069
1525,1.749999,105,0,0.9721202,1.0385338,-91.78849
1526,3.0166645,181,0,73.87469,1.0175128,-91.871254
1527,0.6666667,40,0,0.94331956,1.0399328,-91.44659
1528,1.133333,68,0,2.1894019,1.0298989,-91.642136
1529,1.5333326,92,0,6.766637,1.029128,-91.655075
1530,3.0166645,181,0,305.94754,1.0026848,-91.64187
1531,3.0166645,181,0,22.541311,1.0094824,-91.65992
1532,3.0166645,181,0,140.2908,1.0152504,-91.47058
1533,3.0166645,181,0,245.2161,1.0085938,-91.453316
1534,3.0166645,181,0,360.87012,1.0056208,-91.370705
1535,3.0166645,181,0,140.94043,0.99142194,-91.31498
1536,3.0166645,181,0,69.39281,0.9898745,-91.23073
1537,3.0166645,181,0,12.913997,0.9863491,-91.21633
1538,3.0166645,181,0,167.15395,0.9877074,-91.01955
1539,3.0166645,181,0,308.42548,0.9832243,-90.99151
1540,3.0166645,181,0,221.09644,0.99529016,-91.08774
1541,3.0166645,181,0,261.54602,0.9778086,-90.782524
1542,3.0166645,181,0,227.31412,0.99163496,-90.72225
1543,3.0166645,181,0,288.77426,0.98375195,-90.70578
1544,3.0166645,181,0,191.85258,0.9667639,-90.61573
1545,3.0166645,181,0,258.20694,0.98122793,-90.3987
1546,3.0166645,181,0,210.11153,0.97351354,-90.496315
1547,3.0166645,181,0,158.85487,0.9726017,-90.366974
1548,3.0166645,181,0,129.03139,0.94608074,-90.23597
1549,3.0166645,181,0,292.98688,0.9689085,-90.23237
1550,3.0166645,181,0,259.99518,0.9643864,-89.97663
1551,3.0166645,181,0,253.81007,0.96726894,-90.08266
1552,3.0166645,181,0,137.91936,0.9618364,-89.892944
1553,3.0166645,181,0,320.83157,0.95302373,-89.80001
1554,3.0166645,181,0,218.6103,0.9369287,-89.65671
1555,3.0166645,181,0,403.68793,0.94762987,-89.566315
1556,3.0166645,181,0,34.13503,0.9521366,-89.314835
1557,3.0166645,181,0,323.09622,0.9503154,-89.19899
1558,3.0166645,181,0,148.61421,0.9282415,-89.118744
1559,3.0166645,181,0,368.9808,0.9302846,-89.07633
1560,3.0166645,181,0,194.82495,0.9321978,-88.89239
1561,3.0166645,181,0,409.25336,0.9109448,-88.699326
1562,3.0166645,181,0,358.35452,0.9107842,-88.7044
1563,3.0166645,181,0,356.0989,0.91280746,-88.63512
1564,3.0166645,181,0,199.38809,0.9079616,-88.39066
1565,3.0166645,181,0,317.2987,0.9159512,-88.4136
1566,3.0166645,181,0,398.61566,0.88964,-88.39516
1567,0.8666665,52,0,2.3384416,0.8823076,-88.38216
1568,3.0166645,181,0,325.10983,0.9034824,-88.206406
1569,0.9999997,60,0,1.8681734,0.9228205,-88.08687
1570,3.0166645,181,0,262.55023,0.91134685,-87.88506
1571,3.0166645,181,0,214.29938,0.89501774,-87.86855
1572,3.0166645,181,0,425.71497,0.8955411,-87.64486
1573,3.0166645,181,0,415.1036,0.90828097,-87.69403
1574,0.74999994,45,0,1.2533634,0.9025508,-87.60069
1575,1.083333,65,0,1.220599,0.8859036,-87.57645
1576,3.0166645,181,0,360.78635,0.9029765,-87.528625
1577,3.0166645,181,0,309.57498,0.89065,-87.49602
1578,3.0166645,181,0,438.13196,0.896547,-87.349304
1579,3.0166645,181,0,245.89568,0.8879904,-87.285355
1580,3.0166645,181,0,356.33722,0.8896086,-87.06657
1581,3.0166645,181,0,326.1816,0.8896545,-87.15957
1582,3.0166645,181,0,359.85587,0.86431664,-87.09847
1583,3.0166645,181,0,222.87152,0.8607551,-87.08049
1584,3.0166645,181,0,174.42091,0.8748724,-86.87126
1585,3.0166645,181,0,130.59026,0.86641043,-86.83841
1586,3.0166645,181,0,215.35529,0.8606541,-86.83904
1587,3.0166645,181,0,232.78342,0.8498321,-86.69341
1588,3.0166645,181,0,44.05094,0.8587987,-86.557
1589,3.0166645,181,0,266.67798,0.8595209,-86.42372
1590,3.0166645,181,0,112.095894,0.8423866,-86.483696
1591,3.0166645,181,0,232.7322,0.87517375,-86.313416
1592,0.7,42,0,0.31506345,0.86110324,-86.32823
1593,3.0166645,181,0,331.5165,0.8441673,-86.17619
1594,3.0166645,181,0,410.3878,0.8325751,-86.40032
1595,0.7333333,44,0,1.0827165,0.82283974,-86.33311
1596,3.0166645,181,0,97.87715,0.8512203,-86.19841
1597,3.0166645,181,0,252.61949,0.83629537,-86.192184
1598,0.7666666,46,0,1.6702663,0.8193449,-86.17892
1599,3.0166645,181,0,129.8048,0.835842,-86.10914
1600,3.0166645,181,0,394.37305,0.828819,-86.10476
1601,3.0166645,181,0,415.99524,0.83225155,-86.26272
1602,0.9333331,56,0,2.449372,0.8277472,-86.2652
1603,3.0166645,181,0,138.02316,0.830322,-85.946945
1604,3.0166645,181,0,156.61377,0.8221713,-86.02873
1605,3.0166645,181,0,237.47789,0.83114743,-85.91127
1606,3.0166645,181,0,68.2774,0.828146,-85.817085
1607,3.0166645,181,0,256.59576,0.8390449,-85.63769
1608,3.0166645,181,0,312.7213,0.83804643,-85.72642
1609,3.0166645,181,0,195.33156,0.82224345,-85.824234
1610,2.616665,157,0,1.6044382,0.8319973,-85.726776
1611,3.0166645,181,0,283.2729,0.83691865,-85.62892
1612,3.0166645,181,0,408.17462,0.82878387,-85.5818
1613,3.0166645,181,0,7.2469716,0.8223078,-85.39315
1614,1.083333,65,0,1.790283,0.8191294,-85.337456
1615,3.0166645,181,0,326.47726,0.81433284,-85.06027
1616,3.0166645,181,0,343.14603,0.8255084,-85.148155
1617,3.0166645,181,0,310.37643,0.8174137,-85.07714
1618,1.6499991,99,0,4.2132792,0.8074441,-85.09488
1619,3.0166645,181,0,312.45306,0.83293414,-84.85448
1620,1.0166664,61,0,1.3046032,0.8487595,-85.07502
1621,3.0166645,181,0,155.10669,0.8417469,-84.54318
1622,2.5333316,152,0,2.2714596,0.8401488,-84.61064
1623,3.0166645,181,0,55.960854,0.8386333,-84.490906
1624,2.3166652,139,0,1.4978484,0.84021294,-84.30887
1625,3.0166645,181,0,265.55804,0.8609627,-84.137054
1626,3.0166645,181,0,394.95956,0.8557008,-84.115326
1627,3.0166645,181,0,165.56448,0.8550984,-84.09428
1628,3.0166645,181,0,394.85986,0.84600437,-83.99922
1629,3.0166645,181,0,270.80017,0.8612739,-83.91168
1630,3.0166645,181,0,316.78677,0.84612423,-83.853714
1631,3.0166645,181,0,66.82234,0.85659176,-83.8151
1632,3.0166645,181,0,229.00874,0.8658107,-83.57098
1633,3.0166645,181,0,350.99597,0.86526465,-83.70709
1634,3.0166645,181,0,202.03181,0.8676503,-83.63277
1635,2.3333318,140,0,0.48227516,0.8726611,-83.53315
1636,3.0166645,181,0,277.54498,0.8934564,-83.40074
1637,2.9666646,178,0,0.8223486,0.8927563,-83.4109
1638,1.5666659,94,0,0.26249456,0.90732676,-83.21971
1639,3.0166645,181,0,288.16574,0.8914488,-83.2144
1640,3.0166645,181,0,286.53494,0.91426814,-83.148155
1641,3.0166645,181,0,251.26666,0.9010927,-83.11893
1642,3.0166645,181,0,277.20355,0.9023944,-83.18662
1643,3.0166645,181,0,322.68082,0.91699153,-83.10797
1644,3.0166645,181,0,269.0138,0.9347067,-82.99572
1645,3.0166645,181,0,240.00302,0.93419975,-83.35356
1646,3.0166645,181,0,374.71185,0.94517463,-83.062965
1647,2.2833319,137,0,3.7443545,0.9493495,-83.005486
1648,3.0166645,181,0,324.14224,0.94743776,-83.06753
1649,3.0166645,181,0,159.53545,0.95939714,-83.15132
1650,3.0166645,181,0,290.30322,0.96032655,-83.21661
1651,2.133332,128,0,2.163975,0.9755846,-83.03841
1652,3.0166645,181,0,276.57346,0.9736495,-83.00701
1653,3.0166645,181,0,159.0059,0.9732866,-83.007996
1654,3.0166645,181,0,193.07172,0.98670065,-83.1421
1655,2.1499987,129,0,3.3842046,0.98798,-83.19858
1656,3.0166645,181,0,204.05026,0.9823359,-83.09418
1657,3.0166645,181,0,200.48909,0.9769259,-83.05175
1658,3.0166645,181,0,122.563,0.98342216,-83.341736
1659,3.0166645,181,0,128.22304,0.97619385,-83.28704
1660,3.0166645,181,0,171.19453,0.9753574,-83.13559
1661,2.5333316,152,0,0.362693,0.9866019,-83.229706
1662,3.0166645,181,0,199.88797,0.96128523,-83.24624
1663,3.0166645,181,0,302.5276,0.9756804,-82.944824
1664,3.0166645,181,0,225.08981,0.9520478,-83.135826
1665,3.0166645,181,0,243.90947,0.96294,-83.28582
1666,3.0166645,181,0,170.76779,0.9793765,-83.279785
1667,3.0166645,181,0,255.22542,0.9551481,-83.389046
1668,3.0166645,181,0,7.2550707,0.9637128,-83.09463
1669,2.233332,134,0,5.4550467,0.9548753,-83.30513
1670,3.0166645,181,0,188.96068,0.9589172,-83.13679
1671,3.0166645,181,0,240.57036,0.9510476,-83.208786
1672,3.0166645,181,0,205.75821,0.93709356,-83.40675
1673,3.0166645,181,0,210.41803,0.95140713,-83.3095
1674,3.0166645,181,0,315.5997,0.9332202,-83.2956
1675,3.0166645,181,0,309.3046,0.9409114,-83.176056
1676,3.0166645,181,0,304.72916,0.92015755,-83.39846
1677,3.0166645,181,0,318.29773,0.92282504,-83.56389
1678,3.0166645,181,0,245.56157,0.9336597,-83.78107
1679,3.0166645,181,0,283.63657,0.89511585,-83.689674
1680,3.0166645,181,0,306.1195,0.9032815,-83.84956
1681,3.0166645,181,0,272.99905,0.9011908,-83.910355
1682,3.0166645,181,0,255.21771,0.8928122,-84.03106
1683,3.0166645,181,0,181.89343,0.8765747,-83.84901
1684,3.0166645,181,0,307.12878,0.90009594,-83.87982
1685,3.0166645,181,0,289.3971,0.8909718,-83.83153
1686,3.0166645,181,0,261.76425,0.88118815,-83.76926
1687,1.0999997,66,0,0.7614851,0.85761356,-83.89012
1688,3.0166645,181,0,305.32294,0.8852654,-83.88278
1689,3.0166645,181,0,249.79637,0.87220174,-83.7763
1690,3.0166645,181,0,258.51212,0.8837667,-84.030205
1691,3.0166645,181,0,326.1344,0.8586897,-84.20266
1692,3.0166645,181,0,324.7147,0.88196754,-84.09003
1693,3.0166645,181,0,227.02127,0.8765737,-84.151245
1694,3.0166645,181,0,244.0795,0.868611,-84.14238
1695,3.0166645,181,0,260.07657,0.86314505,-84.06632
1696,3.0166645,181,0,115.19229,0.8812735,-83.9624
1697,3.0166645,181,0,305.4528,0.8949036,-84.07864
1698,3.0166645,181,0,302.32864,0.87836206,-84.09583
1699,3.0166645,181,0,343.36826,0.8617113,-84.28216
1700,3.0166645,181,0,172.78844,0.8780059,-84.08989
1701,3.0166645,181,0,319.92874,0.8610045,-84.17669
1702,3.0166645,181,0,209.68016,0.854517,-84.119156
1703,3.0166645,181,0,301.94693,0.87329334,-83.95488
1704,3.0166645,181,0,329.4142,0.8602023,-84.03126
1705,3.0166645,181,0,244.19812,0.8687427,-84.032455
1706,2.4833317,149,0,4.650738,0.8591757,-84.18115
1707,3.0166645,181,0,282.95328,0.8578931,-83.947945
1708,3.0166645,181,0,281.882,0.8719446,-83.9296
1709,3.0166645,181,0,176.79008,0.8668728,-83.55749
1710,3.0166645,181,0,141.09563,0.85662544,-83.826454
1711,3.0166645,181,0,235.49037,0.864843,-83.707634
1712,3.0166645,181,0,171.48248,0.87208116,-83.54535
1713,3.0166645,181,0,173.96382,0.8773156,-83.3523
1714,3.0166645,181,0,278.7527,0.86275333,-83.3249
1715,3.0166645,181,0,296.17923,0.85372907,-83.1748
1716,1.8666656,112,0,1.6710069,0.8912796,-83.3198
1717,0.74999994,45,0,0.7844149,0.85204756,-83.202095
1718,3.0166645,181,0,276.98865,0.8833095,-83.039185
1719,1.1999996,72,0,0.4088197,0.8955518,-82.88389
1720,3.0166645,181,0,286.54016,0.8895438,-82.83859
1721,3.0166645,181,0,327.0299,0.87222683,-82.86316
1722,1.5999992,96,0,3.224522,0.878074,-82.80702
1723,0.78333324,47,0,0.36119384,0.85955054,-82.909546
1724,3.0166645,181,0,395.54047,0.8727748,-82.86352
1725,3.0166645,181,0,361.5222,0.89041376,-82.61965
1726,3.0166645,181,0,286.17023,0.8641302,-82.82614
1727,3.0166645,181,0,261.86057,0.8764184,-82.56433
1728,3.0166645,181,0,189.59874,0.8705876,-82.68375
1729,3.0166645,181,0,237.4677,0.8753521,-82.58229
1730,3.0166645,181,0,345.44846,0.8886283,-82.51631
1731,3.0166645,181,0,246.5484,0.8794897,-82.52191
1732,3.0166645,181,0,292.81918,0.8810165,-82.42715
1733,2.1666653,130,0,1.7991507,0.8982515,-82.182556
1734,3.0166645,181,0,201.31467,0.87974805,-82.19748
1735,3.0166645,181,0,277.0037,0.8823206,-82.16025
1736,3.0166645,181,0,338.92084,0.87450236,-82.28739
1737,3.0166645,181,0,169.68146,0.8736199,-82.01767
1738,3.0166645,181,0,105.91996,0.8863662,-81.9043
1739,3.0166645,181,0,185.25827,0.88098466,-82.156204
1740,3.0166645,181,0,317.05762,0.89203846,-81.743805
1741,3.0166645,181,0,374.39615,0.8642975,-81.93508
1742,1.0166664,61,0,0.9365054,0.8693771,-81.932884
1743,3.0166645,181,0,119.4146,0.8875365,-81.94455
1744,3.0166645,181,0,180.22327,0.8737783,-81.730835
1745,3.0166645,181,0,310.99667,0.90201336,-81.79656
1746,3.0166645,181,0,211.18886,0.89393634,-81.6675
1747,3.0166645,181,0,215.57477,0.8730257,-81.846054
1748,3.0166645,181,0,321.56332,0.9034625,-81.72087
1749,3.0166645,181,0,231.28343,0.89981496,-81.59504
1750,3.0166645,181,0,213.00089,0.88951254,-81.60952
1751,3.0166645,181,0,242.75066,0.9087745,-81.71642
1752,3.0166645,181,0,230.35419,0.90213513,-81.5937
1753,3.0166645,181,0,305.2527,0.8955403,-81.76636
1754,3.0166645,181,0,206.96387,0.8934922,-81.79721
1755,3.0166645,181,0,56.5404,0.902032,-81.62701
1756,3.0166645,181,0,374.50125,0.9078114,-81.67846
1757,3.0166645,181,0,134.19492,0.8825892,-81.6991
1758,3.0166645,181,0,41.11277,0.89120704,-81.711235
1759,3.0166645,181,0,300.08002,0.88654137,-81.85085
1760,3.0166645,181,0,237.64865,0.88766897,-81.59604
1761,3.0166645,181,0,161.17307,0.903825,-81.5655
1762,3.0166645,181,0,308.03296,0.89685905,-81.69924
1763,3.0166645,181,0,213.02696,0.8896496,-81.70663
1764,3.0166645,181,0,293.1657,0.8956733,-81.64459
1765,3.0166645,181,0,210.226,0.8752689,-81.63351
1766,3.0166645,181,0,272.40552,0.8838059,-81.53666
1767,3.0166645,181,0,73.29049,0.8902247,-81.47119
1768,3.0166645,181,0,316.8293,0.8795958,-81.50073
1769,3.0166645,181,0,171.12856,0.88957,-81.52601
1770,3.0166645,181,0,315.5466,0.8906609,-81.42875
1771,3.0166645,181,0,258.54544,0.87657005,-81.6356
1772,3.0166645,181,0,411.35217,0.8828876,-81.61556
1773,3.0166645,181,0,339.376,0.8750138,-81.68667
1774,3.0166645,181,0,247.8421,0.8543648,-81.61551
1775,3.0166645,181,0,44.550095,0.87581056,-81.54421
1776,3.0166645,181,0,364.86142,0.86027265,-81.647484
1777,3.0166645,181,0,347.67496,0.8753472,-81.44561
1778,3.0166645,181,0,98.85275,0.86843145,-81.57561
1779,3.0166645,181,0,269.08713,0.87342614,-81.32691
1780,3.0166645,181,0,189.07076,0.8672204,-81.532875
1781,3.0166645,181,0,265.97116,0.8574554,-81.5416
1782,3.0166645,181,0,275.61768,0.8564321,-81.621506
1783,3.0166645,181,0,389.9249,0.8491032,-81.653
1784,3.0166645,181,0,147.21559,0.8441961,-81.68067
1785,3.0166645,181,0,324.56888,0.83648384,-81.47086
1786,3.0166645,181,0,309.31662,0.8481009,-81.594925
1787,3.0166645,181,0,248.34181,0.84697455,-81.50407
1788,3.0166645,181,0,65.24211,0.8374541,-81.51464
1789,3.0166645,181,0,373.60083,0.8360084,-81.62943
1790,3.0166645,181,0,325.30035,0.8381433,-81.49266
1791,3.0166645,181,0,344.9941,0.8355846,-81.51936
1792,3.0166645,181,0,172.59283,0.82768923,-81.58942
1793,3.0166645,181,0,146.8319,0.8377664,-81.505775
1794,3.0166645,181,0,441.88278,0.82866365,-81.518555
1795,3.0166645,181,0,187.8625,0.8316002,-81.83497
1796,3.0166645,181,0,131.19481,0.82505995,-81.40531
1797,2.6999981,162,0,3.3803246,0.8222028,-81.53372
1798,3.0166645,181,0,148.00137,0.83370936,-81.61389
1799,3.0166645,181,0,285.93958,0.84115565,-81.27971
1800,3.0166645,181,0,359.93973,0.8175124,-81.484276
1801,3.0166645,181,0,271.14536,0.83963066,-81.37794
1802,3.0166645,181,0,155.12799,0.83570707,-81.38722
1803,3.0166645,181,0,221.58798,0.8352891,-81.46217
1804,3.0166645,181,0,186.13603,0.8458697,-81.46967
1805,3.0166645,181,0,217.26694,0.85694385,-81.42737
1806,3.0166645,181,0,249.60445,0.85188967,-81.532104
1807,3.0166645,181,0,316.90344,0.84397477,-81.417885
1808,3.0166645,181,0,345.2637,0.8445774,-81.55879
1809,3.0166645,181,0,4.7544494,0.85073954,-81.58405
1810,3.0166645,181,0,400.98218,0.88128144,-81.411644
1811,3.0166645,181,0,94.97241,0.86944264,-81.436745
1812,3.0166645,181,0,322.00272,0.8528199,-81.4175
1813,3.0166645,181,0,92.287506,0.8637295,-81.5407
1814,3.0166645,181,0,319.97577,0.85426295,-81.386154
1815,3.0166645,181,0,290.82147,0.8655378,-81.26662
1816,3.0166645,181,0,243.62512,0.8650041,-81.538605
1817,3.0166645,181,0,145.11919,0.86280584,-81.53942
1818,3.0166645,181,0,275.75995,0.8535767,-81.38447
1819,3.0166645,181,0,250.32811,0.85516775,-81.42926
1820,3.0166645,181,0,237.94693,0.8533755,-81.37354
1821,3.0166645,181,0,328.4297,0.85411066,-81.57772
1822,3.0166645,181,0,304.51883,0.8449235,-81.78086
1823,3.0166645,181,0,299.34604,0.850141,-81.713394
1824,3.0166645,181,0,208.28886,0.8420936,-81.51538
1825,3.0166645,181,0,267.2176,0.856458,-81.354774
1826,3.0166645,181,0,170.46112,0.8327546,-81.47215
1827,3.0166645,181,0,369.85504,0.8283569,-81.53343
1828,3.0166645,181,0,256.70593,0.8394149,-81.534805
1829,3.0166645,181,0,143.58363,0.8349177,-81.40392
1830,3.0166645,181,0,198.77443,0.8133622,-81.54441
1831,3.0166645,181,0,371.02997,0.82311195,-81.27138
1832,3.0166645,181,0,321.63138,0.82386965,-81.22745
1833,3.0166645,181,0,197.94028,0.8044934,-81.31569
1834,3.0166645,181,0,183.15239,0.8096417,-81.322296
1835,3.0166645,181,0,378.56485,0.8146058,-81.27929
1836,3.0166645,181,0,333.78577,0.7807992,-81.161255
1837,3.0166645,181,0,327.56323,0.79804116,-80.787674
1838,3.0166645,181,0,52.1947,0.7881168,-81.07553
1839,3.0166645,181,0,233.27437,0.78307235,-80.74832
1840,3.0166645,181,0,326.79095,0.7725922,-80.93001
1841,3.0166645,181,0,351.19257,0.76345146,-81.01059
1842,3.0166645,181,0,360.31915,0.7781413,-80.8744
1843,3.0166645,181,0,304.779,0.7807661,-80.51909
1844,3.0166645,181,0,356.5563,0.7520859,-80.8037
1845,3.0166645,181,0,345.96136,0.77158666,-80.5639
1846,3.0166645,181,0,208.55768,0.7717018,-80.56717
1847,3.0166645,181,0,276.95123,0.7521583,-80.638664
1848,3.0166645,181,0,274.53152,0.7525728,-80.541954
1849,3.0166645,181,0,154.05762,0.746878,-80.497116
1850,3.0166645,181,0,281.35345,0.7460831,-80.1787
1851,3.0166645,181,0,271.57925,0.7425056,-80.31389
1852,3.0166645,181,0,334.21597,0.7539637,-80.11738
1853,3.0166645,181,0,351.2881,0.74153996,-80.20863
1854,3.0166645,181,0,88.228874,0.7444335,-80.25317
1855,3.0166645,181,0,86.169106,0.75009096,-80.10301
1856,3.0166645,181,0,100.58401,0.74673396,-80.113266
1857,3.0166645,181,0,205.94603,0.7431951,-79.893936
1858,3.0166645,181,0,170.74261,0.73982203,-79.811775
1859,3.0166645,181,0,324.4198,0.73673004,-79.73164
1860,3.0166645,181,0,332.4521,0.7337906,-79.88265
1861,3.0166645,181,0,338.9578,0.7562329,-79.664024
1862,3.0166645,181,0,231.4805,0.7533122,-79.65053
1863,3.0166645,181,0,334.23633,0.7437606,-79.53041
1864,3.0166645,181,0,305.586,0.7500757,-79.717705
1865,3.0166645,181,0,263.30276,0.7364829,-79.63095
1866,3.0166645,181,0,344.62256,0.74907935,-79.669914
1867,3.0166645,181,0,314.12173,0.7267078,-79.57873
1868,3.0166645,181,0,231.54771,0.7376188,-79.46218
1869,3.0166645,181,0,160.78821,0.73603207,-79.62534
1870,3.0166645,181,0,331.3376,0.7428839,-79.40535
1871,3.0166645,181,0,364.25378,0.7484833,-79.51891
1872,3.0166645,181,0,305.4827,0.7440812,-79.34188
1873,3.0166645,181,0,270.1654,0.7516874,-79.4089
1874,3.0166645,181,0,299.69183,0.7332548,-79.27484
1875,3.0166645,181,0,298.4263,0.7425624,-79.15211
1876,3.0166645,181,0,274.74805,0.7523526,-79.35352
1877,3.0166645,181,0,303.15543,0.7488653,-79.36599
1878,3.0166645,181,0,308.68387,0.74658495,-79.21044
1879,3.0166645,181,0,41.41337,0.750732,-79.27046
1880,3.0166645,181,0,326.8677,0.75905365,-79.166405
1881,3.0166645,181,0,410.78293,0.74693334,-79.28632
1882,3.0166645,181,0,375.13818,0.7502071,-79.04296
1883,3.0166645,181,0,340.18036,0.7532269,-79.226974
1884,3.0166645,181,0,304.96716,0.7507883,-78.91487
1885,3.0166645,181,0,271.84338,0.77187353,-79.112564
1886,3.0166645,181,0,296.5202,0.7595362,-78.978676
1887,3.0166645,181,0,318.89987,0.76342094,-79.04755
1888,3.0166645,181,0,244.52092,0.75314575,-78.84154
1889,3.0166645,181,0,299.9522,0.7641619,-78.90741
1890,3.0166645,181,0,281.53854,0.7682051,-78.801384
1891,3.0166645,181,0,116.82384,0.7723147,-78.87814
1892,3.0166645,181,0,371.12045,0.7692498,-78.80197
1893,3.0166645,181,0,371.2307,0.7701953,-78.893654
1894,3.0166645,181,0,300.36594,0.7684463,-78.80103
1895,3.0166645,181,0,275.9564,0.7726956,-78.70434
1896,3.0166645,181,0,127.30823,0.7770104,-78.62742
1897,3.0166645,181,0,322.67172,0.77341723,-78.79205
1898,3.0166645,181,0,220.2609,0.76882595,-78.71056
1899,3.0166645,181,0,205.34879,0.77130425,-78.72829
1900,3.0166645,181,0,274.9893,0.76327515,-78.68067
1901,3.0166645,181,0,272.11926,0.7606584,-78.78562
1902,3.0166645,181,0,362.16898,0.7887031,-78.78752
1903,3.0166645,181,0,261.47372,0.7738397,-78.881615
1904,3.0166645,181,0,233.66049,0.76770955,-79.00945
1905,3.0166645,181,0,203.54184,0.77612805,-78.8285
1906,3.0166645,181,0,362.0773,0.7595711,-78.88451
1907,3.0166645,181,0,219.89578,0.7635875,-79.03306
1908,3.0166645,181,0,247.16263,0.76393104,-78.98282
1909,3.0166645,181,0,300.6257,0.7743042,-79.10427
1910,3.0166645,181,0,228.10898,0.7475621,-79.029144
1911,3.0166645,181,0,468.39777,0.75201905,-78.94546
1912,3.0166645,181,0,373.67914,0.7512791,-79.04007
1913,3.0166645,181,0,238.42543,0.7578922,-79.175705
1914,3.0166645,181,0,304.1905,0.75674754,-79.46753
1915,3.0166645,181,0,372.94717,0.7532451,-79.50446
1916,3.0166645,181,0,216.8433,0.76157165,-79.447105
1917,3.0166645,181,0,200.87135,0.75349253,-79.27773
1918,3.0166645,181,0,338.01785,0.7521051,-79.66621
1919,3.0166645,181,0,263.8624,0.745101,-79.802925
1920,3.0166645,181,0,199.74529,0.7414339,-79.60172
1921,3.0166645,181,0,345.59286,0.7461901,-79.79371
1922,3.0166645,181,0,335.53384,0.73836225,-79.90553
1923,3.0166645,181,0,311.37167,0.7420779,-79.87478
1924,3.0166645,181,0,241.50047,0.7368382,-79.88401
1925,3.0166645,181,0,290.8343,0.73124,-79.87442
1926,3.0166645,181,0,325.68298,0.7331184,-79.905304
1927,3.0166645,181,0,273.45517,0.73378295,-80.0223
1928,3.0166645,181,0,324.83957,0.71833205,-80.150536
1929,3.0166645,181,0,286.8732,0.7125586,-80.249825
1930,3.0166645,181,0,309.2636,0.7146453,-80.33727
1931,3.0166645,181,0,260.91956,0.719609,-80.45931
1932,3.0166645,181,0,83.76381,0.7244205,-80.396095
1933,3.0166645,181,0,264.35153,0.7082664,-80.46995
1934,3.0166645,181,0,366.32297,0.705874,-80.72668
1935,3.0166645,181,0,174.27783,0.70860165,-80.60385
1936,3.0166645,181,0,296.44373,0.7069596,-80.580376
1937,3.0166645,181,0,364.6599,0.7104151,-80.919624
1938,3.0166645,181,0,267.82,0.7006916,-80.79731
1939,3.0166645,181,0,233.19695,0.7019013,-80.823555
1940,3.0166645,181,0,223.84058,0.6936362,-80.81051
1941,3.0166645,181,0,424.21863,0.7030658,-80.85607
1942,3.0166645,181,0,329.19806,0.6985947,-81.087036
1943,3.0166645,181,0,322.52017,0.6976451,-81.0261
1944,3.0166645,181,0,430.035,0.68816435,-81.14772
1945,3.0166645,181,0,228.54672,0.69268876,-81.13374
1946,3.0166645,181,0,227.70514,0.69137454,-81.31226
1947,3.0166645,181,0,339.00394,0.69011974,-81.32865
1948,3.0166645,181,0,365.11243,0.6818838,-81.41527
1949,3.0166645,181,0,329.74994,0.6829123,-81.479294
1950,3.0166645,181,0,281.43726,0.6999206,-81.411995
1951,3.0166645,181,0,275.9734,0.6884903,-81.64705
1952,3.0166645,181,0,169.68427,0.6872993,-81.66562
1953,3.0166645,181,0,369.78806,0.68308204,-81.73972
1954,3.0166645,181,0,285.65298,0.6884968,-81.87998
1955,3.0166645,181,0,238.4659,0.69237745,-81.94921
1956,3.0166645,181,0,370.92883,0.70576304,-82.02257
1957,3.0166645,181,0,277.69897,0.6946249,-82.129944
1958,3.0166645,181,0,332.46982,0.68727297,-82.0808
1959,3.0166645,181,0,280.68842,0.6916415,-82.01644
1960,3.0166645,181,0,155.6847,0.6911595,-82.240974
1961,3.0166645,181,0,218.96214,0.68617463,-82.135666
1962,3.0166645,181,0,285.67355,0.6851387,-82.11153
1963,3.0166645,181,0,210.54053,0.7024964,-82.166855
1964,3.0166645,181,0,320.47604,0.69368315,-82.33024
1965,3.0166645,181,0,300.42856,0.68749356,-82.22594
1966,2.2833319,137,0,11.18014,0.6920361,-82.48652
1967,3.0166645,181,0,316.60855,0.6968411,-82.30884
1968,3.0166645,181,0,152.7347,0.69123596,-82.23949
1969,3.0166645,181,0,282.14633,0.6929878,-82.21284
1970,0.6000001,36,0,0.5682317,0.69497293,-82.11086
1971,3.0166645,181,0,266.59546,0.68396616,-82.252144
1972,3.0166645,181,0,321.11975,0.701902,-82.289665
1973,3.0166645,181,0,344.1625,0.6805808,-82.115395
1974,3.0166645,181,0,32.22521,0.69712144,-82.2357
1975,3.0166645,181,0,28.906261,0.6961369,-82.43288
1976,0.7666666,46,0,1.181132,0.6887092,-82.54168
1977,3.0166645,181,0,328.9645,0.7235672,-82.122986
1978,3.0166645,181,0,254.52943,0.691819,-82.26994
1979,3.0166645,181,0,148.04648,0.69953525,-82.22115
1980,3.0166645,181,0,268.64743,0.7037335,-82.32044
1981,3.0166645,181,0,329.31085,0.68908983,-82.36003
1982,3.0166645,181,0,428.82294,0.6992448,-82.36697
1983,3.0166645,181,0,338.14563,0.6978229,-82.43439
1984,3.0166645,181,0,378.43628,0.69927853,-82.35019
1985,1.083333,65,0,3.8456748,0.6922074,-82.878914
1986,0.74999994,45,0,0.93092585,0.68193096,-82.57919
1987,3.0166645,181,0,287.0697,0.69674987,-82.65422
1988,3.0166645,181,0,202.00726,0.7130156,-82.57405
1989,3.0166645,181,0,369.09692,0.72515965,-82.49977
1990,3.0166645,181,0,337.97852,0.71185267,-82.564384
1991,3.0166645,181,0,326.22833,0.7131135,-82.6022
1992,3.0166645,181,0,263.68036,0.73000044,-82.39881
1993,3.0166645,181,0,332.97604,0.7155484,-82.641426
1994,3.0166645,181,0,207.1671,0.7204003,-82.732475
1995,3.0166645,181,0,368.5954,0.7309643,-82.54951
1996,3.0166645,181,0,350.086,0.7265706,-82.72396
1997,3.0166645,181,0,382.84167,0.7461378,-82.7795
1998,3.0166645,181,0,349.24362,0.71699965,-82.67587
1999,3.0166645,181,0,351.60065,0.7438251,-82.90851
2000,3.0166645,181,0,362.7207,0.7420561,-82.95714
2001,3.0166645,181,0,328.51508,0.7233601,-82.96233
2002,3.0166645,181,0,365.35446,0.7319474,-82.92512
2003,3.0166645,181,0,255.23842,0.7427101,-83.065094
2004,3.0166645,181,0,151.02257,0.7435864,-82.983505
2005,3.0166645,181,0,336.7099,0.74197567,-83.036476
2006,3.0166645,181,0,415.4065,0.7353048,-83.109
2007,3.0166645,181,0,355.07526,0.7407556,-83.03211
2008,0.88333315,53,0,1.3879218,0.7711583,-82.70082
2009,3.0166645,181,0,368.97775,0.7395955,-83.20769
2010,3.0166645,181,0,312.79904,0.7441321,-83.22232
2011,3.0166645,181,0,308.5782,0.75779265,-83.27836
2012,3.0166645,181,0,213.09572,0.7355818,-83.27257
2013,1.466666,88,0,3.0229588,0.7391188,-83.46992
2014,3.0166645,181,0,415.6592,0.74936324,-83.40908
2015,1.1499996,69,0,0.7012886,0.7281137,-83.4882
2016,3.0166645,181,0,298.05893,0.73338515,-83.47305
2017,3.0166645,181,0,287.1035,0.7536375,-83.24714
2018,0.6333334,38,0,2.3374972,0.708321,-83.270966
2019,3.0166645,181,0,265.97174,0.7342274,-83.32555
2020,0.6666667,40,0,0.92432153,0.7187913,-83.222725
2021,0.7333333,44,0,2.5286057,0.7277002,-83.27903
2022,3.0166645,181,0,236.72089,0.74968934,-83.17897
2023,3.0166645,181,0,379.31888,0.7427888,-83.3356
2024,3.0166645,181,0,317.0529,0.7306731,-83.50359
2025,3.0166645,181,0,183.12334,0.75165594,-83.34393
2026,3.0166645,181,0,289.40985,0.7470523,-83.31181
2027,3.0166645,181,0,191.1756,0.733546,-83.34782
2028,3.0166645,181,0,389.48505,0.7417207,-83.33829
2029,3.0166645,181,0,158.4207,0.72011423,-83.59591
2030,3.0166645,181,0,310.4972,0.7351609,-83.53418
2031,0.74999994,45,0,0.79148227,0.772094,-83.30802
2032,3.0166645,181,0,257.68903,0.72138166,-83.57136
2033,3.0166645,181,0,344.85947,0.7340636,-83.507484
2034,3.0166645,181,0,287.91028,0.7106958,-83.61542
2035,2.9999979,180,0,148.79935,0.7313913,-83.658554
2036,3.0166645,181,0,327.37186,0.7201306,-83.52235
2037,3.0166645,181,0,341.2114,0.749803,-83.5007
2038,3.0166645,181,0,311.64932,0.73142,-83.2795
2039,3.0166645,181,0,172.97209,0.7438356,-83.4076
2040,1.6333325,98,0,78.630646,0.72661495,-83.52742
2041,3.0166645,181,0,314.21063,0.7438416,-83.47794
2042,0.74999994,45,0,2.3260856,0.7599953,-83.33254
2043,3.0166645,181,0,357.57138,0.7429887,-83.48436
2044,3.0166645,181,0,343.1626,0.74992585,-83.48216
2045,3.0166645,181,0,335.1755,0.7427477,-83.61064
2046,3.0166645,181,0,186.98633,0.7314228,-83.550575
2047,3.0166645,181,0,390.58197,0.73691654,-83.507126
2048,3.0166645,181,0,312.60468,0.74210334,-83.436226
2049,1.3499994,81,0,28.050817,0.7255776,-83.568954
2050,0.9333331,56,0,13.128531,0.73659134,-83.49624
2051,3.0166645,181,0,285.41364,0.74218076,-83.59576
2052,1.1166663,67,0,3.6027339,0.73148286,-83.35945
2053,3.0166645,181,0,287.54282,0.73692364,-83.49779
2054,3.0166645,181,0,285.19223,0.7409089,-83.361336
2055,3.0166645,181,0,298.437,0.742032,-83.3207
2056,3.0166645,181,0,302.83823,0.7487163,-83.435196
2057,3.0166645,181,0,227.86797,0.73858875,-83.19276
2058,0.68333334,41,0,1.6246872,0.7686431,-83.60691
2059,3.0166645,181,0,221.45218,0.75584406,-83.401695
2060,3.0166645,181,0,339.8233,0.7460826,-83.26123
2061,0.7333333,44,0,1.1766392,0.7579726,-83.31588
2062,3.0166645,181,0,42.50691,0.7502972,-83.31471
2063,3.0166645,181,0,1.6731781,0.7572182,-83.35411
2064,1.3666661,82,0,6.938057,0.74668056,-83.047646
2065,3.0166645,181,0,258.57727,0.7548993,-83.057816
2066,3.0166645,181,0,321.11514,0.7632737,-83.23388
2067,3.0166645,181,0,65.360405,0.75818187,-83.06158
2068,2.3166652,139,0,52.760452,0.7645386,-83.182465
2069,3.0166645,181,0,209.93816,0.76801413,-83.02722
2070,3.0166645,181,0,239.72435,0.77443254,-82.90004
2071,2.6833315,161,0,5.6922092,0.7704161,-83.02539
2072,3.0166645,181,0,369.66107,0.7725127,-82.74287
2073,3.0166645,181,0,295.83368,0.7776341,-82.77066
2074,2.9666646,178,0,82.27884,0.7802769,-82.9417
2075,3.0166645,181,0,30.924305,0.79242283,-82.75811
2076,1.4499993,87,0,30.016125,0.7980135,-82.747314
2077,2.516665,151,0,2.506234,0.80553025,-82.49052
2078,3.0166645,181,0,7.791211,0.77938986,-82.63661
2079,3.0166645,181,0,209.74872,0.7900409,-82.71273
2080,3.0166645,181,0,298.16788,0.8084894,-82.59799
2081,3.0166645,181,0,9.929956,0.8019857,-82.680214
2082,3.0166645,181,0,347.06833,0.80382943,-82.53641
2083,3.0166645,181,0,415.30457,0.8136091,-82.61756
2084,3.0166645,181,0,363.98615,0.8087481,-82.58658
2085,3.0166645,181,0,356.1391,0.8263381,-82.72751
2086,3.0166645,181,0,343.77307,0.8174363,-82.65619
2087,3.0166645,181,0,412.86993,0.81140655,-82.927055
2088,3.0166645,181,0,20.695673,0.81195796,-82.65205
2089,3.0166645,181,0,20.59866,0.8193441,-82.848976
2090,1.9333322,116,0,17.063654,0.8228989,-82.62278
2091,3.0166645,181,0,23.280571,0.82791674,-82.7806
2092,3.0166645,181,0,358.77673,0.8414788,-82.300026
2093,3.0166645,181,0,220.55544,0.8420226,-82.550606
2094,0.7999999,48,0,2.0653553,0.8458595,-82.48523
2095,3.0166645,181,0,274.748,0.8308401,-82.576195
2096,2.8666646,172,0,99.83201,0.8147707,-82.66534
2097,2.4499984,147,0,129.2498,0.8416312,-82.63646
2098,3.0166645,181,0,408.99942,0.8307698,-82.7612
2099,3.0166645,181,0,336.46475,0.83791625,-82.84311
2100,2.0666654,124,0,61.16121,0.85266787,-82.707825
2101,3.0166645,181,0,440.68283,0.8563323,-83.01768
2102,0.74999994,45,0,0.9558134,0.85051763,-83.139366
2103,3.0166645,181,0,12.793108,0.86063653,-83.01169
2104,3.0166645,181,0,96.504425,0.86396766,-82.65198
2105,1.3333328,80,0,1.6215541,0.85011876,-83.1901
2106,3.0166645,181,0,38.663754,0.88746184,-82.83882
2107,3.0166645,181,0,210.71912,0.89018065,-82.79949
2108,3.0166645,181,0,328.4819,0.90206903,-82.83542
2109,3.0166645,181,0,339.08826,0.9257611,-83.10633
2110,3.0166645,181,0,217.26118,0.9301827,-83.02059
2111,3.0166645,181,0,287.04013,0.9242991,-83.19469
2112,3.0166645,181,0,8.966552,0.9209845,-83.31609
2113,1.4499993,87,0,0.6861646,0.9522249,-83.06237
2114,1.5999992,96,0,5.947399,0.9450989,-83.50195
2115,3.0166645,181,0,167.63092,0.94605285,-83.48998
2116,1.4999993,90,0,3.3698936,0.95965654,-82.976326
2117,1.6666658,100,0,8.41638,0.9520152,-83.62143
2118,3.0166645,181,0,391.34048,0.9436965,-83.852486
2119,0.78333324,47,0,1.143126,0.9908989,-83.84681
2120,3.0166645,181,0,254.71576,0.9401322,-83.9518
2121,3.0166645,181,0,433.1317,0.9738603,-84.11828
2122,3.0166645,181,0,157.41772,0.97971743,-84.54305
2123,2.0166655,121,0,12.839065,0.9832123,-84.69987
2124,3.0166645,181,0,423.22183,0.95536274,-85.14691
2125,1.5166659,91,0,3.3205926,0.9691102,-85.10496
2126,3.0166645,181,0,337.04788,0.9834036,-85.33175
2127,3.0166645,181,0,381.38025,0.9677707,-85.70691
2128,2.2999985,138,0,33.712543,0.97380614,-85.96424
2129,1.5666659,94,0,3.8175802,0.97938305,-86.03615
2130,3.0166645,181,0,61.255024,0.955829,-86.158485
2131,3.0166645,181,0,349.68726,0.9565666,-86.398445
2132,1.3833327,83,0,8.79646,0.9616541,-86.38966
2133,1.2166662,73,0,3.2128623,0.9747779,-86.53925
2134,3.0166645,181,0,438.89365,0.9448218,-86.5279
2135,0.94999975,57,0,1.5139294,0.9511549,-86.76819
2136,3.0166645,181,0,311.4318,0.9259584,-86.89789
2137,3.0166645,181,0,242.45033,0.9200528,-87.0953
2138,1.1666663,70,0,2.29159,0.90806884,-87.259346
2139,2.233332,134,0,2.6420527,0.89180446,-87.10611
2140,3.0166645,181,0,284.6452,0.90529907,-87.38902
2141,3.0166645,181,0,336.14517,0.88891983,-87.18876
2142,3.0166645,181,0,318.7471,0.8766775,-87.69364
2143,3.0166645,181,0,164.22473,0.8679031,-87.94697
2144,3.0166645,181,0,291.81082,0.8594848,-87.82257
2145,3.0166645,181,0,296.6856,0.85989714,-87.94546
2146,1.3666661,82,0,2.345468,0.87241286,-87.86108
2147,1.3333328,80,0,7.3156085,0.8551222,-88.00413
2148,0.78333324,47,0,0.35588858,0.8911405,-88.04222
2149,1.8999989,114,0,0.49405202,0.8586027,-88.18902
2150,3.0166645,181,0,355.6634,0.8576187,-88.25876
2151,3.0166645,181,0,225.12227,0.857258,-88.223175
2152,1.083333,65,0,0.4921539,0.82814556,-88.071144
2153,1.1166663,67,0,1.11663,0.8236288,-88.26269
2154,3.0166645,181,0,254.24411,0.8434989,-88.26955
2155,3.0166645,181,0,240.14099,0.81473905,-88.240456
2156,3.0166645,181,0,302.5697,0.821596,-88.338
2157,3.0166645,181,0,352.2587,0.8126588,-88.43891
2158,0.68333334,41,0,1.4872634,0.8537459,-88.24794
2159,1.3166661,79,0,2.4138103,0.79406136,-88.766396
2160,3.0166645,181,0,304.17462,0.81405824,-88.12482
2161,3.0166645,181,0,164.50821,0.8083594,-88.569336
2162,3.0166645,181,0,392.88083,0.8119517,-88.41937
2163,3.0166645,181,0,370.38556,0.80067766,-88.69287
2164,3.0166645,181,0,421.001,0.7960742,-88.46675
2165,3.0166645,181,0,241.09267,0.7997757,-88.475746
2166,3.0166645,181,0,134.05377,0.7954219,-88.47214
2167,3.0166645,181,0,347.9237,0.7827486,-88.565414
2168,3.0166645,181,0,391.0633,0.78602123,-88.52231
2169,1.2666662,76,0,1.8126664,0.78085124,-88.179985
2170,1.2999995,78,0,2.2200053,0.77868384,-88.06561
2171,3.0166645,181,0,341.23517,0.7696026,-88.424576
2172,2.0999987,126,0,2.9942389,0.78105557,-88.12743
2173,3.0166645,181,0,298.84424,0.76568884,-88.24029
2174,3.0166645,181,0,347.92795,0.76087433,-88.34458
2175,3.0166645,181,0,354.94086,0.75286925,-88.22203
2176,3.0166645,181,0,396.94266,0.75707114,-88.46285
2177,3.0166645,181,0,46.935497,0.75883716,-88.32539
2178,3.0166645,181,0,286.1819,0.75444806,-88.291794
2179,3.0166645,181,0,327.35376,0.73613566,-88.30937
2180,3.0166645,181,0,261.45465,0.75675964,-87.953636
2181,3.0166645,181,0,379.946,0.7407447,-87.90061
2182,3.0166645,181,0,308.39053,0.7415155,-88.05593
2183,1.2333329,74,0,0.43601832,0.7262027,-88.049774
2184,3.0166645,181,0,350.81882,0.7360935,-87.99801
2185,3.0166645,181,0,320.51862,0.7304495,-88.14739
2186,3.0166645,181,0,290.13608,0.7280484,-87.66076
2187,2.5333316,152,0,3.1666088,0.72797894,-87.86807
2188,3.0166645,181,0,398.0902,0.7419027,-87.74237
2189,3.0166645,181,0,332.567,0.73888314,-87.827644
2190,3.0166645,181,0,285.29498,0.72681826,-87.660545
2191,3.0166645,181,0,317.9131,0.72724247,-87.75176
2192,3.0166645,181,0,279.10492,0.70992976,-87.83879
2193,3.0166645,181,0,361.84512,0.71316904,-87.64853
2194,3.0166645,181,0,402.0276,0.71213067,-87.68209
2195,1.3999994,84,0,2.7387102,0.7253678,-87.8066
2196,3.0166645,181,0,308.70743,0.71902037,-87.568634
2197,1.3166661,79,0,3.6273506,0.72966486,-87.46685
2198,3.0166645,181,0,313.66977,0.720213,-87.492836
2199,0.8999998,54,0,0.75604856,0.7399585,-87.43517
2200,3.0166645,181,0,334.5051,0.7240258,-87.6082
2201,3.0166645,181,0,308.8353,0.71122885,-87.672615
2202,3.0166645,181,0,326.5772,0.7043898,-87.49369
2203,3.0166645,181,0,388.03363,0.7195171,-87.46958
2204,2.6833315,161,0,4.8040004,0.7056736,-87.61139
2205,3.0166645,181,0,295.14532,0.717477,-87.50385
2206,3.0166645,181,0,186.95815,0.71203524,-87.39773
2207,2.9833312,179,0,2.5436406,0.71964556,-87.20381
2208,3.0166645,181,0,383.40204,0.7214193,-87.529205
2209,3.0166645,181,0,0.6794416,0.7326828,-87.4967
2210,3.0166645,181,0,424.8303,0.71856076,-87.21675
2211,3.0166645,181,0,280.45514,0.718086,-87.10202
2212,3.0166645,181,0,371.78336,0.7240314,-87.15775
2213,3.0166645,181,0,217.60782,0.7285436,-87.26127
2214,3.0166645,181,0,179.0458,0.7270407,-87.13612
2215,3.0166645,181,0,344.93686,0.7263476,-87.35636
2216,3.0166645,181,0,426.17365,0.73253113,-87.31169
2217,3.0166645,181,0,318.18817,0.7206794,-87.241
2218,3.0166645,181,0,358.4857,0.7362288,-87.32024
2219,3.0166645,181,0,399.1762,0.7526385,-87.48626
2220,3.0166645,181,0,368.21136,0.76307935,-87.76223
2221,3.0166645,181,0,181.44568,0.7657203,-87.77458
2222,3.0166645,181,0,352.48022,0.7629416,-87.97658
2223,3.0166645,181,0,175.98598,0.7834992,-88.099846
2224,3.0166645,181,0,331.78427,0.7719712,-88.06862
2225,3.0166645,181,0,383.69775,0.7732458,-88.10851
2226,3.0166645,181,0,11.687135,0.7930792,-88.45118
2227,3.0166645,181,0,327.78305,0.78998816,-88.34013
2228,3.0166645,181,0,333.36197,0.78854316,-88.460304
2229,3.0166645,181,0,16.037794,0.787818,-88.45181
2230,3.0166645,181,0,116.63583,0.80895615,-88.6531
2231,3.0166645,181,0,149.24144,0.8389169,-88.48731
2232,3.0166645,181,0,422.22263,0.83158875,-88.833336
2233,3.0166645,181,0,243.26344,0.84266704,-88.70784
2234,3.0166645,181,0,176.4121,0.8266699,-88.78557
2235,3.0166645,181,0,287.81403,0.8538487,-89.06964
2236,3.0166645,181,0,312.1325,0.8601651,-89.29692
2237,3.0166645,181,0,335.1339,0.88045853,-89.36212
2238,3.0166645,181,0,272.9743,0.8734934,-89.50061
2239,3.0166645,181,0,396.63168,0.8757316,-89.78083
2240,3.0166645,181,0,110.4127,0.8792126,-89.72138
2241,3.0166645,181,0,367.8265,0.8818546,-89.75857
2242,3.0166645,181,0,252.51016,0.8863723,-89.61858
2243,3.0166645,181,0,281.7093,0.8845671,-89.95266
2244,3.0166645,181,0,246.87643,0.8674695,-89.773445
2245,3.0166645,181,0,232.93524,0.88253075,-89.96481
2246,3.0166645,181,0,374.78406,0.88507396,-90.07501
2247,3.0166645,181,0,285.6488,0.88019717,-89.92137
2248,3.0166645,181,0,248.75777,0.8814468,-90.17683
2249,3.0166645,181,0,53.9876,0.86383677,-90.29404
2250,3.0166645,181,0,160.27716,0.8540212,-89.98686
2251,3.0166645,181,0,277.38205,0.8503642,-90.09606
2252,3.0166645,181,0,403.63324,0.8335867,-90.060165
2253,3.0166645,181,0,347.82516,0.82534665,-90.08364
2254,3.0166645,181,0,10.177359,0.7964152,-90.097206
2255,3.0166645,181,0,205.63853,0.7964583,-89.94617
2256,3.0166645,181,0,329.7708,0.7700582,-89.996506
2257,3.0166645,181,0,283.96844,0.7650207,-89.85878
2258,3.0166645,181,0,337.8261,0.7507554,-89.99917
2259,3.0166645,181,0,284.46088,0.7318957,-90.06039
2260,3.0166645,181,0,386.86813,0.72011423,-89.89067
2261,3.0166645,181,0,320.2187,0.7086766,-89.89104
2262,3.0166645,181,0,383.46527,0.71512216,-89.58681
2263,3.0166645,181,0,118.935165,0.69659245,-89.8474
2264,3.0166645,181,0,362.61948,0.6874058,-89.89267
2265,3.0166645,181,0,377.5606,0.67675865,-89.79042
2266,3.0166645,181,0,370.92947,0.67668533,-89.58195
2267,3.0166645,181,0,459.99344,0.67202675,-89.76642
2268,3.0166645,181,0,416.9382,0.67201376,-89.732315
2269,3.0166645,181,0,341.50638,0.6614194,-89.5956
2270,3.0166645,181,0,175.5775,0.6553124,-89.51576
2271,3.0166645,181,0,376.83356,0.6718901,-89.55328
2272,3.0166645,181,0,391.14194,0.6653494,-89.59023
2273,3.0166645,181,0,373.03772,0.65425926,-89.47842
2274,3.0166645,181,0,410.63126,0.66014206,-89.47426
2275,3.0166645,181,0,409.47574,0.6697873,-89.40828
2276,3.0166645,181,0,466.23074,0.66373014,-89.34269
2277,3.0166645,181,0,344.26038,0.6583715,-89.591064
2278,3.0166645,181,0,425.95325,0.66916573,-89.43715
2279,3.0166645,181,0,308.76025,0.6753252,-89.40756
2280,3.0166645,181,0,386.0794,0.6818103,-89.605545
2281,3.0166645,181,0,420.23355,0.6810362,-89.607704
2282,1.1833329,71,0,0.6722423,0.69201285,-89.60458
2283,3.0166645,181,0,231.84793,0.6961154,-89.35908
2284,3.0166645,181,0,352.61206,0.6996317,-89.449356
2285,3.0166645,181,0,295.15607,0.69727963,-89.5993
2286,3.0166645,181,0,273.32428,0.6994887,-89.538216
2287,3.0166645,181,0,280.0993,0.7086003,-89.52947
2288,3.0166645,181,0,249.0456,0.7202577,-89.31241
2289,3.0166645,181,0,309.59122,0.70999134,-89.4655
2290,3.0166645,181,0,196.00168,0.732429,-89.63266
2291,3.0166645,181,0,224.27242,0.7251975,-89.691124
2292,3.0166645,181,0,193.14772,0.7083589,-89.588036
2293,3.0166645,181,0,76.82281,0.7140071,-89.516266
2294,3.0166645,181,0,246.12097,0.7230116,-89.63104
2295,3.0166645,181,0,342.5573,0.7289784,-89.77441
2296,1.133333,68,0,0.2359068,0.7160194,-89.842674
2297,3.0166645,181,0,170.93295,0.727573,-89.78666
2298,3.0166645,181,0,392.62817,0.72194326,-89.52648
2299,3.0166645,181,0,304.31418,0.7254351,-89.61864
2300,3.0166645,181,0,369.09442,0.71593964,-89.80219
2301,3.0166645,181,0,284.35623,0.7191424,-89.78876
2302,3.0166645,181,0,274.5768,0.71278334,-89.92603
2303,3.0166645,181,0,304.34116,0.708438,-89.75182
2304,3.0166645,181,0,99.22303,0.6992147,-89.95096
2305,3.0166645,181,0,323.42313,0.6934662,-89.95842
2306,3.0166645,181,0,267.23785,0.6918921,-90.03062
2307,3.0166645,181,0,319.92654,0.69519365,-89.97103
2308,3.0166645,181,0,500.26752,0.6851183,-90.03189
2309,3.0166645,181,0,371.606,0.68888074,-90.08422
2310,3.0166645,181,0,340.07104,0.6713416,-90.28802
2311,3.0166645,181,0,346.79117,0.6728665,-90.46374
2312,3.0166645,181,0,330.89413,0.6639593,-90.352196
2313,3.0166645,181,0,272.74246,0.6633365,-90.508514
2314,3.0166645,181,0,356.8527,0.6520404,-90.386505
2315,3.0166645,181,0,407.85477,0.64481515,-90.64203
2316,3.0166645,181,0,350.24817,0.63818115,-90.23018
2317,3.0166645,181,0,333.19534,0.6218381,-90.26883
2318,3.0166645,181,0,189.85986,0.62873673,-90.300964
2319,3.0166645,181,0,433.48706,0.61632967,-90.24801
2320,3.0166645,181,0,427.4121,0.6105276,-90.47454
2321,3.0166645,181,0,268.93204,0.6121462,-90.388626
2322,3.0166645,181,0,258.45322,0.59804296,-90.416016
2323,3.0166645,181,0,330.016,0.5952997,-90.28415
2324,3.0166645,181,0,145.88712,0.5973665,-90.16818
2325,3.0166645,181,0,286.97098,0.5972784,-90.19781
2326,3.0166645,181,0,200.08658,0.5995476,-90.15255
2327,3.0166645,181,0,384.282,0.58342576,-90.28628
2328,3.0166645,181,0,235.50154,0.58473814,-90.20417
2329,3.0166645,181,0,337.92892,0.5766444,-90.228645
2330,3.0166645,181,0,479.0307,0.5834242,-90.01181
2331,3.0166645,181,0,386.4567,0.58234763,-90.193886
2332,3.0166645,181,0,378.4317,0.58540833,-90.22866
2333,3.0166645,181,0,309.25003,0.5866125,-90.19103
2334,3.0166645,181,0,410.48587,0.583921,-90.29192
2335,3.0166645,181,0,419.73624,0.576326,-90.19863
2336,3.0166645,181,0,363.23962,0.587653,-90.197624
2337,3.0166645,181,0,403.6567,0.599774,-89.95887
2338,3.0166645,181,0,258.19482,0.59664595,-90.07172
2339,3.0166645,181,0,328.36453,0.6053225,-90.18054
2340,3.0166645,181,0,184.349,0.5777448,-90.12013
2341,3.0166645,181,0,231.57281,0.59747076,-90.3788
2342,3.0166645,181,0,293.3265,0.60864544,-90.05315
2343,3.0166645,181,0,222.09906,0.60102063,-90.09628
2344,3.0166645,181,0,317.94736,0.605075,-89.85556
2345,3.0166645,181,0,338.63275,0.60833937,-90.04093
2346,3.0166645,181,0,377.45325,0.60800165,-90.18347
2347,3.0166645,181,0,299.19543,0.60652333,-89.97359
2348,3.0166645,181,0,304.93365,0.6287411,-89.94098
2349,3.0166645,181,0,322.50238,0.61924064,-89.88497
2350,3.0166645,181,0,319.42343,0.62143713,-89.85812
2351,3.0166645,181,0,387.1946,0.63790876,-89.96966
2352,3.0166645,181,0,334.5068,0.6332253,-90.21309
2353,3.0166645,181,0,290.22046,0.63222295,-89.979515
2354,3.0166645,181,0,412.90323,0.639324,-90.28057
2355,3.0166645,181,0,348.27594,0.62921363,-90.21003
2356,3.0166645,181,0,166.87064,0.6418504,-90.08616
2357,3.0166645,181,0,404.49316,0.6454935,-90.13765
2358,1.0166664,61,0,3.6020706,0.6416614,-89.973885
2359,3.0166645,181,0,367.6062,0.65654576,-90.19817
2360,3.0166645,181,0,341.2427,0.6557086,-90.14323
2361,3.0166645,181,0,169.84628,0.6499427,-90.26841
2362,3.0166645,181,0,324.57523,0.65612006,-90.426956
2363,3.0166645,181,0,369.91574,0.668591,-90.07939
2364,3.0166645,181,0,321.02628,0.65611607,-90.29195
2365,3.0166645,181,0,187.55344,0.6667527,-90.23584
2366,3.0166645,181,0,363.8592,0.6570977,-90.27063
2367,3.0166645,181,0,409.2288,0.6722492,-90.06653
2368,3.0166645,181,0,367.27954,0.6598648,-90.122826
2369,3.0166645,181,0,212.02536,0.6675144,-90.20705
2370,3.0166645,181,0,398.96606,0.6752382,-90.29078
2371,3.0166645,181,0,263.31995,0.66810125,-90.19318
2372,3.0166645,181,0,365.94205,0.68135977,-90.45201
2373,3.0166645,181,0,371.92282,0.6708771,-90.397835
2374,3.0166645,181,0,350.70932,0.6744828,-90.44342
2375,1.2166662,73,0,0.37688896,0.67755926,-90.598404
2376,3.0166645,181,0,314.1873,0.6686709,-90.67355
2377,3.0166645,181,0,347.7759,0.6707067,-90.70911
2378,3.0166645,181,0,277.7183,0.6822544,-90.43134
2379,3.0166645,181,0,97.56758,0.67223114,-90.75993
2380,3.0166645,181,0,297.90457,0.67922235,-90.4198
2381,3.0166645,181,0,437.57642,0.6798046,-90.863625
2382,3.0166645,181,0,339.05078,0.65339833,-90.724014
2383,3.0166645,181,0,363.10425,0.657029,-90.966805
2384,3.0166645,181,0,351.75143,0.66308576,-90.80506
2385,3.0166645,181,0,296.64362,0.6615094,-90.78843
2386,3.0166645,181,0,274.04526,0.6540588,-91.01089
2387,3.0166645,181,0,331.33755,0.64743435,-90.993515
2388,3.0166645,181,0,300.8334,0.6427288,-90.94262
2389,3.0166645,181,0,360.73248,0.6469947,-91.23516
2390,3.0166645,181,0,364.3877,0.65306896,-91.038765
2391,3.0166645,181,0,286.8432,0.63815594,-91.28156
2392,3.0166645,181,0,328.33643,0.6355987,-91.343414
2393,3.0166645,181,0,307.58572,0.6332206,-91.50221
2394,3.0166645,181,0,272.21643,0.6177846,-91.670555
2395,3.0166645,181,0,276.637,0.6309946,-91.55487
2396,3.0166645,181,0,315.2423,0.6154125,-91.6774
2397,3.0166645,181,0,375.731,0.6160533,-91.624435
2398,3.0166645,181,0,376.08264,0.62031883,-91.56202
2399,3.0166645,181,0,397.81744,0.60291326,-91.8321
2400,3.0166645,181,0,235.94623,0.59888816,-91.72328
2401,3.0166645,181,0,213.79208,0.6145005,-91.72646
2402,3.0166645,181,0,317.15308,0.6039181,-91.6998
2403,3.0166645,181,0,480.32693,0.59664553,-91.81305
2404,3.0166645,181,0,360.3439,0.5978269,-91.77699
2405,3.0166645,181,0,201.1028,0.6115414,-91.91195
2406,3.0166645,181,0,307.402,0.5937144,-92.141266
2407,3.0166645,181,0,169.8462,0.6059777,-91.82962
2408,3.0166645,181,0,317.1605,0.5843555,-91.802246
2409,3.0166645,181,0,335.34647,0.58528566,-92.00874
2410,3.0166645,181,0,422.07938,0.59175724,-92.09529
2411,3.0166645,181,0,329.4723,0.5922562,-91.95214
2412,3.0166645,181,0,393.56204,0.59713066,-92.14805
2413,3.0166645,181,0,449.2866,0.595597,-92.12284
2414,3.0166645,181,0,355.7722,0.580267,-92.32687
2415,0.98333305,59,0,0.53270787,0.5973243,-91.749435
2416,3.0166645,181,0,413.67303,0.59013265,-92.05169
2417,3.0166645,181,0,428.85782,0.60001546,-92.1041
2418,3.0166645,181,0,401.36377,0.584783,-92.294586
2419,3.0166645,181,0,307.08688,0.60465777,-92.2156
2420,3.0166645,181,0,426.5517,0.60101455,-92.18567
2421,3.0166645,181,0,373.01108,0.60820585,-92.291016
2422,3.0166645,181,0,331.1126,0.5991409,-92.38187
2423,3.0166645,181,0,342.20218,0.60640645,-92.454544
2424,3.0166645,181,0,333.05435,0.62379503,-92.2304
2425,1.1499996,69,0,0.7592821,0.62099797,-92.38337
2426,3.0166645,181,0,345.1823,0.6107344,-92.45211
2427,3.0166645,181,0,375.48563,0.62138003,-92.155464
2428,3.0166645,181,0,356.0955,0.6169198,-92.47426
2429,3.0166645,181,0,461.73535,0.629304,-92.382835
2430,3.0166645,181,0,426.15463,0.6126919,-92.510635
2431,3.0166645,181,0,360.055,0.62444496,-92.56
2432,0.74999994,45,0,0.5074434,0.61265707,-92.29872
2433,3.0166645,181,0,195.01942,0.6446529,-92.302
2434,3.0166645,181,0,418.43814,0.63281393,-92.29645
2435,3.0166645,181,0,157.1953,0.6291321,-92.43728
2436,3.0166645,181,0,454.30652,0.6311664,-92.520744
2437,3.0166645,181,0,432.616,0.63437736,-92.45667
2438,0.74999994,45,0,0.42502007,0.6278669,-92.609566
2439,3.0166645,181,0,168.3487,0.62756497,-92.508934
2440,3.0166645,181,0,102.08872,0.63007873,-92.40953
2441,0.7666666,46,0,0.81009823,0.6452902,-92.4148
2442,3.0166645,181,0,330.62683,0.6324608,-92.42518
2443,0.7666666,46,0,2.0074375,0.6349974,-92.5376
2444,3.0166645,181,0,403.87634,0.6344824,-92.37332
2445,3.0166645,181,0,349.53955,0.639222,-92.42731
2446,3.0166645,181,0,300.13773,0.63071704,-92.31758
2447,3.0166645,181,0,323.19962,0.62005424,-92.4557
2448,0.8333332,50,0,1.5295889,0.6179639,-92.79136
2449,3.0166645,181,0,341.5139,0.61706835,-92.68019
2450,3.0166645,181,0,304.88635,0.62907434,-92.596214
2451,3.0166645,181,0,176.15321,0.6169698,-92.74774
2452,0.74999994,45,0,1.6635013,0.62244546,-92.83235
2453,0.78333324,47,0,3.167746,0.6085615,-92.71937
2454,3.0166645,181,0,437.16208,0.6353897,-92.32599
2455,3.0166645,181,0,143.73323,0.6186446,-92.64357
2456,3.0166645,181,0,282.38397,0.6253956,-92.57841
2457,0.78333324,47,0,1.5417789,0.62474704,-92.59406
2458,3.0166645,181,0,319.92,0.60861325,-92.74724
2459,3.0166645,181,0,357.8692,0.6101706,-92.8297
2460,3.0166645,181,0,427.5877,0.610684,-92.95467
2461,0.78333324,47,0,3.3421223,0.63473344,-92.716805
2462,0.74999994,45,0,0.77697635,0.5996084,-92.761444
2463,3.0166645,181,0,408.8548,0.62393755,-92.94229
2464,3.0166645,181,0,412.92902,0.6212345,-92.945366
2465,3.0166645,181,0,403.8316,0.60931695,-93.017075
2466,3.0166645,181,0,280.53476,0.6128645,-92.977325
2467,3.0166645,181,0,293.07123,0.6071954,-92.85749
2468,3.0166645,181,0,270.67133,0.61068076,-93.104904
2469,3.0166645,181,0,357.32623,0.61799026,-92.99029
2470,3.0166645,181,0,429.26254,0.6254939,-93.00457
2471,3.0166645,181,0,424.93048,0.61788845,-93.1476
2472,3.0166645,181,0,166.69434,0.6167892,-93.04289
2473,3.0166645,181,0,325.1503,0.61483634,-93.10151
2474,3.0166645,181,0,252.82166,0.6039493,-93.2514
2475,3.0166645,181,0,322.2697,0.61497784,-93.03521
2476,0.7333333,44,0,1.0699732,0.61606485,-93.51422
2477,3.0166645,181,0,338.202,0.61315536,-93.355644
2478,0.78333324,47,0,2.0185876,0.6168828,-92.86248
2479,0.74999994,45,0,2.1713884,0.62345254,-92.87237
2480,3.0166645,181,0,313.48755,0.63069427,-93.18714
2481,0.7666666,46,0,1.8538066,0.6079487,-93.395195
2482,3.0166645,181,0,323.8041,0.6120284,-93.27155
2483,3.0166645,181,0,283.92722,0.6197516,-92.97778
2484,3.0166645,181,0,401.48984,0.6067645,-93.20412
2485,3.0166645,181,0,408.17123,0.6097247,-93.19395
2486,3.0166645,181,0,411.56107,0.6096505,-93.316124
2487,3.0166645,181,0,204.60945,0.6201517,-93.28653
2488,3.0166645,181,0,361.57776,0.6180132,-93.22213
2489,3.0166645,181,0,321.19543,0.6201992,-92.98643
2490,3.0166645,181,0,403.67624,0.61877745,-93.232124
2491,0.7999999,48,0,0.5564104,0.62064964,-93.028
2492,3.0166645,181,0,424.9332,0.6205424,-93.11787
2493,3.0166645,181,0,327.59293,0.62281436,-93.19235
2494,3.0166645,181,0,416.26675,0.62482,-93.149506
2495,3.0166645,181,0,391.9775,0.6210075,-93.41125
2496,0.88333315,53,0,2.5607116,0.64271843,-92.73943
2497,3.0166645,181,0,297.61047,0.6255296,-93.2276
2498,3.0166645,181,0,433.82477,0.6198161,-93.26611
2499,0.7666666,46,0,3.3337126,0.6187169,-93.24716
2500,3.0166645,181,0,364.73636,0.6283098,-93.26231
2501,3.0166645,181,0,416.09064,0.62643784,-93.346054
2502,3.0166645,181,0,237.8364,0.62189466,-93.26055
2503,3.0166645,181,0,298.73877,0.62064844,-93.381775
2504,3.0166645,181,0,431.68777,0.64705366,-93.54441
2505,3.0166645,181,0,214.8498,0.6423929,-93.431435
2506,0.84999985,51,0,5.789748,0.62582356,-93.421326
2507,3.0166645,181,0,361.38144,0.64576685,-93.35395
2508,3.0166645,181,0,318.41205,0.6542369,-93.46015
2509,3.0166645,181,0,203.29378,0.6451349,-93.64766
2510,3.0166645,181,0,404.6264,0.644437,-93.62993
2511,0.7666666,46,0,0.9757485,0.64892685,-93.884476
2512,3.0166645,181,0,476.6182,0.6473913,-93.58386
2513,3.0166645,181,0,293.97995,0.6444211,-93.57209
2514,0.7666666,46,0,0.59108406,0.6492146,-93.633415
2515,3.0166645,181,0,384.82797,0.6489649,-93.63748
2516,3.0166645,181,0,363.28345,0.65409225,-93.64619
2517,3.0166645,181,0,253.16077,0.6408387,-93.83172
2518,3.0166645,181,0,423.2701,0.63436025,-94.072876
2519,3.0166645,181,0,345.5706,0.6376882,-94.081955
2520,3.0166645,181,0,360.09787,0.65964663,-93.838875
2521,3.0166645,181,0,217.15398,0.6461096,-93.914955
2522,3.0166645,181,0,183.12349,0.6527376,-94.04781
2523,3.0166645,181,0,113.19116,0.6379946,-94.044136
2524,3.0166645,181,0,144.92468,0.648081,-93.865685
2525,3.0166645,181,0,445.57437,0.65299344,-94.04586
2526,3.0166645,181,0,474.74118,0.6510497,-93.91082
2527,0.7666666,46,0,1.7074544,0.6462542,-94.09313
2528,3.0166645,181,0,340.02197,0.64696914,-94.06527
2529,3.0166645,181,0,368.478,0.653394,-93.90873
2530,3.0166645,181,0,377.9637,0.6480513,-94.230896
2531,3.0166645,181,0,374.7599,0.63229036,-94.28752
2532,3.0166645,181,0,350.0391,0.641732,-94.01347
2533,0.5666668,34,0,1.7092303,0.6299428,-94.43986
2534,0.5666668,34,0,0.39368117,0.6348389,-94.33135
2535,3.0166645,181,0,441.99902,0.6302663,-94.25748
2536,3.0166645,181,0,363.5198,0.62947357,-94.471214
2537,3.0166645,181,0,464.5122,0.6309591,-94.42535
2538,3.0166645,181,0,282.05298,0.61587656,-94.45834
2539,3.0166645,181,0,460.34872,0.6361749,-94.64506
2540,3.0166645,181,0,420.17642,0.6192767,-94.42085
2541,3.0166645,181,0,236.7318,0.6221628,-94.331215
2542,3.0166645,181,0,2.059139,0.6205657,-94.463936
2543,3.0166645,181,0,464.46585,0.61766344,-94.745415
2544,3.0166645,181,0,118.90029,0.60417575,-94.471016
2545,3.0166645,181,0,330.47458,0.60576546,-94.338684
2546,3.0166645,181,0,0.7016552,0.62167,-94.63291
2547,3.0166645,181,0,5.696236,0.6192565,-94.40475
2548,3.0166645,181,0,466.3688,0.6282415,-94.39138
2549,3.0166645,181,0,434.8774,0.6275843,-94.435776
2550,3.0166645,181,0,346.6391,0.6151436,-94.603645
2551,3.0166645,181,0,463.48947,0.6112567,-94.436005
2552,0.48333353,29,0,0.6391404,0.6206005,-94.04974
2553,3.0166645,181,0,401.3298,0.60288036,-94.50204
2554,3.0166645,181,0,291.493,0.61786866,-94.61097
2555,0.5000002,30,0,1.2024968,0.61866945,-94.85004
2556,3.0166645,181,0,362.05566,0.60714483,-94.467354
2557,0.55000013,33,0,1.3396336,0.600887,-94.57738
2558,0.5000002,30,0,0.44762307,0.6281337,-94.54531
2559,0.55000013,33,0,0.69156533,0.5949005,-94.18179
2560,0.6333334,38,0,1.8629645,0.5961969,-94.94818
2561,3.0166645,181,0,212.05534,0.6066836,-94.597725
2562,3.0166645,181,0,377.1729,0.6090662,-94.68844
2563,3.0166645,181,0,412.1698,0.6012743,-94.694786
2564,0.6000001,36,0,7.448658,0.5761187,-94.721405
2565,3.0166645,181,0,297.5162,0.59526527,-94.696655
2566,0.61666673,37,0,2.3697653,0.609764,-94.533325
2567,0.55000013,33,0,0.82192725,0.6053881,-94.6275
2568,3.0166645,181,0,299.40356,0.5937696,-94.671364
2569,3.0166645,181,0,217.52568,0.6053186,-94.47545
2570,3.0166645,181,0,247.9913,0.6085684,-94.39517
2571,3.0166645,181,0,376.34412,0.6117227,-94.65496
2572,3.0166645,181,0,402.97415,0.6103392,-94.62249
2573,0.78333324,47,0,1.1167008,0.61454856,-94.7823
2574,3.0166645,181,0,388.89172,0.59173083,-94.76711
2575,3.0166645,181,0,428.09393,0.60065126,-94.914566
2576,3.0166645,181,0,250.28165,0.6008281,-94.6395
2577,3.0166645,181,0,377.79034,0.59228957,-94.779884
2578,3.0166645,181,0,247.60242,0.5893685,-94.59382
2579,3.0166645,181,0,436.96765,0.58416176,-94.77896
2580,0.5666668,34,0,5.1045294,0.58400875,-94.392265
2581,0.5000002,30,0,0.37878928,0.58521,-94.27909
2582,3.0166645,181,0,286.49573,0.58635783,-94.699425
2583,0.78333324,47,0,3.9282234,0.5915941,-94.57332
2584,3.0166645,181,0,385.65222,0.57944536,-94.83769
2585,3.0166645,181,0,282.3099,0.5872246,-94.660614
2586,3.0166645,181,0,372.13174,0.5845094,-94.80433
2587,3.0166645,181,0,292.16125,0.5794839,-94.6842
2588,3.0166645,181,0,395.81845,0.5622227,-94.59719
2589,3.0166645,181,0,375.73605,0.5698751,-94.37057
2590,3.0166645,181,0,383.71423,0.5621616,-94.56777
2591,3.0166645,181,0,351.65326,0.5637605,-94.86196
2592,3.0166645,181,0,242.87991,0.5737598,-94.6405
2593,3.0166645,181,0,246.99936,0.5672508,-94.69021
2594,3.0166645,181,0,419.0979,0.5676081,-94.58064
2595,3.0166645,181,0,375.61276,0.5599816,-94.46472
2596,3.0166645,181,0,307.9395,0.5593544,-94.43992
2597,3.0166645,181,0,161.43536,0.5602621,-94.52412
2598,3.0166645,181,0,429.75568,0.5558828,-94.51263
2599,3.0166645,181,0,329.81528,0.5561389,-94.39163
2600,3.0166645,181,0,395.81366,0.550796,-94.4809
2601,3.0166645,181,0,79.40076,0.5617443,-94.44252
2602,3.0166645,181,0,372.833,0.55688584,-94.41716
2603,3.0166645,181,0,218.31937,0.5552683,-94.29558
2604,3.0166645,181,0,279.62387,0.5484261,-94.2479
2605,3.0166645,181,0,117.650734,0.5530447,-94.296906
2606,3.0166645,181,0,291.28342,0.54093623,-94.1107
2607,3.0166645,181,0,318.087,0.5474953,-94.06996
2608,3.0166645,181,0,214.03255,0.5485148,-94.0414
2609,3.0166645,181,0,202.17824,0.542266,-94.130554
2610,3.0166645,181,0,273.22,0.54956234,-93.9737
2611,3.0166645,181,0,381.9142,0.54120207,-93.90774
2612,1.133333,68,0,2.5387511,0.5393733,-94.03678
2613,3.0166645,181,0,317.2661,0.54736936,-93.84613
2614,3.0166645,181,0,378.4668,0.5491926,-93.94192
2615,3.0166645,181,0,299.7958,0.55315256,-93.81848
2616,3.0166645,181,0,169.94954,0.5460384,-93.88416
2617,3.0166645,181,0,253.76414,0.5409678,-93.84829
2618,3.0166645,181,0,1.3060513,0.55169576,-93.70092
2619,3.0166645,181,0,360.61267,0.5374854,-93.981125
2620,0.7666666,46,0,1.1954863,0.5386439,-93.89988
2621,3.0166645,181,0,393.60587,0.5456813,-93.7094
2622,3.0166645,181,0,389.17145,0.5412958,-93.75886
2623,3.0166645,181,0,349.77197,0.54780585,-93.77612
2624,0.48333353,29,0,0.14202046,0.54376185,-93.801575
2625,3.0166645,181,0,399.12054,0.5391763,-93.86498
2626,3.0166645,181,0,391.0372,0.54028785,-93.90638
2627,3.0166645,181,0,298.23798,0.55903363,-93.81101
2628,1.2999995,78,0,5.3687234,0.5424511,-93.840675
2629,3.0166645,181,0,273.04837,0.54816276,-93.75016
2630,3.0166645,181,0,451.16147,0.5570908,-93.96817
2631,3.0166645,181,0,290.25018,0.5490006,-93.87952
2632,3.0166645,181,0,322.27228,0.55137724,-94.1148
2633,3.0166645,181,0,352.8163,0.55169624,-93.992775
2634,3.0166645,181,0,193.4648,0.5610541,-94.04286
2635,3.0166645,181,0,130.23886,0.57422537,-94.044846
2636,3.0166645,181,0,296.9822,0.5649238,-94.12261
2637,3.0166645,181,0,242.44235,0.56872565,-94.181435
2638,3.0166645,181,0,261.39804,0.5742482,-93.992775
2639,3.0166645,181,0,280.7698,0.56979734,-94.135155
2640,3.0166645,181,0,179.78632,0.57502383,-94.224464
2641,3.0166645,181,0,49.874245,0.58644366,-94.05817
2642,2.1999986,132,0,1.4947021,0.5919916,-94.15096
2643,3.0166645,181,0,377.34924,0.5933432,-94.04466
2644,3.0166645,181,0,132.8419,0.5909915,-94.18847
2645,3.0166645,181,0,279.59235,0.590523,-94.06029
2646,3.0166645,181,0,209.29248,0.58773124,-94.18234
2647,3.0166645,181,0,295.477,0.5991539,-94.03601
2648,3.0166645,181,0,231.71979,0.58530843,-94.21342
2649,3.0166645,181,0,227.96515,0.59145117,-94.164925
2650,3.0166645,181,0,174.51534,0.59965444,-94.03036
2651,2.616665,157,0,0.74130976,0.5926565,-94.0976
2652,3.0166645,181,0,191.778,0.591954,-93.991196
2653,3.0166645,181,0,173.19543,0.59958315,-93.86879
2654,3.0166645,181,0,353.38354,0.6068558,-93.97347
2655,3.0166645,181,0,400.73325,0.5836199,-93.93281
2656,3.0166645,181,0,197.96715,0.5757524,-93.966675
2657,0.58333343,35,0,1.9250602,0.60809255,-93.7072
2658,3.0166645,181,0,361.15714,0.5950641,-94.153366
2659,0.58333343,35,0,0.5759716,0.5858754,-93.96361
2660,3.0166645,181,0,256.15448,0.58546597,-94.20373
2661,3.0166645,181,0,316.45093,0.5935166,-93.90219
2662,0.5333335,32,0,1.5714505,0.59945524,-93.76911
2663,0.91666645,55,0,1.3663063,0.59393066,-93.98784
2664,3.0166645,181,0,325.9683,0.5849919,-94.246605
2665,3.0166645,181,0,318.72195,0.58510166,-93.88953
2666,3.0166645,181,0,387.9716,0.5826899,-93.9813
2667,3.0166645,181,0,182.24338,0.5698062,-93.81248
2668,3.0166645,181,0,365.5967,0.5658177,-93.71038
2669,3.0166645,181,0,204.33908,0.56912386,-93.980644
2670,3.0166645,181,0,342.87744,0.5694776,-93.5394
2671,3.0166645,181,0,394.97586,0.562616,-93.82977
2672,3.0166645,181,0,2.0606294,0.5612408,-93.862114
2673,3.0166645,181,0,262.0621,0.5636707,-93.73589
2674,3.0166645,181,0,338.90106,0.55998147,-93.74344
2675,3.0166645,181,0,243.36247,0.56791484,-93.39039
2676,3.0166645,181,0,451.6147,0.56227016,-93.63205
2677,3.0166645,181,0,267.88986,0.5603822,-93.867386
2678,3.0166645,181,0,160.96263,0.5502301,-93.55311
2679,0.9333331,56,0,4.704922,0.5605864,-93.61124
2680,3.0166645,181,0,155.7063,0.55184317,-93.6535
2681,3.0166645,181,0,184.77473,0.5443418,-93.404686
2682,1.4499993,87,0,2.372411,0.55200166,-93.89608
2683,3.0166645,181,0,398.23804,0.5508404,-93.52469
2684,3.0166645,181,0,390.16306,0.54958713,-93.534874
2685,3.0166645,181,0,376.87567,0.559209,-93.54523
2686,3.0166645,181,0,367.71167,0.5389382,-93.60587
2687,3.0166645,181,0,247.63419,0.5446753,-93.59958
2688,3.0166645,181,0,433.4412,0.5311592,-93.75231
2689,3.0166645,181,0,23.16078,0.5323051,-93.52643
2690,1.1833329,71,0,1.172828,0.5347375,-93.706955
2691,3.0166645,181,0,260.67642,0.5291352,-93.27397
2692,3.0166645,181,0,355.2825,0.5301208,-93.52683
2693,3.0166645,181,0,160.29933,0.52876467,-93.49161
2694,3.0166645,181,0,300.13803,0.5387563,-93.36312
2695,1.2833328,77,0,0.6500558,0.5329189,-93.54891
2696,3.0166645,181,0,117.15766,0.52767414,-93.4965
2697,3.0166645,181,0,347.16718,0.528127,-93.50202
2698,1.0666664,64,0,0.35942462,0.5126193,-93.31868
2699,3.0166645,181,0,351.8374,0.5213901,-93.62782
2700,3.0166645,181,0,359.40695,0.5142545,-93.28769
2701,3.0166645,181,0,385.98697,0.507608,-93.49591
2702,3.0166645,181,0,323.61145,0.51225704,-93.28513
2703,3.0166645,181,0,265.68887,0.5107916,-93.35266
2704,3.0166645,181,0,430.75275,0.5078022,-93.213875
2705,3.0166645,181,0,356.70322,0.50078064,-93.53974
2706,1.6166658,97,0,0.734168,0.5009233,-92.97402
2707,3.0166645,181,0,461.25064,0.5059042,-93.08436
2708,3.0166645,181,0,407.88104,0.4934974,-93.215454
2709,3.0166645,181,0,192.30814,0.48957586,-93.418274
2710,3.0166645,181,0,340.56885,0.49110273,-93.34862
2711,1.0333331,62,0,1.0985157,0.49853802,-92.93338
2712,3.0166645,181,0,420.51996,0.4922565,-93.419846
2713,3.0166645,181,0,405.93097,0.4893129,-93.47382
2714,3.0166645,181,0,263.09567,0.4813617,-93.37873
2715,0.78333324,47,0,1.8000276,0.49741483,-93.39548
2716,3.0166645,181,0,310.44992,0.4798896,-93.3725
2717,3.0166645,181,0,432.90955,0.4786812,-93.55167
2718,3.0166645,181,0,313.4356,0.469443,-93.48863
2719,0.65000004,39,0,2.6049562,0.47898814,-93.88418
2720,3.0166645,181,0,225.75618,0.47514364,-93.62148
2721,3.0166645,181,0,420.4983,0.4740091,-93.41678
2722,3.0166645,181,0,428.5254,0.46958283,-93.42657
2723,0.5333335,32,0,0.22160007,0.4646868,-93.04369
2724,3.0166645,181,0,393.52765,0.4713635,-93.47641
2725,3.0166645,181,0,271.8326,0.46949017,-93.60993
2726,3.0166645,181,0,156.41985,0.45291573,-93.82701
2727,3.0166645,181,0,190.11243,0.45250237,-93.56703
2728,3.0166645,181,0,171.86647,0.461132,-93.421616
2729,3.0166645,181,0,310.5821,0.4558545,-93.12117
2730,2.1666653,130,0,3.0502431,0.45910338,-93.298256
2731,3.0166645,181,0,399.78003,0.44841218,-93.22314
2732,0.7999999,48,0,1.5681267,0.44280568,-93.28223
2733,3.0166645,181,0,378.1553,0.43550944,-93.14446
2734,3.0166645,181,0,289.4755,0.45158684,-93.25888
2735,0.6000001,36,0,1.3146672,0.4407379,-93.5242
2736,3.0166645,181,0,360.38007,0.43960717,-93.16421
2737,3.0166645,181,0,465.08047,0.43039387,-93.5182
2738,3.0166645,181,0,322.40475,0.42474276,-93.35762
2739,3.0166645,181,0,241.82158,0.4186137,-93.35812
2740,3.0166645,181,0,333.3047,0.43128848,-93.407616
2741,3.0166645,181,0,348.27914,0.4306373,-93.493484
2742,0.55000013,33,0,0.84769523,0.42823973,-93.19437
2743,3.0166645,181,0,371.97964,0.4229383,-93.355804
2744,0.7333333,44,0,3.8940458,0.4219916,-93.49858
2745,3.0166645,181,0,322.37378,0.4236026,-93.31214
2746,3.0166645,181,0,396.18182,0.4216572,-93.0386
2747,3.0166645,181,0,394.04288,0.4151188,-93.15995
2748,3.0166645,181,0,324.85577,0.41849184,-93.39824
2749,3.0166645,181,0,369.727,0.42478508,-93.36749
2750,0.55000013,33,0,0.379938,0.4054555,-93.25392
2751,0.9999997,60,0,1.9246582,0.42045978,-93.390594
2752,0.58333343,35,0,1.9448863,0.41620505,-92.939026
2753,3.0166645,181,0,399.0285,0.41665104,-93.13743
2754,3.0166645,181,0,195.51587,0.41017044,-93.365974
2755,3.0166645,181,0,291.9762,0.41159704,-93.178314
2756,3.0166645,181,0,286.71283,0.4101407,-92.96167
2757,3.0166645,181,0,270.70145,0.40923718,-93.176796
2758,3.0166645,181,0,354.66025,0.41520086,-93.15306
2759,3.0166645,181,0,353.60052,0.4077715,-93.20907
2760,3.0166645,181,0,134.87772,0.4130428,-93.06029
2761,3.0166645,181,0,217.41576,0.4060757,-93.17183
2762,3.0166645,181,0,342.35175,0.403817,-92.921486
2763,1.0166664,61,0,6.7726593,0.403509,-92.762344
2764,0.6333334,38,0,1.4079279,0.3968972,-93.121635
2765,0.7999999,48,0,6.8491616,0.4059787,-93.07449
2766,3.0166645,181,0,324.81946,0.4046211,-93.00948
2767,3.0166645,181,0,382.95697,0.38895234,-93.0388
2768,3.0166645,181,0,243.84933,0.38915884,-93.19067
2769,0.9999997,60,0,2.6838791,0.3903144,-92.881485
2770,3.0166645,181,0,297.54834,0.39537725,-93.050934
2771,3.0166645,181,0,166.62347,0.40615922,-92.8213
2772,3.0166645,181,0,356.66238,0.4038817,-92.88581
2773,3.0166645,181,0,277.69147,0.40645957,-92.88316
2774,0.65000004,39,0,4.338269,0.40715513,-92.841484
2775,0.8666665,52,0,6.4970937,0.3998603,-92.884636
2776,3.0166645,181,0,357.67575,0.3938575,-93.0278
2777,3.0166645,181,0,353.19504,0.39658335,-93.015
2778,3.0166645,181,0,361.92932,0.40107194,-93.02098
2779,3.0166645,181,0,368.6291,0.40673494,-93.05605
2780,0.55000013,33,0,0.6762489,0.40701294,-92.49555
2781,3.0166645,181,0,347.3646,0.40832925,-92.8954
2782,3.0166645,181,0,248.59077,0.4114987,-92.79539
2783,3.0166645,181,0,359.4494,0.40704387,-92.95713
2784,3.0166645,181,0,73.83617,0.4103531,-92.73161
2785,0.5166668,31,0,1.6381217,0.4137138,-92.68405
2786,3.0166645,181,0,375.62473,0.41115153,-92.82984
2787,3.0166645,181,0,362.9258,0.40593627,-92.90647
2788,3.0166645,181,0,228.22403,0.41179734,-92.845856
2789,3.0166645,181,0,326.1204,0.42168593,-92.62582
2790,0.7333333,44,0,0.8284618,0.4172664,-93.0059
2791,3.0166645,181,0,376.11584,0.41983944,-92.730576
2792,3.0166645,181,0,184.0737,0.41794252,-92.8926
2793,2.8833313,173,0,2.7552114,0.4251733,-92.606865
2794,1.2333329,74,0,1.1446303,0.429203,-92.38895
2795,3.0166645,181,0,356.23956,0.42596328,-92.51187
2796,3.0166645,181,0,274.0827,0.43225828,-92.61921
2797,2.3166652,139,0,1.5814519,0.4341171,-92.61769
2798,0.7333333,44,0,5.5723476,0.42033628,-92.7796
2799,0.94999975,57,0,0.68138283,0.42991874,-92.382126
2800,3.0166645,181,0,359.86765,0.43823788,-92.37572
2801,3.0166645,181,0,355.62717,0.43863687,-92.83071
2802,3.0166645,181,0,271.16748,0.442982,-92.743614
2803,3.0166645,181,0,380.38663,0.43183374,-92.75744
2804,1.9166656,115,0,1.9445934,0.4447279,-92.76549
2805,3.0166645,181,0,395.7786,0.43342122,-92.723854
2806,3.0166645,181,0,280.23972,0.4416707,-92.64088
2807,3.0166645,181,0,380.6033,0.45437187,-92.574295
2808,3.0166645,181,0,339.14044,0.44227418,-92.85524
2809,3.0166645,181,0,366.94052,0.43414795,-92.90389
2810,3.0166645,181,0,300.70563,0.44680437,-92.91046
2811,3.0166645,181,0,312.69168,0.44431138,-92.90158
2812,3.0166645,181,0,318.2569,0.44558823,-92.95259
2813,3.0166645,181,0,8.187382,0.46063933,-92.92674
2814,3.0166645,181,0,230.148,0.4547495,-92.78201
2815,3.0166645,181,0,365.13654,0.45697477,-93.04398
2816,3.0166645,181,0,294.86874,0.4667924,-92.57472
2817,3.0166645,181,0,73.06117,0.46874255,-93.068504
2818,2.3666651,142,0,5.2264576,0.45893958,-93.110794
2819,3.0166645,181,0,358.00967,0.46231833,-93.2603
2820,2.183332,131,0,4.2986894,0.4768821,-93.34601
2821,3.0166645,181,0,317.16006,0.48472777,-92.88289
2822,3.0166645,181,0,226.58186,0.47923866,-93.0988
2823,3.0166645,181,0,288.08368,0.4762896,-93.059715
2824,3.0166645,181,0,384.6121,0.48846763,-93.32652
2825,3.0166645,181,0,309.3854,0.4796314,-93.5066
2826,3.0166645,181,0,165.2093,0.47962543,-93.50018
2827,2.4333317,146,0,2.1292858,0.49186605,-93.35847
2828,3.0166645,181,0,192.93567,0.49359822,-93.34378
2829,3.0166645,181,0,324.73965,0.50262904,-93.45008
2830,3.0166645,181,0,198.0053,0.49236146,-93.60372
2831,3.0166645,181,0,202.80008,0.49193653,-93.635
2832,3.0166645,181,0,270.86957,0.50506234,-93.60085
2833,3.0166645,181,0,184.23477,0.49352115,-93.80826
2834,3.0166645,181,0,96.78475,0.49064648,-93.90739
2835,3.0166645,181,0,295.0898,0.50519055,-93.71898
2836,3.0166645,181,0,2.5794556,0.4981149,-93.76472
2837,3.0166645,181,0,218.48492,0.5127695,-93.49112
2838,3.0166645,181,0,118.93833,0.51769775,-93.61103
2839,1.0333331,62,0,1.8651143,0.5060222,-93.542
2840,2.1999986,132,0,1.7450297,0.51428723,-93.31139
2841,3.0166645,181,0,6.347254,0.53512514,-93.10024
2842,0.5000002,30,0,0.5964737,0.53287756,-93.36363
2843,3.0166645,181,0,378.05698,0.5260106,-93.45754
2844,3.0166645,181,0,312.9825,0.53226227,-93.31133
2845,3.0166645,181,0,105.88644,0.54058594,-93.47157
2846,3.0166645,181,0,136.09612,0.55146813,-93.50733
2847,3.0166645,181,0,357.02032,0.5466965,-93.438446
2848,3.0166645,181,0,238.75996,0.5437907,-93.48047
2849,3.0166645,181,0,321.7018,0.5615725,-93.34449
2850,3.0166645,181,0,487.21262,0.56326526,-93.62837
2851,3.0166645,181,0,250.72758,0.55176157,-93.79024
2852,3.0166645,181,0,147.55832,0.5557967,-93.69759
2853,3.0166645,181,0,210.12718,0.55645657,-93.68068
2854,3.0166645,181,0,273.9943,0.55283916,-93.690544
2855,3.0166645,181,0,269.72113,0.5561979,-93.59824
2856,3.0166645,181,0,29.977604,0.56156105,-93.77473
2857,3.0166645,181,0,385.7883,0.54953206,-93.86995
2858,3.0166645,181,0,340.14774,0.5629947,-93.87789
2859,3.0166645,181,0,415.71652,0.55615383,-93.843956
2860,3.0166645,181,0,123.110146,0.5556053,-93.81473
2861,3.0166645,181,0,266.7302,0.5623336,-93.94483
2862,3.0166645,181,0,130.75177,0.5485395,-93.6653
2863,3.0166645,181,0,231.60638,0.5527035,-93.87272
2864,0.45000017,27,0,0.48292822,0.54857016,-93.76273
2865,3.0166645,181,0,180.03117,0.5606316,-93.9462
2866,3.0166645,181,0,191.07547,0.53414613,-93.94758
2867,3.0166645,181,0,137.98222,0.53788215,-94.09983
2868,3.0166645,181,0,421.63147,0.5339831,-93.92438
2869,3.0166645,181,0,0.99878204,0.5279536,-94.20419
2870,3.0166645,181,0,306.7076,0.54237354,-94.05502
2871,3.0166645,181,0,159.86086,0.5327709,-93.8198
2872,1.749999,105,0,1.9543306,0.54023093,-94.05518
2873,3.0166645,181,0,268.95728,0.5390048,-94.00456
2874,3.0166645,181,0,292.5812,0.52962595,-94.21649
2875,3.0166645,181,0,4.030445,0.5339655,-93.967
2876,0.5000002,30,0,1.4804128,0.5407847,-94.23738
2877,3.0166645,181,0,210.70372,0.53722674,-93.849236
2878,3.0166645,181,0,299.59744,0.53434867,-93.94037
2879,3.0166645,181,0,361.76428,0.5235746,-94.15014
2880,3.0166645,181,0,148.83824,0.5318278,-94.18573
2881,3.0166645,181,0,153.49872,0.54030764,-93.814705
2882,3.0166645,181,0,60.22875,0.5418237,-93.82937
2883,3.0166645,181,0,292.5906,0.54436815,-93.76529
2884,3.0166645,181,0,131.14536,0.5402918,-93.783226
2885,3.0166645,181,0,348.92462,0.5332125,-94.21216
2886,3.0166645,181,0,326.7993,0.54518485,-93.900665
2887,3.0166645,181,0,123.924255,0.5369615,-93.71
2888,3.0166645,181,0,306.69476,0.5456898,-93.733
2889,3.0166645,181,0,297.3547,0.549972,-93.55291
2890,3.0166645,181,0,360.3421,0.53874856,-93.70103
2891,3.0166645,181,0,355.6131,0.53127503,-93.68263
2892,3.0166645,181,0,231.9277,0.527138,-93.89607
2893,3.0166645,181,0,344.4876,0.5496028,-93.67003
2894,3.0166645,181,0,277.44315,0.5352244,-93.77273
2895,3.0166645,181,0,341.2719,0.5230809,-93.65117
2896,1.5999992,96,0,1.409538,0.52447695,-93.57069
2897,3.0166645,181,0,77.6885,0.53654164,-93.525314
2898,3.0166645,181,0,359.00235,0.5252094,-93.61171
2899,3.0166645,181,0,383.29343,0.5363338,-93.51951
2900,3.0166645,181,0,283.16833,0.5305371,-93.6285
2901,3.0166645,181,0,174.28438,0.53043956,-93.73163
2902,3.0166645,181,0,422.6751,0.5329155,-93.40684
2903,3.0166645,181,0,408.6664,0.5216092,-93.40458
2904,3.0166645,181,0,320.92465,0.5245968,-93.67619
2905,3.0166645,181,0,377.7135,0.51148266,-93.6748
2906,3.0166645,181,0,388.154,0.50784457,-93.60045
2907,3.0166645,181,0,363.19696,0.5163905,-93.76807
2908,3.0166645,181,0,391.33737,0.5058649,-93.82087
2909,1.9666655,118,0,1.3888369,0.5156238,-93.54649
2910,3.0166645,181,0,13.004027,0.51811284,-93.531624
2911,2.083332,125,0,3.2341835,0.511244,-93.25565
2912,3.0166645,181,0,154.48042,0.5007476,-93.43943
2913,1.0999997,66,0,0.48024273,0.5130418,-93.18933
2914,2.4499984,147,0,0.33965883,0.50919235,-93.33638
2915,3.0166645,181,0,3.5296519,0.5188167,-93.209946
2916,3.0166645,181,0,199.50351,0.5179417,-93.20961
2917,3.0166645,181,0,331.47446,0.5171669,-93.26714
2918,3.0166645,181,0,204.95494,0.50764894,-93.16612
2919,3.0166645,181,0,365.78152,0.5059803,-93.15205
2920,3.0166645,181,0,385.9515,0.51449937,-93.19749
2921,3.0166645,181,0,365.0575,0.5136108,-93.02727
2922,3.0166645,181,0,371.06024,0.5165176,-93.106224
2923,1.1666663,70,0,0.9767612,0.5066117,-93.43243
2924,3.0166645,181,0,315.3878,0.51063216,-93.06006
2925,3.0166645,181,0,330.57596,0.51512617,-93.031456
2926,3.0166645,181,0,397.94748,0.5055646,-93.157814
2927,0.48333353,29,0,1.2224962,0.49681816,-93.40465
2928,3.0166645,181,0,2.09161,0.50724775,-92.9232
2929,1.0666664,64,0,1.0245203,0.509904,-92.813545
2930,3.0166645,181,0,421.11374,0.4949333,-92.88149
2931,3.0166645,181,0,289.48877,0.4985343,-93.000786
2932,3.0166645,181,0,295.83047,0.50088227,-92.75223
2933,3.0166645,181,0,210.22151,0.49836782,-92.84076
2934,3.0166645,181,0,238.0169,0.49537626,-92.497734
2935,3.0166645,181,0,358.5575,0.4889378,-92.82863
2936,3.0166645,181,0,415.3935,0.48116392,-92.58555
2937,3.0166645,181,0,183.02274,0.49405393,-92.46367
2938,3.0166645,181,0,272.62106,0.4934752,-92.43796
2939,3.0166645,181,0,359.9831,0.49163768,-92.3646
2940,0.5166668,31,0,4.2656226,0.4884479,-92.29228
2941,3.0166645,181,0,171.27507,0.48219606,-92.42589
2942,3.0166645,181,0,298.94434,0.4840393,-92.31182
2943,3.0166645,181,0,393.94943,0.47100392,-92.39153
2944,3.0166645,181,0,386.93295,0.48302612,-92.25634
2945,3.0166645,181,0,154.16904,0.47642237,-92.15312
2946,3.0166645,181,0,445.01205,0.47647333,-92.2291
2947,3.0166645,181,0,242.52377,0.4728323,-92.17481
2948,3.0166645,181,0,382.6748,0.47935307,-92.172554
2949,3.0166645,181,0,293.19934,0.47372246,-92.00373
2950,3.0166645,181,0,367.49353,0.4769272,-91.902824
2951,3.0166645,181,0,328.48196,0.47220188,-91.84617
2952,3.0166645,181,0,187.00356,0.46995384,-92.15377
2953,3.0166645,181,0,99.41705,0.47101843,-91.970314
2954,3.0166645,181,0,379.0707,0.4746519,-92.07889
2955,3.0166645,181,0,355.38904,0.4663282,-91.92558
2956,3.0166645,181,0,461.86227,0.46158275,-92.12744
2957,3.0166645,181,0,194.07661,0.46451738,-91.64577
2958,3.0166645,181,0,335.42383,0.47165653,-91.86926
2959,0.5000002,30,0,2.4681818,0.44179973,-91.96584
2960,3.0166645,181,0,381.83847,0.46252897,-91.62891
2961,1.5333326,92,0,0.3951408,0.46863756,-91.326324
2962,3.0166645,181,0,331.99026,0.4742275,-91.84167
2963,3.0166645,181,0,300.25305,0.45800254,-91.51184
2964,3.0166645,181,0,349.5178,0.46967742,-91.4459
2965,3.0166645,181,0,208.54442,0.465465,-91.494484
2966,3.0166645,181,0,398.8915,0.47105905,-91.36885
2967,3.0166645,181,0,242.5529,0.4670303,-91.29284
2968,3.0166645,181,0,281.7424,0.46312374,-91.373024
2969,3.0166645,181,0,275.5812,0.45673302,-91.32603
2970,3.0166645,181,0,424.2346,0.46245345,-91.37008
2971,3.0166645,181,0,300.20197,0.46979126,-91.33428
2972,3.0166645,181,0,145.42017,0.455606,-91.23713
2973,3.0166645,181,0,388.9339,0.46909395,-91.34405
2974,3.0166645,181,0,365.00623,0.46185136,-91.2471
2975,3.0166645,181,0,311.72403,0.46168184,-91.33708
2976,3.0166645,181,0,346.17523,0.45699134,-91.6505
2977,3.0166645,181,0,274.0763,0.46969685,-91.172585
2978,3.0166645,181,0,391.81714,0.47210765,-91.15844
2979,3.0166645,181,0,451.9941,0.47204205,-91.2052
2980,0.48333353,29,0,0.21073341,0.47109762,-91.04957
2981,3.0166645,181,0,323.09445,0.46987635,-91.19605
2982,3.0166645,181,0,290.2674,0.47354063,-91.21096
2983,3.0166645,181,0,26.587896,0.47880098,-91.15884
2984,3.0166645,181,0,334.7123,0.47173476,-91.08703
2985,3.0166645,181,0,319.79544,0.47277802,-91.21158
2986,3.0166645,181,0,240.88765,0.47296295,-91.06101
2987,3.0166645,181,0,361.51993,0.48139668,-91.12457
2988,3.0166645,181,0,304.49332,0.4793604,-91.16253
2989,3.0166645,181,0,300.015,0.4778299,-90.85046
2990,3.0166645,181,0,63.277035,0.47948852,-91.064476
2991,3.0166645,181,0,277.3461,0.4832194,-91.30613
2992,3.0166645,181,0,108.24375,0.48784423,-91.29634
2993,3.0166645,181,0,404.44598,0.4823124,-91.045654
2994,3.0166645,181,0,130.33743,0.49624684,-91.02892
2995,3.0166645,181,0,213.5569,0.485629,-91.06814
2996,3.0166645,181,0,378.09937,0.479503,-91.1369
2997,3.0166645,181,0,178.3268,0.49995345,-91.09667
2998,3.0166645,181,0,146.21866,0.5004692,-91.09637
2999,3.0166645,181,0,427.1051,0.49063993,-91.14425
3000,3.0166645,181,0,297.96756,0.4934378,-90.93803
3001,3.0166645,181,0,236.46445,0.4784541,-91.191216
3002,3.0166645,181,0,287.51077,0.4882035,-90.987
3003,3.0166645,181,0,255.39941,0.49384874,-91.13962
3004,3.0166645,181,0,378.4809,0.49521875,-91.26319
