index,episode_time,steps,noise,episode_reward,avg_critic_loss,avg_actor_loss
0,2.4499984,147,0,23.093832,0,0
1,1.9999988,120,0,0.40683442,0.19750628,-0.09795635
2,1.0166664,61,0,0.8015822,0.046062607,-0.17035529
3,0.61666673,37,0,0.41837844,0.0024762119,-0.19878505
4,0.6333334,38,0,0.9947624,0.001642133,-0.24386562
5,1.466666,88,0,5.7847886,0.0267947,-0.35978147
6,0.45000017,27,0,1.0281034,0.017304147,-0.47069073
7,0.84999985,51,0,1.5518869,0.021357482,-0.7339426
8,0.81666654,49,0,0.42302537,0.0036324237,-1.0417744
9,1.4833326,89,0,1.024192,0.007688075,-1.1739365
10,0.98333305,59,0,0.49624547,0.002319477,-1.2897798
11,0.8999998,54,0,2.1045039,0.0027517837,-1.2969334
12,0.61666673,37,0,4.6878386,0.02578262,-1.3659493
13,0.8666665,52,0,1.9693607,0.006397437,-1.613723
14,1.749999,105,0,2.7233984,0.005473796,-1.726652
15,1.8333323,110,0,49.399166,0.027083777,-2.3232095
16,0.7333333,44,0,3.126501,0.02519019,-2.8914356
17,0.81666654,49,0,5.0278506,0.023331307,-3.19974
18,1.133333,68,0,6.403393,0.016479507,-3.6480339
19,0.6333334,38,0,2.0916665,0.017695773,-4.032175
20,1.0666664,64,0,4.961631,0.024194736,-4.385876
21,1.5666659,94,0,59.72418,0.01826244,-4.8264065
22,0.68333334,41,0,4.235176,0.026181115,-5.146519
23,0.68333334,41,0,6.5757656,0.025648965,-5.3603425
24,0.7666666,46,0,22.351484,0.023628153,-5.6240506
25,1.1999996,72,0,0.48889196,0.030566307,-5.9566307
26,1.0999997,66,0,23.401445,0.02014652,-6.3045263
27,1.416666,85,0,3.6099374,0.020578062,-6.6764054
28,1.7166657,103,0,17.848444,0.029352834,-7.1927147
29,0.81666654,49,0,6.4036484,0.03385575,-7.5600286
30,3.0166645,181,0,17.170658,0.028919159,-8.408427
31,1.5333326,92,0,2.0727873,0.032651696,-9.395006
32,1.0499997,63,0,1.6441115,0.03610009,-9.927352
33,1.6166658,97,0,8.35931,0.042362694,-10.384314
34,2.083332,125,0,18.623362,0.03398237,-11.005084
35,0.61666673,37,0,2.580368,0.034290332,-11.515854
36,1.2499995,75,0,2.4365947,0.044028893,-11.7232895
37,1.3666661,82,0,7.924964,0.04199438,-12.033334
38,0.8333332,50,0,3.797978,0.03878511,-12.278721
39,2.8166647,169,0,5.8477774,0.03711855,-12.675561
40,0.98333305,59,0,3.4977148,0.03910353,-13.03375
41,0.88333315,53,0,4.9256816,0.038277518,-13.1105
42,0.8999998,54,0,11.359104,0.03775126,-13.458515
43,3.0166645,181,0,61.268913,0.04749994,-14.013706
44,1.1666663,70,0,27.184855,0.039930105,-14.476051
45,0.81666654,49,0,2.0559132,0.034844108,-14.616901
46,1.6833324,101,0,22.09741,0.0321531,-14.848308
47,1.2333329,74,0,10.84129,0.041919127,-15.237001
48,1.7333324,104,0,32.109486,0.039444577,-15.531362
49,0.7333333,44,0,1.8877206,0.036667295,-15.682631
50,1.6666658,100,0,8.196164,0.03344041,-15.821415
51,1.1999996,72,0,14.1805935,0.059798907,-16.089735
52,1.9666655,118,0,43.89302,0.037783418,-16.445051
53,2.949998,177,0,14.278002,0.03624118,-16.81683
54,1.8833323,113,0,40.66677,0.047948454,-17.16435
55,1.3499994,81,0,24.73844,0.042885948,-17.463554
56,1.5333326,92,0,62.223637,0.050704375,-17.84211
57,2.7333314,164,0,2.5768316,0.044185616,-18.162004
58,2.799998,168,0,65.58019,0.05520452,-18.683983
59,3.0166645,181,0,12.702719,0.062427524,-19.21351
60,1.0666664,64,0,6.1804404,0.050048355,-19.56348
61,1.1499996,69,0,9.34564,0.06896792,-19.634914
62,1.6166658,97,0,12.854906,0.055763293,-19.853333
63,2.2833319,137,0,67.328964,0.05646958,-20.227816
64,0.9666664,58,0,2.2083166,0.061825503,-20.276093
65,0.7333333,44,0,1.0656552,0.063941166,-20.33322
66,1.9333322,116,0,42.035572,0.064994946,-20.573473
67,2.133332,128,0,17.83157,0.06443279,-20.82767
68,1.6833324,101,0,6.3999805,0.07156919,-20.900137
69,1.6499991,99,0,20.020803,0.08625298,-21.03665
70,3.0166645,181,0,258.33826,0.06341249,-21.507853
71,3.0166645,181,0,148.57164,0.054214887,-22.294245
72,1.2833328,77,0,25.293951,0.06356519,-22.633108
73,2.9666646,178,0,88.56414,0.07274683,-22.895103
74,1.8999989,114,0,9.073981,0.089117095,-23.114529
75,1.4833326,89,0,37.213367,0.08231343,-23.30927
76,0.7,42,0,1.1033723,0.080710426,-23.406948
77,2.133332,128,0,94.17555,0.07647467,-23.78096
78,0.9666664,58,0,1.4327427,0.076382644,-23.977375
79,2.616665,157,0,18.285494,0.086840324,-24.075537
80,0.9333331,56,0,3.1910477,0.08338661,-24.120707
81,2.6999981,162,0,84.47737,0.08100886,-24.396132
82,2.0999987,126,0,41.460777,0.07644549,-24.451548
83,1.4333327,86,0,35.224503,0.08006546,-24.37955
84,3.0166645,181,0,56.20223,0.079431035,-24.64643
85,1.9166656,115,0,33.798985,0.09529561,-24.752443
86,3.0166645,181,0,14.658905,0.08208646,-24.853186
87,0.7,42,0,0.40695015,0.07871054,-24.749884
88,2.3666651,142,0,18.0264,0.09379981,-24.85211
89,1.7833323,107,0,17.898638,0.090055615,-24.954493
90,0.7333333,44,0,1.3509005,0.08773904,-25.081112
91,1.9666655,118,0,47.817585,0.08768983,-25.140923
92,0.7999999,48,0,3.7476187,0.09437453,-25.104298
93,3.0166645,181,0,148.64473,0.09045071,-25.276455
94,2.3833318,143,0,31.873507,0.087686695,-25.40964
95,3.0166645,181,0,25.412426,0.1024812,-25.50062
96,3.0166645,181,0,26.444954,0.110767834,-25.595646
97,3.0166645,181,0,47.095196,0.1018675,-25.539314
98,3.0166645,181,0,28.483242,0.09011184,-25.773983
99,1.0999997,66,0,2.0349982,0.090222016,-25.788713
100,1.9333322,116,0,25.717115,0.09936566,-25.805153
101,3.0166645,181,0,80.789185,0.093553714,-25.91322
102,3.0166645,181,0,157.36552,0.11143841,-26.218058
103,2.8666646,172,0,101.35474,0.119720265,-26.53338
104,2.849998,171,0,62.421707,0.14393222,-26.72597
105,1.6166658,97,0,21.95448,0.09936633,-26.806194
106,3.0166645,181,0,99.464745,0.1151723,-26.968967
107,2.516665,151,0,22.94548,0.10433372,-27.043905
108,1.1999996,72,0,3.4254987,0.11588917,-26.930435
109,1.1666663,70,0,5.186707,0.12545055,-26.911442
110,1.0499997,63,0,3.639437,0.12603167,-27.12784
111,1.2166662,73,0,12.785352,0.12725286,-26.920073
112,3.0166645,181,0,143.69781,0.12085801,-27.084944
113,0.9333331,56,0,2.9235325,0.12768143,-27.23136
114,1.4999993,90,0,1.6164545,0.13253458,-27.228264
115,3.0166645,181,0,75.6966,0.13464217,-27.375103
116,3.0166645,181,0,42.878716,0.13642764,-27.633226
117,3.0166645,181,0,137.6951,0.13480608,-27.847324
118,2.416665,145,0,1.8281317,0.14905943,-27.927383
119,3.0166645,181,0,46.097073,0.1779138,-28.088251
120,2.6999981,162,0,109.72134,0.17789784,-28.370966
121,3.0166645,181,0,181.40724,0.1608953,-28.575193
122,3.0166645,181,0,58.248333,0.17554232,-28.787146
123,3.0166645,181,0,11.739747,0.17888102,-28.966377
124,2.6999981,162,0,79.96342,0.2018474,-29.25589
125,1.749999,105,0,0.42674816,0.19667643,-28.972488
126,0.94999975,57,0,8.047299,0.20395605,-29.162115
127,1.1999996,72,0,3.388975,0.18129621,-29.175066
128,1.3999994,84,0,3.7101574,0.1734155,-29.204956
129,1.4499993,87,0,4.527958,0.2133927,-29.15856
130,2.2166653,133,0,43.580036,0.1918545,-29.20034
131,3.0166645,181,0,89.81852,0.21284539,-29.598698
132,3.0166645,181,0,150.26443,0.21918151,-30.05602
133,0.84999985,51,0,1.0145552,0.21233876,-30.193203
134,3.0166645,181,0,119.22037,0.22726217,-30.341488
135,3.0166645,181,0,27.745714,0.2223706,-30.39906
136,3.0166645,181,0,183.65048,0.23488137,-30.826523
137,3.0166645,181,0,111.8602,0.24934961,-31.05586
138,0.65000004,39,0,1.0232517,0.22827823,-31.140291
139,3.0166645,181,0,234.93184,0.2646443,-31.29397
140,3.0166645,181,0,161.10083,0.24449673,-31.826868
141,3.0166645,181,0,366.4091,0.23868051,-32.315155
142,3.0166645,181,0,340.93655,0.26500142,-32.93603
143,3.0166645,181,0,136.71552,0.26008576,-33.24131
144,3.0166645,181,0,224.30885,0.2713678,-33.574806
145,3.0166645,181,0,33.39794,0.2816289,-33.77872
146,3.0166645,181,0,165.41016,0.30738142,-33.988758
147,2.616665,157,0,1.5008819,0.31884164,-34.57761
148,0.71666664,43,0,2.2545455,0.3590738,-34.393597
149,3.0166645,181,0,208.19557,0.3040253,-34.660374
150,1.5333326,92,0,2.825562,0.34405285,-34.554806
151,3.0166645,181,0,139.35136,0.31447127,-34.79398
152,3.0166645,181,0,248.27559,0.31930614,-35.18467
153,3.0166645,181,0,247.11736,0.34207243,-35.75158
154,3.0166645,181,0,242.71233,0.3558856,-36.066933
155,3.0166645,181,0,216.42847,0.36173132,-36.735626
156,3.0166645,181,0,113.20258,0.35341543,-37.03428
157,3.0166645,181,0,141.01176,0.36384395,-37.346912
158,3.0166645,181,0,26.004904,0.3659058,-37.61785
159,3.0166645,181,0,145.63144,0.35487205,-37.724354
160,3.0166645,181,0,98.33289,0.34594208,-37.853436
161,3.0166645,181,0,252.59866,0.35975143,-38.148678
162,3.0166645,181,0,147.17918,0.35837126,-38.514385
163,3.0166645,181,0,250.1496,0.3648616,-38.85649
164,3.0166645,181,0,165.0403,0.37513524,-39.192204
165,3.0166645,181,0,46.833958,0.38065723,-39.398396
166,3.0166645,181,0,52.88749,0.39904675,-39.8815
167,3.0166645,181,0,51.520798,0.407161,-39.826168
168,2.2666652,136,0,1.452775,0.39375937,-40.019558
169,3.0166645,181,0,5.9169116,0.38075197,-40.086945
170,3.0166645,181,0,361.0732,0.38485482,-40.20127
171,3.0166645,181,0,259.8297,0.4103576,-40.84276
172,3.0166645,181,0,408.6804,0.41716886,-41.30341
173,3.0166645,181,0,243.60637,0.42926034,-41.744366
174,3.0166645,181,0,129.60562,0.4368396,-42.30336
175,3.0166645,181,0,178.15092,0.48251355,-42.468132
176,3.0166645,181,0,366.91995,0.42123955,-43.22087
177,3.0166645,181,0,109.80153,0.485789,-43.606632
178,3.0166645,181,0,198.72878,0.49671963,-44.009617
179,3.0166645,181,0,199.2301,0.4932574,-44.497005
180,3.0166645,181,0,160.90172,0.511717,-44.747955
181,3.0166645,181,0,151.85614,0.49120113,-45.142326
182,3.0166645,181,0,137.38632,0.52105737,-45.326305
183,3.0166645,181,0,212.00264,0.5426904,-45.8778
184,3.0166645,181,0,242.31937,0.49100438,-46.195126
185,3.0166645,181,0,285.6473,0.52928156,-46.522476
186,3.0166645,181,0,223.21355,0.5312119,-46.65313
187,3.0166645,181,0,187.79816,0.5337208,-47.23886
188,3.0166645,181,0,270.70007,0.5172363,-47.288174
189,3.0166645,181,0,111.45292,0.5283548,-47.57343
190,3.0166645,181,0,199.91682,0.5795684,-47.838146
191,3.0166645,181,0,100.214966,0.525571,-48.004475
192,3.0166645,181,0,165.21779,0.53248924,-48.1359
193,3.0166645,181,0,151.7623,0.52476984,-48.65714
194,3.0166645,181,0,106.11925,0.5505158,-48.76637
195,3.0166645,181,0,161.7694,0.5443071,-49.205887
196,3.0166645,181,0,147.17719,0.5084705,-49.114143
197,3.0166645,181,0,134.32358,0.53957826,-49.442753
198,3.0166645,181,0,357.8395,0.5139116,-49.54637
199,3.0166645,181,0,50.022892,0.51436883,-49.716724
200,2.3666651,142,0,4.7806234,0.54402745,-50.13038
201,3.0166645,181,0,195.28563,0.5279114,-50.061573
202,3.0166645,181,0,196.05367,0.53340966,-50.510105
203,3.0166645,181,0,161.77551,0.5491335,-50.72546
204,1.749999,105,0,3.557981,0.5249023,-50.645763
205,3.0166645,181,0,235.27188,0.54850405,-50.580128
206,1.8999989,114,0,64.56149,0.5307207,-50.95473
207,3.0166645,181,0,393.2864,0.5403671,-50.99963
208,3.0166645,181,0,13.414533,0.524472,-51.06907
209,3.0166645,181,0,126.77285,0.5348954,-51.215195
210,3.0166645,181,0,360.68878,0.52529347,-51.604008
211,3.0166645,181,0,136.86867,0.55053264,-51.998665
212,3.0166645,181,0,104.44792,0.52179813,-51.734665
213,3.0166645,181,0,205.97925,0.55774367,-51.988586
214,3.0166645,181,0,213.73013,0.60016155,-52.001904
215,3.0166645,181,0,76.967674,0.53819567,-52.077106
216,3.0166645,181,0,111.18391,0.56781346,-52.10728
217,3.0166645,181,0,133.72928,0.57343394,-52.024605
218,3.0166645,181,0,78.29842,0.5554542,-52.178127
219,3.0166645,181,0,252.08562,0.598714,-52.17115
220,3.0166645,181,0,63.663578,0.58191335,-52.11203
221,3.0166645,181,0,248.49083,0.6410378,-52.426945
222,3.0166645,181,0,227.73047,0.6094063,-52.54879
223,3.0166645,181,0,126.92968,0.6294182,-52.63614
224,3.0166645,181,0,308.3073,0.6179282,-53.081913
225,3.0166645,181,0,28.864765,0.62529314,-52.92028
226,3.0166645,181,0,210.12587,0.68592334,-53.089336
227,3.0166645,181,0,134.16713,0.681229,-53.225395
228,3.0166645,181,0,18.96741,0.67815644,-53.225456
229,3.0166645,181,0,218.73593,0.66539305,-53.310093
230,3.0166645,181,0,358.79297,0.68172073,-53.47006
231,3.0166645,181,0,19.132954,0.7183234,-53.537796
232,3.0166645,181,0,240.00089,0.7077744,-53.642796
233,3.0166645,181,0,77.743256,0.71061623,-53.660423
234,3.0166645,181,0,201.86835,0.6974532,-53.82317
235,3.0166645,181,0,274.68884,0.7003406,-54.01168
236,3.0166645,181,0,253.8242,0.7008197,-54.060993
237,3.0166645,181,0,250.99738,0.72492725,-54.35911
238,3.0166645,181,0,200.72116,0.7341086,-54.576893
239,3.0166645,181,0,206.51501,0.7231989,-54.809315
240,3.0166645,181,0,152.72865,0.71340513,-54.861427
241,3.0166645,181,0,308.4983,0.7218858,-55.055603
242,3.0166645,181,0,235.26505,0.7427618,-55.2259
243,3.0166645,181,0,301.75705,0.7193935,-55.336796
244,3.0166645,181,0,231.97589,0.744293,-55.611683
245,0.5666668,34,0,5.94858,0.80029064,-55.51564
246,3.0166645,181,0,222.23012,0.73764455,-55.917133
247,3.0166645,181,0,236.30951,0.7361868,-56.16931
248,3.0166645,181,0,27.963089,0.74473387,-56.11656
249,3.0166645,181,0,256.1276,0.7838255,-56.245155
250,3.0166645,181,0,231.66519,0.76670694,-56.608547
251,3.0166645,181,0,179.48996,0.7761008,-56.61262
252,3.0166645,181,0,211.55101,0.77062196,-56.649414
253,3.0166645,181,0,24.955166,0.7211359,-56.803143
254,3.0166645,181,0,233.2006,0.74616903,-56.975002
255,3.0166645,181,0,227.53471,0.7937056,-57.40303
256,3.0166645,181,0,206.71835,0.7789197,-57.36029
257,3.0166645,181,0,253.27336,0.76624006,-57.54394
258,3.0166645,181,0,303.4528,0.7552884,-57.669064
259,3.0166645,181,0,282.9928,0.74514157,-57.86667
260,0.5666668,34,0,0.7681025,0.78693837,-57.745647
261,3.0166645,181,0,243.5607,0.80057675,-57.799484
262,3.0166645,181,0,163.24254,0.7702938,-58.265347
263,3.0166645,181,0,325.92047,0.7814991,-58.28124
264,3.0166645,181,0,132.88492,0.7752463,-58.47928
265,3.0166645,181,0,267.90872,0.7622255,-58.621883
266,3.0166645,181,0,203.35922,0.7745736,-58.730236
267,3.0166645,181,0,201.69734,0.78741133,-58.973694
268,3.0166645,181,0,196.02975,0.7644711,-58.934193
269,3.0166645,181,0,354.057,0.7710912,-59.26158
270,3.0166645,181,0,256.9936,0.81330967,-59.4973
271,3.0166645,181,0,150.6586,0.80883014,-59.330498
272,3.0166645,181,0,286.62848,0.8108681,-59.41344
273,3.0166645,181,0,217.03195,0.81289375,-59.507572
274,3.0166645,181,0,269.6435,0.80217284,-59.811703
275,3.0166645,181,0,240.30334,0.825709,-59.886288
276,3.0166645,181,0,248.29202,0.79770535,-59.948383
277,3.0166645,181,0,27.024931,0.83634514,-59.979065
278,3.0166645,181,0,320.93567,0.79098445,-60.236633
279,3.0166645,181,0,237.30223,0.797177,-60.28872
280,3.0166645,181,0,157.23564,0.7927558,-60.196495
281,3.0166645,181,0,224.60782,0.8153958,-60.21346
282,3.0166645,181,0,180.21724,0.8558938,-60.436756
283,3.0166645,181,0,308.9318,0.87993807,-60.42709
284,1.799999,108,0,1.0895175,0.8700686,-60.52572
285,3.0166645,181,0,300.47617,0.86146504,-60.28547
286,3.0166645,181,0,271.68237,0.84515613,-60.646317
287,3.0166645,181,0,304.78125,0.8512303,-60.587837
288,3.0166645,181,0,266.13007,0.80425596,-60.671017
289,3.0166645,181,0,150.92479,0.8383694,-60.56734
290,3.0166645,181,0,39.163307,0.83056444,-60.489464
291,3.0166645,181,0,231.8929,0.7870664,-60.555813
292,3.0166645,181,0,232.4538,0.8693631,-60.497257
293,3.0166645,181,0,280.87088,0.8153788,-60.508953
294,3.0166645,181,0,222.71634,0.82426846,-60.55815
295,3.0166645,181,0,292.67773,0.8159734,-60.85031
296,3.0166645,181,0,229.63683,0.7827606,-60.769115
297,3.0166645,181,0,288.85602,0.8170993,-60.70694
298,0.6000001,36,0,7.7595353,0.7480145,-60.61613
299,3.0166645,181,0,266.12677,0.79987407,-60.568512
300,3.0166645,181,0,253.16718,0.81461006,-60.781033
301,3.0166645,181,0,301.16522,0.7732446,-60.687664
302,3.0166645,181,0,259.10736,0.82320535,-60.85009
303,3.0166645,181,0,278.87808,0.7967597,-60.749336
304,3.0166645,181,0,167.11748,0.7865839,-60.794563
305,3.0166645,181,0,258.0576,0.789835,-60.868973
306,3.0166645,181,0,331.5712,0.7834998,-60.88525
307,3.0166645,181,0,397.4278,0.80066097,-60.92888
308,3.0166645,181,0,273.9828,0.82127243,-60.818867
309,3.0166645,181,0,327.67447,0.82486165,-61.01376
310,3.0166645,181,0,235.22078,0.8398317,-61.259205
311,3.0166645,181,0,286.9393,0.8423351,-61.034115
312,3.0166645,181,0,223.32883,0.84235674,-61.076447
313,3.0166645,181,0,292.6521,0.83376795,-61.11499
314,3.0166645,181,0,307.31238,0.8352061,-61.35734
315,3.0166645,181,0,287.99747,0.8324615,-61.34567
316,3.0166645,181,0,300.50113,0.8034135,-61.70562
317,3.0166645,181,0,236.32951,0.82135147,-61.63458
318,3.0166645,181,0,261.24625,0.8350012,-61.602894
319,3.0166645,181,0,49.962864,0.7953486,-61.385
320,3.0166645,181,0,308.07565,0.795689,-61.610073
321,3.0166645,181,0,289.83102,0.8417939,-61.65374
322,3.0166645,181,0,290.34534,0.7881248,-61.704098
323,3.0166645,181,0,258.94724,0.8436471,-61.78651
324,3.0166645,181,0,137.54489,0.76755756,-61.613216
325,3.0166645,181,0,321.05466,0.80745614,-61.69966
326,3.0166645,181,0,218.98434,0.79650706,-61.650597
327,3.0166645,181,0,301.5887,0.7773221,-61.757416
328,3.0166645,181,0,314.58347,0.75276047,-61.90867
329,3.0166645,181,0,277.13907,0.7715827,-61.999302
330,3.0166645,181,0,153.21933,0.827805,-62.09143
331,3.0166645,181,0,296.72787,0.7404831,-62.022274
332,3.0166645,181,0,322.11023,0.7788514,-62.35679
333,3.0166645,181,0,269.6311,0.7891661,-62.368572
334,3.0166645,181,0,326.2106,0.7479068,-62.4385
335,3.0166645,181,0,292.89243,0.7640733,-62.518833
336,3.0166645,181,0,316.2358,0.7588772,-62.561512
337,3.0166645,181,0,190.49919,0.7674955,-62.393692
338,3.0166645,181,0,320.35867,0.77507997,-62.59154
339,3.0166645,181,0,272.266,0.7538769,-62.790092
340,3.0166645,181,0,199.74207,0.7780688,-62.680458
341,3.0166645,181,0,223.5455,0.759169,-62.739346
342,3.0166645,181,0,293.34753,0.77801317,-62.54198
343,3.0166645,181,0,143.32031,0.7774518,-62.697952
344,3.0166645,181,0,142.23729,0.7749334,-62.71549
345,3.0166645,181,0,300.1768,0.74275804,-62.70439
346,3.0166645,181,0,211.83185,0.74877536,-62.95217
347,0.88333315,53,0,2.538608,0.735547,-62.95673
348,3.0166645,181,0,302.22177,0.7448681,-62.75784
349,3.0166645,181,0,248.54198,0.787363,-62.895836
350,3.0166645,181,0,241.56885,0.75043064,-62.885193
351,3.0166645,181,0,372.2772,0.78793234,-63.101818
352,3.0166645,181,0,217.75842,0.7906367,-63.11039
353,3.0166645,181,0,319.641,0.81338644,-63.206398
354,3.0166645,181,0,219.2826,0.78369385,-63.432247
355,3.0166645,181,0,260.83487,0.8000664,-63.20098
356,3.0166645,181,0,253.63744,0.8220988,-63.41179
357,3.0166645,181,0,228.7134,0.81556785,-63.288235
358,3.0166645,181,0,260.82867,0.8158986,-63.3977
359,3.0166645,181,0,252.47334,0.8321155,-63.286236
360,3.0166645,181,0,281.14075,0.8072716,-63.530235
361,3.0166645,181,0,265.646,0.8198686,-63.42011
362,3.0166645,181,0,169.67616,0.84390396,-63.21454
363,3.0166645,181,0,317.29318,0.8267662,-63.42621
364,3.0166645,181,0,336.24796,0.8203316,-63.60504
365,3.0166645,181,0,184.58955,0.8148873,-63.45679
366,3.0166645,181,0,337.80832,0.83483833,-63.691925
367,3.0166645,181,0,293.09134,0.79798293,-63.755417
368,1.8999989,114,0,1.1444,0.82589036,-63.939293
369,3.0166645,181,0,300.29092,0.807006,-63.810852
370,3.0166645,181,0,343.54092,0.83813936,-63.88506
371,3.0166645,181,0,372.64355,0.80083853,-63.86229
372,3.0166645,181,0,281.6182,0.8181132,-63.875828
373,3.0166645,181,0,257.27304,0.8560543,-63.896206
374,3.0166645,181,0,290.47043,0.8128014,-64.0153
375,3.0166645,181,0,266.823,0.8223197,-63.77639
376,3.0166645,181,0,309.84622,0.79570436,-63.957996
377,3.0166645,181,0,363.98898,0.8137927,-64.375015
378,3.0166645,181,0,228.53142,0.7768689,-64.3763
379,3.0166645,181,0,284.1038,0.7954388,-64.47058
380,3.0166645,181,0,269.9215,0.7779281,-64.41212
381,3.0166645,181,0,269.38828,0.76779807,-64.50957
382,3.0166645,181,0,257.43875,0.7615729,-64.55362
383,3.0166645,181,0,281.3682,0.8010126,-64.60025
384,3.0166645,181,0,309.23572,0.7708168,-64.836754
385,3.0166645,181,0,236.81714,0.767066,-64.81605
386,3.0166645,181,0,289.97238,0.76334107,-65.026764
387,3.0166645,181,0,215.51967,0.7781465,-65.0257
388,3.0166645,181,0,290.461,0.78341085,-64.836205
389,3.0166645,181,0,301.47498,0.7903132,-65.05178
390,3.0166645,181,0,335.95938,0.79998046,-65.2677
391,3.0166645,181,0,290.33676,0.7859775,-65.11942
392,3.0166645,181,0,301.93875,0.7730489,-65.44637
393,3.0166645,181,0,338.99213,0.7979913,-65.461235
394,3.0166645,181,0,281.9517,0.7960653,-65.365974
395,3.0166645,181,0,331.43018,0.78908324,-65.31858
396,3.0166645,181,0,397.99356,0.8379273,-65.67177
397,3.0166645,181,0,208.0512,0.82187486,-65.443794
398,3.0166645,181,0,207.36247,0.77537555,-65.357414
399,3.0166645,181,0,242.24197,0.79678816,-65.69318
400,3.0166645,181,0,223.39809,0.8109747,-65.32327
401,3.0166645,181,0,341.20813,0.7456907,-65.5532
402,3.0166645,181,0,290.62292,0.7657986,-65.69347
403,3.0166645,181,0,322.2687,0.7741543,-66.01873
404,3.0166645,181,0,281.57596,0.7955099,-65.658615
405,3.0166645,181,0,297.64438,0.777088,-65.82614
406,3.0166645,181,0,325.51154,0.81106746,-66.05688
407,3.0166645,181,0,376.75464,0.76276547,-65.83675
408,3.0166645,181,0,228.1627,0.8162162,-66.02859
409,3.0166645,181,0,280.9614,0.7845122,-65.80852
410,3.0166645,181,0,346.46048,0.79227906,-66.04522
411,3.0166645,181,0,337.77713,0.7933641,-65.89178
412,3.0166645,181,0,284.0484,0.8191285,-66.17335
413,3.0166645,181,0,241.36285,0.79887825,-66.03359
414,3.0166645,181,0,329.16733,0.76701516,-66.060936
415,3.0166645,181,0,329.36194,0.7805483,-66.002754
416,3.0166645,181,0,299.27637,0.7795733,-66.22108
417,3.0166645,181,0,302.36884,0.7778584,-66.231186
418,3.0166645,181,0,227.53078,0.76753813,-66.35165
419,3.0166645,181,0,301.11813,0.76819336,-66.351295
420,3.0166645,181,0,304.81726,0.760804,-66.26811
421,3.0166645,181,0,237.56412,0.81481874,-66.29262
422,3.0166645,181,0,372.11407,0.7816549,-66.17928
423,3.0166645,181,0,357.7614,0.7476228,-66.33396
424,3.0166645,181,0,270.60922,0.7475401,-66.40225
425,3.0166645,181,0,356.6536,0.7265991,-66.58313
426,3.0166645,181,0,291.95703,0.7502878,-66.615845
427,3.0166645,181,0,185.64462,0.760321,-66.58671
428,3.0166645,181,0,328.77243,0.7936505,-66.63465
429,3.0166645,181,0,273.8035,0.7416121,-66.60071
430,3.0166645,181,0,361.7062,0.7686898,-66.77103
431,3.0166645,181,0,352.80505,0.75126827,-66.6765
432,3.0166645,181,0,354.04123,0.753798,-66.934715
433,3.0166645,181,0,302.97153,0.6997953,-67.002144
434,3.0166645,181,0,326.60547,0.7610079,-67.016014
435,3.0166645,181,0,210.33847,0.71359843,-67.26968
436,3.0166645,181,0,329.42255,0.7656505,-67.0346
437,3.0166645,181,0,245.05269,0.7208519,-67.215485
438,3.0166645,181,0,277.6728,0.7275175,-67.571365
439,3.0166645,181,0,246.09993,0.7311574,-67.45658
440,3.0166645,181,0,319.72385,0.80853355,-67.363075
441,3.0166645,181,0,212.95148,0.7287728,-67.56423
442,3.0166645,181,0,234.05228,0.7439413,-67.38617
443,3.0166645,181,0,292.93365,0.74690384,-67.616684
444,3.0166645,181,0,206.37143,0.7503962,-67.64657
445,3.0166645,181,0,283.48367,0.73025393,-67.63256
446,3.0166645,181,0,312.8796,0.7315977,-67.74253
447,3.0166645,181,0,298.31128,0.7407562,-67.87892
448,3.0166645,181,0,213.33432,0.76328254,-67.79012
449,3.0166645,181,0,297.86304,0.74481994,-67.85288
450,3.0166645,181,0,203.01682,0.7543469,-67.87208
451,3.0166645,181,0,194.33777,0.7439755,-68.077995
452,3.0166645,181,0,280.70224,0.7636293,-68.047554
453,3.0166645,181,0,260.53583,0.71495914,-68.041115
454,3.0166645,181,0,383.86743,0.7421389,-68.002655
455,3.0166645,181,0,342.04913,0.75826526,-68.08378
456,3.0166645,181,0,300.6141,0.7284447,-68.280785
457,3.0166645,181,0,292.45145,0.74480927,-68.16942
458,3.0166645,181,0,263.82144,0.73698723,-68.07388
459,3.0166645,181,0,319.32336,0.75934297,-68.388336
460,3.0166645,181,0,308.23593,0.7286722,-68.271286
461,3.0166645,181,0,225.44421,0.74016285,-68.36201
462,3.0166645,181,0,298.04636,0.7455133,-68.353165
463,3.0166645,181,0,340.9832,0.7768937,-68.527985
464,3.0166645,181,0,269.08212,0.74474895,-68.677536
465,3.0166645,181,0,150.21678,0.7485548,-68.46374
466,3.0166645,181,0,332.7286,0.76299846,-68.60274
467,3.0166645,181,0,283.82217,0.7329361,-68.57938
468,3.0166645,181,0,295.99777,0.7361418,-68.73219
469,3.0166645,181,0,297.68918,0.7356686,-68.62013
470,3.0166645,181,0,274.68692,0.74193686,-68.798706
471,1.416666,85,0,1.7824839,0.7416636,-68.615944
472,3.0166645,181,0,219.31207,0.7449323,-68.642815
473,3.0166645,181,0,368.03387,0.7803921,-68.701584
474,3.0166645,181,0,324.13242,0.7050085,-68.947586
475,3.0166645,181,0,302.99652,0.756727,-68.677246
476,3.0166645,181,0,261.3386,0.7485465,-69.03011
477,3.0166645,181,0,286.13013,0.75526386,-68.958496
478,3.0166645,181,0,349.06732,0.71974343,-69.201485
479,3.0166645,181,0,301.66617,0.70586026,-69.275314
480,3.0166645,181,0,351.06622,0.7377963,-69.27928
481,3.0166645,181,0,267.24994,0.80119795,-69.3317
482,3.0166645,181,0,351.35477,0.74557966,-69.53315
483,3.0166645,181,0,271.96057,0.7308623,-69.35021
484,3.0166645,181,0,281.08432,0.7617628,-69.80014
485,3.0166645,181,0,304.48303,0.77120316,-69.455734
486,3.0166645,181,0,352.1655,0.729793,-69.651245
487,3.0166645,181,0,305.1008,0.74066347,-69.72642
488,3.0166645,181,0,273.52234,0.7638324,-69.92521
489,3.0166645,181,0,418.14597,0.7250836,-69.96882
490,3.0166645,181,0,307.36896,0.76183224,-69.97394
491,3.0166645,181,0,363.28357,0.7326484,-70.12346
492,3.0166645,181,0,314.05215,0.75766784,-70.02208
493,3.0166645,181,0,222.85464,0.741991,-70.2682
494,3.0166645,181,0,223.25394,0.7220331,-70.37101
495,3.0166645,181,0,227.02538,0.7629848,-70.27724
496,3.0166645,181,0,348.33932,0.73089564,-70.30331
497,3.0166645,181,0,184.93588,0.7682602,-70.25554
498,3.0166645,181,0,193.29002,0.7574383,-70.30473
499,3.0166645,181,0,366.3943,0.7270054,-70.2651
500,3.0166645,181,0,322.47842,0.7283163,-70.456856
501,3.0166645,181,0,331.1825,0.7662793,-70.51373
502,3.0166645,181,0,359.34583,0.76460814,-70.52946
503,3.0166645,181,0,213.9426,0.7610016,-70.65424
504,3.0166645,181,0,232.77596,0.7563397,-70.55117
505,3.0166645,181,0,260.2362,0.72474015,-70.59247
506,3.0166645,181,0,213.89511,0.7402764,-70.62179
507,0.74999994,45,0,1.0653157,0.7327318,-70.34201
508,3.0166645,181,0,146.18521,0.722943,-70.46183
509,3.0166645,181,0,391.28787,0.7435003,-70.38035
510,3.0166645,181,0,312.83798,0.7460392,-70.6776
511,3.0166645,181,0,379.89346,0.7412613,-70.73498
512,3.0166645,181,0,274.94656,0.77358234,-70.58313
513,3.0166645,181,0,161.65553,0.752274,-70.80019
514,3.0166645,181,0,302.57043,0.7707975,-70.63128
515,3.0166645,181,0,317.31555,0.7537844,-70.73574
516,3.0166645,181,0,382.71307,0.7801776,-70.81322
517,3.0166645,181,0,400.75644,0.794422,-70.85498
518,3.0166645,181,0,302.98697,0.81857353,-70.71725
519,3.0166645,181,0,332.5154,0.7731073,-70.95884
520,3.0166645,181,0,312.49008,0.7543507,-70.883255
521,3.0166645,181,0,339.845,0.7613004,-70.88581
522,3.0166645,181,0,360.80106,0.7946171,-71.100784
523,3.0166645,181,0,297.27017,0.7776016,-70.862144
524,3.0166645,181,0,342.5365,0.7799259,-70.998344
525,3.0166645,181,0,267.52573,0.80635923,-70.971535
526,0.58333343,35,0,1.7815872,0.8027635,-71.22001
527,3.0166645,181,0,354.933,0.81255543,-71.22743
528,0.58333343,35,0,4.6677194,0.83005714,-71.25383
529,3.0166645,181,0,303.18295,0.8302109,-70.75468
530,3.0166645,181,0,341.20502,0.8124348,-71.15471
531,3.0166645,181,0,331.35773,0.83780265,-71.07285
532,3.0166645,181,0,376.01447,0.7998846,-71.117714
533,3.0166645,181,0,295.06708,0.8238939,-71.22994
534,3.0166645,181,0,410.99045,0.82498777,-71.42613
535,0.6000001,36,0,4.9668,0.83363444,-71.52638
536,3.0166645,181,0,344.95807,0.8291662,-71.20867
537,1.0333331,62,0,2.640589,0.8454838,-71.364235
538,0.5666668,34,0,1.915512,0.9048388,-71.33484
539,0.9999997,60,0,1.3730555,0.82142365,-71.62979
540,0.9666664,58,0,0.43094912,0.8608946,-71.40197
541,3.0166645,181,0,304.11395,0.8764827,-71.14455
542,3.0166645,181,0,341.7659,0.8706921,-71.326614
543,3.0166645,181,0,223.41203,0.8959135,-71.56966
544,0.7666666,46,0,1.846079,0.86814576,-71.29784
545,3.0166645,181,0,339.24075,0.87204957,-71.39449
546,3.0166645,181,0,395.9943,0.8533923,-71.400345
547,3.0166645,181,0,332.0088,0.85290176,-71.407684
548,3.0166645,181,0,314.3528,0.893905,-71.866646
549,0.61666673,37,0,2.2232943,0.8516476,-71.60714
550,3.0166645,181,0,322.782,0.86192447,-71.749596
551,3.0166645,181,0,315.42914,0.8685127,-71.77011
552,3.0166645,181,0,331.56085,0.83995813,-71.73104
553,0.7999999,48,0,5.642752,0.8639115,-71.84738
554,3.0166645,181,0,155.62305,0.9185907,-71.81353
555,3.0166645,181,0,447.82913,0.8751946,-72.21012
556,0.81666654,49,0,2.2422307,0.8593378,-72.44512
557,3.0166645,181,0,378.73038,0.94002604,-72.06387
558,3.0166645,181,0,387.11517,0.8912591,-72.23182
559,0.7666666,46,0,0.46506754,0.8742386,-72.35623
560,0.7999999,48,0,2.960669,0.9709744,-72.26824
561,0.8999998,54,0,0.80563813,0.97113633,-72.07646
562,3.0166645,181,0,310.58685,0.90554726,-72.22398
563,0.91666645,55,0,5.819576,0.90012664,-72.48684
564,3.0166645,181,0,405.6199,0.94976455,-72.48192
565,3.0166645,181,0,321.37863,0.8724819,-72.53595
566,0.68333334,41,0,4.8026032,0.839341,-72.419586
567,3.0166645,181,0,331.04016,0.8907885,-72.55793
568,0.7999999,48,0,3.9467556,0.8648487,-72.3274
569,3.0166645,181,0,316.76956,0.8945683,-72.589005
570,3.0166645,181,0,271.47403,0.9272634,-72.44367
571,3.0166645,181,0,341.11722,0.9037375,-72.79168
572,3.0166645,181,0,159.0653,0.96893585,-72.790955
573,3.0166645,181,0,302.8876,0.9106348,-72.8806
574,1.3666661,82,0,0.790892,0.85946894,-72.59566
575,3.0166645,181,0,369.09274,0.8910839,-72.724144
576,3.0166645,181,0,277.60956,0.8339109,-72.76931
577,3.0166645,181,0,415.0136,0.8792884,-72.59099
578,3.0166645,181,0,343.51904,0.84658676,-72.6697
579,3.0166645,181,0,315.32895,0.79254925,-72.661766
580,3.0166645,181,0,354.0013,0.78951806,-72.880974
581,3.0166645,181,0,291.68033,0.7680192,-72.70839
582,3.0166645,181,0,275.10828,0.7962788,-72.76449
583,3.0166645,181,0,174.95535,0.80003613,-72.689575
584,3.0166645,181,0,205.26964,0.75772727,-72.549866
585,3.0166645,181,0,393.22647,0.8456104,-72.48325
586,3.0166645,181,0,344.80554,0.7563873,-72.62473
587,3.0166645,181,0,327.6777,0.7384709,-72.62443
588,3.0166645,181,0,340.21548,0.730271,-72.65976
589,3.0166645,181,0,224.49765,0.7749656,-72.5256
590,3.0166645,181,0,346.0886,0.7677163,-72.7485
591,3.0166645,181,0,418.7449,0.7289996,-72.35424
592,3.0166645,181,0,284.04327,0.73428863,-72.51081
593,3.0166645,181,0,213.50525,0.730826,-72.81815
594,3.0166645,181,0,325.50345,0.76725334,-72.56615
595,3.0166645,181,0,253.70134,0.7283109,-72.52938
596,3.0166645,181,0,354.55405,0.7584478,-72.43583
597,3.0166645,181,0,68.906654,0.76882756,-72.3109
598,3.0166645,181,0,349.74597,0.75373054,-72.47483
599,3.0166645,181,0,370.4016,0.75146544,-72.54671
600,3.0166645,181,0,210.42969,0.7611037,-72.6105
601,3.0166645,181,0,332.97223,0.75187445,-72.62824
602,2.3333318,140,0,2.876504,0.72001445,-72.46613
603,3.0166645,181,0,222.33098,0.73638994,-72.4373
604,3.0166645,181,0,337.08893,0.76122665,-72.597786
605,2.5499983,153,0,2.4565144,0.76736623,-72.55411
606,3.0166645,181,0,331.5885,0.7574507,-72.46761
607,3.0166645,181,0,266.93802,0.74918103,-72.50647
608,3.0166645,181,0,248.65775,0.778807,-72.6473
609,3.0166645,181,0,330.9107,0.7408435,-72.43956
610,3.0166645,181,0,252.46521,0.73985237,-72.443924
611,3.0166645,181,0,425.37717,0.7635985,-72.49253
612,3.0166645,181,0,327.4956,0.7402869,-72.526344
613,3.0166645,181,0,274.74197,0.7652277,-72.59211
614,3.0166645,181,0,362.95963,0.75563025,-72.63392
615,3.0166645,181,0,222.1218,0.7495016,-72.600365
616,3.0166645,181,0,306.639,0.74232477,-72.44472
617,3.0166645,181,0,290.92838,0.7546519,-72.757065
618,3.0166645,181,0,415.9695,0.7565021,-72.51303
619,3.0166645,181,0,341.27774,0.7465402,-72.64716
620,3.0166645,181,0,355.1507,0.7557615,-72.607216
621,3.0166645,181,0,0.7901855,0.76342577,-72.82501
622,3.0166645,181,0,315.41928,0.8413033,-72.65483
623,3.0166645,181,0,287.22253,0.7631285,-72.910164
624,3.0166645,181,0,313.81418,0.7551868,-73.08165
625,3.0166645,181,0,389.97806,0.84794414,-72.791214
626,3.0166645,181,0,388.4335,0.76352936,-72.75451
627,3.0166645,181,0,1.7735132,0.7612568,-73.05871
628,3.0166645,181,0,303.29242,0.7503374,-73.384575
629,3.0166645,181,0,317.92215,0.7352861,-73.321465
630,3.0166645,181,0,238.652,0.73544294,-73.12987
631,1.1166663,67,0,0.9791934,0.7215691,-73.26067
632,3.0166645,181,0,283.88535,0.76762193,-73.129395
633,3.0166645,181,0,389.8355,0.79303396,-73.427536
634,3.0166645,181,0,332.61215,0.7360293,-73.384346
635,3.0166645,181,0,325.27505,0.7558962,-73.48022
636,3.0166645,181,0,351.42053,0.7685382,-73.50785
637,3.0166645,181,0,331.7018,0.746383,-73.35021
638,0.81666654,49,0,3.4335904,0.7767824,-73.516914
639,3.0166645,181,0,376.0934,0.7348985,-73.807274
640,3.0166645,181,0,283.15964,0.72153467,-73.643364
641,3.0166645,181,0,312.6152,0.7358484,-73.94291
642,3.0166645,181,0,302.1268,0.7411089,-74.12377
643,3.0166645,181,0,288.1811,0.7641253,-74.11381
644,3.0166645,181,0,322.96185,0.7251472,-74.32078
645,0.5333335,32,0,2.0145721,0.74353683,-74.361626
646,3.0166645,181,0,346.182,0.7404723,-74.38985
647,3.0166645,181,0,144.61322,0.7218552,-74.44395
648,3.0166645,181,0,340.80377,0.74747574,-74.550255
649,3.0166645,181,0,219.66776,0.75592536,-74.65902
650,0.7999999,48,0,1.08897,0.8092103,-74.706955
651,3.0166645,181,0,268.71127,0.80065763,-74.770935
652,3.0166645,181,0,367.43964,0.75782675,-74.91242
653,3.0166645,181,0,286.75644,0.7983644,-74.8701
654,3.0166645,181,0,350.52954,0.7492026,-75.31967
655,0.6000001,36,0,3.1380303,0.7740016,-75.286
656,3.0166645,181,0,375.87704,0.73667794,-75.31039
657,3.0166645,181,0,360.59177,0.7472939,-75.43493
658,3.0166645,181,0,313.32028,0.7263868,-75.50687
659,3.0166645,181,0,334.51404,0.7535364,-75.650154
660,3.0166645,181,0,386.61493,0.7300003,-75.68668
661,3.0166645,181,0,263.18042,0.72855604,-75.98201
662,0.6333334,38,0,2.63235,0.7504864,-75.48486
663,3.0166645,181,0,310.21155,0.7335314,-75.9916
664,3.0166645,181,0,343.80008,0.7246038,-76.27492
665,3.0166645,181,0,319.2962,0.72839123,-76.380806
666,3.0166645,181,0,379.7027,0.7410534,-76.2883
667,0.8666665,52,0,11.710611,0.7144745,-76.658455
668,3.0166645,181,0,391.9206,0.72017705,-76.44052
669,3.0166645,181,0,227.97154,0.69997674,-76.64243
670,0.5666668,34,0,1.2275426,0.7988195,-76.520874
671,3.0166645,181,0,271.43356,0.7877239,-76.76695
672,3.0166645,181,0,407.27087,0.7220863,-76.719086
673,3.0166645,181,0,321.6851,0.7537256,-77.19177
674,3.0166645,181,0,394.77948,0.753323,-77.2499
675,3.0166645,181,0,261.85303,0.72638726,-77.18842
676,3.0166645,181,0,377.8508,0.7257495,-77.296616
677,3.0166645,181,0,390.31427,0.7442264,-77.59275
678,3.0166645,181,0,196.31906,0.75757366,-77.66683
679,0.74999994,45,0,3.3186562,0.72518134,-77.75751
680,3.0166645,181,0,290.99274,0.72163355,-77.75249
681,0.8666665,52,0,26.388412,0.680857,-78.14935
682,0.84999985,51,0,8.580891,0.73479,-77.62972
683,3.0166645,181,0,341.92996,0.7477563,-77.8659
684,3.0166645,181,0,268.0573,0.71360004,-78.02438
685,3.0166645,181,0,334.32278,0.73080933,-77.93315
686,3.0166645,181,0,363.55145,0.71798486,-77.876175
687,3.0166645,181,0,366.12897,0.6956013,-78.14476
688,3.0166645,181,0,381.73224,0.7340032,-78.25334
689,0.68333334,41,0,2.1100442,0.6986296,-78.36099
690,3.0166645,181,0,361.44998,0.7345319,-78.35012
691,3.0166645,181,0,381.10007,0.72460437,-78.489494
692,3.0166645,181,0,379.8993,0.72678703,-78.58746
693,0.88333315,53,0,0.7285707,0.6966696,-78.76983
694,3.0166645,181,0,293.9765,0.7497217,-78.5242
695,3.0166645,181,0,351.54382,0.7464263,-79.05308
696,3.0166645,181,0,348.6271,0.71358865,-79.12571
697,3.0166645,181,0,322.82523,0.71539915,-79.20257
698,3.0166645,181,0,348.51053,0.6829436,-79.27687
699,3.0166645,181,0,339.7229,0.6903992,-79.30321
700,3.0166645,181,0,391.53738,0.70690227,-79.472145
701,3.0166645,181,0,159.1358,0.7110825,-79.545715
702,3.0166645,181,0,364.92328,0.70172566,-79.582596
703,3.0166645,181,0,342.05795,0.71978873,-79.65684
704,3.0166645,181,0,309.15973,0.7231126,-79.61642
705,3.0166645,181,0,372.72327,0.70898026,-79.775375
706,0.6000001,36,0,0.5401097,0.67388326,-79.686806
707,3.0166645,181,0,356.27457,0.6730544,-80.04017
708,3.0166645,181,0,321.162,0.69751585,-79.95912
709,3.0166645,181,0,352.89484,0.71168226,-80.007744
710,0.6000001,36,0,3.4765055,0.6670499,-80.16159
711,3.0166645,181,0,338.96753,0.726144,-80.36363
712,3.0166645,181,0,372.5438,0.7191168,-80.25313
713,3.0166645,181,0,334.1711,0.6895385,-80.36919
714,3.0166645,181,0,282.45938,0.6967672,-80.43411
715,3.0166645,181,0,251.37418,0.68204725,-80.42501
716,3.0166645,181,0,323.5834,0.68852484,-80.447014
717,0.65000004,39,0,1.7112497,0.71132827,-80.609276
718,0.7666666,46,0,7.79026,0.6512308,-80.49885
719,3.0166645,181,0,336.20914,0.69857925,-80.4029
720,0.7,42,0,8.073861,0.6876569,-80.69885
721,3.0166645,181,0,290.33902,0.69697344,-80.6721
722,3.0166645,181,0,348.7809,0.6760636,-80.723946
723,3.0166645,181,0,301.55685,0.70445573,-80.77652
724,3.0166645,181,0,383.3414,0.69017,-81.034134
725,3.0166645,181,0,317.81125,0.7366368,-80.79197
726,3.0166645,181,0,350.12665,0.6859973,-80.69109
727,3.0166645,181,0,358.96008,0.6785891,-81.04932
728,3.0166645,181,0,301.01443,0.6852229,-80.857735
729,3.0166645,181,0,313.42984,0.6792364,-80.91365
730,2.3166652,139,0,10.183638,0.69313425,-80.838646
731,3.0166645,181,0,1.2750185,0.6774029,-81.01529
732,3.0166645,181,0,347.0561,0.6696594,-80.81498
733,3.0166645,181,0,269.45377,0.68677783,-80.8137
734,3.0166645,181,0,313.48483,0.68785554,-80.93699
735,3.0166645,181,0,299.2375,0.66373366,-80.79407
736,3.0166645,181,0,312.73322,0.67055774,-80.79005
737,1.8166656,109,0,1.8691788,0.6610839,-80.720116
738,3.0166645,181,0,363.80765,0.6547097,-80.74606
739,3.0166645,181,0,207.15765,0.67393774,-80.69785
740,3.0166645,181,0,329.36957,0.6358304,-80.70578
741,3.0166645,181,0,319.37192,0.66663456,-80.46939
742,3.0166645,181,0,400.08228,0.6727429,-80.8259
743,3.0166645,181,0,274.1702,0.6164391,-80.91094
744,3.0166645,181,0,200.361,0.63248706,-80.918144
745,3.0166645,181,0,277.75647,0.6139304,-80.90289
746,3.0166645,181,0,341.22208,0.62988,-81.08241
747,3.0166645,181,0,346.59064,0.6377338,-80.88118
748,3.0166645,181,0,331.02753,0.6420147,-80.88448
749,3.0166645,181,0,377.63904,0.61571914,-81.0929
750,3.0166645,181,0,370.47183,0.7267458,-80.970985
751,3.0166645,181,0,324.52948,0.63840693,-81.17049
752,3.0166645,181,0,287.19266,0.6165536,-81.25551
753,3.0166645,181,0,326.22897,0.6226067,-81.153625
754,3.0166645,181,0,288.1507,0.6271982,-81.21089
755,3.0166645,181,0,311.84702,0.5996033,-81.35847
756,3.0166645,181,0,283.25058,0.6145346,-81.144196
757,3.0166645,181,0,328.48755,0.59623116,-81.07581
758,3.0166645,181,0,324.5235,0.6201109,-81.22293
759,3.0166645,181,0,258.65277,0.6257087,-81.291214
760,3.0166645,181,0,318.9192,0.60222536,-81.093925
761,3.0166645,181,0,311.51315,0.5894037,-81.41819
762,3.0166645,181,0,370.92624,0.6027356,-81.45645
763,3.0166645,181,0,314.1171,0.6201584,-81.5714
764,3.0166645,181,0,314.526,0.60917324,-81.31358
765,3.0166645,181,0,331.8202,0.5912886,-81.24418
766,3.0166645,181,0,286.88785,0.5966335,-81.25541
767,3.0166645,181,0,376.1485,0.5964912,-81.44645
768,3.0166645,181,0,391.4571,0.6061494,-81.358154
769,3.0166645,181,0,273.2462,0.6062256,-81.15964
770,3.0166645,181,0,401.8096,0.5755382,-81.46296
771,3.0166645,181,0,333.28616,0.6311732,-81.42398
772,3.0166645,181,0,298.31604,0.59068346,-81.482796
773,3.0166645,181,0,299.17526,0.7005524,-81.33915
774,3.0166645,181,0,380.22916,0.60787314,-81.446236
775,3.0166645,181,0,342.8391,0.58523375,-81.50717
776,3.0166645,181,0,293.58112,0.6003561,-81.411316
777,3.0166645,181,0,395.22916,0.58532244,-81.46664
778,3.0166645,181,0,360.341,0.5777527,-81.620316
779,3.0166645,181,0,331.09076,0.5846881,-81.51208
780,3.0166645,181,0,299.11804,0.59668005,-81.55988
781,3.0166645,181,0,250.20695,0.5839426,-81.7717
782,3.0166645,181,0,360.40222,0.5813733,-81.56142
783,3.0166645,181,0,346.9614,0.6039899,-81.72978
784,3.0166645,181,0,366.38647,0.6085025,-81.705246
785,3.0166645,181,0,283.255,0.6005689,-81.79323
786,3.0166645,181,0,112.35038,0.61927825,-81.67972
787,3.0166645,181,0,245.8408,0.6877644,-81.66455
788,3.0166645,181,0,361.15033,0.58428514,-81.89272
789,3.0166645,181,0,257.57407,0.58529156,-81.838524
790,3.0166645,181,0,307.63147,0.5731898,-81.79465
791,3.0166645,181,0,278.15546,0.6063154,-81.92164
792,3.0166645,181,0,348.93997,0.60096675,-81.8492
793,3.0166645,181,0,323.07034,0.5886454,-82.04596
794,3.0166645,181,0,284.91467,0.62813324,-82.102516
795,3.0166645,181,0,39.586662,0.6261738,-82.11332
796,3.0166645,181,0,257.47458,0.6021456,-82.24027
797,3.0166645,181,0,373.4307,0.60269403,-82.12526
798,3.0166645,181,0,312.834,0.60737664,-82.23818
799,3.0166645,181,0,319.36044,0.637854,-82.38382
800,0.88333315,53,0,0.93939865,0.6113015,-81.90192
801,3.0166645,181,0,306.23206,0.6392023,-82.337654
802,3.0166645,181,0,367.50064,0.6258337,-82.21179
803,3.0166645,181,0,349.87125,0.6090981,-82.47089
804,3.0166645,181,0,344.13995,0.6266664,-82.442215
805,1.8166656,109,0,0.5130181,0.63389003,-82.3951
806,3.0166645,181,0,201.31879,0.6244019,-82.47862
807,3.0166645,181,0,284.4529,0.6301239,-82.52916
808,3.0166645,181,0,326.80725,0.66201055,-82.60602
809,3.0166645,181,0,263.9384,0.6599436,-82.63594
810,3.0166645,181,0,340.15854,0.66441935,-82.75891
811,0.46666685,28,0,0.4614903,0.6408144,-83.19715
812,3.0166645,181,0,306.13718,0.70653886,-82.79139
813,3.0166645,181,0,358.151,0.6362099,-82.78725
814,1.749999,105,0,6.42111,0.62910503,-82.999565
815,3.0166645,181,0,266.14978,0.6295562,-83.02327
816,3.0166645,181,0,313.57736,0.6155603,-82.84569
817,3.0166645,181,0,342.04172,0.67610496,-82.84912
818,3.0166645,181,0,310.3207,0.6308751,-83.04991
819,3.0166645,181,0,309.811,0.59504575,-83.091866
820,3.0166645,181,0,295.56433,0.61381215,-82.93406
821,2.2999985,138,0,0.91613185,0.64153636,-83.04999
822,3.0166645,181,0,226.93752,0.62528354,-82.94957
823,3.0166645,181,0,307.3676,0.59393346,-83.07006
824,3.0166645,181,0,364.7876,0.59577143,-83.18277
825,0.58333343,35,0,1.3293129,0.58897036,-82.96073
826,3.0166645,181,0,350.31216,0.6102112,-83.17027
827,1.1666663,70,0,1.2181542,0.59712535,-83.08996
828,3.0166645,181,0,334.71097,0.6361929,-83.2243
829,3.0166645,181,0,234.87169,0.65165615,-83.20561
830,3.0166645,181,0,312.06287,0.6133658,-83.3171
831,3.0166645,181,0,291.69217,0.6077895,-83.5015
832,3.0166645,181,0,329.6654,0.6126248,-83.355705
833,3.0166645,181,0,321.7709,0.61568636,-83.34983
834,3.0166645,181,0,342.4242,0.6073004,-83.265045
835,3.0166645,181,0,298.45187,0.5998747,-83.431465
836,3.0166645,181,0,318.43964,0.5838594,-83.38149
837,3.0166645,181,0,381.6282,0.5972394,-83.47459
838,3.0166645,181,0,333.77957,0.5855435,-83.37877
839,3.0166645,181,0,381.55334,0.60786426,-83.71776
840,3.0166645,181,0,132.95996,0.58768326,-83.625496
841,3.0166645,181,0,309.44022,0.5890857,-83.51686
842,3.0166645,181,0,399.68796,0.57679856,-83.62522
843,3.0166645,181,0,325.75476,0.6126757,-83.69553
844,3.0166645,181,0,120.30274,0.5975184,-83.65532
845,3.0166645,181,0,285.25775,0.58315545,-83.50891
846,3.0166645,181,0,263.4481,0.5963398,-83.54315
847,3.0166645,181,0,416.18283,0.57277614,-83.8209
848,3.0166645,181,0,366.3611,0.57497245,-83.79635
849,3.0166645,181,0,361.78186,0.56490386,-83.69752
850,3.0166645,181,0,349.01154,0.5953693,-83.79948
851,3.0166645,181,0,223.48125,0.5774847,-83.90081
852,3.0166645,181,0,458.5444,0.5846452,-83.91777
853,3.0166645,181,0,363.32724,0.585128,-83.935
854,3.0166645,181,0,262.72952,0.56690407,-83.886406
855,3.0166645,181,0,326.73444,0.543515,-84.06427
856,3.0166645,181,0,250.1826,0.5802133,-84.010864
857,3.0166645,181,0,369.95178,0.5698819,-84.176895
858,3.0166645,181,0,218.84023,0.5881674,-84.20073
859,3.0166645,181,0,285.5513,0.56499684,-84.10574
860,3.0166645,181,0,258.485,0.582616,-84.28241
861,3.0166645,181,0,356.6829,0.58221394,-84.20124
862,3.0166645,181,0,181.97258,0.5695178,-84.16473
863,3.0166645,181,0,320.72397,0.55083066,-83.95874
864,3.0166645,181,0,372.83218,0.5664791,-84.29086
865,3.0166645,181,0,381.09766,0.57412547,-84.12989
866,3.0166645,181,0,339.03427,0.5729028,-84.034485
867,3.0166645,181,0,393.54465,0.59206444,-84.26337
868,3.0166645,181,0,265.31302,0.5856472,-84.24362
869,3.0166645,181,0,344.8086,0.559521,-84.35929
870,3.0166645,181,0,89.144424,0.6162628,-84.22903
871,3.0166645,181,0,324.37704,0.5696247,-84.57973
872,3.0166645,181,0,382.6802,0.57812643,-84.49116
873,3.0166645,181,0,309.42175,0.5722967,-84.342995
874,3.0166645,181,0,420.90918,0.57436395,-84.486305
875,3.0166645,181,0,343.0002,0.6004349,-84.55441
876,3.0166645,181,0,392.57523,0.6046057,-84.60948
877,3.0166645,181,0,389.59357,0.7350915,-84.70058
878,3.0166645,181,0,259.5358,0.6413906,-84.6859
879,3.0166645,181,0,327.40738,0.5983953,-84.77128
880,3.0166645,181,0,386.32587,0.602526,-84.74438
881,3.0166645,181,0,122.16075,0.6121045,-84.89849
882,2.849998,171,0,2.1599908,0.6214969,-84.68381
883,3.0166645,181,0,330.61588,0.6167952,-84.79626
884,3.0166645,181,0,238.75961,0.597273,-84.826584
885,3.0166645,181,0,375.59613,0.9318632,-84.698814
886,3.0166645,181,0,379.43842,0.74546295,-85.12348
887,3.0166645,181,0,352.69293,0.5918483,-84.982605
888,3.0166645,181,0,333.61276,0.5607206,-85.15879
889,3.0166645,181,0,181.1693,0.59857935,-84.96748
890,3.0166645,181,0,277.90915,0.5712474,-85.16707
891,3.0166645,181,0,252.26753,0.59838957,-85.097496
892,3.0166645,181,0,368.5065,0.5979458,-85.11098
893,3.0166645,181,0,239.5812,0.5816099,-85.114365
894,3.0166645,181,0,373.22174,0.5851902,-84.91855
895,3.0166645,181,0,304.5495,0.59759796,-85.076996
896,3.0166645,181,0,338.3869,0.5873846,-85.087204
897,2.9999979,180,0,2.1560278,0.66460365,-85.07421
898,3.0166645,181,0,346.84143,0.63518614,-84.910835
899,3.0166645,181,0,110.735725,0.5918008,-85.07718
900,3.0166645,181,0,378.43695,0.5998374,-85.16312
901,3.0166645,181,0,404.9419,0.60257393,-85.161964
902,3.0166645,181,0,333.8989,0.58902436,-85.04441
903,3.0166645,181,0,379.70428,0.6005106,-84.90026
904,3.0166645,181,0,322.0771,0.65529317,-85.04734
905,3.0166645,181,0,275.1394,0.6233945,-84.84101
906,3.0166645,181,0,201.13597,0.58691883,-85.00981
907,3.0166645,181,0,283.697,0.6101451,-84.825836
908,3.0166645,181,0,3.2374582,0.60065055,-85.11865
909,3.0166645,181,0,216.86658,0.6240783,-84.83999
910,3.0166645,181,0,226.38301,0.64433014,-84.76902
911,3.0166645,181,0,172.48741,0.6588816,-84.77741
912,3.0166645,181,0,239.39911,0.8259932,-84.49229
913,3.0166645,181,0,250.07733,0.6399732,-84.72022
914,3.0166645,181,0,374.7137,0.60600674,-84.611374
915,3.0166645,181,0,402.56082,0.6100704,-84.73512
916,3.0166645,181,0,410.48767,0.6997246,-84.70988
917,3.0166645,181,0,279.7564,0.6545891,-84.80443
918,3.0166645,181,0,376.63913,0.6130424,-84.66868
919,3.0166645,181,0,308.2644,0.69515705,-84.64829
920,3.0166645,181,0,316.73572,0.67876875,-84.7003
921,3.0166645,181,0,399.12933,0.6519103,-84.74317
922,3.0166645,181,0,404.73737,0.6456776,-84.93563
923,3.0166645,181,0,255.46652,0.6526651,-84.9763
924,3.0166645,181,0,301.76,0.64955264,-84.99406
925,3.0166645,181,0,293.2026,0.6983864,-84.98651
926,3.0166645,181,0,424.59616,0.63470405,-85.00874
927,3.0166645,181,0,258.24197,0.6481264,-84.90884
928,3.0166645,181,0,183.09734,0.6482725,-85.01264
929,3.0166645,181,0,336.56894,0.6253386,-85.04194
930,3.0166645,181,0,274.7591,0.6647741,-84.89883
931,3.0166645,181,0,306.9042,0.6627553,-85.00486
932,3.0166645,181,0,193.31429,0.66497177,-84.93269
933,3.0166645,181,0,354.20197,0.6830694,-85.08996
934,3.0166645,181,0,222.74614,0.6813548,-85.038475
935,3.0166645,181,0,368.28268,0.6400846,-85.27069
936,3.0166645,181,0,381.40643,0.7194155,-85.40014
937,3.0166645,181,0,311.2307,0.69804794,-85.303604
938,3.0166645,181,0,318.15118,0.67236155,-85.56027
939,3.0166645,181,0,315.10684,0.6440453,-85.38391
940,3.0166645,181,0,307.79672,0.6555032,-85.54639
941,3.0166645,181,0,241.59482,0.65141195,-85.65778
942,3.0166645,181,0,290.7532,0.66609305,-85.62809
943,3.0166645,181,0,344.28342,0.63359827,-85.58467
944,3.0166645,181,0,206.14507,0.6393438,-85.69756
945,3.0166645,181,0,369.74393,0.6827497,-85.70379
946,3.0166645,181,0,359.80515,0.7070676,-85.64514
947,3.0166645,181,0,406.39966,0.66191816,-85.69821
948,3.0166645,181,0,327.25638,0.6635526,-85.78812
949,3.0166645,181,0,431.69672,0.7027081,-85.615234
950,3.0166645,181,0,281.80774,0.67910165,-85.739265
951,3.0166645,181,0,323.84058,0.69727874,-85.93841
952,3.0166645,181,0,358.07562,0.6771,-85.7471
953,3.0166645,181,0,339.77826,0.6911605,-85.84799
954,3.0166645,181,0,236.62999,0.7018282,-85.691475
955,3.0166645,181,0,387.67587,0.7083596,-85.8693
956,3.0166645,181,0,278.5517,0.6582081,-85.91469
957,3.0166645,181,0,369.6254,0.6940078,-85.984634
958,3.0166645,181,0,406.51096,0.68999565,-85.92906
959,3.0166645,181,0,423.1546,0.69467,-85.91666
960,3.0166645,181,0,389.1736,0.65341157,-85.93916
961,3.0166645,181,0,313.0929,1.352261,-86.15069
962,3.0166645,181,0,196.64485,1.0384012,-86.04068
963,3.0166645,181,0,312.06232,0.73904973,-86.239265
964,3.0166645,181,0,300.51205,0.68393284,-85.91418
965,3.0166645,181,0,282.98117,0.6741956,-86.129166
966,3.0166645,181,0,208.28535,0.70551693,-85.977936
967,3.0166645,181,0,243.55722,0.7021717,-86.256
968,3.0166645,181,0,343.78418,0.86869854,-86.050125
969,3.0166645,181,0,378.7555,0.6679628,-86.35114
970,3.0166645,181,0,251.8034,0.7363075,-86.08271
971,3.0166645,181,0,290.21756,0.6945251,-86.18357
972,3.0166645,181,0,333.46603,0.73460114,-86.29594
973,3.0166645,181,0,314.23624,0.7683859,-86.360435
974,3.0166645,181,0,294.8228,0.77795196,-86.279366
975,3.0166645,181,0,281.51044,0.7415647,-86.48584
976,0.7333333,44,0,2.4290962,0.7246005,-86.42793
977,3.0166645,181,0,390.8163,0.98089916,-86.382614
978,3.0166645,181,0,197.91185,0.81080294,-86.59816
979,3.0166645,181,0,266.7112,0.7837823,-86.506714
980,3.0166645,181,0,344.4432,1.1349916,-86.33585
981,3.0166645,181,0,146.86629,0.799604,-86.613686
982,3.0166645,181,0,212.82564,0.9579975,-86.7209
983,0.6666667,40,0,2.208412,0.7828056,-86.82944
984,3.0166645,181,0,327.4922,0.7825603,-86.59037
985,3.0166645,181,0,332.32855,0.78373575,-86.84841
986,3.0166645,181,0,319.29993,0.7757874,-86.678375
987,0.71666664,43,0,4.540387,0.770922,-86.93966
988,3.0166645,181,0,277.31277,0.8342329,-86.89075
989,3.0166645,181,0,332.37283,0.8670598,-86.87552
990,3.0166645,181,0,302.82397,0.80539954,-86.80388
991,3.0166645,181,0,238.28674,0.84310025,-86.89172
992,3.0166645,181,0,258.05643,0.9119213,-86.874146
993,3.0166645,181,0,315.7833,0.9068211,-86.873726
994,3.0166645,181,0,318.90677,0.93940496,-87.11925
995,3.0166645,181,0,284.99963,0.9051254,-87.030304
996,3.0166645,181,0,345.65558,0.9512729,-87.20995
997,0.5000002,30,0,1.341572,1.0297465,-87.33783
998,0.4333335,26,0,0.75489926,1.7402526,-87.58377
999,3.0166645,181,0,398.74283,1.345403,-87.36354
1000,0.45000017,27,0,2.0620685,1.1367145,-87.46304
1001,3.0166645,181,0,407.8514,0.93485373,-87.402626
1002,3.0166645,181,0,355.996,1.0246646,-87.71601
1003,0.45000017,27,0,0.9416235,0.9398855,-87.087425
1004,3.0166645,181,0,335.98157,0.9943222,-87.58042
1005,0.5333335,32,0,1.5913752,1.0152736,-87.58388
1006,0.5666668,34,0,3.8652766,1.0978174,-87.65903
1007,3.0166645,181,0,379.102,1.0615834,-87.992004
1008,0.6666667,40,0,2.479533,1.1052904,-88.30434
1009,0.45000017,27,0,2.8961186,1.1990439,-87.546875
1010,3.0166645,181,0,416.73892,1.0836203,-88.25867
1011,3.0166645,181,0,420.21558,1.3795584,-88.378685
1012,0.45000017,27,0,0.5268492,1.2446612,-88.817024
1013,0.4333335,26,0,0.4110849,1.3064222,-88.38865
1014,3.0166645,181,0,259.05984,1.2459825,-88.56294
1015,0.4333335,26,0,0.82177144,1.4501485,-88.86841
1016,0.45000017,27,0,3.5094213,1.3104595,-88.9396
1017,0.5666668,34,0,0.90490085,1.3889345,-89.16284
1018,0.5666668,34,0,1.0730453,1.4631027,-89.29231
1019,3.0166645,181,0,412.46317,1.6765102,-89.2543
1020,0.45000017,27,0,1.713134,1.2933893,-89.68779
1021,3.0166645,181,0,380.5978,1.4552623,-89.65967
1022,0.4333335,26,0,1.0629454,1.4510427,-90.16628
1023,0.45000017,27,0,2.8895211,1.5340326,-90.4187
1024,0.4333335,26,0,1.8800707,1.5798879,-89.83721
1025,0.45000017,27,0,1.9862163,1.5189378,-90.380974
1026,0.45000017,27,0,0.38338485,1.468999,-90.35285
1027,0.4333335,26,0,0.5798753,1.8425846,-90.2197
1028,0.5666668,34,0,1.9884379,1.6050366,-90.572975
1029,0.45000017,27,0,3.1473393,1.6564168,-90.7638
1030,3.0166645,181,0,386.3212,1.7184162,-90.75527
1031,0.45000017,27,0,1.6153204,1.9187149,-90.7987
1032,0.4333335,26,0,1.0931094,1.7478132,-90.95392
1033,3.0166645,181,0,355.4615,1.9480443,-91.54668
1034,0.45000017,27,0,2.8657725,2.0508127,-91.7087
1035,0.4333335,26,0,1.0466455,1.9466386,-91.99308
1036,0.45000017,27,0,0.98288435,2.0699205,-92.00066
1037,0.4333335,26,0,1.9482837,1.8539861,-92.164
1038,0.45000017,27,0,0.5542128,2.080844,-92.27639
1039,0.4333335,26,0,1.4211626,2.1951222,-92.081535
1040,0.45000017,27,0,1.9005687,2.143982,-92.58028
1041,0.4333335,26,0,0.31674713,2.124437,-92.7954
1042,2.6666648,160,0,288.44037,2.0819223,-93.03145
1043,0.4333335,26,0,1.8655143,2.53169,-93.0855
1044,0.4333335,26,0,0.3654721,2.6140964,-93.348724
1045,0.74999994,45,0,5.512536,2.5474865,-93.42469
1046,0.45000017,27,0,0.9838423,2.4367275,-93.39918
1047,0.45000017,27,0,2.3194768,2.617543,-93.90683
1048,0.45000017,27,0,1.5387248,2.5727298,-94.43534
1049,0.45000017,27,0,2.2505066,2.7475822,-93.991325
1050,0.4333335,26,0,0.6576477,2.6119177,-94.1321
1051,0.45000017,27,0,1.2701124,2.6130648,-93.95054
1052,0.45000017,27,0,1.5086184,2.2720573,-94.423004
1053,0.4333335,26,0,0.8244687,2.646866,-94.42451
1054,0.46666685,28,0,3.5977812,2.586437,-94.48438
1055,0.4333335,26,0,2.0389013,2.5817704,-94.89175
1056,0.45000017,27,0,0.48490563,2.6471338,-94.90164
1057,0.45000017,27,0,2.008759,2.6403058,-95.358795
1058,0.45000017,27,0,1.7913518,2.4974105,-95.29077
1059,0.45000017,27,0,1.2773403,2.6597943,-95.08539
1060,0.45000017,27,0,2.0709403,3.0550933,-95.36866
1061,0.45000017,27,0,2.3895173,3.0750337,-95.31123
1062,0.4333335,26,0,2.2998264,2.8267477,-96.08328
1063,3.0166645,181,0,419.02283,2.9389687,-96.56879
1064,0.4333335,26,0,1.4380785,2.889922,-97.78507
1065,0.45000017,27,0,1.3282417,3.0649226,-97.263054
1066,0.45000017,27,0,2.4864113,2.9673188,-98.108604
1067,0.4333335,26,0,0.35462064,2.8269694,-97.911385
1068,0.45000017,27,0,3.2580924,2.6957693,-97.84525
1069,0.4333335,26,0,1.9656199,2.990203,-98.23553
1070,0.45000017,27,0,2.9379435,3.224287,-98.70592
1071,0.45000017,27,0,0.9207169,2.991251,-98.88337
1072,0.45000017,27,0,1.1474088,3.2297628,-99.42414
1073,0.45000017,27,0,2.2783732,3.3106244,-100.004486
1074,0.45000017,27,0,1.4081117,3.5081098,-99.71861
1075,0.45000017,27,0,1.3616203,3.146979,-100.133934
1076,0.45000017,27,0,1.4366072,3.3116565,-100.798904
1077,0.45000017,27,0,4.7481847,3.3751917,-100.749306
1078,0.45000017,27,0,0.98832566,3.2694678,-101.08267
1079,0.4333335,26,0,0.53074855,3.4451425,-101.884926
1080,0.45000017,27,0,2.8084664,3.4073129,-101.50423
1081,0.45000017,27,0,1.7266873,3.5087729,-102.650055
1082,0.4333335,26,0,2.9678085,3.5745332,-102.584724
1083,0.45000017,27,0,5.0728984,3.504642,-103.53788
1084,0.45000017,27,0,1.7043674,3.3792405,-103.495964
1085,0.45000017,27,0,1.014813,3.3498619,-104.248215
1086,0.4333335,26,0,1.1589417,3.5548842,-104.39684
1087,0.45000017,27,0,5.358467,3.2922273,-105.084625
1088,0.4333335,26,0,1.1052747,3.346669,-105.31527
1089,0.4333335,26,0,0.48358804,3.7551315,-104.96408
1090,0.45000017,27,0,1.3791826,3.6769903,-106.62925
1091,0.45000017,27,0,3.115629,3.6544738,-106.97958
1092,0.4333335,26,0,3.3824484,3.7829893,-107.28454
1093,0.4333335,26,0,0.5530672,3.6326993,-107.76065
1094,0.4333335,26,0,2.061022,3.6796267,-107.46036
1095,0.45000017,27,0,2.5834723,3.678979,-108.48737
1096,0.45000017,27,0,0.8282221,3.954833,-109.57946
1097,0.4333335,26,0,0.8588006,3.4802172,-109.78128
1098,0.45000017,27,0,0.46506426,3.770885,-110.57463
1099,0.45000017,27,0,3.047313,3.5425568,-111.11503
1100,0.4333335,26,0,1.0991693,3.7785995,-111.62989
1101,0.4333335,26,0,1.1036322,3.5022717,-112.646545
1102,0.45000017,27,0,1.9838731,3.8748884,-112.49361
1103,0.45000017,27,0,0.5757367,4.0563607,-113.346405
1104,0.4333335,26,0,0.4948768,4.2699747,-113.98
1105,0.4333335,26,0,0.35656995,3.8656101,-114.367065
1106,0.45000017,27,0,2.9179246,3.4840996,-115.09934
1107,0.4333335,26,0,0.6349488,3.6507447,-116.55143
1108,0.45000017,27,0,2.3483448,3.8341627,-115.999725
1109,0.4333335,26,0,0.7291602,3.5781667,-116.83767
1110,0.65000004,39,0,5.111435,3.6004808,-117.698296
1111,0.4333335,26,0,0.5044208,3.9856966,-118.510216
1112,0.45000017,27,0,2.9785116,4.2152967,-119.09775
1113,0.45000017,27,0,0.43538082,4.044156,-120.12067
1114,0.45000017,27,0,1.4960555,4.0334272,-120.7906
1115,0.45000017,27,0,0.981986,3.650278,-120.73948
1116,0.4333335,26,0,0.7880235,3.6893246,-121.62185
1117,0.46666685,28,0,4.895622,3.7065463,-122.72215
1118,0.4333335,26,0,1.684307,3.6066039,-123.562164
1119,0.4333335,26,0,0.9173056,3.5467112,-124.3096
1120,0.45000017,27,0,0.58187526,3.6914475,-124.87356
1121,0.4333335,26,0,1.4697268,3.6008005,-125.6253
1122,0.45000017,27,0,3.2250464,3.913902,-126.28031
1123,0.4333335,26,0,0.8136227,3.7935126,-126.17288
1124,0.45000017,27,0,0.5621117,3.7379043,-127.6474
1125,0.4333335,26,0,1.443979,3.7188575,-127.45942
1126,0.4333335,26,0,0.35975212,3.56466,-127.82419
1127,0.48333353,29,0,1.5569495,3.6889324,-129.09601
1128,0.46666685,28,0,4.465515,3.6341465,-130.0475
1129,0.45000017,27,0,1.9576296,3.5361717,-130.23227
1130,0.4333335,26,0,0.33643302,3.3496234,-131.40668
1131,0.45000017,27,0,2.388172,3.419507,-131.94174
1132,0.45000017,27,0,0.5830838,3.639143,-132.60388
1133,0.4333335,26,0,0.712991,3.8279936,-133.88982
1134,0.4333335,26,0,0.6056608,3.608371,-134.13835
1135,0.45000017,27,0,1.6926303,3.585795,-135.04436
1136,0.4333335,26,0,1.0556412,4.0271163,-134.76085
1137,0.4333335,26,0,0.49710202,3.5062172,-136.4072
1138,0.45000017,27,0,2.5145137,3.7343912,-136.49179
1139,0.45000017,27,0,0.7184792,3.407688,-136.81737
1140,0.45000017,27,0,5.486381,3.2894835,-137.44765
1141,0.45000017,27,0,4.7166653,3.4643939,-138.41994
1142,0.45000017,27,0,1.3491298,3.6707947,-139.39093
1143,0.4333335,26,0,0.81501883,3.183942,-139.91347
1144,0.45000017,27,0,2.2362063,3.466419,-140.31677
1145,0.4333335,26,0,1.113656,3.4291728,-141.43019
1146,0.4333335,26,0,1.4785707,3.1672316,-141.63849
1147,0.46666685,28,0,4.420787,3.422911,-142.40437
1148,0.45000017,27,0,1.8900802,3.3250191,-142.92032
1149,0.45000017,27,0,1.494963,3.6536593,-143.52443
1150,0.45000017,27,0,0.79475117,3.5290678,-143.71884
1151,0.4333335,26,0,1.9440476,3.706831,-144.09213
1152,0.4333335,26,0,0.5107828,3.4195683,-145.31898
1153,0.48333353,29,0,6.9755187,3.5399282,-146.03488
1154,0.45000017,27,0,1.0200493,3.453855,-146.38495
1155,0.45000017,27,0,0.7181586,3.5126803,-146.99852
1156,0.45000017,27,0,1.9944981,3.4468832,-147.98798
1157,0.45000017,27,0,2.7654998,3.398396,-148.5434
1158,0.45000017,27,0,4.5311303,3.4902723,-149.0459
1159,0.4333335,26,0,0.7228774,3.2258787,-148.86266
1160,0.4333335,26,0,0.5316841,3.2299814,-150.04976
1161,0.4333335,26,0,2.784653,3.449991,-150.5873
1162,0.45000017,27,0,0.4919606,3.4941132,-151.01537
1163,0.48333353,29,0,0.8357803,3.3324823,-151.93184
1164,0.45000017,27,0,1.328229,3.4060464,-152.04594
1165,0.45000017,27,0,2.9796486,3.6813488,-152.8972
1166,0.48333353,29,0,0.6866577,3.695831,-153.6504
1167,0.4333335,26,0,2.50582,3.5153627,-154.89561
1168,0.4333335,26,0,0.41350144,3.4608297,-154.86815
1169,0.45000017,27,0,0.80699635,3.359263,-155.21396
1170,0.4333335,26,0,1.701128,3.6674788,-156.46501
1171,0.45000017,27,0,0.5153133,3.651701,-157.06787
1172,0.4333335,26,0,0.9338617,3.575822,-157.37244
1173,0.45000017,27,0,1.2287388,3.7968574,-157.96713
1174,0.45000017,27,0,1.4231753,3.529017,-158.59987
1175,0.45000017,27,0,1.2085681,3.905476,-159.58809
1176,0.4333335,26,0,0.7104159,3.7492301,-159.56567
1177,0.4333335,26,0,0.5319711,3.5968091,-160.05582
1178,0.45000017,27,0,4.6242695,3.4862893,-160.88953
1179,0.5166668,31,0,4.0120587,3.921352,-160.56346
1180,0.4333335,26,0,1.624437,3.8248866,-161.66238
1181,0.4333335,26,0,0.72757953,3.5345953,-161.998
1182,0.4333335,26,0,0.5488963,3.7602844,-162.75346
1183,0.45000017,27,0,1.6209092,3.581516,-163.03603
1184,0.4333335,26,0,0.98888636,3.8567955,-163.66719
1185,0.45000017,27,0,0.91615224,3.7089865,-164.02782
1186,0.4333335,26,0,0.8917963,3.6717556,-164.79253
1187,0.4333335,26,0,0.25437665,3.692766,-164.87608
1188,0.45000017,27,0,2.972511,3.4531634,-164.9605
1189,0.5166668,31,0,5.295011,3.8101983,-165.48244
1190,0.45000017,27,0,0.85902643,3.995334,-165.80693
1191,0.4333335,26,0,1.3892087,4.0551167,-165.9044
1192,0.45000017,27,0,0.86440766,3.9422665,-166.298
1193,0.45000017,27,0,0.60367143,3.9851532,-166.27762
1194,0.4333335,26,0,1.0041423,3.777426,-166.92558
1195,0.45000017,27,0,2.9381008,3.3524647,-167.25076
1196,0.45000017,27,0,3.1718967,3.5943573,-167.64912
1197,0.46666685,28,0,2.034209,3.8038964,-167.08473
1198,0.4333335,26,0,0.93375367,3.4089992,-168.05046
1199,0.4333335,26,0,0.67567223,3.52983,-168.21391
1200,0.4333335,26,0,1.2333738,3.8255978,-168.77168
1201,0.45000017,27,0,0.48245576,3.8699589,-168.71022
1202,0.45000017,27,0,2.027326,3.399387,-168.25078
1203,0.4333335,26,0,1.3000176,3.0013628,-168.74005
1204,0.4333335,26,0,1.698263,2.818649,-169.33417
1205,0.45000017,27,0,3.6647604,2.9014633,-169.1409
1206,0.4333335,26,0,1.0454195,3.1555912,-168.98929
1207,0.45000017,27,0,4.3412495,2.913051,-169.41478
1208,0.45000017,27,0,0.62700665,2.7987812,-169.40448
1209,0.45000017,27,0,2.1631773,2.5710273,-170.26425
1210,0.45000017,27,0,1.7350568,2.6858804,-169.89482
1211,0.45000017,27,0,1.7299575,2.431214,-169.69135
1212,0.45000017,27,0,2.2442677,2.470722,-169.90062
1213,0.45000017,27,0,1.0548451,2.3636198,-169.80539
1214,0.45000017,27,0,1.9644836,2.1865005,-170.4648
1215,0.45000017,27,0,0.9171804,2.2926779,-169.80992
1216,0.45000017,27,0,0.68546504,2.4315157,-170.25809
1217,0.46666685,28,0,6.8838434,2.4920287,-170.15698
1218,0.46666685,28,0,7.4167857,2.460197,-170.30379
1219,0.45000017,27,0,1.0377744,2.6183417,-170.4338
1220,0.45000017,27,0,0.4474103,2.3016646,-171.05579
1221,0.4333335,26,0,1.6592414,2.239162,-170.36021
1222,0.45000017,27,0,1.6380864,2.3086877,-170.92273
1223,0.45000017,27,0,2.6514587,2.358091,-170.66467
1224,0.45000017,27,0,1.1031581,2.2986827,-170.82755
1225,0.45000017,27,0,1.14318,2.3484337,-170.83672
1226,0.4333335,26,0,0.9418397,2.1932857,-171.10161
1227,0.45000017,27,0,1.168905,2.2820263,-170.25484
1228,0.45000017,27,0,5.097643,2.319913,-171.59618
1229,0.45000017,27,0,2.607591,2.3199449,-170.85968
1230,0.45000017,27,0,3.8004622,2.1651294,-171.20718
1231,0.4333335,26,0,0.62608886,2.608658,-170.13322
1232,0.45000017,27,0,0.7767054,2.4100924,-170.61337
1233,0.45000017,27,0,0.9704187,2.168386,-171.32149
1234,0.45000017,27,0,2.0696921,2.3154387,-171.30846
1235,0.45000017,27,0,1.126374,2.3562472,-171.42223
1236,0.45000017,27,0,1.3232834,2.3499398,-171.34332
1237,0.4333335,26,0,3.0681465,2.1289544,-172.404
1238,0.45000017,27,0,1.6713679,2.0475535,-172.13226
1239,0.45000017,27,0,3.9756074,2.357843,-172.5625
1240,0.45000017,27,0,2.4148483,2.4961586,-172.48676
1241,0.45000017,27,0,0.9495312,2.4270568,-172.96236
1242,0.45000017,27,0,1.2157344,2.4681683,-172.82089
1243,0.4333335,26,0,0.55321187,2.2785273,-172.99171
1244,0.4333335,26,0,1.5679275,2.123205,-172.6931
1245,0.5333335,32,0,3.1552472,2.1317112,-173.34856
1246,0.45000017,27,0,1.2825396,2.3288782,-173.90353
1247,0.4333335,26,0,0.92599446,2.2067902,-173.5053
1248,0.45000017,27,0,1.8959786,2.2314408,-173.28685
1249,0.4333335,26,0,0.8051704,2.4178236,-174.09949
1250,0.45000017,27,0,3.448837,2.1819396,-174.25584
1251,0.45000017,27,0,3.273199,2.1591527,-173.51604
1252,0.45000017,27,0,1.0932498,2.297959,-174.00551
1253,0.4333335,26,0,1.1560589,2.1940658,-174.14742
1254,0.5166668,31,0,1.5855167,2.3806968,-174.91725
1255,0.4333335,26,0,0.6074691,2.118543,-174.47998
1256,0.4333335,26,0,0.62638426,2.1058974,-174.02716
1257,0.45000017,27,0,4.7470565,2.082534,-174.16916
1258,0.45000017,27,0,0.678533,1.9671686,-174.45493
1259,0.45000017,27,0,2.0297296,1.9026916,-174.36151
1260,0.45000017,27,0,1.489492,2.033692,-174.5974
1261,0.45000017,27,0,0.8852588,1.854346,-174.20547
1262,0.45000017,27,0,0.8052536,2.0155041,-174.4181
1263,0.46666685,28,0,4.760493,1.9760852,-174.5235
1264,0.5000002,30,0,1.9199148,1.9329938,-174.41086
1265,0.5166668,31,0,5.220523,1.9763895,-173.84174
1266,0.45000017,27,0,1.5829415,2.3614943,-174.05205
1267,0.4333335,26,0,0.3486169,1.9805104,-174.2195
1268,0.45000017,27,0,2.0331485,2.6650336,-173.54478
1269,0.45000017,27,0,0.8026877,2.410108,-174.57645
1270,0.45000017,27,0,2.5216718,2.5387087,-173.93777
1271,0.4333335,26,0,0.6322934,2.0646327,-174.10902
1272,0.4333335,26,0,1.4241431,1.9877238,-174.30371
1273,0.4333335,26,0,0.68696433,2.026552,-174.12086
1274,0.48333353,29,0,7.278096,1.9945832,-174.1176
1275,0.45000017,27,0,0.8934781,2.080681,-174.25954
1276,0.4333335,26,0,1.8473006,2.146936,-174.10399
1277,0.45000017,27,0,2.082371,2.0622478,-174.50215
1278,0.45000017,27,0,2.0740805,2.0798042,-173.91962
1279,0.46666685,28,0,1.0346279,1.7482858,-174.10533
1280,0.45000017,27,0,3.4235928,1.9784306,-173.5161
1281,0.45000017,27,0,1.9322739,2.0847564,-173.87389
1282,0.45000017,27,0,1.4521171,1.8966554,-174.50218
1283,0.46666685,28,0,1.8330368,2.0082216,-173.55202
1284,0.45000017,27,0,0.63207257,1.8775653,-174.0199
1285,0.45000017,27,0,3.954427,2.0776007,-173.88988
1286,0.45000017,27,0,0.53278536,2.1192892,-173.60187
1287,0.4333335,26,0,1.2576427,1.8243494,-174.024
1288,0.46666685,28,0,2.8939667,1.8061996,-173.5176
1289,0.46666685,28,0,1.5023252,1.94833,-174.27013
1290,0.46666685,28,0,0.96705633,1.6644084,-173.54099
1291,0.4333335,26,0,2.2436545,1.7366904,-173.44151
1292,0.46666685,28,0,2.2824788,1.7988008,-173.52753
1293,0.45000017,27,0,0.8501174,1.7811902,-173.53258
1294,0.45000017,27,0,0.7000187,1.7660375,-172.78871
1295,0.48333353,29,0,3.20281,1.8742933,-172.8902
1296,0.48333353,29,0,7.1127954,1.9898964,-172.77744
1297,0.45000017,27,0,1.3842633,1.8565359,-173.12651
1298,0.45000017,27,0,1.1760958,1.9040774,-173.01656
1299,0.4333335,26,0,0.4550999,1.8702083,-172.84132
1300,0.45000017,27,0,1.0138863,2.1411817,-172.6843
1301,0.45000017,27,0,1.8933889,2.2340996,-172.20935
1302,0.45000017,27,0,1.9143306,2.0602934,-172.27805
1303,0.45000017,27,0,0.8094449,1.7195009,-172.18813
1304,0.5000002,30,0,7.4438405,1.7566947,-172.34676
1305,0.45000017,27,0,2.3710678,1.74441,-172.26682
1306,0.48333353,29,0,1.9616377,1.9998889,-171.88457
1307,0.45000017,27,0,1.5729936,1.9664098,-171.63164
1308,0.4333335,26,0,3.1691997,1.860475,-171.62135
1309,0.4333335,26,0,1.0824972,1.7981488,-171.00073
1310,0.4333335,26,0,1.6995385,1.6303333,-171.27043
1311,0.45000017,27,0,4.006063,1.769966,-171.12543
1312,0.45000017,27,0,3.3760505,1.8167942,-171.12555
1313,0.4333335,26,0,1.6965064,1.6629909,-171.1089
1314,0.45000017,27,0,1.0335144,1.6339144,-170.64124
1315,0.4333335,26,0,1.0138735,1.7735766,-170.4281
1316,0.4333335,26,0,1.2374219,1.8062359,-170.11107
1317,0.4333335,26,0,0.7996247,1.7930717,-170.47952
1318,0.46666685,28,0,2.354654,1.7106489,-169.63878
1319,0.45000017,27,0,4.1092167,1.8214716,-168.94916
1320,0.46666685,28,0,3.5312738,1.825903,-169.19556
1321,0.45000017,27,0,0.38625228,2.0937715,-168.68243
1322,0.5000002,30,0,10.105126,1.7966467,-168.27171
1323,0.45000017,27,0,2.027941,1.8513145,-168.77104
1324,0.48333353,29,0,1.422619,1.894898,-168.114
1325,0.45000017,27,0,1.8811197,1.6948938,-168.55383
1326,0.45000017,27,0,0.64760745,1.8645368,-167.67938
1327,0.4333335,26,0,0.24291623,2.1161258,-167.63365
1328,0.45000017,27,0,1.3865262,2.0199163,-167.23775
1329,0.45000017,27,0,2.5074708,1.8881044,-167.16524
1330,0.4333335,26,0,1.0117283,1.8119174,-167.07607
1331,0.4333335,26,0,0.4812014,1.9948012,-166.47609
1332,0.45000017,27,0,1.052436,1.7271875,-166.062
1333,0.46666685,28,0,1.7288027,1.6319103,-165.71097
1334,0.4333335,26,0,1.3918756,1.6651903,-165.40813
1335,0.45000017,27,0,1.3174417,1.6228592,-165.42297
1336,0.45000017,27,0,1.9100486,1.6756352,-165.05768
1337,0.45000017,27,0,1.7057656,1.7383124,-165.28871
1338,0.45000017,27,0,3.335535,1.8280717,-165.11327
1339,0.45000017,27,0,1.3736982,1.7987591,-164.3589
1340,0.45000017,27,0,1.976324,1.8063083,-164.53824
1341,0.45000017,27,0,1.0739524,1.7272215,-163.53607
1342,0.5000002,30,0,1.1680835,1.7446893,-163.68677
1343,0.45000017,27,0,0.5211086,1.7216839,-163.7294
1344,0.45000017,27,0,0.3865816,1.747855,-163.49727
1345,0.45000017,27,0,2.3017929,1.8144749,-162.98131
1346,0.45000017,27,0,0.71814936,1.6245208,-163.02325
1347,0.5166668,31,0,1.4429473,1.941792,-162.6281
1348,0.46666685,28,0,1.708083,1.6079446,-162.5245
1349,0.45000017,27,0,2.3827333,1.9271616,-162.58832
1350,0.4333335,26,0,0.5822488,1.7869769,-162.42122
1351,0.45000017,27,0,2.577103,1.8268481,-161.8027
1352,0.4333335,26,0,0.4845154,1.7376189,-161.86177
1353,0.4333335,26,0,0.37949854,1.7507119,-161.14316
1354,0.4333335,26,0,0.7698751,1.8039017,-161.53899
1355,0.45000017,27,0,2.1646981,1.5517005,-160.52014
1356,0.48333353,29,0,7.6971283,2.0556183,-160.22444
1357,0.45000017,27,0,1.8949397,1.9305252,-160.72102
1358,0.45000017,27,0,0.4589244,1.909406,-160.65431
1359,0.4333335,26,0,1.0821673,2.358311,-159.48158
1360,0.45000017,27,0,2.7633078,3.006718,-159.94553
1361,0.4333335,26,0,0.8581963,3.0913658,-159.80865
1362,0.45000017,27,0,2.1024423,2.1900752,-159.54967
1363,0.46666685,28,0,1.8456482,1.9048989,-159.67648
1364,0.45000017,27,0,0.6352766,1.9708325,-159.26724
1365,0.45000017,27,0,0.9682347,1.7229527,-158.65921
1366,0.4333335,26,0,0.6449273,1.8520023,-158.41716
1367,0.45000017,27,0,0.74056065,1.7121581,-158.34206
1368,0.4333335,26,0,2.7585533,1.7882895,-157.96945
1369,0.45000017,27,0,1.1433109,1.70781,-157.63303
1370,0.45000017,27,0,1.6078779,1.7686684,-157.74132
1371,0.45000017,27,0,3.689743,1.7263832,-157.63611
1372,0.45000017,27,0,0.6421838,1.8896441,-157.21031
1373,0.46666685,28,0,6.0364366,1.664577,-156.9342
1374,0.4333335,26,0,3.0322163,1.7674488,-156.86424
1375,0.45000017,27,0,0.7739755,1.8014342,-156.71594
1376,0.45000017,27,0,0.8896399,2.056017,-156.4329
1377,0.6000001,36,0,0.8176933,1.9213521,-156.30681
1378,0.5000002,30,0,0.8555823,1.877433,-155.8335
1379,0.45000017,27,0,1.2443864,1.6634766,-155.46089
1380,0.4333335,26,0,1.2935245,1.6334323,-155.15675
1381,0.45000017,27,0,2.0830922,1.5182486,-155.27234
1382,0.4333335,26,0,1.050995,1.8774325,-154.83745
1383,0.45000017,27,0,1.3906692,1.6021507,-154.63062
1384,0.45000017,27,0,1.235605,1.629279,-154.7799
1385,0.45000017,27,0,3.018533,1.5596344,-154.61826
1386,0.4333335,26,0,2.6333182,1.6271319,-154.25774
1387,0.46666685,28,0,7.9560432,1.5515162,-154.16129
1388,0.4333335,26,0,0.82744044,1.7532587,-154.60326
1389,0.4333335,26,0,3.2336264,1.5602709,-153.72218
1390,0.45000017,27,0,5.740851,1.5312232,-153.94789
1391,0.55000013,33,0,0.61681944,1.6978471,-153.57452
1392,0.4333335,26,0,0.70161605,1.6037459,-153.95457
1393,0.45000017,27,0,1.3007014,1.5444969,-153.84053
1394,0.45000017,27,0,1.3733406,1.5850993,-153.7001
1395,0.45000017,27,0,1.2167001,1.4924332,-153.67926
1396,0.45000017,27,0,0.74304223,1.5133346,-153.11612
1397,0.4333335,26,0,3.5507,1.5511972,-152.95424
1398,0.46666685,28,0,2.3859346,1.5364633,-153.25174
1399,0.4333335,26,0,3.2985938,1.7409812,-153.11244
1400,0.45000017,27,0,0.9322855,1.5739957,-153.36827
1401,0.45000017,27,0,1.6755333,1.6934118,-152.99738
1402,0.45000017,27,0,2.745707,1.7090454,-152.70856
1403,0.45000017,27,0,6.7805824,1.5343417,-152.98729
1404,0.4333335,26,0,1.783015,1.708891,-152.5371
1405,0.48333353,29,0,4.997082,1.8423125,-152.60661
1406,0.4333335,26,0,1.2564762,1.9346567,-152.11873
1407,0.4333335,26,0,3.4571078,1.6410924,-152.71681
1408,0.45000017,27,0,1.2784814,1.8183284,-152.72275
1409,0.45000017,27,0,5.2664466,2.0308514,-152.41422
1410,0.4333335,26,0,1.1509039,2.0978394,-152.18471
1411,0.4333335,26,0,1.2728215,1.7415308,-151.99663
1412,0.45000017,27,0,5.8050175,1.6390189,-152.1434
1413,0.45000017,27,0,4.328935,1.5836109,-151.59656
1414,0.46666685,28,0,4.1527557,2.4818072,-152.17343
1415,0.4333335,26,0,1.8553848,1.8327385,-151.72215
1416,0.45000017,27,0,4.7247787,1.8278711,-151.75134
1417,0.45000017,27,0,0.8463285,1.6859581,-151.84706
1418,0.4333335,26,0,0.8895543,2.246497,-151.49475
1419,0.4333335,26,0,1.4213456,2.259615,-151.7769
1420,0.45000017,27,0,2.7025323,1.7619618,-151.25334
1421,0.45000017,27,0,1.4055228,1.9625491,-151.37785
1422,0.45000017,27,0,2.8795333,1.7894598,-151.64203
1423,0.45000017,27,0,3.4710839,2.0474062,-151.8349
1424,0.45000017,27,0,1.3528543,1.8230922,-151.7681
1425,0.5000002,30,0,6.427125,1.908432,-151.42863
1426,0.45000017,27,0,5.6532183,1.8146672,-151.94762
1427,0.46666685,28,0,5.0372915,1.9546884,-151.41283
1428,0.45000017,27,0,1.2684013,1.9939445,-151.53989
1429,0.45000017,27,0,2.6174173,2.0667572,-151.38185
1430,0.4333335,26,0,0.5232167,2.0892508,-151.93996
1431,0.4333335,26,0,0.7094601,1.9174347,-151.58214
1432,0.45000017,27,0,0.6558054,1.9124174,-151.04909
1433,0.4333335,26,0,2.9300764,2.2030768,-151.44998
1434,0.45000017,27,0,2.4772408,2.3259733,-150.99324
1435,0.45000017,27,0,1.6352295,2.2907753,-151.22003
1436,0.45000017,27,0,0.5989886,2.215467,-151.86319
1437,0.5000002,30,0,1.6216291,2.2066948,-151.7316
1438,0.5333335,32,0,1.3205444,2.045125,-151.4812
1439,0.45000017,27,0,1.5017021,2.1194503,-151.81053
1440,0.4333335,26,0,2.1728628,1.906582,-152.11412
1441,0.45000017,27,0,0.63899916,1.9542438,-151.30719
1442,0.45000017,27,0,0.6889802,2.0531106,-152.13196
1443,0.45000017,27,0,2.0829172,2.1125464,-151.84575
1444,0.45000017,27,0,4.7299886,2.0438073,-152.13228
1445,0.48333353,29,0,2.213111,2.0168684,-151.99713
1446,0.5000002,30,0,1.1779163,2.283093,-152.29478
1447,0.4333335,26,0,0.5780006,2.079252,-152.12968
1448,0.45000017,27,0,1.1339824,2.2615664,-153.06783
1449,0.4333335,26,0,0.8897988,2.2119586,-153.05095
1450,0.45000017,27,0,4.003567,2.5794766,-153.06398
1451,0.45000017,27,0,3.2355192,2.6858988,-153.34564
1452,0.5166668,31,0,3.037926,2.8193264,-153.63547
1453,0.46666685,28,0,4.7115793,2.92728,-153.66231
1454,0.45000017,27,0,3.0857103,2.492212,-153.38573
1455,0.4333335,26,0,0.9950433,2.7190917,-153.95348
1456,0.45000017,27,0,0.89991236,2.5053496,-154.05634
1457,0.45000017,27,0,0.8803879,2.4198985,-153.74315
1458,0.45000017,27,0,0.96724546,2.4618506,-154.40042
1459,0.45000017,27,0,0.9701541,2.5437524,-154.62
1460,0.4333335,26,0,0.9189421,2.6191332,-154.54332
1461,0.45000017,27,0,1.8073909,2.5427346,-154.18184
1462,0.45000017,27,0,0.7200354,2.4782517,-154.77579
1463,0.45000017,27,0,2.016525,2.7008522,-154.93243
1464,0.45000017,27,0,1.5798887,2.6889527,-155.2037
1465,0.45000017,27,0,0.51796573,2.4820101,-154.89569
1466,0.45000017,27,0,1.1059015,2.7145863,-155.40076
1467,0.45000017,27,0,0.6113607,2.4694548,-155.31055
1468,0.4333335,26,0,0.96260434,2.5722055,-155.05876
1469,0.45000017,27,0,0.9358765,2.7383256,-155.1507
1470,0.45000017,27,0,1.3934156,2.5981376,-155.30678
1471,0.4333335,26,0,1.6656668,2.4254515,-155.37227
1472,0.46666685,28,0,1.9068412,2.502674,-155.98422
1473,0.45000017,27,0,1.0850595,2.6989443,-155.89517
1474,0.45000017,27,0,0.622049,2.597293,-156.14299
1475,0.4333335,26,0,0.6536312,2.4378293,-156.28801
1476,0.45000017,27,0,4.077493,2.386798,-156.30548
1477,0.45000017,27,0,0.9520596,2.766954,-155.93065
1478,0.45000017,27,0,1.3828665,2.5087626,-156.13742
1479,0.4333335,26,0,0.37882778,2.6998866,-155.92474
1480,0.45000017,27,0,3.032805,2.3908215,-156.71465
1481,0.45000017,27,0,1.8085951,2.475648,-156.53535
1482,0.4333335,26,0,0.749945,2.8726082,-157.20187
1483,0.4333335,26,0,0.28590065,2.9641492,-157.11197
1484,0.4333335,26,0,0.72863,2.9171908,-156.39922
1485,0.4333335,26,0,1.0400136,2.6676903,-156.71144
1486,0.45000017,27,0,0.64221334,2.7843106,-156.86276
1487,0.45000017,27,0,0.35473442,2.7158515,-156.90578
1488,0.4333335,26,0,0.63153774,3.0350645,-157.03271
1489,0.4333335,26,0,0.57821023,2.6044106,-157.03941
1490,0.45000017,27,0,2.056728,2.5413601,-157.09445
1491,0.4333335,26,0,1.7646388,3.1464577,-157.99866
1492,0.4333335,26,0,1.8267779,3.244044,-156.86395
1493,0.45000017,27,0,1.6267438,3.2901154,-156.95496
1494,0.4333335,26,0,1.7934344,2.9090655,-157.25409
1495,0.45000017,27,0,0.66398114,3.1230536,-157.43271
1496,0.4333335,26,0,0.2784883,3.1497033,-157.44597
1497,0.4333335,26,0,0.7198444,2.9331777,-157.23785
1498,0.45000017,27,0,2.1982274,3.328744,-157.2113
1499,0.45000017,27,0,1.8349297,3.0592945,-157.81989
1500,0.45000017,27,0,0.7817144,3.5801766,-157.50522
1501,0.4333335,26,0,1.7192974,3.5117538,-157.57716
1502,0.45000017,27,0,0.5617887,2.9236472,-157.57185
1503,0.45000017,27,0,1.1139654,3.2104723,-158.04057
1504,0.45000017,27,0,1.9469029,2.7712848,-157.807
1505,0.4333335,26,0,0.22450566,2.8326674,-157.39412
1506,0.45000017,27,0,2.6806056,3.000783,-157.58229
1507,0.45000017,27,0,3.392223,3.1531165,-158.02007
1508,0.45000017,27,0,1.6645533,3.0250974,-157.18771
1509,0.4333335,26,0,2.4832916,3.0685308,-157.77888
1510,0.45000017,27,0,0.7516631,3.037558,-158.13475
1511,0.45000017,27,0,4.2825575,3.501452,-158.20218
1512,0.4333335,26,0,1.7218632,2.9438035,-157.85793
1513,0.4333335,26,0,2.8753035,3.2125404,-157.88547
1514,0.45000017,27,0,2.9296718,2.751254,-157.72495
1515,0.45000017,27,0,0.68479013,2.8438427,-158.0323
1516,0.4333335,26,0,0.9896186,3.2818975,-157.72264
1517,0.45000017,27,0,0.6901401,3.6217546,-158.0994
1518,0.4333335,26,0,1.3530282,3.3896344,-158.01003
1519,0.45000017,27,0,2.0081,2.9599218,-157.8777
1520,0.45000017,27,0,1.1010381,3.6273272,-157.72598
1521,0.4333335,26,0,1.5385906,3.6315088,-158.78542
1522,0.45000017,27,0,1.4766824,3.58272,-157.95908
1523,0.45000017,27,0,2.7642193,3.548244,-157.99484
1524,0.45000017,27,0,1.3660604,3.0703146,-157.61469
1525,0.4333335,26,0,0.33384573,3.5166237,-158.3513
1526,0.45000017,27,0,2.7588265,3.2851684,-158.2814
1527,0.5000002,30,0,1.657424,3.1183314,-157.97011
1528,0.45000017,27,0,2.0887678,3.2325633,-158.41597
1529,0.4333335,26,0,1.6420146,3.50048,-158.40767
1530,0.45000017,27,0,0.5295664,3.4431229,-158.60582
1531,0.45000017,27,0,1.9903585,3.412091,-158.30287
1532,0.4333335,26,0,0.83869743,3.784623,-158.49133
1533,0.4333335,26,0,0.9174403,3.510327,-158.55861
1534,0.45000017,27,0,0.9598516,3.4513671,-157.95313
1535,0.4333335,26,0,1.1539744,3.160658,-158.8131
1536,0.4333335,26,0,0.5784824,3.6996167,-158.29759
1537,0.45000017,27,0,0.547307,3.43134,-158.60884
1538,0.45000017,27,0,1.1532304,3.6432612,-158.4191
1539,0.45000017,27,0,1.8238804,3.9394045,-158.62175
1540,0.45000017,27,0,0.8828108,3.5937939,-158.65509
1541,0.45000017,27,0,0.65221757,3.3382337,-158.6847
1542,0.45000017,27,0,0.8095377,4.0053334,-158.30997
1543,0.45000017,27,0,1.7831457,3.9514234,-158.80226
1544,0.45000017,27,0,1.2308475,5.169924,-158.82451
1545,0.45000017,27,0,1.1899178,4.3337626,-159.22554
1546,0.45000017,27,0,3.780207,3.4381957,-159.1073
1547,0.4333335,26,0,1.2385764,3.640723,-158.69478
1548,0.45000017,27,0,0.6035165,4.1668005,-158.82259
1549,0.45000017,27,0,2.5422971,4.0013833,-159.18678
1550,0.4333335,26,0,1.9766252,3.9151325,-158.70041
1551,0.4333335,26,0,1.4132186,4.283562,-158.63521
1552,0.4333335,26,0,1.8645637,4.008951,-159.14696
1553,0.4333335,26,0,1.603188,4.3638945,-158.9467
1554,0.4333335,26,0,0.9701611,4.637115,-158.83638
1555,0.4333335,26,0,1.0335665,3.929844,-158.93947
1556,0.45000017,27,0,1.4798123,4.196069,-158.11096
1557,0.4333335,26,0,0.97564685,4.634793,-159.01512
1558,0.45000017,27,0,1.4867325,3.8022428,-159.25536
1559,0.45000017,27,0,2.6075618,4.3413253,-158.93839
1560,0.4333335,26,0,0.74184525,4.9222593,-159.62651
1561,0.4333335,26,0,0.7110279,4.751933,-159.55064
1562,0.45000017,27,0,3.5625763,5.104846,-159.01894
1563,0.4333335,26,0,0.36802348,4.7346177,-159.26682
1564,0.4333335,26,0,0.5431189,4.679644,-159.58235
1565,0.45000017,27,0,2.4185364,3.9751346,-159.49034
1566,0.4333335,26,0,2.3643308,4.670833,-159.36694
1567,0.4333335,26,0,1.5174123,4.958347,-159.47478
1568,0.45000017,27,0,1.8259329,5.1502666,-159.51837
1569,0.4333335,26,0,1.0715272,4.606543,-159.02856
1570,0.4333335,26,0,0.32999885,4.672474,-159.434
1571,0.4333335,26,0,0.83311075,4.650931,-159.96646
1572,0.4333335,26,0,1.7745608,4.309095,-159.203
1573,0.45000017,27,0,3.6532571,4.262176,-159.37823
1574,0.4333335,26,0,0.61894584,4.6927643,-159.65346
1575,0.45000017,27,0,1.2481707,4.4292393,-159.70335
1576,0.45000017,27,0,3.6328938,4.832373,-159.73283
1577,0.4333335,26,0,2.4960854,4.825781,-159.87308
1578,0.45000017,27,0,1.6610236,5.1237764,-159.49922
1579,0.45000017,27,0,2.7392416,4.4498253,-159.44244
1580,0.4333335,26,0,1.443891,4.046075,-159.96603
1581,0.45000017,27,0,1.1805164,5.2603545,-159.18408
1582,0.45000017,27,0,1.901303,4.672357,-159.54442
1583,0.4333335,26,0,2.3465862,4.9964223,-159.73302
1584,0.4333335,26,0,1.721335,4.621493,-159.63216
1585,0.4333335,26,0,1.3528063,4.8319416,-158.88487
1586,0.45000017,27,0,1.2511221,5.2423315,-159.07364
1587,0.45000017,27,0,0.60848415,4.642824,-158.35716
1588,0.45000017,27,0,1.0896842,5.0266895,-158.87561
1589,0.4333335,26,0,1.7177343,4.8921366,-158.18855
1590,0.45000017,27,0,1.9197012,4.959337,-158.25137
1591,0.45000017,27,0,1.3029419,4.840667,-158.2519
1592,0.4333335,26,0,0.32604182,4.4157357,-158.1564
1593,0.4333335,26,0,0.66531277,4.8341727,-158.3102
1594,0.45000017,27,0,3.0496294,4.691199,-158.07068
1595,0.4333335,26,0,0.716102,5.7057934,-158.14572
1596,0.45000017,27,0,2.0272691,5.4243736,-159.23364
1597,0.4333335,26,0,1.1662318,5.0937133,-158.10815
1598,0.45000017,27,0,1.2562281,4.979446,-158.63783
1599,0.4333335,26,0,1.3175256,4.9816246,-158.20338
1600,0.45000017,27,0,1.0426455,4.8066096,-158.07013
1601,0.45000017,27,0,2.8192189,5.2247906,-157.75693
1602,0.45000017,27,0,0.96608126,4.764672,-158.37286
1603,0.4333335,26,0,0.4219339,5.4247184,-158.19669
1604,0.45000017,27,0,1.025809,4.814205,-158.50215
1605,0.4333335,26,0,1.3239782,4.861206,-158.31381
1606,0.45000017,27,0,1.0003867,4.8070188,-157.81769
1607,0.45000017,27,0,5.195021,4.73001,-158.24268
1608,0.45000017,27,0,1.4907601,5.123825,-158.03343
1609,0.45000017,27,0,0.9312926,4.2684956,-157.76495
1610,0.45000017,27,0,1.5307447,3.832946,-157.66052
1611,0.4333335,26,0,1.0930938,3.9834778,-157.57594
1612,0.4333335,26,0,1.2548499,4.127429,-157.82451
1613,0.4333335,26,0,1.1429987,4.412055,-157.89763
1614,0.45000017,27,0,0.80773693,3.86519,-157.3603
1615,0.45000017,27,0,0.79906976,3.7683141,-157.09583
1616,0.4333335,26,0,3.8748329,3.8333209,-157.49568
1617,0.45000017,27,0,2.8296366,3.9526958,-157.92822
1618,0.45000017,27,0,1.948094,3.5672424,-156.59729
1619,0.4333335,26,0,1.3876882,4.1525054,-157.3391
1620,0.45000017,27,0,1.2266606,4.5851955,-156.79758
1621,0.4333335,26,0,2.1665008,3.5163758,-156.60411
1622,0.4333335,26,0,0.89413697,4.032204,-156.41785
1623,0.45000017,27,0,1.8143753,3.8042548,-156.56796
1624,0.4333335,26,0,1.1790645,3.8434918,-155.87724
1625,0.4333335,26,0,2.0403402,3.9347022,-155.74893
1626,0.4333335,26,0,3.7734435,3.2991598,-156.05832
1627,0.4333335,26,0,1.7269973,3.1606293,-155.35855
1628,0.4333335,26,0,3.57914,3.5051706,-155.66035
1629,0.45000017,27,0,0.9098956,3.733929,-155.3943
1630,0.4333335,26,0,0.3175512,3.4946058,-154.8247
1631,0.45000017,27,0,0.63642836,3.5242913,-154.6916
1632,0.45000017,27,0,0.5003493,3.056976,-154.49152
1633,0.45000017,27,0,0.87017196,3.3515038,-154.46559
1634,0.4333335,26,0,0.6611918,2.8821135,-154.05948
1635,0.45000017,27,0,0.4212019,3.2340243,-153.76392
1636,0.4333335,26,0,1.6352534,3.0099952,-152.77243
1637,0.45000017,27,0,0.7927921,2.7465723,-152.85211
1638,0.45000017,27,0,0.26074544,2.983881,-152.63277
1639,0.45000017,27,0,2.8747914,3.7134824,-152.1417
1640,0.4333335,26,0,4.0888042,3.503649,-151.89313
1641,0.4333335,26,0,0.86269814,2.8799744,-151.74583
1642,0.4333335,26,0,1.0632076,3.2090616,-152.10312
1643,0.4333335,26,0,1.4326043,2.6559203,-151.01604
1644,0.45000017,27,0,0.4854612,2.8862166,-151.03067
1645,0.4333335,26,0,0.54399693,2.6766071,-150.13574
1646,0.4333335,26,0,0.7216153,3.116106,-150.72919
1647,0.45000017,27,0,0.21065597,3.1515658,-150.0403
1648,0.45000017,27,0,4.0316424,2.8221934,-149.01662
1649,0.45000017,27,0,0.6872985,3.2638578,-149.6464
1650,0.4333335,26,0,0.90593666,6.6112466,-148.71973
1651,0.4333335,26,0,0.51082456,4.241733,-149.30101
1652,0.45000017,27,0,3.0916588,4.4323983,-148.47858
1653,0.45000017,27,0,2.23111,3.9256911,-147.99522
1654,0.45000017,27,0,4.3566794,3.5289724,-147.88293
1655,0.4333335,26,0,1.5349342,3.1825435,-147.12871
1656,0.45000017,27,0,1.7223809,3.6425107,-147.24019
1657,0.4333335,26,0,0.6972462,3.4990032,-147.34106
1658,0.45000017,27,0,1.0785282,3.964498,-147.05334
1659,0.45000017,27,0,1.9004426,3.502603,-145.81999
1660,0.45000017,27,0,2.1764436,3.164941,-145.94554
1661,0.45000017,27,0,0.41461092,3.05181,-145.20253
1662,0.4333335,26,0,0.61739105,3.1689837,-145.02217
1663,0.45000017,27,0,0.90319175,2.9177737,-144.74364
1664,0.45000017,27,0,0.8633899,3.0431018,-143.80331
1665,0.4333335,26,0,0.68601483,3.0131767,-144.03317
1666,0.45000017,27,0,1.95739,3.2386103,-143.52974
1667,0.45000017,27,0,3.0688674,3.0262384,-143.60852
1668,0.45000017,27,0,1.6577207,3.4654062,-142.54697
1669,0.4333335,26,0,2.517427,2.7195675,-142.4234
1670,0.45000017,27,0,1.3553808,3.1697083,-142.20625
1671,0.4333335,26,0,1.1429167,3.134281,-141.24022
1672,0.45000017,27,0,0.89107996,2.9225767,-141.36089
1673,0.45000017,27,0,0.98760396,3.1549377,-140.8769
1674,0.45000017,27,0,2.4399915,3.048231,-140.68869
1675,0.45000017,27,0,5.575691,3.2502246,-140.07047
1676,0.4333335,26,0,2.8568614,3.3462436,-139.49712
1677,0.45000017,27,0,1.0821774,3.9485614,-139.74062
1678,0.45000017,27,0,1.8091705,3.1961374,-139.00496
1679,0.4333335,26,0,3.6974046,3.1864688,-138.41031
1680,0.4333335,26,0,2.4216478,3.326373,-137.88622
1681,0.45000017,27,0,1.498836,3.3913615,-137.49902
1682,0.4333335,26,0,2.0556178,3.4823463,-137.40146
1683,0.4333335,26,0,0.6467516,3.585906,-136.86688
1684,0.4333335,26,0,0.376197,3.5143862,-136.67357
1685,0.45000017,27,0,2.0684345,3.139797,-136.18275
1686,0.45000017,27,0,1.2157234,3.7681308,-135.55345
1687,0.45000017,27,0,0.63846856,3.8961217,-135.30748
1688,0.45000017,27,0,1.9016172,3.8544712,-134.68094
1689,0.45000017,27,0,5.0271297,3.1266263,-133.91556
1690,0.45000017,27,0,1.9978601,3.2744002,-134.04121
1691,0.45000017,27,0,3.273909,3.3089197,-134.03493
1692,0.4333335,26,0,1.0526458,3.5075376,-133.3116
1693,0.45000017,27,0,1.2242438,3.2802014,-132.6926
1694,0.45000017,27,0,0.76623523,3.173682,-132.43538
1695,0.45000017,27,0,0.6317463,3.7032156,-132.16817
1696,0.4333335,26,0,2.04166,3.7946825,-131.87962
1697,0.45000017,27,0,1.5017962,3.5557992,-131.52524
1698,0.45000017,27,0,1.3314666,3.4190617,-130.98431
1699,0.4333335,26,0,1.1458243,3.8172572,-131.04381
1700,0.4333335,26,0,1.1374694,3.2955725,-130.35938
1701,0.45000017,27,0,3.071774,3.2649674,-130.54959
1702,0.4333335,26,0,0.5922634,3.9414485,-130.0942
1703,0.45000017,27,0,1.7342355,3.8687766,-130.02798
1704,0.4333335,26,0,2.8787897,3.8016899,-130.35954
1705,0.45000017,27,0,0.43570477,3.834778,-130.96405
1706,0.45000017,27,0,0.70985615,4.15805,-130.5794
1707,0.4333335,26,0,3.3916962,6.162069,-131.12225
1708,0.45000017,27,0,0.5840718,6.8411946,-130.77232
1709,0.46666685,28,0,0.8934518,7.769141,-131.17377
1710,0.45000017,27,0,1.0087397,9.291699,-131.74548
1711,0.45000017,27,0,0.89273113,8.737326,-131.10542
1712,0.4333335,26,0,0.28498292,7.214459,-131.9486
1713,0.5666668,34,0,0.9487743,7.1023245,-131.88495
1714,0.4333335,26,0,0.40608472,5.338063,-132.18939
1715,0.45000017,27,0,1.4408835,5.200513,-132.48807
1716,0.45000017,27,0,0.9879065,5.9735327,-132.53113
1717,0.4333335,26,0,0.7737475,5.9754586,-132.92892
1718,0.45000017,27,0,0.9352974,4.4855556,-133.26884
1719,0.45000017,27,0,0.36345682,4.5682063,-133.21123
1720,0.4333335,26,0,0.5652452,4.7172465,-133.94655
1721,0.48333353,29,0,2.1618648,4.7236986,-134.04382
1722,0.46666685,28,0,2.1019223,4.3472824,-134.04362
1723,0.55000013,33,0,0.72872484,4.3328524,-134.64604
1724,0.45000017,27,0,1.4755924,4.330025,-134.65063
1725,0.4333335,26,0,1.9238578,4.549258,-135.4139
1726,0.45000017,27,0,3.0380676,4.5004234,-136.44484
1727,0.45000017,27,0,2.3979964,4.1925807,-136.3151
1728,0.45000017,27,0,3.6110616,4.5778913,-135.97804
1729,0.45000017,27,0,0.61615425,4.4894485,-137.37003
1730,0.4333335,26,0,1.4005708,4.7131696,-137.91344
1731,0.55000013,33,0,0.9937669,4.61165,-138.16272
1732,0.4333335,26,0,2.2020311,4.691834,-139.40504
1733,0.45000017,27,0,0.7456191,4.4294267,-139.40944
1734,0.45000017,27,0,1.3126202,4.344556,-139.78584
1735,0.45000017,27,0,0.22862165,4.227482,-140.70348
1736,0.4333335,26,0,1.6389456,4.5136247,-142.15437
1737,0.4333335,26,0,0.50403494,4.206209,-142.208
1738,0.45000017,27,0,3.0465758,4.071431,-142.38593
1739,0.4333335,26,0,1.075737,4.14889,-143.83319
1740,0.45000017,27,0,0.68155164,3.9206016,-143.79688
1741,0.5166668,31,0,6.1106544,4.126519,-144.43826
1742,0.45000017,27,0,0.76579696,4.4305434,-144.80856
1743,0.45000017,27,0,0.54811853,3.9287744,-145.11127
1744,0.4333335,26,0,0.764418,4.1106153,-145.03181
1745,0.45000017,27,0,1.53361,3.7894666,-145.84851
1746,0.46666685,28,0,1.7919197,4.216361,-145.58002
1747,0.45000017,27,0,0.89435995,4.2645063,-145.9838
1748,0.4333335,26,0,0.5925053,4.477654,-145.81615
1749,0.4333335,26,0,3.1492648,4.7918534,-145.34976
1750,0.4333335,26,0,0.5269897,4.1657286,-145.70578
1751,0.5000002,30,0,5.3955607,5.006841,-145.89091
1752,0.45000017,27,0,2.361667,4.737205,-145.68619
1753,0.45000017,27,0,0.7383003,5.6321673,-145.55923
1754,0.46666685,28,0,3.516974,5.2583766,-144.7779
1755,0.45000017,27,0,1.5128993,5.0540175,-144.7443
1756,0.45000017,27,0,1.7103562,5.0635767,-144.78732
1757,0.45000017,27,0,3.2990198,4.884705,-144.26709
1758,0.4333335,26,0,1.0232397,4.963165,-144.03844
1759,0.46666685,28,0,2.3610296,4.7785945,-143.39883
1760,0.45000017,27,0,0.8139789,5.3228607,-143.79688
1761,0.45000017,27,0,0.5633683,5.5038958,-143.14267
1762,0.48333353,29,0,5.671315,5.8750296,-142.77698
1763,0.4333335,26,0,1.394989,5.299799,-142.55058
1764,0.46666685,28,0,1.0939946,5.572907,-142.05756
1765,0.45000017,27,0,1.5032787,5.8518114,-141.99901
1766,0.45000017,27,0,1.428733,5.7345486,-142.24336
1767,0.45000017,27,0,1.1351714,5.790992,-141.34666
1768,0.45000017,27,0,1.8496355,6.824154,-141.69316
1769,0.45000017,27,0,2.3679166,6.110576,-141.60709
1770,0.45000017,27,0,1.7701678,6.362533,-141.26665
1771,0.46666685,28,0,2.0484166,7.592461,-140.93333
1772,0.4333335,26,0,2.457337,7.4179635,-141.287
1773,0.45000017,27,0,3.9394896,6.849736,-140.92775
1774,0.4333335,26,0,0.5191607,6.993035,-140.54973
1775,0.4333335,26,0,0.6261718,7.0325675,-141.11021
1776,0.45000017,27,0,4.1718726,7.375349,-140.87627
1777,0.4333335,26,0,0.9349921,7.538637,-141.35384
1778,0.45000017,27,0,0.6148124,7.8923616,-141.33472
1779,0.45000017,27,0,2.4274225,7.4271436,-141.2908
1780,0.45000017,27,0,2.1798851,8.069494,-141.48442
1781,0.4333335,26,0,0.3181227,8.191331,-141.99931
1782,0.4333335,26,0,1.6746644,8.304352,-141.46355
1783,0.45000017,27,0,0.9626422,8.491595,-141.03487
1784,0.4333335,26,0,0.7453502,7.975716,-141.05324
1785,0.45000017,27,0,0.68322116,7.7270374,-141.26904
1786,0.45000017,27,0,0.82362247,7.856161,-141.45685
1787,0.45000017,27,0,0.8981228,8.285779,-141.89087
1788,0.45000017,27,0,0.6828099,8.232722,-142.12463
1789,0.45000017,27,0,1.0510648,8.339487,-141.72983
1790,0.45000017,27,0,2.89382,7.9373665,-142.13116
1791,0.45000017,27,0,1.5891083,8.0904665,-141.90562
1792,0.45000017,27,0,0.8541399,8.225858,-141.70317
1793,0.45000017,27,0,3.3529308,8.475925,-142.05353
1794,0.4333335,26,0,3.6406722,8.046156,-141.99434
1795,0.45000017,27,0,0.7048452,8.423183,-142.41353
1796,0.4333335,26,0,1.6332242,8.19257,-141.77837
1797,0.46666685,28,0,1.159504,8.193295,-142.6611
1798,0.45000017,27,0,1.1178881,8.318284,-142.3474
1799,0.45000017,27,0,0.50748795,8.292329,-143.19164
1800,0.45000017,27,0,1.8312485,8.305379,-142.98288
1801,0.45000017,27,0,0.5166637,8.511019,-143.35413
1802,0.55000013,33,0,1.2286808,8.043161,-143.47272
1803,0.45000017,27,0,3.6120374,7.9705424,-141.81189
1804,0.5333335,32,0,1.863974,8.716666,-143.04018
1805,0.45000017,27,0,0.90346736,8.6025915,-142.72836
1806,0.45000017,27,0,1.0298682,8.068369,-143.3127
1807,0.45000017,27,0,0.7546837,8.198988,-142.94107
1808,0.45000017,27,0,0.6038041,8.12463,-143.08173
1809,0.5333335,32,0,0.7889812,8.011309,-142.6641
1810,0.45000017,27,0,3.8419614,7.812397,-142.77615
1811,0.45000017,27,0,1.5537549,7.485954,-143.60252
1812,0.4333335,26,0,0.7780094,7.4908237,-142.7496
1813,0.45000017,27,0,2.747393,7.724012,-143.37941
1814,0.4333335,26,0,1.2312067,7.610883,-143.31697
1815,0.45000017,27,0,3.2959087,7.5857916,-143.1391
1816,0.45000017,27,0,1.1888462,7.36605,-143.10023
1817,0.45000017,27,0,1.1334331,7.233899,-143.50093
1818,0.4333335,26,0,0.543516,7.3076444,-142.90816
1819,0.45000017,27,0,1.1746023,7.0483913,-143.62485
1820,0.5333335,32,0,6.764661,7.2456956,-142.893
1821,0.45000017,27,0,0.75935477,7.0736284,-143.50848
1822,0.4333335,26,0,1.0684371,6.877177,-142.84573
1823,0.4333335,26,0,0.29629713,7.203741,-143.79933
1824,0.4333335,26,0,0.5133925,6.803536,-143.47882
1825,0.55000013,33,0,1.464008,6.94907,-143.21037
1826,0.45000017,27,0,0.8581612,6.1998806,-143.74252
1827,0.4333335,26,0,1.2742124,6.4881425,-143.91844
1828,0.46666685,28,0,2.1596744,6.4557037,-143.86209
1829,0.4333335,26,0,0.75145066,5.974552,-144.02599
1830,0.61666673,37,0,3.9230075,5.9795804,-143.74489
1831,0.4333335,26,0,2.8106055,6.217434,-143.83978
1832,0.45000017,27,0,0.7871556,6.06068,-143.4619
1833,0.45000017,27,0,1.3928341,6.512369,-144.08801
1834,0.45000017,27,0,0.7275787,6.21312,-143.77992
1835,0.45000017,27,0,4.789208,5.97437,-143.95319
1836,0.4333335,26,0,0.9293659,6.337357,-143.89938
1837,0.45000017,27,0,2.036221,6.2866783,-143.11653
1838,0.5666668,34,0,1.2744375,6.154027,-144.44257
1839,0.45000017,27,0,0.96570295,5.8413754,-143.35841
1840,0.45000017,27,0,0.9503345,5.8006897,-144.08624
1841,0.45000017,27,0,1.5153908,5.3901825,-143.70392
1842,0.45000017,27,0,1.6920346,5.8892956,-143.96758
1843,0.4333335,26,0,0.45990032,5.6252694,-143.94133
1844,0.45000017,27,0,2.5113328,5.3935266,-143.49841
1845,0.45000017,27,0,3.189358,5.906588,-144.28806
1846,0.45000017,27,0,1.335763,5.575564,-143.0629
1847,0.5166668,31,0,3.550692,5.4673634,-143.38197
1848,0.48333353,29,0,1.1480933,5.757003,-143.47467
1849,0.45000017,27,0,2.622546,5.12161,-143.60277
1850,0.48333353,29,0,5.580872,5.2498198,-142.48108
1851,0.5166668,31,0,1.20582,5.153112,-142.25821
1852,0.4333335,26,0,0.50935125,5.3262386,-143.22496
1853,0.48333353,29,0,6.684732,5.096432,-142.41022
1854,0.45000017,27,0,1.5387155,5.1384406,-142.50078
1855,0.45000017,27,0,0.940809,5.2204533,-142.0608
1856,0.4333335,26,0,0.5879018,5.0615134,-142.47858
1857,0.5666668,34,0,1.3696803,4.821449,-142.62648
1858,0.5000002,30,0,2.2942255,4.9376388,-141.33492
1859,0.45000017,27,0,1.5413942,4.9373446,-141.04633
1860,0.58333343,35,0,2.1080725,4.769711,-141.41716
1861,0.5000002,30,0,1.552276,4.511771,-140.61447
1862,0.45000017,27,0,1.1464319,4.654397,-140.15952
1863,0.48333353,29,0,6.3325768,4.8413196,-140.37398
1864,0.5000002,30,0,5.136605,4.9086614,-140.04483
1865,0.45000017,27,0,1.6248562,5.055544,-139.49896
1866,0.45000017,27,0,0.80813515,4.8354955,-138.81818
1867,0.48333353,29,0,2.0114875,4.6560445,-138.7487
1868,0.5333335,32,0,3.4704268,4.4758716,-138.705
1869,0.68333334,41,0,0.5101529,4.5204782,-137.60628
1870,0.45000017,27,0,1.5888606,4.930738,-137.39279
1871,0.45000017,27,0,0.9935775,4.876577,-138.23915
1872,0.4333335,26,0,0.75789547,4.5160575,-137.4519
1873,0.46666685,28,0,0.49745747,4.5874906,-137.152
1874,0.45000017,27,0,5.224881,4.832171,-136.56268
1875,0.46666685,28,0,0.8532174,4.489989,-136.49335
1876,0.48333353,29,0,1.2975488,4.431734,-136.44385
1877,0.46666685,28,0,1.0004447,4.4290814,-136.41684
1878,0.46666685,28,0,3.1435513,4.3106117,-135.45381
1879,0.55000013,33,0,1.1926451,4.328598,-134.95145
1880,0.4333335,26,0,1.2824028,4.1344643,-135.13295
1881,0.45000017,27,0,1.3351868,4.422354,-134.52002
1882,0.45000017,27,0,2.0330493,4.179384,-134.20952
1883,0.4333335,26,0,1.315079,4.546842,-133.5507
1884,0.5000002,30,0,3.505973,4.3948936,-133.11777
1885,0.74999994,45,0,1.7336944,4.194415,-132.4108
1886,0.5166668,31,0,0.9437552,4.4536333,-131.63493
1887,0.55000013,33,0,4.864883,4.1430063,-131.2997
1888,0.4333335,26,0,0.8869653,4.2785983,-130.69592
1889,0.4333335,26,0,0.7875182,4.097363,-130.94093
1890,0.4333335,26,0,1.1622635,4.44242,-129.57605
1891,0.4333335,26,0,2.5628736,4.3970766,-129.941
1892,0.7666666,46,0,1.7577428,4.31179,-129.60158
1893,0.4333335,26,0,0.5170228,4.3844595,-129.10963
1894,0.45000017,27,0,2.4928823,4.285712,-128.52357
1895,0.45000017,27,0,0.7983224,4.255331,-128.17818
1896,0.6333334,38,0,0.7556077,4.409461,-127.7921
1897,0.74999994,45,0,1.2743076,4.510727,-129.76715
1898,0.7333333,44,0,0.8089792,5.670722,-130.30867
1899,0.7666666,46,0,4.2756114,9.459355,-130.4785
1900,0.7666666,46,0,2.0145276,10.358754,-130.66183
1901,0.74999994,45,0,0.8985199,8.740826,-130.55626
1902,0.88333315,53,0,3.563066,7.267654,-130.11304
1903,0.46666685,28,0,2.928958,6.790083,-129.9566
1904,0.8333332,50,0,1.3773092,6.7856536,-130.04768
1905,0.45000017,27,0,0.9617576,6.186293,-130.61142
1906,0.5000002,30,0,1.7634895,6.170139,-129.6476
1907,0.65000004,39,0,0.4829817,5.762112,-130.13402
1908,0.6333334,38,0,2.8739867,5.7874746,-130.69983
1909,0.7999999,48,0,2.3113208,5.8512144,-130.82985
1910,0.5166668,31,0,2.3409688,6.0117683,-130.69098
1911,0.65000004,39,0,10.091853,5.6838117,-130.86868
1912,0.8333332,50,0,6.155247,4.964242,-131.17874
1913,0.71666664,43,0,6.2940316,4.3152227,-130.95526
1914,1.3499994,81,0,5.880754,4.1752024,-130.66737
1915,0.81666654,49,0,6.0542674,4.022661,-130.58011
1916,0.5166668,31,0,1.207879,3.4962006,-130.76453
1917,0.74999994,45,0,1.8234656,3.5120835,-130.3701
1918,0.65000004,39,0,1.2978795,3.4599876,-130.22261
1919,0.6333334,38,0,1.976796,3.3384862,-129.88666
1920,0.48333353,29,0,0.8026243,2.9716427,-130.44275
1921,0.71666664,43,0,21.252842,3.3365598,-130.10765
1922,1.1666663,70,0,10.579781,3.0778646,-129.23094
1923,0.9999997,60,0,1.6410835,2.8858132,-129.13802
1924,0.5333335,32,0,1.735128,2.9884672,-128.87851
1925,0.65000004,39,0,3.1095011,2.7911303,-128.81372
1926,0.6333334,38,0,4.2856636,2.8554492,-128.84448
1927,0.5000002,30,0,2.7781274,3.0761535,-128.76424
1928,1.3333328,80,0,9.711474,2.6858933,-128.34058
1929,3.0166645,181,0,58.08881,2.6351357,-127.70125
1930,0.78333324,47,0,1.486218,2.4246852,-127.36009
1931,1.083333,65,0,2.0501003,2.469384,-127.37497
1932,0.6666667,40,0,1.4430898,2.499983,-127.06903
1933,0.88333315,53,0,1.80481,2.3862085,-127.09109
1934,0.98333305,59,0,2.17816,2.3799076,-126.83467
1935,0.6000001,36,0,0.8073747,2.2035208,-126.511765
1936,0.74999994,45,0,3.418629,2.1745453,-126.49423
1937,0.7666666,46,0,1.8856844,2.2998614,-126.55712
1938,1.133333,68,0,0.62306124,2.2726314,-126.48535
1939,0.88333315,53,0,2.6294324,2.2799404,-126.221275
1940,0.65000004,39,0,1.083243,2.1257455,-125.759186
1941,0.9333331,56,0,7.6314163,2.0471377,-126.18903
1942,0.8333332,50,0,3.3786051,2.1111228,-125.93923
1943,0.88333315,53,0,1.2597084,2.0184977,-125.596634
1944,0.94999975,57,0,16.470198,2.0763116,-125.54968
1945,0.5333335,32,0,1.69171,2.0787342,-125.54081
1946,0.81666654,49,0,1.9718928,2.3285394,-125.45152
1947,0.6666667,40,0,6.9252944,2.0906875,-124.962425
1948,1.3999994,84,0,5.697154,2.2565877,-125.241875
1949,0.81666654,49,0,2.6909244,2.1295142,-125.10506
1950,0.88333315,53,0,5.502124,2.3382437,-124.78486
1951,1.1666663,70,0,1.5508842,2.3067322,-124.81073
1952,0.7999999,48,0,2.2634,1.9696511,-124.64282
1953,3.0166645,181,0,27.40116,2.0696073,-124.20597
1954,1.1166663,67,0,0.9852048,2.036281,-123.77441
1955,0.74999994,45,0,1.124835,2.0224159,-123.47386
1956,2.6999981,162,0,60.93864,1.9798208,-123.11836
1957,3.0166645,181,0,17.6591,2.0014873,-122.63911
1958,1.8333323,110,0,28.776157,1.9467833,-122.17355
1959,0.6000001,36,0,0.7126307,2.1349158,-121.78323
1960,0.71666664,43,0,1.7253122,2.1190503,-121.97623
1961,0.65000004,39,0,2.1300128,1.8900903,-122.179276
1962,1.3666661,82,0,4.3233676,2.0919747,-121.931015
1963,0.65000004,39,0,1.1253475,2.0009983,-121.82639
1964,1.2166662,73,0,3.9587107,2.0548925,-121.44389
1965,0.9999997,60,0,3.6336563,2.0003557,-121.37467
1966,0.58333343,35,0,0.9061723,2.28437,-121.24361
1967,0.78333324,47,0,6.257452,2.1711104,-120.922226
1968,0.55000013,33,0,0.760389,2.1459143,-121.09129
1969,0.61666673,37,0,0.43530935,2.0543327,-121.23808
1970,0.6333334,38,0,0.81942284,2.3330412,-120.9066
1971,0.84999985,51,0,2.9865453,2.1385746,-120.64101
1972,0.8333332,50,0,0.65923655,2.138056,-120.34489
1973,0.88333315,53,0,13.173137,2.3231604,-120.58741
1974,0.7333333,44,0,0.82444465,2.1163003,-120.55593
1975,0.61666673,37,0,0.28971726,2.2834272,-120.42793
1976,0.7,42,0,0.6533519,2.2590053,-120.56854
1977,1.0166664,61,0,2.337394,2.2922122,-120.34796
1978,0.78333324,47,0,2.7002277,2.2814984,-120.100174
1979,0.6666667,40,0,0.41241887,2.4615264,-120.26159
1980,0.74999994,45,0,3.3248382,2.274195,-120.193634
1981,0.6000001,36,0,0.3285671,2.3968148,-120.31608
1982,1.9499989,117,0,74.04626,2.3364124,-119.8813
1983,0.7,42,0,0.67048335,2.342043,-119.97337
1984,1.4999993,90,0,25.9209,2.5550733,-119.63196
1985,0.6333334,38,0,1.546218,2.5902343,-119.667755
1986,0.6333334,38,0,0.5946544,2.3197296,-120.02006
1987,0.68333334,41,0,1.6107776,2.4788249,-119.620094
1988,1.0166664,61,0,0.8585933,2.3764865,-119.67873
1989,2.3499985,141,0,65.21157,2.4671514,-119.53377
1990,0.8999998,54,0,3.3077302,2.352383,-119.23778
1991,0.6000001,36,0,0.74994147,2.308008,-119.07286
1992,0.88333315,53,0,0.22869478,2.620652,-119.3274
1993,1.0499997,63,0,2.2017922,2.5864158,-119.47362
1994,1.4333327,86,0,9.303455,2.380172,-119.14553
1995,0.8999998,54,0,0.3268946,2.5524216,-119.33222
1996,0.7333333,44,0,2.1315036,2.613812,-119.3554
1997,1.1166663,67,0,16.906004,2.474088,-119.303825
1998,0.94999975,57,0,9.15592,2.6870325,-119.56462
1999,0.7666666,46,0,3.7270432,2.8762236,-119.660576
2000,0.8333332,50,0,3.355821,2.781433,-119.36545
2001,0.8666665,52,0,3.4800673,2.5870383,-119.939964
2002,0.7999999,48,0,2.8719068,2.6111186,-119.57842
2003,0.74999994,45,0,1.2850502,2.5604267,-119.7737
2004,0.81666654,49,0,0.8651327,2.5602365,-119.759285
2005,0.7999999,48,0,3.4035006,2.6709602,-119.93748
2006,1.0999997,66,0,3.099068,2.4749367,-120.03217
2007,0.81666654,49,0,1.9885396,2.4995255,-119.70402
2008,1.0333331,62,0,3.1527612,2.560602,-120.30935
2009,1.2833328,77,0,4.912093,2.76789,-120.41235
2010,0.7333333,44,0,2.7368386,2.4292998,-120.26534
2011,0.9333331,56,0,4.894601,2.61228,-120.24537
2012,0.71666664,43,0,0.357538,2.4438102,-120.34517
2013,0.84999985,51,0,15.305035,2.5416558,-120.10829
2014,1.0333331,62,0,2.945787,2.5852234,-119.90487
2015,0.78333324,47,0,2.0998855,2.6101592,-119.499664
2016,0.81666654,49,0,1.3587654,2.5925426,-119.70724
2017,0.7666666,46,0,1.1677178,2.5259018,-119.48179
2018,0.6333334,38,0,2.1764395,2.5193183,-119.67882
2019,0.7666666,46,0,1.845284,2.6152732,-119.39658
2020,0.6333334,38,0,1.4953384,2.9627192,-119.31547
2021,0.55000013,33,0,1.9964972,2.5596478,-119.52124
2022,0.71666664,43,0,1.4068685,2.703283,-119.26537
2023,1.6333325,98,0,40.75621,2.647494,-119.041626
2024,0.6333334,38,0,0.4698398,2.7249234,-119.40236
2025,0.6666667,40,0,0.45181698,2.6009579,-119.30347
2026,0.7,42,0,0.69247115,2.632722,-119.05406
2027,0.61666673,37,0,0.78440213,2.6410968,-118.72172
2028,0.74999994,45,0,10.439302,2.7451773,-119.43201
2029,0.68333334,41,0,3.1201656,2.6936507,-118.64367
2030,0.6333334,38,0,0.9614863,2.4800386,-118.70243
2031,0.58333343,35,0,0.7905207,2.751384,-118.56078
2032,0.6333334,38,0,1.0753754,2.797429,-118.73831
2033,0.71666664,43,0,2.8431156,2.8106413,-118.760185
2034,0.6666667,40,0,4.9536753,2.5860481,-118.44873
2035,0.61666673,37,0,1.3461045,2.4047456,-118.144684
2036,0.5666668,34,0,0.6022286,2.5249953,-118.374596
2037,0.68333334,41,0,4.87281,2.650214,-117.50362
2038,0.65000004,39,0,0.39117768,2.773152,-117.96472
2039,0.6333334,38,0,1.1715789,2.6239388,-117.86417
2040,1.4333327,86,0,82.25794,2.5045626,-117.641075
2041,0.6000001,36,0,2.4119246,2.5247478,-117.844734
2042,0.5666668,34,0,2.0653446,2.4253824,-117.2528
2043,0.6000001,36,0,3.5689237,2.4880483,-117.423515
2044,0.7333333,44,0,1.4574851,2.29841,-117.703545
2045,0.74999994,45,0,1.4438448,2.356894,-117.16487
2046,0.78333324,47,0,1.5174197,2.3402076,-117.42183
2047,0.6666667,40,0,1.1576691,2.1801522,-117.35844
2048,0.68333334,41,0,1.8564423,2.284857,-117.291794
2049,0.6333334,38,0,2.1809933,2.3837245,-117.25479
2050,0.6666667,40,0,2.1302252,2.318381,-116.93362
2051,0.61666673,37,0,1.5112244,2.26935,-116.99012
2052,0.58333343,35,0,1.298664,2.0536938,-116.84493
2053,0.74999994,45,0,0.5331185,2.169081,-117.1227
2054,0.65000004,39,0,0.92804617,2.2843297,-116.74859
2055,0.6333334,38,0,1.2414782,2.4811292,-116.65013
2056,0.65000004,39,0,0.9823238,2.0808086,-116.445076
2057,0.6666667,40,0,3.3068295,1.9891012,-116.472435
2058,0.65000004,39,0,1.6789922,1.9641305,-116.12099
2059,0.74999994,45,0,1.1292738,2.0828521,-116.22849
2060,0.71666664,43,0,0.8574867,2.1839588,-116.02272
2061,0.6666667,40,0,1.6893518,2.1692307,-116.258484
2062,0.68333334,41,0,1.8458502,2.1121519,-116.02422
2063,0.78333324,47,0,1.4152163,2.1325862,-116.085495
2064,0.65000004,39,0,1.7504998,2.2449248,-115.345825
2065,0.74999994,45,0,1.7540741,2.0490708,-115.84403
2066,0.71666664,43,0,3.4876397,2.099058,-115.75563
2067,0.7666666,46,0,5.023127,2.0428243,-115.07928
2068,0.6333334,38,0,1.3312547,2.0529213,-115.52725
2069,0.6666667,40,0,1.3459455,2.140014,-115.16483
2070,0.74999994,45,0,3.2330158,2.1734269,-114.63923
2071,0.58333343,35,0,1.2295364,2.0392232,-114.40018
2072,0.7,42,0,4.7908435,2.135469,-114.62321
2073,0.7333333,44,0,6.370707,2.1817436,-114.53005
2074,0.7333333,44,0,0.6959131,2.127654,-114.560265
2075,0.71666664,43,0,1.6364667,2.1909325,-113.83343
2076,0.71666664,43,0,2.0653021,2.2947803,-113.848404
2077,0.7999999,48,0,2.0899227,2.330304,-113.53578
2078,0.7666666,46,0,5.1278963,2.2259617,-113.61624
2079,0.71666664,43,0,2.8281794,2.3956804,-113.00512
2080,0.7,42,0,1.9600459,2.4251225,-112.974266
2081,0.7333333,44,0,3.160174,2.2647057,-113.070175
2082,0.65000004,39,0,8.966424,2.507396,-112.82876
2083,0.68333334,41,0,0.39332545,2.5304377,-112.88527
2084,0.78333324,47,0,2.5419722,2.2519388,-112.59051
2085,0.65000004,39,0,1.724241,2.4404879,-112.26498
2086,0.6666667,40,0,1.335963,2.5326333,-112.06548
2087,0.65000004,39,0,3.59471,2.4461718,-111.872375
2088,0.71666664,43,0,0.8677622,2.4781218,-111.891815
2089,0.7333333,44,0,1.6626449,2.3681848,-111.911705
2090,0.7,42,0,2.6047843,2.4213314,-111.946205
2091,0.7666666,46,0,0.8024435,2.6085703,-111.68611
2092,0.68333334,41,0,1.2107524,2.7433002,-111.7112
2093,0.6000001,36,0,1.7172002,2.3993845,-111.19581
2094,0.6666667,40,0,1.6457568,2.6567066,-110.96148
2095,0.58333343,35,0,0.5778087,2.5326505,-110.638794
2096,0.68333334,41,0,1.7079613,2.6021197,-110.31947
2097,0.7333333,44,0,4.740785,2.7133374,-110.6612
2098,0.68333334,41,0,3.3796434,2.5130663,-110.52445
2099,0.6333334,38,0,1.5410122,2.6881037,-109.98489
2100,0.74999994,45,0,2.9438498,2.4775064,-109.96124
2101,0.68333334,41,0,1.1543685,2.5329897,-109.4835
2102,0.65000004,39,0,0.62509483,2.7443993,-109.62658
2103,0.71666664,43,0,1.28055,2.4068065,-109.5215
2104,0.71666664,43,0,3.2692056,2.647446,-109.18374
2105,0.81666654,49,0,2.2411048,2.384142,-108.932304
2106,0.74999994,45,0,0.8283417,2.4662979,-108.74966
2107,0.7,42,0,0.77829,2.5279458,-108.62538
2108,0.68333334,41,0,0.7521009,2.8542595,-108.62334
2109,0.6666667,40,0,1.0467254,2.754154,-108.73167
2110,0.7333333,44,0,2.696805,2.7051752,-108.81476
2111,0.6333334,38,0,0.9215573,2.8421903,-108.47659
2112,0.74999994,45,0,0.32081974,2.9397287,-108.32815
2113,0.5666668,34,0,1.3047156,3.0578907,-108.719025
2114,0.74999994,45,0,2.3812642,2.9239047,-108.805595
2115,0.8999998,54,0,0.9036679,2.740273,-108.42252
2116,0.74999994,45,0,6.08474,2.8736413,-108.32633
2117,0.68333334,41,0,1.0950395,2.8621607,-108.48073
2118,0.6333334,38,0,0.3614985,2.8397696,-108.123375
2119,0.71666664,43,0,1.5772038,2.5066652,-108.12281
2120,0.7,42,0,0.60638666,2.6632879,-108.15442
2121,0.6333334,38,0,0.97599226,2.7258584,-107.92695
2122,0.7666666,46,0,7.877166,2.8439653,-107.89489
2123,0.8666665,52,0,2.1569004,2.7366247,-107.81725
2124,1.1833329,71,0,33.16117,2.6429849,-107.67706
2125,0.9999997,60,0,4.859827,2.5154972,-107.27306
2126,0.71666664,43,0,1.3356558,2.5428746,-107.18414
2127,0.7666666,46,0,7.5814414,2.6070578,-107.47131
2128,0.7666666,46,0,3.894168,2.528152,-106.72903
2129,0.74999994,45,0,1.7920597,2.4757214,-106.85595
2130,0.74999994,45,0,3.107817,2.513332,-106.741516
2131,0.7666666,46,0,7.764197,2.4965227,-106.70845
2132,0.65000004,39,0,1.5020695,2.4220095,-106.557945
2133,0.68333334,41,0,5.8643436,2.367032,-106.45559
2134,1.5333326,92,0,68.31758,2.5749454,-106.26269
2135,0.61666673,37,0,1.472706,2.4229884,-106.47064
2136,0.84999985,51,0,5.39785,2.507185,-106.31877
2137,0.7666666,46,0,1.101293,2.4425676,-106.19072
2138,0.6666667,40,0,2.8404057,2.4971387,-105.80243
2139,0.7666666,46,0,5.0062,2.4243758,-105.95749
2140,0.68333334,41,0,2.4436967,2.4748063,-105.91191
2141,0.8999998,54,0,3.7876344,2.4244678,-105.670364
2142,0.7666666,46,0,2.3777013,2.3625715,-105.66321
2143,0.65000004,39,0,0.34722704,2.4403923,-105.643936
2144,0.71666664,43,0,6.5232887,2.3266997,-105.138794
2145,0.6333334,38,0,2.6660712,2.3012338,-105.01187
2146,0.68333334,41,0,3.2938569,2.3707106,-105.02136
2147,0.7,42,0,3.9580917,2.26232,-105.260704
2148,0.7,42,0,0.5586221,2.2071807,-104.61632
2149,0.7333333,44,0,0.95688665,2.3159184,-104.83325
2150,0.7333333,44,0,6.479387,2.283415,-104.671074
2151,0.68333334,41,0,2.257124,2.341816,-104.61589
2152,0.88333315,53,0,0.71003306,2.2612448,-104.34372
2153,0.88333315,53,0,1.2057301,2.3871052,-104.289215
2154,0.8333332,50,0,1.6972309,2.2963707,-104.17187
2155,0.7666666,46,0,1.2473342,2.1818223,-104.03278
2156,0.78333324,47,0,3.567136,2.2061777,-104.07555
2157,0.74999994,45,0,4.559107,2.1467977,-103.830666
2158,3.0166645,181,0,18.057165,2.1004179,-103.66719
2159,0.71666664,43,0,3.2258909,2.0774508,-103.34407
2160,0.74999994,45,0,3.2169797,2.1440694,-103.290504
2161,0.7666666,46,0,1.5777106,2.026231,-103.13836
2162,0.8999998,54,0,10.959056,1.9951985,-103.050095
2163,0.91666645,55,0,0.95028454,2.0229895,-102.63274
2164,1.0499997,63,0,4.525737,2.003613,-102.60935
2165,0.78333324,47,0,0.7468467,1.926604,-102.41663
2166,1.1166663,67,0,7.280589,1.9987108,-102.484245
2167,0.6666667,40,0,3.1239057,1.9928135,-101.945145
2168,1.466666,88,0,26.727097,1.9188606,-102.01395
2169,0.71666664,43,0,2.1580908,1.8276771,-101.821754
2170,0.7999999,48,0,2.2925541,1.9814956,-101.75029
2171,1.0166664,61,0,2.9920402,1.9603442,-101.41733
2172,0.71666664,43,0,4.276279,1.8462532,-101.21151
2173,0.7,42,0,3.4872541,1.9868603,-101.14928
2174,0.8666665,52,0,6.9531274,1.7945572,-100.96216
2175,0.68333334,41,0,1.1238352,1.7113177,-100.99908
2176,0.65000004,39,0,6.6836987,1.692426,-101.03081
2177,2.4499984,147,0,102.971176,1.7128959,-100.38733
2178,0.61666673,37,0,1.0211908,1.704844,-100.13309
2179,1.5999992,96,0,59.36539,1.7089165,-100.0353
2180,0.7333333,44,0,0.633032,1.6671293,-99.85412
2181,1.9833322,119,0,82.504654,1.6906286,-99.4752
2182,0.91666645,55,0,1.3857034,1.6674424,-99.09814
2183,0.61666673,37,0,0.90609676,1.6940212,-98.7948
2184,1.3499994,81,0,9.966557,1.5917934,-98.780334
2185,1.0333331,62,0,5.7262855,1.6593156,-98.82248
2186,0.91666645,55,0,5.084748,1.5104147,-98.753685
2187,0.88333315,53,0,0.81653845,2.1806316,-98.238205
2188,1.7333324,104,0,88.728966,2.3335223,-97.841675
2189,3.0166645,181,0,193.25383,1.5236388,-97.49355
2190,0.61666673,37,0,3.2503576,1.5407492,-97.06604
2191,3.0166645,181,0,119.71238,1.4877756,-96.78557
2192,1.849999,111,0,1.5161365,1.5567675,-96.15187
2193,2.566665,154,0,81.95314,1.4158261,-95.69491
2194,3.0166645,181,0,283.16202,1.4192172,-95.05236
2195,0.6333334,38,0,3.6201653,1.3785483,-95.04802
2196,2.8333313,170,0,46.51075,1.4493111,-93.99103
2197,0.7666666,46,0,5.9036503,1.4574162,-93.79846
2198,3.0166645,181,0,139.29407,1.3150274,-93.24957
2199,0.5666668,34,0,0.97220176,1.2503617,-92.86619
2200,1.3833327,83,0,13.068198,1.4757965,-92.66751
2201,0.61666673,37,0,1.623033,1.3424586,-92.13972
2202,3.0166645,181,0,78.698074,1.4685411,-91.975555
2203,1.4999993,90,0,36.68748,1.2462904,-91.56896
2204,1.7333324,104,0,16.57155,1.1948581,-91.12933
2205,1.083333,65,0,21.90796,1.1573025,-90.99814
2206,0.6666667,40,0,1.5412883,1.1185327,-90.68511
2207,3.0166645,181,0,89.17533,1.1201568,-90.244736
2208,3.0166645,181,0,16.56966,1.103176,-89.65372
2209,0.65000004,39,0,0.5324732,1.1389964,-89.2238
2210,2.8166647,169,0,52.13423,1.0963,-88.9447
2211,3.0166645,181,0,24.248487,1.0813513,-88.615486
2212,3.0166645,181,0,188.80383,1.0119079,-87.90572
2213,2.9999979,180,0,21.260904,1.0585197,-87.30438
2214,3.0166645,181,0,36.04082,0.9574022,-86.83829
2215,2.8666646,172,0,62.819508,1.1481339,-86.07946
2216,3.0166645,181,0,248.58273,1.7791067,-85.538536
2217,2.183332,131,0,49.4049,0.92876357,-85.175644
2218,3.0166645,181,0,213.19577,0.93214595,-84.79744
2219,2.4999983,150,0,85.436554,0.92040706,-84.37821
2220,1.2333329,74,0,14.56985,0.90547466,-83.8819
2221,1.2999995,78,0,2.2325966,0.9370855,-83.83466
2222,1.8166656,109,0,23.997873,0.9463567,-83.635376
2223,0.84999985,51,0,1.4110568,0.97337294,-83.246056
2224,3.0166645,181,0,86.462395,0.9614779,-83.154015
2225,2.3999984,144,0,79.52795,1.0072008,-82.480545
2226,3.0166645,181,0,16.016708,0.96089923,-82.24504
2227,3.0166645,181,0,230.52065,0.9520685,-81.818886
2228,2.5499983,153,0,24.128052,0.94172084,-81.245155
2229,3.0166645,181,0,113.48267,0.9357972,-81.03546
2230,0.7999999,48,0,1.2778751,1.0326436,-80.13892
2231,3.0166645,181,0,154.64119,2.1694224,-80.11159
2232,2.2666652,136,0,138.87578,1.3893123,-79.92234
2233,2.8333313,170,0,127.009346,1.0159451,-79.43446
2234,0.84999985,51,0,1.6477435,0.9957501,-79.19373
2235,0.9333331,56,0,1.7165624,0.993917,-79.363594
2236,2.3999984,144,0,85.72011,1.1899341,-79.03665
2237,1.9833322,119,0,57.57656,1.1174372,-78.649734
2238,3.0166645,181,0,19.692465,0.99419963,-78.447105
2239,1.6499991,99,0,97.16206,1.0177655,-77.96265
2240,1.083333,65,0,0.8612601,1.0305791,-77.83184
2241,3.0166645,181,0,250.89072,1.1618992,-77.64247
2242,0.74999994,45,0,2.3119848,1.0674239,-77.34807
2243,3.0166645,181,0,253.84026,1.6298451,-77.13661
2244,0.8333332,50,0,0.5341224,1.3103445,-76.89629
2245,3.0166645,181,0,23.148016,1.9379927,-76.74078
2246,1.133333,68,0,10.3958025,1.0816984,-76.82274
2247,2.1999986,132,0,92.08076,1.0825071,-76.60922
2248,0.7666666,46,0,1.8323189,1.0957037,-76.23835
2249,1.6999991,102,0,0.6870084,1.0898668,-76.70639
2250,3.0166645,181,0,162.17047,1.1154581,-76.39597
2251,0.8999998,54,0,5.76322,1.058521,-75.85511
2252,3.0166645,181,0,260.45255,1.259215,-75.99053
2253,0.5333335,32,0,1.2446882,1.4970449,-75.719124
2254,0.5333335,32,0,1.9196105,1.2016678,-76.21095
2255,3.0166645,181,0,249.15872,1.3308532,-75.44561
2256,0.81666654,49,0,11.27798,1.271305,-75.41371
2257,0.81666654,49,0,3.3285997,1.155333,-74.99675
2258,1.0166664,61,0,1.8108509,1.1417401,-75.641914
2259,1.0499997,63,0,2.5121255,1.1504027,-75.30183
2260,1.416666,85,0,43.778786,1.1208568,-75.31866
2261,0.9999997,60,0,2.5314572,1.4166569,-74.85858
2262,1.1166663,67,0,33.665695,1.2114048,-74.61294
2263,0.91666645,55,0,0.96269727,1.1786411,-74.76672
2264,3.0166645,181,0,300.87616,1.693286,-74.776634
2265,3.0166645,181,0,194.32176,2.787431,-74.68224
2266,3.0166645,181,0,209.57478,1.4870958,-74.77526
2267,3.0166645,181,0,237.72437,1.4264585,-74.67671
2268,1.8166656,109,0,59.780697,1.378324,-74.29954
2269,0.74999994,45,0,1.7536385,1.3276546,-74.51596
2270,0.78333324,47,0,0.40371013,1.2794938,-74.00988
2271,3.0166645,181,0,310.17163,1.3850225,-74.43923
2272,0.7999999,48,0,1.1781614,1.2877825,-74.14421
2273,3.0166645,181,0,297.1137,1.4224988,-74.02077
2274,3.0166645,181,0,335.0943,1.5208153,-74.06741
2275,3.0166645,181,0,257.7252,1.6095107,-73.92219
2276,3.0166645,181,0,360.4334,1.7059568,-73.9428
2277,3.0166645,181,0,301.17606,1.8198832,-74.05635
2278,3.0166645,181,0,367.7533,1.4556261,-74.2296
2279,0.78333324,47,0,1.5402327,1.4129885,-74.38985
2280,3.0166645,181,0,356.446,1.5601332,-74.02573
2281,3.0166645,181,0,350.0289,1.628291,-74.00101
2282,0.9333331,56,0,0.79939055,1.5552162,-74.312645
2283,0.84999985,51,0,1.2220334,1.5418156,-74.03509
2284,3.0166645,181,0,380.03333,1.5592871,-74.161514
2285,0.7666666,46,0,2.599673,1.6435463,-74.2994
2286,3.0166645,181,0,293.285,1.5907941,-74.024605
2287,3.0166645,181,0,316.66714,1.774928,-74.09478
2288,0.78333324,47,0,2.5380812,4.9561186,-74.11393
2289,3.0166645,181,0,242.52892,2.8983247,-74.24198
2290,0.74999994,45,0,0.31176436,3.086242,-74.53368
2291,1.2499995,75,0,1.7605494,1.8614895,-74.326385
2292,0.8666665,52,0,3.5048227,1.8579838,-74.4648
2293,0.7666666,46,0,0.9120306,1.8914887,-74.47521
2294,0.7666666,46,0,2.3212416,1.8628322,-74.28846
2295,0.7666666,46,0,1.9432079,1.8525093,-75.0131
2296,0.78333324,47,0,0.26168013,1.8612106,-74.43593
2297,0.78333324,47,0,0.8411736,2.0103433,-74.53451
2298,0.8999998,54,0,10.086956,2.2683516,-74.728584
2299,0.74999994,45,0,3.8845875,2.3505406,-74.29392
2300,0.7999999,48,0,4.329575,2.092714,-74.795784
2301,0.74999994,45,0,1.0670009,1.8938239,-74.60825
2302,0.84999985,51,0,6.060901,1.9351263,-75.29669
2303,0.84999985,51,0,9.425794,1.9827315,-74.84204
2304,0.7666666,46,0,1.4555713,1.9107324,-74.763985
2305,3.0166645,181,0,350.70435,1.8907372,-75.22667
2306,3.0166645,181,0,181.36353,2.114172,-75.224
2307,3.0166645,181,0,301.49976,2.0802612,-75.61513
2308,3.0166645,181,0,336.1046,2.2062085,-75.74934
2309,0.88333315,53,0,3.9103165,2.105761,-75.95847
2310,3.0166645,181,0,334.0154,2.3204913,-76.115074
2311,0.7666666,46,0,2.5909655,2.5923595,-75.7294
2312,0.8333332,50,0,11.514392,2.728116,-75.497
2313,0.78333324,47,0,0.8842691,2.8158417,-76.30138
2314,0.78333324,47,0,4.970991,2.229765,-75.94253
2315,3.0166645,181,0,318.09225,2.4363217,-76.57481
2316,0.74999994,45,0,2.5240073,2.3845012,-76.77344
2317,0.7666666,46,0,1.4820575,3.1443536,-76.657814
2318,0.78333324,47,0,3.6599326,2.2433121,-76.65759
2319,0.9333331,56,0,23.242271,2.341649,-76.72129
2320,0.8666665,52,0,4.6707497,2.1775215,-76.741066
2321,0.74999994,45,0,1.2681364,2.2747989,-76.93344
2322,0.74999994,45,0,3.52665,2.223795,-77.02067
2323,0.7666666,46,0,1.1527419,2.278882,-76.56051
2324,0.78333324,47,0,0.4310804,2.4150083,-77.36542
2325,2.183332,131,0,20.229275,2.4375815,-77.25297
2326,0.7666666,46,0,0.6445222,2.3119707,-77.38488
2327,0.94999975,57,0,3.121626,2.3473768,-77.53191
2328,0.7666666,46,0,1.27384,2.5799258,-77.31485
2329,1.749999,105,0,20.460238,3.5817137,-77.829926
2330,3.0166645,181,0,365.83667,2.6509151,-77.83463
2331,0.7666666,46,0,0.6350856,2.2028325,-77.921974
2332,3.0166645,181,0,289.95197,2.27817,-78.07568
2333,0.78333324,47,0,0.43104562,2.1887565,-78.17662
2334,0.7999999,48,0,4.0445876,2.2347531,-78.0494
2335,3.0166645,181,0,333.57852,2.245702,-78.51954
2336,0.78333324,47,0,0.9875891,2.1321256,-78.36797
2337,1.8166656,109,0,61.46924,2.1563535,-78.856995
2338,0.8666665,52,0,0.796486,2.1443543,-78.88172
2339,0.7666666,46,0,1.3462806,2.3225327,-79.080414
2340,0.81666654,49,0,0.35784197,2.2072463,-79.39592
2341,0.7666666,46,0,1.0094066,2.2157726,-79.15776
2342,0.74999994,45,0,2.916318,2.2521303,-79.348976
2343,0.7666666,46,0,3.3359187,2.108793,-79.53871
2344,0.78333324,47,0,3.0093894,2.0021865,-79.81499
2345,0.84999985,51,0,4.7953186,2.1923647,-80.03559
2346,0.88333315,53,0,6.278589,2.132209,-79.76761
2347,0.81666654,49,0,2.780115,2.4110837,-79.78275
2348,0.78333324,47,0,5.522822,2.317048,-79.60638
2349,0.74999994,45,0,1.663231,2.478389,-79.45043
2350,2.0166655,121,0,104.75369,2.1587193,-80.080345
2351,0.78333324,47,0,5.7109127,1.8890699,-80.27556
2352,0.8333332,50,0,0.6096237,1.9082083,-80.66013
2353,0.78333324,47,0,0.88473725,1.9230568,-80.384766
2354,0.81666654,49,0,3.1719759,2.0421293,-80.67581
2355,0.8999998,54,0,2.6529417,2.1138303,-80.58235
2356,0.88333315,53,0,0.8397731,1.8729265,-80.578354
2357,0.78333324,47,0,4.2020817,1.9444792,-81.072174
2358,0.74999994,45,0,2.6671515,2.0003061,-81.12139
2359,0.74999994,45,0,2.4892418,1.9881802,-81.01872
2360,0.8666665,52,0,1.9765755,1.8040707,-81.284004
2361,0.7666666,46,0,0.2717199,1.7606257,-81.25026
2362,0.78333324,47,0,0.9334935,1.9537537,-81.1819
2363,0.7666666,46,0,0.73944217,1.8827866,-80.86992
2364,0.74999994,45,0,0.41821933,1.659199,-81.68984
2365,0.74999994,45,0,1.2595986,1.7227983,-81.49355
2366,0.7666666,46,0,3.6085496,1.6877549,-81.25001
2367,0.7666666,46,0,6.2682457,1.6801732,-81.65097
2368,0.78333324,47,0,2.1597524,1.6380315,-81.39527
2369,0.7666666,46,0,0.9531032,1.6848239,-81.37823
2370,0.74999994,45,0,1.2848353,1.5605956,-81.44521
2371,0.7333333,44,0,2.0186203,1.6505053,-81.59088
2372,0.84999985,51,0,5.7050242,1.5621451,-81.31708
2373,0.74999994,45,0,1.9839617,1.5289415,-81.785515
2374,0.78333324,47,0,2.6142406,1.4927127,-82.143715
2375,0.78333324,47,0,0.43278322,1.4854779,-81.44151
2376,0.74999994,45,0,0.58052105,1.519002,-82.08018
2377,0.81666654,49,0,3.5881474,1.4532475,-81.513306
2378,0.78333324,47,0,2.5439074,1.5022764,-81.88764
2379,0.74999994,45,0,0.55960006,1.4561896,-82.02233
2380,0.78333324,47,0,3.4755542,1.6740847,-82.11659
2381,1.7666657,106,0,109.05856,1.5166061,-82.063614
2382,0.7666666,46,0,2.8894396,1.503317,-82.15628
2383,0.8333332,50,0,2.111041,1.4474415,-81.96342
2384,0.7666666,46,0,1.266558,1.3477836,-82.58984
2385,0.78333324,47,0,2.8871992,1.4685491,-81.84958
2386,0.74999994,45,0,1.749009,1.3764762,-81.85947
2387,0.7666666,46,0,1.8547075,1.4939431,-82.6205
2388,0.74999994,45,0,4.4642663,1.2483884,-82.626595
2389,0.78333324,47,0,2.8326495,1.4738786,-82.08196
2390,0.7666666,46,0,0.6055653,1.3381623,-81.72037
2391,0.8999998,54,0,1.9871643,1.3737227,-82.509445
2392,0.7666666,46,0,2.657954,1.2966527,-82.048096
2393,0.78333324,47,0,1.135607,1.3145478,-81.99396
2394,0.7666666,46,0,1.6432906,1.2543815,-82.339745
2395,0.7666666,46,0,2.4027338,1.2707797,-82.08682
2396,0.7666666,46,0,2.126536,1.2298675,-82.231705
2397,0.8666665,52,0,7.1719036,1.1104587,-82.38699
2398,1.6333325,98,0,29.579855,1.1305492,-82.170235
2399,0.7666666,46,0,0.50196385,1.1674943,-81.58906
2400,0.78333324,47,0,1.1526922,1.0852634,-81.90733
2401,0.84999985,51,0,1.711556,1.032167,-81.91829
2402,0.8666665,52,0,0.9168323,1.0793185,-81.84035
2403,1.9666655,118,0,76.55511,1.0274494,-81.98984
2404,0.74999994,45,0,0.65439945,1.0480435,-81.61057
2405,0.8333332,50,0,1.005346,0.9982049,-81.559074
2406,0.8333332,50,0,0.3858053,0.9898531,-81.55514
2407,0.8333332,50,0,0.60015607,1.0010768,-81.533806
2408,0.81666654,49,0,1.6111349,1.0233972,-81.252075
2409,2.6999981,162,0,144.86067,1.1071961,-81.09903
2410,2.4499984,147,0,171.31789,0.93550086,-80.84504
2411,0.91666645,55,0,2.0826607,1.0088735,-80.87469
2412,0.84999985,51,0,1.0749109,0.9928226,-80.97468
2413,0.8999998,54,0,5.3300405,0.9277105,-80.730194
2414,0.7999999,48,0,0.5278466,1.1369609,-80.20336
2415,0.7666666,46,0,0.5297566,1.1740378,-80.60223
2416,0.84999985,51,0,2.3644576,0.895076,-80.42182
2417,0.9333331,56,0,5.3649755,0.922243,-80.260994
2418,2.0666654,124,0,85.39902,1.1723585,-80.02155
2419,3.0166645,181,0,300.39572,1.1406096,-79.200294
2420,1.2333329,74,0,32.592125,1.0680783,-79.455124
2421,0.81666654,49,0,0.771066,0.94101596,-78.7831
2422,0.91666645,55,0,7.973448,0.9794815,-78.98708
2423,0.81666654,49,0,5.748928,0.93168145,-79.017845
2424,0.7,42,0,1.3096025,0.9093059,-78.7849
2425,0.78333324,47,0,0.3224261,0.8777883,-78.759445
2426,0.9333331,56,0,3.1920695,0.9614534,-78.35291
2427,1.749999,105,0,92.02056,1.0846993,-78.25066
2428,1.416666,85,0,15.404153,1.1594896,-77.94242
2429,1.2666662,76,0,12.345394,1.4013686,-77.71716
2430,0.8999998,54,0,7.368784,1.6300822,-77.66658
2431,0.91666645,55,0,5.4990473,0.919142,-77.24576
2432,0.78333324,47,0,0.7153513,0.85990983,-77.301895
2433,0.7666666,46,0,1.0152857,0.8577873,-77.148834
2434,1.5833325,95,0,19.99975,0.88834727,-77.006424
2435,0.9999997,60,0,0.8279608,0.9133085,-76.68979
