step,time_s,lin_vel_x,lin_vel_y,lin_vel_z,ang_vel_x,ang_vel_y,ang_vel_z,roll,pitch,lon_flap,lat_flap,pos_err_y,norm_state_0,norm_state_1,norm_state_2,norm_state_3,norm_state_4,norm_state_5,norm_state_6,norm_state_7,norm_state_8,norm_state_9,norm_state_10,collective,lateral_cyclic,longitudinal_cyclic,tail_rotor_cyclic
0,0.016666668,0,0,1,0,0,0,0,-0,0,0,0,0,0,0.7615942,0,0,0,0,-0,0,0,0,0.99853396,-0.99776405,0.9106052,0.90996325
1,0.033333335,0,-0.16333334,1,0,0,0,0,-0,0.049798723,-0.05456522,-0.0027222226,0,-0.16189621,0.7615942,0,0,0,0,-0,0.09926943,-0.10869927,-0.0027222158,0.9999996,-0.7535585,0.2102009,0.9899613
2,0.050000004,-0.011778608,-0.087729506,0.99551934,-0.03789251,-0.008267117,-0.009880698,-0.0001646348,-0.0006315531,0.045567304,-0.07809228,-0.0041738697,-0.011778063,-0.087505125,0.75970596,-0.07564026,-0.016532727,-0.019758824,-0.00027439132,-0.0010525881,0.090883136,-0.15492685,-0.0041738455,0.9999874,0.9421176,-0.0776039,0.8515773
3,0.06666667,-0.022303188,-0.012854196,0.9950903,-0.092123255,-0.02226022,-0.018921824,-0.00047948014,-0.0021670605,0.026768195,-0.0006309971,-0.0043519875,-0.02229949,-0.012853488,0.75952446,-0.18218958,-0.04449105,-0.03782559,-0.0007991333,-0.0036117518,0.0534853,-0.0012619935,-0.00435196,0.9995803,0.6461133,-0.12912515,0.30879006
4,0.083333336,-0.028239751,0.062033877,0.97862047,-0.09256145,-0.026239214,-0.024232976,-0.00088208116,-0.0037100504,0.010937719,0.0364432,-0.0032571699,-0.028232247,0.061954428,0.7524681,-0.18303674,-0.052430306,-0.04842804,-0.0014701341,-0.0061833384,0.021871949,0.07275761,-0.0032571584,0.9833791,-0.5086429,0.0047513484,-0.076213576
5,0.1,-0.030923268,0.13730156,0.96349084,-0.06725367,0.009044857,-0.026403159,-0.001322783,-0.00483078,0.007339468,-0.0016408153,-0.0008905842,-0.030913414,0.13644522,0.74582994,-0.133702,0.018087741,-0.05275729,-0.0022046347,-0.008051125,0.014677882,-0.0032816187,-0.00089058396,0.45003724,0.40550405,-0.09836225,-0.17500395
6,0.11666667,-0.033699658,0.21060656,0.96475893,-0.068393126,0.07149204,-0.027859405,-0.0017935501,-0.005968813,-0.00079762377,0.022187827,0.002716438,-0.033686906,0.20754701,0.74639213,-0.13593948,0.14201757,-0.05566122,-0.0029892412,-0.009947693,-0.0015952461,0.04434655,0.0027164312,-0.8779385,-0.21674925,-0.16416477,0.40233418
7,0.13333334,-0.03529258,0.22022842,0.9634194,-0.05298491,0.1197457,-0.027701147,-0.0022680375,-0.0068478487,-0.009987813,0.0042837374,0.006498105,-0.035277937,0.21673577,0.74579823,-0.10557492,0.2350153,-0.05534568,-0.0037800444,-0.011412585,-0.01997297,0.008567265,0.0064980136,-0.9275397,0.106190555,-0.111046016,0.75868994
8,0.15,-0.036262088,0.070720226,0.9545061,-0.05001008,0.09149858,-0.025719436,-0.0027077855,-0.0076775644,-0.013368108,0.009585867,0.007800509,-0.036246203,0.07060256,0.7418163,-0.099687956,0.18098143,-0.05139355,-0.0045129447,-0.012795242,-0.026729848,0.019169385,0.007800351,0.9598019,-0.31786954,-0.009007776,0.9407889
9,0.16666667,-0.036249936,-0.084613726,0.93849546,-0.04335323,0.03699096,-0.023067031,-0.0030972087,-0.008398338,-0.010067638,-0.010070654,0.006523569,-0.036234066,-0.08441237,0.7345302,-0.08648983,0.073847234,-0.04610136,-0.0051619685,-0.013996316,-0.020132555,-0.020138584,0.0065234764,0.9999829,0.15834367,0.07743706,0.97141755
10,0.18333334,-0.033755492,-0.013800485,0.9213725,-0.050346747,0.024827145,-0.021069484,-0.0034520393,-0.009236107,-0.00303782,0.002574957,0.006437343,-0.033742677,-0.013799609,0.72654605,-0.10035455,0.04961352,-0.04211404,-0.0057533355,-0.015392295,-0.0060755652,0.0051498683,0.006437254,0.99963516,0.16619839,-0.054086335,0.82668793
11,0.2,-0.032667372,0.061875694,0.90060925,-0.048558578,0.012175308,-0.020466741,-0.0037951362,-0.010044693,-0.00538746,0.011668567,0.0076213805,-0.032655757,0.061796848,0.7165944,-0.09681298,0.024345804,-0.040910635,-0.0063251425,-0.01673959,-0.0107745025,0.023332898,0.007621233,0.9877806,-0.03335292,0.017333858,0.3040892
12,0.21666667,-0.030947218,0.1376481,0.8803617,-0.0404554,0.009982292,-0.019397799,-0.004120188,-0.010718303,-0.0030792302,0.006872408,0.010074751,-0.030937342,0.1367853,0.7066005,-0.0807347,0.01996193,-0.038776144,-0.0068668714,-0.017861938,-0.0061583826,0.013743951,0.010074411,0.6425151,0.16250524,-0.023921099,-0.32015765
13,0.23333333,-0.030261861,0.2120769,0.8712295,-0.035682898,0.045097176,-0.018786844,-0.004441608,-0.0113098165,-0.00373827,0.014206501,0.013775565,-0.030252626,0.20895357,0.7019983,-0.07124489,0.08995057,-0.037556015,-0.007402545,-0.018847462,-0.0074764006,0.028405357,0.013774693,-0.7974334,-0.017400997,-0.08856497,-0.19831304
14,0.25,-0.03049135,0.24526243,0.8727927,-0.025817268,0.11117166,-0.01804512,-0.0047637303,-0.011731594,-0.007714209,0.00924564,0.018036013,-0.030481905,0.24046013,0.70279026,-0.051588695,0.21875039,-0.03607458,-0.007939383,-0.019550163,-0.015427195,0.018489173,0.018034058,-0.9624546,0.017576315,-0.13802752,0.6002041
15,0.26666668,-0.031411696,0.10593314,0.8744355,-0.019396683,0.1273815,-0.016514523,-0.005064231,-0.012044457,-0.013127141,0.00764086,0.019979594,-0.03140137,0.10553865,0.7036207,-0.038773917,0.2493907,-0.03301704,-0.008440184,-0.020071398,-0.02624825,0.015280531,0.019976936,0.86300105,-0.270104,-0.08997226,0.97804546
16,0.28333336,-0.031719793,-0.053095028,0.86083543,-0.014090529,0.08409395,-0.01390993,-0.0053131194,-0.012272044,-0.014177099,-0.00928338,0.019273628,-0.031709157,-0.05304519,0.6966878,-0.0281736,0.1666198,-0.027812686,-0.008854967,-0.020450555,-0.028346602,-0.018564627,0.019271242,0.9999387,0.14049362,0.09344765,0.99508524
17,0.30000004,-0.02860151,0.00661409,0.8420675,-0.02053732,0.065142445,-0.011097014,-0.0055115987,-0.012608468,-0.0048212875,0.0016432106,0.019563425,-0.028593713,0.0066139936,0.6869026,-0.041051555,0.1295527,-0.022190385,-0.00918574,-0.02101102,-0.009642276,0.0032864094,0.01956093,0.999198,0.16627741,-0.019035572,0.9619473
18,0.31666672,-0.027253874,0.0827627,0.820482,-0.019396203,0.050775908,-0.010140411,-0.0056914343,-0.012927012,-0.0045246496,0.010546274,0.021122016,-0.027247127,0.082574256,0.6753322,-0.03877296,0.10120416,-0.02027804,-0.009485439,-0.021541687,-0.009049052,0.02108942,0.021118876,0.9710613,-0.018891865,0.030544106,0.74923015
19,0.3333334,-0.025779823,0.15892878,0.79735976,-0.012072396,0.038775466,-0.00924266,-0.0058539114,-0.013124499,-0.00159436,0.0064186207,0.02394748,-0.025774114,0.15760407,0.66255814,-0.024140103,0.07739584,-0.018483216,-0.009756209,-0.021870675,-0.0031887093,0.012836536,0.023942903,0.28467295,0.14785326,0.01651584,0.046477545
20,0.35000008,-0.025013518,0.23178437,0.7793039,-0.007615021,0.04095704,-0.00892632,-0.0060116947,-0.013247378,-0.00034168444,0.012625443,0.027984705,-0.025008302,0.22772089,0.65230703,-0.015228865,0.08173136,-0.017850744,-0.010019155,-0.022075376,-0.00068336877,0.025245521,0.027977401,-0.9078034,-0.015420734,-0.00912784,-0.4081696
21,0.36666676,-0.024880052,0.2224757,0.77427053,0.0011526482,0.06727154,-0.008858524,-0.0061741737,-0.013221348,-0.0008817289,0.00781746,0.031865403,-0.02487492,0.21887642,0.64940584,0.0023052923,0.13373709,-0.017715195,-0.010289926,-0.022032013,-0.0017634559,0.015633646,0.031854622,-0.8863805,-0.03461949,-0.08075205,0.1960923
22,0.38333344,-0.025137827,0.07029349,0.77982664,0.006581441,0.097380705,-0.008683578,-0.006340253,-0.013101515,-0.0051670433,0.00337156,0.033209767,-0.025132533,0.07017794,0.6526072,0.013162122,0.19233565,-0.01736541,-0.010566696,-0.021832388,-0.010333719,0.006743018,0.033197563,0.97447735,-0.19139804,-0.14256404,0.9817034
23,0.40000013,-0.025104871,-0.07929081,0.77384746,0.008922803,0.08397041,-0.0076583717,-0.0064861053,-0.012943838,-0.011476453,-0.008297846,0.03205804,-0.025099598,-0.079125054,0.6491611,0.017843712,0.16637956,-0.015315546,-0.010809754,-0.021569718,-0.022948876,-0.016594168,0.032047063,0.9999808,0.089029185,0.018919893,0.99870545
24,0.4166668,-0.022202747,-0.0058850627,0.7547935,0.0031604096,0.069474965,-0.0053812973,-0.006590742,-0.012883602,-0.006945068,-0.0008886587,0.03212447,-0.0221991,-0.0058849948,0.638,0.006320735,0.13806254,-0.010762179,-0.010984128,-0.02146937,-0.013889243,-0.0017773155,0.032113425,0.9994607,0.22639762,0.007336872,0.9865676
25,0.4333335,-0.020136729,0.07056976,0.73367536,0.002543286,0.054848243,-0.004003307,-0.0066692163,-0.012835159,-0.004440221,0.011727778,0.03345969,-0.020134008,0.07045285,0.62530875,0.005086528,0.10925859,-0.008006442,-0.011114902,-0.021388667,-0.008880208,0.023451256,0.03344721,0.97972286,-0.06388199,0.019278431,0.89103043
26,0.45000017,-0.018476875,0.14705795,0.70975703,0.010687578,0.04107744,-0.00312231,-0.006729965,-0.012652453,-0.0020504012,0.004391175,0.036062136,-0.018474773,0.14600694,0.6105244,0.021371901,0.08197054,-0.006244539,-0.011216138,-0.021084296,-0.0041007795,0.008782125,0.036046512,0.41044283,0.19016863,0.031290326,0.33043706
27,0.46666685,-0.017284628,0.2212114,0.6894531,0.013737004,0.03336934,-0.0027154845,-0.006782176,-0.01241975,0.00025628088,0.01318983,0.039893284,-0.017282907,0.21767238,0.59763056,0.027467098,0.06663977,-0.0054309154,-0.0113031445,-0.020696627,0.0005125617,0.026373543,0.039872136,-0.8907885,-0.04914268,0.009581839,-0.383786
28,0.48333353,-0.01672399,0.22722505,0.6787415,0.022896614,0.043597344,-0.0027663335,-0.0068371333,-0.012033196,0.0006540944,0.0059989076,0.043818027,-0.016722431,0.22339353,0.5907006,0.045761246,0.08697438,-0.0055326107,-0.011394728,-0.020052638,0.0013081881,0.01199724,0.043790005,-0.93334675,0.02810095,-0.035189457,-0.19876823
29,0.5000002,-0.016441716,0.077306464,0.6840241,0.027062526,0.072106935,-0.0028961143,-0.0068995506,-0.011573905,-0.001523002,0.0052099777,0.045240182,-0.016440235,0.07715283,0.59412926,0.05407226,0.14322235,-0.005792164,-0.011498744,-0.01928745,-0.0030459948,0.010419578,0.045209344,0.95111907,-0.25662538,-0.1370862,0.9677525
30,0.5166668,-0.016292123,-0.07767214,0.68593144,0.030680565,0.0868422,-0.00259393,-0.006959118,-0.011052539,-0.008587197,-0.010963683,0.044073995,-0.016290681,-0.07751632,0.59536195,0.061284233,0.17195876,-0.0051878137,-0.01159801,-0.018418815,-0.017172707,-0.021923853,0.044045478,0.99996823,0.11642122,-0.033908356,0.9994603
31,0.5333335,-0.013952682,-0.006850762,0.6680662,0.023066891,0.07235586,-0.00089012156,-0.0069870157,-0.010659683,-0.007772897,-0.0015551951,0.044080134,-0.013951777,-0.0068506547,0.5837064,0.046101082,0.14370994,-0.0017802413,-0.011644499,-0.017764268,-0.015544541,-0.0031103801,0.044051606,0.99911934,0.20931119,0.029651202,0.99443793
32,0.55000013,-0.011569671,0.06980633,0.6474413,0.021986896,0.057673976,0.0006521196,-0.0069861873,-0.010286518,-0.003711448,0.010011061,0.045355823,-0.011569155,0.06969316,0.569945,0.04394547,0.114839084,0.0013042385,-0.011643119,-0.017142516,-0.0074227597,0.020019447,0.045324747,0.96542364,-0.02596571,0.014892312,0.9480231
33,0.5666668,-0.0099865375,0.14642495,0.6241609,0.028939024,0.043318864,0.0013885183,-0.0069702608,-0.009799162,-0.0017140554,0.004980287,0.047899157,-0.009986206,0.14538738,0.55401844,0.057813507,0.08642161,0.0027770293,-0.011616578,-0.016330484,-0.0034280973,0.009960244,0.04786256,0.12197425,0.16220315,0.03804578,0.5746897
34,0.58333343,-0.008748302,0.21902819,0.6030332,0.032397557,0.030872298,0.001728609,-0.0069463174,-0.009255621,0.0009310255,0.011754472,0.051643416,-0.008748079,0.21559161,0.5392044,0.06470459,0.06166625,0.0034572042,-0.011576679,-0.01542481,0.0018620489,0.023504613,0.051597554,-0.9393517,-0.025135608,0.01996517,-0.25591412
35,0.6000001,-0.007866653,0.1905971,0.5887584,0.040560383,0.013505472,0.0015438821,-0.006922551,-0.008578051,0.0017576566,0.0060305893,0.05490492,-0.007866491,0.1883222,0.5290021,0.080943294,0.027004376,0.0030877544,-0.011537072,-0.014295776,0.0035152987,0.012060594,0.054849815,-0.7945759,-0.059607703,-0.024943005,-0.3665794
36,0.61666673,-0.007067213,0.034985546,0.5922052,0.0447483,0.032329995,0.0011951413,-0.0069070095,-0.007828519,-0.00013576273,0.00014042901,0.055566058,-0.007067095,0.03497128,0.5314798,0.08925842,0.064570025,0.002390278,-0.011511174,-0.01304679,-0.00027152547,0.00028085802,0.05550894,0.9899943,-0.1678108,-0.112573154,0.9444909
37,0.6333334,-0.006543422,-0.10326724,0.5980439,0.044845812,0.060756452,0.0012220782,-0.0068941475,-0.0070741004,-0.006229313,-0.0098280385,0.05391628,-0.0065433285,-0.10290171,0.5356562,0.08945189,0.120918356,0.0024441516,-0.01148974,-0.01178962,-0.012457982,-0.019653546,0.053864095,0.9999843,0.059656337,-0.045665164,0.9994233
38,0.65000004,-0.0044131605,-0.027680008,0.58108383,0.03802079,0.049621925,0.0024580534,-0.0068587367,-0.006434731,-0.006738999,-0.0041280002,0.05351779,-0.0044131316,-0.02767294,0.52345276,0.075895354,0.0989193,0.0049160672,-0.011430729,-0.010724141,-0.013477182,-0.008255813,0.053466752,0.9994267,0.269234,0.032263283,0.99376726
39,0.6666667,-0.002001401,0.049064852,0.56177306,0.035154123,0.034943417,0.003795156,-0.006799036,-0.0058448496,-0.0028054104,0.011299832,0.054390453,-0.0020013985,0.049025517,0.50929177,0.07019263,0.06977328,0.0075901663,-0.011331242,-0.009741107,-0.005610762,0.022595817,0.054336883,0.97629637,-0.08280389,0.004589466,0.9398447
40,0.68333334,-0.00039491057,0.12579924,0.5389091,0.04300123,0.020650117,0.004351787,-0.0067283674,-0.0051258313,-0.0016052034,0.0025236094,0.056533113,-0.00039491054,0.1251398,0.49216172,0.08579105,0.041276768,0.008703354,-0.011213475,-0.008542844,-0.0032103958,0.005047176,0.056472965,0.28029442,0.22178291,0.040941257,0.45052344
41,0.7,0.0010196771,0.19976126,0.51925147,0.044753734,0.009262067,0.00467028,-0.006651238,-0.0043789013,0.0012132358,0.013117838,0.059900142,0.0010196768,0.19714586,0.47712207,0.0892692,0.018522017,0.009340288,-0.011084942,-0.0072980393,0.002426467,0.026229657,0.059828606,-0.92757887,-0.079536,0.015226021,-0.4136391
42,0.71666664,0.0018815268,0.19036,0.5076887,0.053863354,0.0061847945,0.004429559,-0.0065777954,-0.0034804945,0.0017405986,0.0037711654,0.06310196,0.0018815246,0.18809348,0.4681424,0.10731191,0.012368958,0.008858887,-0.010962552,-0.005800759,0.0034811832,0.007542188,0.063018344,-0.90567535,0.018249333,-0.018727377,-0.40175453
43,0.7333333,0.002629768,0.03619706,0.51500994,0.056482214,0.036516435,0.0040842015,-0.006511537,-0.00253514,0.00024057808,0.002649316,0.06372671,0.002629762,0.03618126,0.4738395,0.112486355,0.0729033,0.008168221,-0.010852136,-0.004225208,0.00048115614,0.005298583,0.06364058,0.9747275,-0.28308284,-0.11248861,0.97458124
44,0.74999994,0.0031066537,-0.11531791,0.522408,0.058322016,0.06618123,0.0040364685,-0.0064465064,-0.0015559586,-0.0059190495,-0.014631722,0.061818,0.0031066437,-0.11480944,0.47955638,0.11611788,0.13159485,0.008072762,-0.010743763,-0.0025932584,-0.011837546,-0.029255094,0.061739374,0.9999795,0.12095429,-0.02728378,0.9998124
45,0.7666666,0.0051159766,-0.041527092,0.50691366,0.0481611,0.052211944,0.005210884,-0.0063606533,-0.0007477002,-0.00547458,-0.004247306,0.06113167,0.005115932,-0.04150324,0.467537,0.096025415,0.10404598,0.010421391,-0.010600692,-0.0012461663,-0.010948722,-0.008494408,0.061055634,0.9993089,0.24302821,0.027162366,0.99775517
46,0.78333324,0.0071656406,0.03525146,0.48856077,0.045211583,0.03750507,0.0062971096,-0.0062559303,0.0000097696775,-0.00217338,0.009617056,0.061718356,0.007165518,0.035236865,0.45307338,0.09017753,0.074869774,0.012593553,-0.010426172,0.000016282795,-0.0043467325,0.01923174,0.06164011,0.969992,-0.054758772,0.014570397,0.9763638
47,0.7999999,0.008542454,0.111985,0.4669766,0.0518901,0.022918077,0.0067283385,-0.006143626,0.00087697274,-0.00058524124,0.0027522696,0.06357703,0.008542246,0.11151921,0.43575323,0.103409216,0.04580408,0.013455865,-0.010239018,0.0014616201,-0.0011704819,0.005504484,0.06349151,0.14156461,0.20343392,0.043326296,0.7221171
48,0.81666654,0.009640932,0.18520154,0.44752917,0.053801395,0.008616459,0.006844458,-0.006029369,0.0017745361,0.0020811278,0.012120788,0.06664946,0.009640633,0.18311274,0.41986588,0.10718942,0.017231211,0.013688061,-0.010048609,0.0029575515,0.0041622315,0.024236828,0.06655095,-0.94557875,-0.06943757,0.023265872,-0.13846712
49,0.8333332,0.010493266,0.15915987,0.4321054,0.06221861,-0.018782288,0.006431535,-0.0059229066,0.00280964,0.0028103201,0.0034986977,0.069280796,0.010492881,0.1578294,0.4070793,0.123798884,-0.037546918,0.01286236,-0.00987119,0.0046826988,0.005620581,0.006997281,0.06917016,-0.8103862,-0.019094508,-0.029160902,-0.596884
50,0.84999985,0.011504258,0.00282138,0.43519992,0.06464826,-0.008502883,0.0058739325,-0.0058255037,0.0038862773,0.0004352571,0.00028365268,0.06929851,0.01150375,0.0028213726,0.40965778,0.12858081,-0.017004127,0.011747325,-0.009708867,0.006477038,0.00087051396,0.0005673053,0.0691878,0.9914409,-0.2559366,-0.09385354,0.87681895
51,0.8666665,0.012161357,-0.13729627,0.44746286,0.06484524,0.036375538,0.0057875714,-0.0057263863,0.0049705305,-0.004736917,-0.014882276,0.06697208,0.012160758,-0.13644004,0.41981125,0.12896822,0.072623,0.011574626,-0.009543687,0.008284028,-0.009473551,-0.029755766,0.06687213,0.99998635,0.0910319,-0.019138264,0.99955314
52,0.88333315,0.014001565,-0.061513696,0.4350286,0.05451033,0.030200718,0.0067274356,-0.005611559,0.005881886,-0.0041911304,-0.0061617633,0.065902926,0.0140006505,-0.061436225,0.4095152,0.10859078,0.06032809,0.013454059,-0.0093523245,0.0098028295,-0.008382064,-0.012322903,0.065807685,0.9994628,0.2733352,0.021261973,0.99625844
53,0.8999998,0.015816648,0.015248487,0.4182358,0.05023132,0.015512898,0.0075590084,-0.0054839766,0.006720505,-0.0015926545,0.009874619,0.06610877,0.015815329,0.015247305,0.39544314,0.10012601,0.031015843,0.015116865,-0.009139706,0.011200373,-0.0031852983,0.01974667,0.066012636,0.97576666,-0.08511644,0.01313292,0.96047884
54,0.91666645,0.017099211,0.09197672,0.39772087,0.057088695,0.001040875,0.007875011,-0.0053526396,0.0076720724,-0.00024549314,0.0011825161,0.06758927,0.017097544,0.09171823,0.37799716,0.113683805,0.002081747,0.01574872,-0.008920829,0.01278609,-0.0004909862,0.0023650278,0.06748653,0.23377585,0.23685436,0.04428903,0.5318558
55,0.9333331,0.018128632,0.16585377,0.38005966,0.057909887,-0.011863194,0.00792372,-0.0052222316,0.008636186,0.0023853418,0.012800789,0.07029708,0.018126646,0.16434957,0.36275926,0.115304664,-0.023721937,0.015846115,-0.008703499,0.014392649,0.0047706473,0.025595987,0.07018151,-0.93946403,-0.10722242,0.022107694,-0.40470544
56,0.94999975,0.018785473,0.15083246,0.36917436,0.06679932,-0.022420885,0.0074504386,-0.005101545,0.009747572,0.0029731109,0.0018234951,0.07274923,0.018783264,0.14969894,0.35326934,0.13280943,-0.044811737,0.014899774,-0.00850237,0.016244525,0.005946152,0.0036469742,0.07262116,-0.88655263,0.02057084,-0.02136272,-0.5666195
57,0.9666664,0.0195513,-0.0048072585,0.378544,0.068065636,0.0071705836,0.0068605347,-0.0049860287,0.010882595,0.0009900823,0.0012441934,0.07259883,0.01954881,-0.0048072212,0.36144236,0.13529654,0.014340184,0.013720208,-0.008309856,0.018135667,0.001980162,0.0024883817,0.07247155,0.9830014,-0.33950573,-0.096025534,0.9695485
58,0.98333305,0.020015761,-0.15408246,0.3913948,0.06892967,0.048954766,0.0066640903,-0.0048656757,0.012035438,-0.0044596465,-0.018860165,0.06995087,0.020013088,-0.15287456,0.37256205,0.13699259,0.09759787,0.013327392,-0.008109281,0.020056373,-0.0089190565,-0.03770245,0.069837004,0.99998385,0.13348772,-0.0042113415,0.9998883
59,0.9999997,0.02163482,-0.07934591,0.37928545,0.055832326,0.03570553,0.007548942,-0.0047324747,0.012968823,-0.003170499,-0.0065967925,0.06854488,0.021631446,-0.079179816,0.36208677,0.11120284,0.07128992,0.015096737,-0.007887294,0.021611338,-0.006340913,-0.013192819,0.06843773,0.99942553,0.26601583,0.01985593,0.9986245
60,1.0166664,0.023040172,-0.0026145051,0.363767,0.051251233,0.020993352,0.00817801,-0.0045915414,0.013824632,-0.000957547,0.009158259,0.06841573,0.023036096,-0.002614499,0.3485278,0.10214498,0.04196205,0.01635456,-0.007652419,0.023036975,-0.0019150916,0.01831447,0.06830919,0.97358096,-0.08062915,0.021217976,0.9849987
61,1.0333331,0.023993399,0.074071735,0.34455717,0.05761113,0.0063484902,0.0083679985,-0.004450623,0.014785289,0.0006415113,0.00092671067,0.06956343,0.023988796,0.07393657,0.33153975,0.11471505,0.012696298,0.016734434,-0.0074175685,0.02463716,0.0012830219,0.0018534192,0.069451444,0.18334387,0.23390102,0.04834858,0.7798991
62,1.0499997,0.024634752,0.14764938,0.32766375,0.058254674,-0.008423946,0.008240715,-0.0043154876,0.015755575,0.0032224471,0.012457665,0.071936116,0.02462977,0.14658572,0.31642,0.11598501,-0.016846297,0.016479937,-0.007192355,0.026253257,0.006444805,0.024910176,0.07181229,-0.94482917,-0.11301787,0.027327169,-0.056985505
63,1.0666664,0.025100192,0.12653375,0.31331488,0.066905834,-0.038627136,0.0076013403,-0.0041993777,0.016867923,0.003836576,0.0012688832,0.07395486,0.025094923,0.12586275,0.30344975,0.13301869,-0.07710095,0.01520151,-0.0069988486,0.0281058,0.0076730014,0.002537761,0.07382032,-0.82999414,0.02627244,-0.037850708,-0.7083342
64,1.083333,0.025938187,-0.029806122,0.31717643,0.06778699,-0.034239057,0.0068401145,-0.0040954067,0.017995331,0.00068168715,0.0011793481,0.07336128,0.025932372,-0.029797299,0.3069516,0.13474941,-0.06837128,0.013679376,-0.0068255714,0.029983228,0.0013633735,0.0023586918,0.07322995,0.9920933,-0.3461709,-0.09564804,0.7736229
65,1.0999997,0.026471173,-0.17235403,0.33391872,0.068606004,0.01845067,0.00670486,-0.003978034,0.01914,-0.004650345,-0.019263854,0.07038099,0.026464991,-0.17066742,0.32203752,0.13635734,0.0368846,0.013408916,-0.006629959,0.03188918,-0.009300422,-0.038508657,0.07026501,0.9999885,0.11247885,0.015958564,0.9995087
66,1.1166663,0.028111285,-0.09656306,0.32686576,0.05522831,0.019772131,0.0076275473,-0.0038445187,0.02006175,-0.0021972524,-0.008013184,0.06866086,0.028103882,-0.09626405,0.31570172,0.11000959,0.03952366,0.015253911,-0.0064074434,0.033423796,-0.0043944763,-0.016024996,0.06855317,0.99951947,0.27321848,0.011791815,0.9975072
67,1.133333,0.029236656,-0.019865083,0.31286106,0.049663607,0.005087618,0.008063509,-0.003708454,0.020889785,-0.00073135435,0.008604844,0.068219125,0.029228328,-0.01986247,0.30303767,0.09900185,0.010174884,0.01612562,-0.006180678,0.034802247,-0.0014627076,0.01720799,0.0681135,0.9775362,-0.083610065,0.024120897,0.97260153
68,1.1499996,0.030071855,0.056793813,0.29497024,0.0556392,-0.009472321,0.00820862,-0.0035750882,0.02181652,0.00095311576,0.00041608512,0.06905642,0.030062793,0.05673283,0.286703,0.11082135,-0.018942375,0.016415766,-0.00595841,0.03634485,0.0019062292,0.0008321701,0.06894686,0.26002842,0.2379734,0.047002286,0.61393994
69,1.1666663,0.030555205,0.13080779,0.27959716,0.055928137,-0.023177631,0.00801951,-0.0034501113,0.022747293,0.0033593632,0.012368093,0.07112823,0.0305457,0.13006678,0.2725322,0.11139209,-0.04632209,0.016037645,-0.005750122,0.037894,0.0067186253,0.024731142,0.07100852,-0.9372785,-0.12410651,0.02881361,-0.3476896
70,1.1833329,0.030799951,0.11884565,0.2694901,0.0645171,-0.03877939,0.007352969,-0.0033426986,0.023820376,0.004007856,0.0006407052,0.07299972,0.030790215,0.118289255,0.2631503,0.12832281,-0.077403635,0.014704878,-0.0055711064,0.03967978,0.00801554,0.0012814098,0.07287033,-0.8879729,0.033682287,-0.026076691,-0.68550533
71,1.1999996,0.03137369,-0.03662209,0.28009474,0.06496202,-0.013297471,0.006557759,-0.003238889,0.024902338,0.001438628,0.0011997846,0.072271615,0.0313634,-0.036605723,0.27299276,0.1291979,-0.026588675,0.013114766,-0.0053980956,0.04148008,0.002877248,0.0023995645,0.07214605,0.98496056,-0.3983819,-0.09583942,0.9472327
72,1.2166662,0.03167995,-0.18615219,0.29755235,0.065795206,0.037075717,0.0062723174,-0.003118708,0.026000878,-0.0041476227,-0.022058247,0.06903957,0.031669356,-0.18403137,0.28907108,0.1308361,0.074015826,0.012543976,-0.0051977993,0.043307688,-0.0082950555,-0.044087894,0.06893008,0.9999855,0.13546656,0.01886579,0.9998886
73,1.2333329,0.033039987,-0.11124964,0.28893897,0.050476987,0.0255258,0.007095257,-0.002989279,0.026843455,-0.0017015135,-0.008597999,0.06705519,0.03302797,-0.11079294,0.28115794,0.1006124,0.051007297,0.014189561,-0.00498209,0.044709265,-0.003403014,-0.017194303,0.066954866,0.9994889,0.2921999,0.012884112,0.99872077
74,1.2499995,0.033881903,-0.034580924,0.27618733,0.044506144,0.010813663,0.007432858,-0.002860551,0.027585741,-0.0003413097,0.00932679,0.06635048,0.033868942,-0.034567147,0.2693727,0.088777944,0.021623954,0.014864621,-0.0047675483,0.045943864,-0.0006826193,0.018651418,0.06625329,0.9761595,-0.110975206,0.026867121,0.9862204
75,1.2666662,0.034452572,0.042046838,0.25921294,0.050983086,-0.0038354245,0.007500579,-0.002737399,0.028435273,0.0013596549,-0.00050650723,0.066926576,0.03443895,0.042022076,0.25355923,0.10161425,-0.0076706987,0.015000033,-0.0045622997,0.04735667,0.0027193031,-0.0010130141,0.06682683,0.23634262,0.26207134,0.051687866,0.76977384
76,1.2833328,0.034667242,0.11586847,0.24490252,0.050631344,-0.01858549,0.007230807,-0.0026258915,0.029278288,0.0038819565,0.013139947,0.068735875,0.034653362,0.11535271,0.240121,0.10091798,-0.03715387,0.0144606065,-0.0043764575,0.04875845,0.007763757,0.026273847,0.06862783,-0.9388739,-0.15563369,0.029106142,-0.08380102
77,1.2999995,0.034711104,0.10103651,0.23280603,0.059756313,-0.046273727,0.006460578,-0.0025412617,0.030272229,0.0043682638,-0.0004734425,0.07030013,0.03469717,0.100694105,0.22868933,0.11894685,-0.092284136,0.012920437,-0.004235411,0.050410945,0.008736305,-0.0009468847,0.07018455,-0.8539611,0.06944903,-0.037814785,-0.75946134
78,1.3166661,0.035248056,-0.054660354,0.2393956,0.05942753,-0.039901145,0.0055938587,-0.002468574,0.03126102,0.0010284164,0.002482043,0.06926341,0.035233464,-0.054605983,0.2349248,0.11829853,-0.07963332,0.011187251,-0.0041142665,0.052054603,0.00205683,0.0049640452,0.06915286,0.99113536,-0.42523795,-0.10571544,0.7643761
79,1.3333328,0.035545103,-0.20014653,0.25927603,0.06115117,0.016197365,0.005389808,-0.0023702427,0.032280844,-0.004984447,-0.02256798,0.065788515,0.035530142,-0.19751613,0.25361827,0.121696174,0.0323834,0.010779199,-0.003950384,0.05374955,-0.009968563,-0.045105334,0.065693766,0.9999891,0.12680618,0.036503628,0.99959856
80,1.3499994,0.037031274,-0.12452379,0.2553403,0.045478955,0.018146675,0.006378786,-0.0022541054,0.033039518,-0.0013242017,-0.009338755,0.06357229,0.037014358,-0.12388413,0.24993202,0.0907079,0.036277425,0.01275688,-0.0037568244,0.05501027,-0.002648397,-0.018675338,0.063486785,0.9995594,0.28418058,0.008116634,0.99810433
81,1.3666661,0.037697364,-0.04787106,0.24378493,0.038993713,0.0034556754,0.006641524,-0.0021415388,0.03368953,-0.0003558182,0.008470835,0.06263669,0.037679516,-0.047834527,0.23906758,0.0778297,0.006911241,0.013282266,-0.003569216,0.056090277,-0.00071163627,0.01694005,0.0625549,0.9796034,-0.09563943,0.029108375,0.9791562
82,1.3833327,0.03817781,0.028745774,0.22803327,0.044876233,-0.011145748,0.006712123,-0.0020360532,0.03443707,0.0014591081,-0.00015451945,0.06298335,0.038159274,0.02873786,0.22416128,0.08951224,-0.022287805,0.013423439,-0.0033934088,0.057332173,0.0029182078,-0.0003090389,0.0629002,0.31358075,0.24618678,0.049592488,0.6698084
83,1.3999994,0.038265288,0.10296443,0.2147708,0.044768926,-0.025236517,0.0064226175,-0.0019437084,0.035182383,0.0038222698,0.012610958,0.06457121,0.038246624,0.1026021,0.21152839,0.08929934,-0.050430216,0.012844528,-0.0032395024,0.05857019,0.0076443907,0.025216568,0.064481616,-0.9283352,-0.14555375,0.030718703,-0.28139237
84,1.416666,0.038137317,0.097373575,0.2055353,0.053526543,-0.043024156,0.0056642303,-0.0018749244,0.036073115,0.0044021434,-0.00018204655,0.06606831,0.03811884,0.09706698,0.20268911,0.106645994,-0.08583657,0.011327976,-0.0031248636,0.060049523,0.00880406,-0.00036409308,0.06597234,-0.8992348,0.060927253,-0.02494506,-0.7442162
85,1.4333327,0.03848146,-0.057072695,0.21687552,0.053400118,-0.022269208,0.004790789,-0.0018086972,0.03696243,0.0017421369,0.0023168004,0.06498301,0.038462475,-0.057010807,0.21353805,0.10639601,-0.04450899,0.009581285,-0.0030144863,0.061526235,0.0034842596,0.0046335678,0.064891696,0.98434365,-0.45332906,-0.10757852,0.9105615
86,1.4499993,0.0386127,-0.20800059,0.2374068,0.055009004,0.032240488,0.0044451277,-0.0017145548,0.037880193,-0.0046113953,-0.024115449,0.061367877,0.038593523,-0.20505194,0.23304488,0.10957626,0.064391755,0.008890022,-0.0028575836,0.063049905,-0.009222529,-0.048193533,0.061290957,0.9999862,0.13343726,0.0338398,0.999855
87,1.466666,0.03988743,-0.1332054,0.23191838,0.038262162,0.02331784,0.005360085,-0.0016104077,0.03851854,-0.0012303852,-0.0099197235,0.058999516,0.039866287,-0.1324231,0.22784793,0.0763753,0.0466019,0.010719759,-0.0026840062,0.06410951,-0.0024607654,-0.019836845,0.058931153,0.99952024,0.31458715,0.008842626,0.9985783
88,1.4833326,0.04040819,-0.05656346,0.22139378,0.031373464,0.008608168,0.0056042084,-0.0015114695,0.039041642,-0.0002689052,0.009861285,0.057912473,0.04038621,-0.056503214,0.2178461,0.06266471,0.017214635,0.0112079475,-0.0025191105,0.06497772,-0.0005378103,0.019720012,0.057847816,0.9780078,-0.1344769,0.02840589,0.98506606
89,1.4999993,0.04074193,0.020041468,0.20618512,0.03822158,-0.006029243,0.005657563,-0.0014211704,0.039678518,0.0014628675,-0.0012115985,0.058108952,0.040719405,0.020038785,0.20331216,0.07629461,-0.012057901,0.011314644,-0.002368613,0.06603463,0.0029257266,-0.0024231924,0.058043636,0.28800428,0.28107685,0.053876247,0.7348415
90,1.5166659,0.04070208,0.094061404,0.19393538,0.03738019,-0.020616315,0.0053673107,-0.0013454979,0.040301044,0.004041534,0.013915412,0.059544228,0.04067962,0.09378498,0.19154005,0.07462141,-0.04120928,0.010734209,-0.0022424927,0.06706757,0.008082892,0.027823642,0.059473958,-0.9301316,-0.18549691,0.027715884,-0.15014853
91,1.5333326,0.04043924,0.08539758,0.18413955,0.047043674,-0.044002127,0.004565419,-0.0012993088,0.04108413,0.0043703574,-0.0013615778,0.060839392,0.040417213,0.08519059,0.18208617,0.09381069,-0.08777776,0.009130585,-0.0021655113,0.06836673,0.008740492,-0.0027231488,0.06076444,-0.8756335,0.09714444,-0.030358847,-0.7745032
92,1.5499992,0.04071619,-0.06927618,0.19377801,0.046098128,-0.032759696,0.0036982847,-0.0012603657,0.041851737,0.0014060093,0.0036081998,0.05954982,0.040693704,-0.069165565,0.19138844,0.09193591,-0.0654258,0.0073964344,-0.0021006064,0.06963999,0.0028120112,0.0072162743,0.059479527,0.98907775,-0.48087245,-0.116100825,0.81570446
93,1.5666659,0.040801644,-0.21738605,0.21564494,0.04860383,0.02418379,0.0034193152,-0.0011863767,0.04266229,-0.005325644,-0.024627138,0.055775926,0.040779017,-0.21402524,0.21236327,0.09690263,0.048329897,0.006838524,-0.001977292,0.07098422,-0.010650885,-0.049214486,0.055718157,0.99998873,0.13272703,0.043995097,0.9997116
94,1.5833325,0.042175245,-0.14202774,0.21288663,0.03150165,0.022329805,0.0044759917,-0.0010958177,0.043187737,-0.0011807983,-0.010197675,0.053257048,0.042150255,-0.1410804,0.20972782,0.06292007,0.044629943,0.008951744,-0.0018263607,0.07185551,-0.0023615921,-0.020392522,0.053206753,0.9995824,0.30911893,0.00613494,0.9982454
95,1.5999992,0.042606175,-0.06538707,0.20319009,0.024419934,0.00763062,0.0047102766,-0.0010118096,0.04359486,-0.00039778964,0.009487042,0.052019995,0.042580415,-0.06529404,0.2004392,0.048801072,0.015260056,0.009420275,-0.0016863475,0.07253051,-0.0007955791,0.018971808,0.051973123,0.98118585,-0.12467636,0.029102212,0.98136896
96,1.6166658,0.04288949,0.0112225525,0.18882655,0.03100816,-0.006980026,0.0047892034,-0.0009371169,0.044111554,0.001397867,-0.00081269816,0.052067406,0.042863213,0.011222081,0.18661387,0.061936937,-0.013959145,0.009578113,-0.0015618602,0.07338708,0.0027957268,-0.0016253949,0.052020404,0.36522725,0.27050412,0.05280692,0.6812252
97,1.6333325,0.042779397,0.085623235,0.17729111,0.03044378,-0.021162838,0.004511849,-0.00087759766,0.044618633,0.0039241095,0.013727068,0.05336062,0.04275332,0.0854146,0.17545663,0.06081243,-0.042300418,0.009023453,-0.0014626617,0.07422761,0.007848058,0.02744724,0.05331003,-0.9174454,-0.17894784,0.02782169,-0.2512336
98,1.6499991,0.042392775,0.08621486,0.16914527,0.039976466,-0.037949327,0.0037332564,-0.00084385293,0.045284368,0.004281545,-0.0010151258,0.054667845,0.0423674,0.08600189,0.16755043,0.079783,-0.07575325,0.007466374,-0.0014064206,0.07533096,0.008562881,-0.0020302488,0.054613452,-0.91161954,0.098421924,-0.016834248,-0.75994074
99,1.6666658,0.042543184,-0.06693831,0.18141083,0.039271515,-0.019284492,0.0028837426,-0.0008104854,0.04593862,0.0020710016,0.004030025,0.05341396,0.042517535,-0.06683851,0.17944662,0.07838192,-0.03854987,0.0057674213,-0.0013508081,0.07641511,0.0041419794,0.008059876,0.053363223,0.9821035,-0.50457394,-0.121883325,0.8907782
100,1.6833324,0.042521458,-0.21936402,0.20366266,0.042070147,0.03624676,0.0024728305,-0.0007413128,0.046640255,-0.0052004675,-0.025524415,0.04960309,0.04249585,-0.2159118,0.20089273,0.083942294,0.0723668,0.0049456204,-0.0012355207,0.07757756,-0.01040056,-0.051004533,0.049562447,0.9999859,0.13406393,0.04145373,0.9998295
101,1.6999991,0.043773912,-0.14484265,0.20029172,0.024344852,0.028659353,0.0035046663,-0.00066052395,0.047046337,-0.0012499094,-0.010622161,0.047034245,0.043745976,-0.14383818,0.19765566,0.048651263,0.057256017,0.0070092175,-0.0011008728,0.07825026,-0.0024998137,-0.021241127,0.046999592,0.99952674,0.33289087,0.0071183136,0.9984757
102,1.7166657,0.044132587,-0.068202,0.19132178,0.016968353,0.013951517,0.0037526654,-0.0005870071,0.04732928,-0.00040748552,0.010619429,0.045747526,0.044103958,-0.068096444,0.18902108,0.03392368,0.027895793,0.0075051896,-0.0009783447,0.07871892,-0.0008149709,0.021235665,0.045715638,0.9788744,-0.15165013,0.02750019,0.9844579
103,1.7333324,0.044328563,0.008403563,0.17729867,0.024342956,-0.0006782005,0.0038335163,-0.00052366353,0.047735,0.0012876622,-0.0013982253,0.045746036,0.04429955,0.0084033655,0.17546394,0.048647482,-0.0013564002,0.007666882,-0.0008727723,0.0793909,0.0025753188,-0.0027964434,0.04571415,0.32047063,0.29482713,0.056451086,0.7166128
104,1.749999,0.04415559,0.08252977,0.16644889,0.023371963,-0.015183988,0.0035780272,-0.0004761776,0.048124395,0.0040320703,0.0147725465,0.046986137,0.044126917,0.0823429,0.16492857,0.04670991,-0.030358644,0.0071559325,-0.00079362915,0.08003577,0.0080639655,0.029536499,0.04695159,-0.9226121,-0.20589933,0.024402838,-0.17303304
105,1.7666657,0.04369385,0.077759326,0.15811703,0.03363068,-0.036117055,0.0027780142,-0.00045904977,0.04868463,0.0041528787,-0.0016645053,0.048152007,0.04366607,0.07760298,0.15681238,0.067160115,-0.07210874,0.005555971,-0.0007650827,0.08096344,0.008305566,-0.0033289983,0.048114825,-0.88546824,0.11492635,-0.022663139,-0.7748335
106,1.7833323,0.043793127,-0.07601358,0.16943298,0.03247477,-0.023156142,0.0019540298,-0.0004454038,0.04922568,0.001648281,0.004599442,0.04674737,0.043765154,-0.07586751,0.16783005,0.06485837,-0.046279203,0.0039080395,-0.0007423395,0.081859216,0.0032965501,0.009198624,0.04671335,0.9878284,-0.5152036,-0.12580088,0.8333119
107,1.799999,0.043728966,-0.22530673,0.19246599,0.035668828,0.033707358,0.0016269902,-0.0003904553,0.049820397,-0.005719426,-0.025607564,0.04283689,0.043701116,-0.22157016,0.19012417,0.07121689,0.06731278,0.003253969,-0.0006507587,0.08284369,-0.011438353,-0.051170394,0.04281071,0.9999886,0.13180447,0.047563966,0.99973553
108,1.8166656,0.045051575,-0.15009804,0.19074433,0.0178858,0.030525286,0.0027617994,-0.00031898727,0.050118674,-0.0012849211,-0.0106952395,0.040178895,0.04502112,-0.1489809,0.1884642,0.03575635,0.060974836,0.0055235424,-0.0005316454,0.08333738,-0.0025698366,-0.021387218,0.04015729,0.9996,0.33092904,0.0056283474,0.99823457
109,1.8333323,0.045359902,-0.073454574,0.18229014,0.010458552,0.015824357,0.0030167438,-0.0002554586,0.050293047,-0.00052530394,0.010570394,0.038803272,0.04532882,-0.07332275,0.18029746,0.020914055,0.031638153,0.0060334145,-0.0004257643,0.08362598,-0.0010506075,0.021137638,0.038783807,0.9824668,-0.14695191,0.027007597,0.9819714
110,1.849999,0.045524225,0.0031619556,0.16877069,0.017799105,0.0012152622,0.0031209707,-0.00020242314,0.050589707,0.0011678478,-0.0010659397,0.03871351,0.0454928,0.0031619451,0.16718633,0.035583183,0.0024305196,0.0062418603,-0.0003373719,0.08411693,0.0023356914,-0.002131876,0.03869418,0.40811232,0.29006556,0.056375153,0.68114275
111,1.8666656,0.045317665,0.07772231,0.15836753,0.017058872,-0.012956014,0.0028892553,-0.00016523564,0.050873987,0.003934066,0.014845813,0.03987286,0.045286667,0.077566184,0.1570567,0.03410451,-0.02590623,0.0057784463,-0.00027539273,0.084587365,0.00786797,0.029682903,0.03985174,-0.90682936,-0.20312954,0.023439465,-0.23465766
112,1.8833323,0.04475447,0.08346056,0.15100953,0.027368464,-0.028192613,0.0021086861,-0.00015412699,0.051330056,0.004021661,-0.001358293,0.04113279,0.044724613,0.083267316,0.14987203,0.054682326,-0.056325547,0.004217347,-0.0002568783,0.08534199,0.008043149,-0.0027165792,0.041109607,-0.92176104,0.12627132,-0.0069028535,-0.75896466
113,1.8999989,0.044762243,-0.06841789,0.1639398,0.026425203,-0.010631165,0.0013107372,-0.00014142688,0.051770452,0.0024092374,0.0055312165,0.039852522,0.04473237,-0.06831133,0.16248673,0.052801255,-0.021259125,0.0026214684,-0.00023571146,0.0860706,0.0048184376,0.011061981,0.039831437,0.9792027,-0.54014194,-0.13374694,0.8820526
114,1.9166656,0.04462019,-0.22206004,0.18708082,0.030266326,0.04473995,0.0008327154,-0.00008872479,0.052274972,-0.005644056,-0.026240738,0.03599359,0.0445906,-0.21848065,0.18492839,0.060458824,0.089241855,0.0016654293,-0.00014787464,0.086905174,-0.011287632,-0.052433345,0.035978056,0.99998516,0.13033243,0.045548283,0.9998097
115,1.9333322,0.04585285,-0.14788407,0.18493676,0.012043592,0.03765919,0.0019525667,-0.00002327902,0.05247574,-0.0013568238,-0.011113679,0.033370562,0.045820743,-0.14681536,0.18285683,0.024082527,0.07517628,0.0039051136,-0.000038798367,0.08723725,-0.002713641,-0.022223698,0.03335818,0.9995201,0.352969,0.006817593,0.99836063
116,1.9499989,0.046111606,-0.07123968,0.17696396,0.0043257605,0.022952758,0.0022217785,0.00003385712,0.05254783,-0.0005229496,0.0115902405,0.032029986,0.04607895,-0.071119405,0.17513952,0.008651305,0.045873296,0.0044435277,0.00005642853,0.08735648,-0.0010458989,0.02317633,0.032019038,0.97900015,-0.16850854,0.025035335,0.9839332
117,1.9666655,0.046208926,0.005370409,0.16357087,0.012374541,0.00833108,0.0023255385,0.00007993404,0.05275406,0.0010483509,-0.0014532628,0.03197568,0.046176065,0.0053703575,0.16212751,0.02474403,0.016660618,0.0046510436,0.0001332234,0.087697566,0.0020966989,-0.0029065174,0.031964786,0.33317572,0.31034994,0.06001642,0.70473194
118,1.9833322,0.045965698,0.07951806,0.15358657,0.01136533,-0.0061313384,0.0021175323,0.00010982177,0.052943494,0.004038181,0.015783723,0.03316375,0.04593335,0.07935088,0.15239021,0.022726746,-0.012262062,0.0042350395,0.00018303627,0.088010855,0.008076186,0.031556964,0.033151597,-0.9182357,-0.22424966,0.019836685,-0.17662011
119,1.9999988,0.04536684,0.07627713,0.1461072,0.02232625,-0.025757184,0.0013163055,0.00010893314,0.053315643,0.0038830067,-0.0017844476,0.034303542,0.04533574,0.07612954,0.14507633,0.044622846,-0.05146885,0.002632605,0.00018155522,0.08862626,0.0077658575,-0.00356888,0.034290094,-0.88725924,0.12929553,-0.015980106,-0.7681961
120,2.0166655,0.04534328,-0.076967694,0.15824294,0.021087049,-0.012498935,0.0005458679,0.00010687925,0.053667124,0.0018047527,0.0054925904,0.0328812,0.04531223,-0.07681607,0.1569352,0.04214911,-0.024992663,0.0010917353,0.00017813208,0.08920743,0.0036094899,0.010984739,0.032869354,0.98761344,-0.53852797,-0.13294674,0.8406932
121,2.033332,0.04516786,-0.22647616,0.18183023,0.02490135,0.043865766,0.00018778187,0.00014943731,0.05408205,-0.006026629,-0.026089616,0.028948413,0.045137167,-0.2226819,0.17985247,0.049761564,0.087507136,0.00037556372,0.00024906217,0.08989343,-0.012052674,-0.05213193,0.02894033,0.9999889,0.13049962,0.051049728,0.99973214
122,2.0499988,0.046454985,-0.1512925,0.18075645,0.006783555,0.040140253,0.001383541,0.00020875197,0.054194994,-0.001328466,-0.010912972,0.026267547,0.046421595,-0.15014865,0.17881323,0.013566277,0.08010848,0.002767075,0.00034791994,0.09008015,-0.0026569257,-0.021822479,0.026261507,0.9996216,0.34767702,0.004518776,0.99814117
123,2.0666654,0.046664026,-0.07464734,0.17301346,-0.00079489936,0.025439594,0.0016471255,0.00025920212,0.054181647,-0.0006387477,0.011524169,0.024869293,0.046630185,-0.074508995,0.17130758,-0.0015897973,0.05083533,0.003294239,0.0004320035,0.09005808,-0.0012774947,0.023044256,0.024864167,0.98370194,-0.16186388,0.024807667,0.9817007
124,2.083332,0.046746034,0.0019751028,0.15990967,0.0072079967,0.010838188,0.0017738608,0.00029857588,0.05430173,0.0009470945,-0.0010491982,0.024757743,0.046712015,0.0019751003,0.15856044,0.014414995,0.021672983,0.0035477066,0.0004976264,0.090256594,0.0018941868,-0.0020983934,0.024752686,0.44598812,0.30478576,0.05944486,0.6751374
125,2.0999987,0.046482306,0.076687425,0.15013438,0.006479386,-0.0032603214,0.0015859449,0.00032205344,0.05440974,0.0039284504,0.015838658,0.025898146,0.046448857,0.076537445,0.14901644,0.012958046,-0.0065205507,0.003171879,0.00053675566,0.09043513,0.007856739,0.031666726,0.025892356,-0.896849,-0.21938828,0.018993419,-0.22693971
126,2.1166654,0.045789853,0.086970136,0.14325012,0.017478459,-0.016679026,0.0008064907,0.00032031917,0.054701127,0.0037529538,-0.0014000274,0.02721519,0.04575788,0.08675152,0.14227824,0.034942687,-0.033345684,0.00161298,0.0005338652,0.09091679,0.0075057666,-0.0028000476,0.027208474,-0.9310331,0.14697358,0.0032484715,-0.74927455
127,2.133332,0.04569004,-0.063710965,0.15657955,0.016506214,0.00041947735,0.00006185699,0.0003217392,0.054976236,0.0027588373,0.006799996,0.026011793,0.045658275,-0.0636249,0.15531234,0.03300044,0.0008389545,0.00012371398,0.0005362319,0.09137149,0.0055176187,0.013599154,0.026005927,0.97538775,-0.56571597,-0.14221337,0.88198835
128,2.1499987,0.045451526,-0.21846628,0.18002644,0.021228435,0.055012453,-0.0004855313,0.0003642728,0.05532972,-0.0058886856,-0.026616402,0.022210607,0.04542025,-0.21505576,0.17810647,0.042431377,0.10958308,-0.0009710623,0.00060712127,0.09195569,-0.011776826,-0.05318258,0.022206957,0.9999841,0.1256762,0.04904085,0.99979746
129,2.1666653,0.04664281,-0.14474873,0.1784441,0.0027448179,0.04777234,0.0006828583,0.0004197718,0.05537516,-0.0013551689,-0.011471606,0.019637547,0.046609014,-0.1437462,0.1765739,0.005489581,0.095255,0.0013657158,0.00069961953,0.09203078,-0.002710331,-0.022939187,0.019635024,0.999502,0.37240317,0.006034629,0.998245
130,2.183332,0.046803914,-0.06810566,0.17102733,-0.0052215755,0.033066746,0.0009517411,0.00046615727,0.055287886,-0.0005857975,0.012566096,0.018347036,0.046769768,-0.068000555,0.16937909,-0.010442771,0.066037245,0.0019034799,0.00077692856,0.09188655,-0.0011715944,0.025126902,0.018344978,0.97834545,-0.18315041,0.022368127,0.9835195
131,2.1999986,0.046819903,0.0085029,0.15785809,0.003504881,0.018452652,0.0010679716,0.0005009877,0.05534615,0.0008383208,-0.0014352612,0.018343385,0.046785723,0.008502695,0.1565598,0.007009647,0.03688856,0.00213594,0.0008349793,0.09198284,0.0016766401,-0.0028705145,0.018341329,0.32417536,0.32558316,0.06338349,0.6977955
132,2.2166653,0.046530772,0.08257301,0.14831953,0.0025081718,0.0039920164,0.00090163806,0.00051970384,0.055387925,0.0040576574,0.016776783,0.019581046,0.04649722,0.08238585,0.1472414,0.0050163018,0.007983863,0.0018032742,0.0008661728,0.09205188,0.008115137,0.03354098,0.019578544,-0.91802526,-0.2396917,0.015055949,-0.16877572
133,2.233332,0.04583843,0.07825469,0.14124918,0.014158717,-0.015449024,0.0000965473,0.00050701346,0.055624038,0.0036146208,-0.0018100794,0.02075278,0.045806352,0.07809535,0.14031725,0.028309869,-0.030888218,0.0001930946,0.0008450222,0.09244204,0.007229116,-0.003620143,0.020749802,-0.88024265,0.13834164,-0.01208476,-0.7596033
134,2.2499986,0.04572806,-0.07496605,0.15360725,0.012901719,-0.002756619,-0.00062063907,0.00049411244,0.055839095,0.0018138224,0.0061061,0.019362789,0.045696214,-0.074825935,0.15241042,0.025797712,-0.005513182,-0.0012412776,0.00082352053,0.0927974,0.003627629,0.012211593,0.01936037,0.9886951,-0.55234224,-0.1360492,0.84158415
135,2.2666652,0.04546831,-0.22363788,0.17734717,0.017142065,0.053059366,-0.0009805246,0.000527336,0.056124337,-0.00620953,-0.026293974,0.015475955,0.045437004,-0.21998265,0.17551096,0.034270704,0.105722174,-0.0019610466,0.000878893,0.093268685,-0.012418421,-0.052539524,0.015474719,0.99998975,0.13023208,0.055630203,0.99971324
136,2.2833319,0.046716813,-0.14832908,0.17662889,-0.0011176388,0.049316008,0.000251526,0.0005776985,0.05610526,-0.0012225825,-0.010936414,0.012843066,0.046682857,-0.14725074,0.17481472,-0.0022352738,0.09831341,0.00050305197,0.00096283056,0.09323717,-0.0024451602,-0.02186934,0.01284236,0.9996516,0.35899845,0.0018040518,0.99800545
137,2.2999985,0.046817508,-0.071687974,0.16920127,-0.008712374,0.034616757,0.0004941018,0.0006182905,0.05595971,-0.0007336314,0.012259149,0.011492893,0.04678333,-0.07156542,0.16760486,-0.017422983,0.069123104,0.0009882032,0.0010304837,0.092996694,-0.0014672617,0.024513386,0.011492387,0.9850686,-0.17009172,0.023138594,0.9809536
138,2.3166652,0.046840437,0.004935217,0.15622129,-0.00019907381,0.020026468,0.000639664,0.00064764835,0.05595618,0.00077168137,-0.0008704085,0.011429907,0.04680621,0.004935177,0.1549627,-0.0003981476,0.04003153,0.0012793273,0.0010794135,0.09299085,0.0015433615,-0.0017408152,0.0114294095,0.48365036,0.31485206,0.06109211,0.66590977
139,2.3333318,0.04653708,0.07980895,0.1467044,-0.0008035241,0.00604088,0.0004865526,0.00066139596,0.055942718,0.0038796149,0.016633458,0.012621774,0.046503514,0.079639934,0.14566092,-0.0016070468,0.012081172,0.0009731049,0.0011023261,0.09296862,0.007759074,0.03325465,0.012621104,-0.88673264,-0.22914942,0.015107913,-0.22614151
140,2.3499985,0.0457512,0.09460431,0.14005177,0.010747489,-0.0053164526,-0.0002832121,0.00065171195,0.0561219,0.003488729,-0.0012752302,0.014065595,0.045719303,0.094323084,0.13914321,0.021491667,-0.010632505,-0.00056642416,0.001086186,0.09326466,0.006977345,-0.0025504548,0.014064668,-0.9402371,0.16272458,0.012828123,-0.73532116
141,2.3666651,0.04556817,-0.05486831,0.15359771,0.009861912,0.011826021,-0.00097542047,0.00064655056,0.056286138,0.003083782,0.007857916,0.013009048,0.045536656,-0.054813314,0.1524011,0.019721266,0.023647632,-0.0019508385,0.0010775838,0.093536,0.006167486,0.015714537,0.013008314,0.96995836,-0.5850922,-0.14723556,0.8875993
142,2.3833318,0.045253556,-0.21073271,0.17697397,0.0153188,0.06533782,-0.0015872805,0.0006816029,0.056540724,-0.005958299,-0.026850224,0.009336281,0.04522269,-0.20766772,0.17514923,0.030628016,0.12993687,-0.0031745504,0.0011360043,0.09395658,-0.011916034,-0.05364889,0.00933601,0.9999825,0.12119346,0.052865647,0.99979305
143,2.3999984,0.046382282,-0.13767198,0.17551214,-0.003327192,0.0574585,-0.00040508038,0.000729026,0.0564846,-0.0012119915,-0.011776308,0.006880829,0.04634905,-0.13680872,0.17373188,-0.006654286,0.1144138,-0.0008101606,0.0012150427,0.09386387,-0.0024239784,-0.02354826,0.0068807206,0.9994688,0.39067152,0.0039616316,0.9981453
144,2.416665,0.046434183,-0.061035443,0.16835098,-0.011505184,0.04275316,-0.00016460638,0.0007664971,0.056292325,-0.00061933586,0.013460394,0.005707911,0.046400838,-0.060959764,0.16677834,-0.023006307,0.08529854,-0.00032921275,0.0012774945,0.09354622,-0.0012386711,0.026914287,0.0057078493,0.9767248,-0.19546485,0.019939998,0.98330885
145,2.4333317,0.04638484,0.01556436,0.15514156,-0.0021576849,0.028144844,-0.000041722087,0.00079222495,0.056255993,0.0006639801,-0.0013995031,0.005822134,0.046351604,0.015563103,0.15390873,-0.0043153428,0.05623031,-0.000083444174,0.0013203741,0.0934862,0.0013279594,-0.002798999,0.0058220685,0.2910819,0.3396653,0.065686785,0.695114
146,2.4499984,0.04606495,0.08943553,0.14576215,-0.0031295628,0.013629787,-0.00017346436,0.0008021181,0.056203645,0.0040458413,0.017665446,0.00717452,0.046032395,0.08919784,0.14473853,-0.0062590437,0.027252823,-0.00034692872,0.0013368627,0.09339972,0.008091506,0.0353162,0.007174397,-0.9220351,-0.25244695,0.010526536,-0.1537492
147,2.466665,0.04532234,0.08114633,0.13881822,0.009138111,-0.0067741578,-0.00097621046,0.0007794944,0.056356043,0.0033409155,-0.0018130019,0.00839508,0.045291334,0.080968685,0.13793334,0.018274188,-0.013547487,-0.0019524185,0.0012991566,0.09365149,0.0066817314,-0.003625988,0.008394883,-0.860533,0.14082415,-0.012050075,-0.75227886
148,2.4833317,0.045153916,-0.07256079,0.15100498,0.007879083,0.0047961334,-0.0016390907,0.00075669657,0.0564873,0.0016105728,0.006323564,0.007046143,0.045123253,-0.07243371,0.1498676,0.015756862,0.009591972,-0.0032781698,0.0012611602,0.09386832,0.0032211344,0.012646453,0.0070460266,0.9909313,-0.5573903,-0.13444084,0.8371433
149,2.4999983,0.044835232,-0.21887822,0.1746774,0.012270447,0.06029895,-0.0019586491,0.00078099355,0.056691036,-0.006277609,-0.026339341,0.003239661,0.044805214,-0.21544862,0.17292222,0.024535969,0.12001663,-0.0039172783,0.0013016552,0.09420488,-0.012554559,-0.052630007,0.0032396496,0.999991,0.13234353,0.061385985,0.99968135
150,2.516665,0.04604243,-0.14330953,0.17414856,-0.006020771,0.05697342,-0.00071309344,0.0008229448,0.05658993,-0.0009706947,-0.010770414,0.00069146045,0.046009924,-0.14233644,0.17240915,-0.01204096,0.11345623,-0.001426186,0.0013715738,0.094037876,-0.001941387,-0.021537498,0.00069146033,0.9996874,0.36374262,-0.002932272,0.9978462
151,2.5333316,0.046024024,-0.06667594,0.16676159,-0.013500228,0.042276517,-0.000520495,0.00085409626,0.05636434,-0.0008363861,0.01271252,-0.00057395967,0.045991555,-0.06657731,0.16523275,-0.026993895,0.08435211,-0.0010409896,0.0014234928,0.0936652,-0.0016727707,0.025419561,-0.0005739596,0.98651725,-0.1715095,0.02238597,0.97984695
152,2.5499983,0.04601419,0.009944603,0.15374829,-0.0046720877,0.0276993,-0.0003545446,0.00087421347,0.05628607,0.00064330816,-0.00056170113,-0.0005519647,0.045981742,0.009944275,0.15254818,-0.0093439035,0.055341996,-0.0007090891,0.0014570213,0.09353589,0.0012866156,-0.0011234018,-0.0005519646,0.52139175,0.3193918,0.06056537,0.6537092
153,2.566665,0.045684457,0.08498559,0.14424512,-0.0050621596,0.013856213,-0.00048218545,0.0008791755,0.056201495,0.0037464066,0.017164938,0.0007278511,0.045652702,0.08478158,0.14325295,-0.010123974,0.027705334,-0.0009643706,0.0014652914,0.093396164,0.007492673,0.034316394,0.000727851,-0.8761159,-0.23263429,0.012239501,-0.23367794
154,2.5833316,0.044844702,0.1042988,0.13770978,0.006857942,0.0047961827,-0.0012255191,0.0008632573,0.056315728,0.003224577,-0.0010355916,0.002334867,0.044814665,0.10392224,0.13684583,0.013715024,0.009592071,-0.0024510333,0.001438761,0.09358489,0.0064490647,-0.0020711801,0.0023348627,-0.9487842,0.17309178,0.020899918,-0.7192342
155,2.5999982,0.04460038,-0.043908443,0.15143363,0.0061387806,0.022595813,-0.0018653162,0.0008534239,0.056417715,0.0033287723,0.008651675,0.0014625407,0.04457083,-0.043880247,0.15028659,0.012276945,0.045160886,-0.0037306151,0.0014223722,0.093753375,0.0066574463,0.017301623,0.0014625397,0.96238714,-0.5994383,-0.14880534,0.89769405
156,2.616665,0.044231486,-0.20080532,0.17451796,0.012146889,0.0748819,-0.0025257862,0.0008819493,0.05661908,-0.0058913575,-0.027036205,-0.0020427979,0.044202663,-0.19814914,0.17276755,0.024289,0.14865406,-0.0050515295,0.0014699145,0.09408603,-0.01178217,-0.05401977,-0.002042795,0.9999802,0.1175899,0.057003118,0.9997978
157,2.6333315,0.045286413,-0.12866011,0.17289297,-0.0066282568,0.065947466,-0.0013568674,0.0009215661,0.05650762,-0.0009555649,-0.012046222,-0.004345758,0.04525548,-0.12795486,0.17119062,-0.013255737,0.13113539,-0.002713728,0.0015359423,0.093901895,-0.0019111275,-0.024087783,-0.0043457304,0.9994215,0.40710562,0.00047469136,0.9980839
158,2.6499982,0.045224637,-0.052032012,0.16580442,-0.014993689,0.051241662,-0.0011672725,0.0009503012,0.056256935,-0.0006504457,0.014231708,-0.0053662495,0.04519383,-0.051985107,0.16430156,-0.029978393,0.10212604,-0.0023345407,0.001583834,0.09348776,-0.0013008907,0.028455732,-0.005366198,0.9741694,-0.20547237,0.017903024,0.9834298
159,2.6666648,0.045132086,0.02455515,0.15241297,-0.005110558,0.03663574,-0.0010382155,0.0009673537,0.05617118,0.0005145866,-0.0013672961,-0.005099528,0.045101468,0.024550216,0.15124366,-0.0102207605,0.073140636,-0.002076428,0.0016122547,0.09334608,0.0010291728,-0.0027345854,-0.0050994838,0.23809494,0.35186046,0.06651372,0.69729674
160,2.6833315,0.04479825,0.09811315,0.14302059,-0.0060600685,0.022002134,-0.0011403162,0.00096894393,0.05606982,0.003972242,0.018403355,-0.0035997392,0.044768307,0.09779954,0.14205334,-0.012119544,0.04397589,-0.0022806285,0.0016149051,0.093178615,0.007944318,0.0367901,-0.0035997236,-0.92864406,-0.26264554,0.0064901393,-0.13234077
161,2.6999981,0.044048894,0.083465874,0.13602337,0.00672004,-0.00038145616,-0.001928459,0.0009364517,0.056181826,0.003053705,-0.0018231217,-0.0023374506,0.044020426,0.08327259,0.13519062,0.013439271,-0.00076291215,-0.003856899,0.0015607515,0.093363665,0.006107334,-0.0036462273,-0.0023374464,-0.82402253,0.13734114,-0.015511222,-0.7480251
162,2.7166648,0.04384946,-0.07104085,0.14776897,0.0054539833,0.0095843375,-0.0025343532,0.000903209,0.056272585,0.0012089129,0.0061665485,-0.003657447,0.04382138,-0.07092158,0.14670274,0.010907534,0.019166328,-0.005068663,0.0015053471,0.093513615,0.0024178212,0.012332472,-0.0036574306,0.9934921,-0.5550294,-0.1286617,0.82586455
163,2.7333314,0.04350036,-0.21299106,0.1712923,0.009736308,0.06522238,-0.0027742186,0.0009183035,0.056433875,-0.0062512965,-0.02627594,-0.007362006,0.043472942,-0.20982766,0.16963644,0.019470155,0.12970988,-0.0055483803,0.0015305046,0.09378008,-0.012501942,-0.052503556,-0.007361873,0.9999921,0.13734719,0.06777437,0.9996311
164,2.749998,0.04466898,-0.13712388,0.1709293,-0.008510877,0.062823564,-0.0015338801,0.00095180824,0.05629104,-0.0006169197,-0.010411687,-0.009803355,0.044639293,-0.13627085,0.16928385,-0.017020112,0.12499007,-0.0030677507,0.0015863457,0.0935441,-0.0012338388,-0.020820364,-0.009803041,0.999716,0.36095724,-0.009236461,0.99767005
165,2.7666647,0.044532012,-0.060497604,0.163411,-0.015741218,0.048130352,-0.0014114766,0.0009733666,0.05602792,-0.0009527758,0.012844168,-0.010961858,0.044502597,-0.060423907,0.16197185,-0.03147204,0.095964484,-0.0028229458,0.0016222763,0.09310939,-0.0019055493,0.025682686,-0.010961419,0.9875474,-0.1655337,0.022697037,0.9783684
166,2.7833314,0.04451725,0.016118813,0.1503194,-0.0068216575,0.033567123,-0.0012224347,0.0009843323,0.055913683,0.0005658369,-0.000108565204,-0.01083291,0.044487864,0.016117418,0.14919734,-0.0136424685,0.06703357,-0.0024448645,0.0016405522,0.092920646,0.0011316733,-0.00021713041,-0.010832487,0.54646945,0.31718513,0.057697576,0.63842434
167,2.799998,0.044173285,0.0912765,0.1406834,-0.0068970495,0.01987543,-0.0013347036,0.0009806026,0.055798396,0.0035221041,0.017386373,-0.009444047,0.044144575,0.091023855,0.13976257,-0.0137932245,0.039729934,-0.002669401,0.0016343362,0.09273016,0.007044092,0.03475874,-0.009443766,-0.86867917,-0.22949375,0.010734712,-0.25020885
168,2.8166647,0.043327786,0.11358856,0.13429147,0.0051768194,0.012871105,-0.002033535,0.00095870625,0.055884466,0.002974609,-0.0006835889,-0.007678184,0.043300692,0.11310255,0.13348997,0.010353269,0.025736526,-0.0040670475,0.0015978423,0.09287237,0.0059491475,-0.001367177,-0.0076780333,-0.95415443,0.1739765,0.025160812,-0.70275915
169,2.8333313,0.04304716,-0.03373456,0.14826258,0.0047021047,0.03194827,-0.0026237355,0.0009447904,0.055962328,0.0033772965,0.0089660045,-0.008377083,0.04302059,-0.033721767,0.14718568,0.009403932,0.06380972,-0.005247423,0.0015746492,0.093001015,0.00675449,0.017930087,-0.008376887,0.9555027,-0.6068653,-0.14632751,0.91080964
170,2.849998,0.04264859,-0.19128308,0.17095765,0.010928498,0.08300591,-0.003293834,0.0009675292,0.056143153,-0.0057352916,-0.027205957,-0.011719307,0.042622752,-0.18898375,0.1693114,0.021853516,0.16450337,-0.0065875724,0.0016125472,0.09329978,-0.01147008,-0.05435828,-0.0117187705,0.9999785,0.116523236,0.061396584,0.9998112
171,2.8666646,0.043634385,-0.11997019,0.1690218,-0.007964526,0.072827734,-0.0021558786,0.0009997268,0.056009214,-0.00062131835,-0.012198988,-0.013872645,0.043606713,-0.11939791,0.16743043,-0.015927706,0.14463408,-0.0043117306,0.0016662098,0.09307849,-0.0012426361,-0.024393138,-0.013871755,0.999388,0.419478,-0.00445658,0.99808663
172,2.8833313,0.043464974,-0.04334918,0.16189297,-0.016436046,0.05812091,-0.0020326022,0.0010200131,0.055734307,-0.0007047523,0.014827333,-0.014743577,0.043437622,-0.04332205,0.16049327,-0.032860257,0.11572108,-0.004065182,0.0017000202,0.092624255,-0.0014095036,0.029645978,-0.0147425085,0.9719969,-0.21236067,0.016465487,0.98398495
173,2.899998,0.04335896,0.033227634,0.14827874,-0.006139286,0.04351334,-0.0018927704,0.0010288856,0.055631243,0.00038439303,-0.0013173595,-0.014327309,0.04333181,0.03321541,0.14720151,-0.012277954,0.08680764,-0.0037855227,0.0017148076,0.09245395,0.0007687859,-0.002634713,-0.014326328,0.19277014,0.36097187,0.06561444,0.70560586
174,2.9166646,0.04303032,0.10651895,0.13878228,-0.007054118,0.028746244,-0.0019690385,0.0010227135,0.05551318,0.0038197427,0.018952532,-0.0126823345,0.043003783,0.106117904,0.13789809,-0.0141073,0.057429224,-0.0039380565,0.0017045208,0.09225886,0.007639337,0.03788692,-0.012681655,-0.93386286,-0.269636,0.0032541042,-0.103836186
175,2.9333313,0.042304188,0.08643212,0.1315598,0.0061073643,0.004233656,-0.002726924,0.0009811951,0.0556149,0.0027585833,-0.0018176436,-0.011365218,0.042278968,0.08621753,0.13080601,0.012214121,0.00846711,-0.005453794,0.0016353236,0.09242695,0.0055171107,-0.0036352712,-0.011364729,-0.78584397,0.13414282,-0.018845502,-0.7475032
176,2.949998,0.042097293,-0.06870681,0.14266418,0.0048451107,0.0120947845,-0.0032742622,0.0009378594,0.05569546,0.00081134145,0.0060055535,-0.012640259,0.04207244,-0.0685989,0.14170411,0.009689918,0.024184853,-0.006548431,0.0015630977,0.09256006,0.0016226815,0.01201053,-0.012639586,0.99514157,-0.55152416,-0.121851034,0.80455947
177,2.9666646,0.041746583,-0.20608819,0.1660558,0.009015633,0.06821036,-0.0034352434,0.00094408024,0.055844653,-0.0061631855,-0.026182922,-0.016223526,0.04172235,-0.20321923,0.16454615,0.018029312,0.13558069,-0.0068703787,0.0015734658,0.092806585,-0.012325747,-0.05231803,-0.016222103,0.99999267,0.14116053,0.073668174,0.9995614
178,2.9833312,0.0428849,-0.13002945,0.16599043,-0.009166952,0.06742457,-0.0022123884,0.00096993224,0.05569079,-0.00024533458,-0.010128258,-0.018540619,0.04285863,-0.12930155,0.16448255,-0.01833185,0.13403767,-0.004424748,0.0016165522,0.09255235,-0.0004906691,-0.020253746,-0.018538496,0.99972564,0.3564139,-0.015548615,0.99753577
179,2.9999979,0.042648338,-0.053407986,0.15831088,-0.016200466,0.05273644,-0.0021637108,0.0009827358,0.055419914,-0.0010550442,0.012798214,-0.01957484,0.0426225,-0.053357262,0.15700145,-0.0323896,0.105083495,-0.0043273945,0.0016378914,0.09210474,-0.0021100855,0.02559084,-0.01957234,0.98766804,-0.15647325,0.02312236,0.9772014
180,3.0166645,0.042647865,0.02320391,0.1451369,-0.0073128166,0.03818334,-0.0019543758,0.0009854217,0.055297416,0.0005065884,0.00036352035,-0.019321693,0.042622026,0.023199746,0.14412631,-0.01462459,0.07621857,-0.0039087315,0.0016423679,0.0919023,0.0010131764,0.0007270406,-0.019319288,0.5442596,0.31186858,0.05370425,0.6279566
181,3.0333312,0.04230766,0.09837116,0.13531418,-0.0070603723,0.024581296,-0.0020548895,0.0009738199,0.055179335,0.0032509826,0.017422903,-0.017808363,0.042282436,0.09805508,0.13449432,-0.014119806,0.049123023,-0.0041097556,0.0016230317,0.09170716,0.0065018735,0.03483171,-0.01780648,-0.86984503,-0.22329609,0.009984758,-0.26200137
182,3.0499978,0.041502375,0.120412365,0.12902343,0.00503887,0.018250518,-0.0026999242,0.00094564003,0.05526302,0.0027360932,-0.000317242,-0.015922679,0.041478563,0.11983376,0.12831222,0.010077399,0.036484834,-0.0053997957,0.0015760653,0.09184546,0.005472132,-0.00063448393,-0.015921334,-0.95439863,0.16608238,0.02418419,-0.69220686
183,3.0666645,0.041215904,-0.027055942,0.14311698,0.004818564,0.0381682,-0.0032427998,0.0009268129,0.05534273,0.0031495902,0.008784218,-0.016504226,0.04119258,-0.027049342,0.1421478,0.00963683,0.07618847,-0.0064855088,0.0015446867,0.09197719,0.006299097,0.017566629,-0.016502729,0.95543677,-0.60701174,-0.14027229,0.9192382
184,3.083331,0.040815495,-0.1846401,0.1655093,0.010918719,0.0884606,-0.003867719,0.00094417174,0.055523336,-0.005570259,-0.027338786,-0.019729258,0.040792845,-0.18257007,0.1640144,0.021833967,0.17509808,-0.007735284,0.0015736183,0.09227564,-0.011140057,-0.05462315,-0.0197267,0.9999793,0.11699781,0.06632121,0.9998217
185,3.0999978,0.04176099,-0.113339946,0.16334298,-0.008066557,0.077669635,-0.00276251,0.00096998346,0.055387653,-0.0002486538,-0.0122626545,-0.021765396,0.04173673,-0.1128571,0.1619056,-0.016131716,0.15410176,-0.0055249636,0.0016166377,0.092051424,-0.00049730757,-0.024520393,-0.02176196,0.9994037,0.42793068,-0.010540363,0.99811983
186,3.1166644,0.04150025,-0.036722902,0.15613101,-0.01658229,0.062962085,-0.0027131746,0.0009827843,0.055110253,-0.00079259515,0.015248257,-0.022519171,0.041476443,-0.036706403,0.15487461,-0.033152424,0.12526278,-0.005426296,0.0016379723,0.09159299,-0.001585189,0.030487062,-0.022515366,0.97201586,-0.21663752,0.015478954,0.9846445
187,3.133331,0.04141356,0.03985146,0.14231601,-0.0059932196,0.0483528,-0.0025559128,0.0009845971,0.05500958,0.0002589976,-0.0012642993,-0.021985719,0.0413899,0.03983038,0.14136292,-0.011985865,0.09640526,-0.005111781,0.0016409936,0.09142661,0.00051799515,-0.0025285932,-0.021982178,0.18585786,0.3672952,0.06319284,0.71470743
188,3.1499977,0.041112684,0.11314093,0.13269573,-0.006871206,0.033538792,-0.0026073013,0.0009718834,0.054894507,0.003590464,0.019331768,-0.020223556,0.041089535,0.112660624,0.13192233,-0.013741547,0.066977166,-0.005214555,0.0016198042,0.09123642,0.0071808044,0.038644284,-0.0202208,-0.93479633,-0.27375194,0.0008308886,-0.07748164
189,3.1666644,0.040421724,0.09222054,0.12516034,0.0065536383,0.008137073,-0.003319695,0.0009240197,0.0550036,0.0024585547,-0.001789445,-0.018802932,0.040399723,0.09195999,0.124510854,0.013106526,0.01627271,-0.006639292,0.0015400316,0.09141672,0.00491707,-0.0035788747,-0.018800717,-0.78010315,0.13824636,-0.018039295,-0.7489441
190,3.183331,0.04022397,-0.0630351,0.13565876,0.0053109676,0.014083653,-0.0038075033,0.0008735003,0.055091903,0.0006402739,0.006241588,-0.019975835,0.04020229,-0.06295174,0.13483265,0.010621536,0.028159859,-0.0076148594,0.0014558327,0.091562666,0.0012805471,0.012482528,-0.01997318,0.9954694,-0.555001,-0.11738212,0.78111386
191,3.1999977,0.039891295,-0.19973297,0.1589698,0.0096454015,0.07038527,-0.003934542,0.00087271945,0.055251632,-0.0060447226,-0.026221285,-0.023445373,0.03987015,-0.19711868,0.15764408,0.01928841,0.139848,-0.007868922,0.0014545313,0.09182663,-0.012088857,-0.052394547,-0.023441078,0.99999315,0.13733536,0.07823338,0.9995089
192,3.2166643,0.041011233,-0.12363738,0.15927157,-0.008563824,0.07131037,-0.0027351915,0.00089277286,0.055107847,0.0000770553,-0.0103738755,-0.02564847,0.040988255,-0.123011224,0.15793833,-0.017125973,0.14166154,-0.0054703285,0.0014879537,0.09158901,0.0001541106,-0.020744774,-0.025642846,0.9997312,0.36259302,-0.020616738,0.997541
193,3.233331,0.040706284,-0.04701789,0.15155981,-0.015767902,0.05662602,-0.00275048,0.00089885626,0.05484421,-0.0011203437,0.012960065,-0.02656878,0.040683817,-0.046983276,0.15040992,-0.031525355,0.11277033,-0.0055009048,0.0014980925,0.09115329,-0.0022406837,0.025914326,-0.02656253,0.9875751,-0.15585445,0.021834569,0.9776428
194,3.2499976,0.040730078,0.029591944,0.138255,-0.0067678588,0.042072803,-0.0025281894,0.0008951696,0.054730766,0.00038170535,0.0004995512,-0.026201762,0.04070757,0.029583309,0.1373808,-0.0135348905,0.08394757,-0.0050563356,0.0014919481,0.090965785,0.0007634105,0.000999102,-0.026195768,0.53508645,0.31434762,0.05077486,0.63381064
195,3.2666643,0.040427804,0.10474546,0.12830043,-0.006420948,0.028434806,-0.002603925,0.0008777045,0.054623343,0.002995774,0.017641343,-0.024574764,0.040405795,0.10436406,0.12760104,-0.01284119,0.056808382,-0.005207803,0.0014628397,0.09078822,0.005991476,0.035268053,-0.024569819,-0.8731094,-0.22410764,0.008080485,-0.24840543
196,3.283331,0.039683394,0.12568332,0.121784806,0.0058299834,0.021332394,-0.0031983252,0.000843861,0.054720204,0.0024481907,-0.00022462942,-0.022593634,0.039662577,0.1250257,0.12118627,0.011659439,0.04263892,-0.0063965633,0.0014064341,0.09094832,0.0048963423,-0.0004492588,-0.02258979,-0.95285773,0.16613986,0.022556562,-0.69380116
197,3.2999976,0.039419036,-0.022179663,0.13552697,0.005673991,0.040230382,-0.0036840774,0.00081922184,0.05481421,0.0028552918,0.008836774,-0.023085954,0.039398633,-0.022176027,0.13470325,0.011347495,0.08028758,-0.0073680216,0.0013653688,0.091103695,0.0057105217,0.017671708,-0.023081854,0.9583359,-0.6090821,-0.13454367,0.9145003
198,3.3166642,0.03904359,-0.17958277,0.1578624,0.01181064,0.09064831,-0.004250604,0.00083143223,0.055009812,-0.0054656873,-0.027430741,-0.026218591,0.039023764,-0.17767684,0.156564,0.023616888,0.17933607,-0.0085010035,0.0013857194,0.09142698,-0.010930939,-0.054806508,-0.026212586,0.9999811,0.11289601,0.0717085,0.9998136
199,3.3333309,0.03998829,-0.10793636,0.15573622,-0.007238491,0.08032421,-0.0031661424,0.0008522941,0.054888044,0.0001111296,-0.012563992,-0.02815665,0.03996699,-0.10751914,0.15448925,-0.0144759705,0.15928054,-0.0063322,0.0014204892,0.091225736,0.0002222592,-0.025122697,-0.02814921,0.999431,0.438421,-0.016605578,0.9980671
200,3.3499975,0.039661914,-0.031319715,0.14851682,-0.015963484,0.065617315,-0.003188192,0.000859086,0.054621045,-0.0008848525,0.0156044625,-0.028812435,0.03964113,-0.031309478,0.14743441,-0.031916123,0.13048638,-0.006376297,0.001431809,0.090784416,-0.0017697031,0.031198796,-0.028804464,0.9725741,-0.22131692,0.014164484,0.9846073
201,3.3666642,0.039617237,0.045256477,0.13453783,-0.0051270537,0.051013045,-0.003012626,0.00085532025,0.054534856,0.00011607364,-0.0012897495,-0.02818094,0.039596524,0.045225605,0.13373193,-0.010253748,0.10167355,-0.006025179,0.0014255327,0.09064195,0.00023214729,-0.0025794932,-0.028173482,0.18792523,0.37349936,0.06033385,0.7114551
202,3.3833308,0.039368927,0.11861149,0.12484667,-0.0060227113,0.036225688,-0.0030356557,0.00083764945,0.05443396,0.0033287136,0.019639421,-0.026319671,0.039348602,0.11805837,0.124202035,-0.0120448405,0.07232487,-0.006071237,0.0013960814,0.09047517,0.006657329,0.039258655,-0.026313595,-0.9347528,-0.2778077,-0.0014046719,-0.07505859
203,3.3999975,0.03873054,0.09793615,0.117249474,0.007615776,0.011128206,-0.0036961157,0.0007861715,0.054560747,0.0021500706,-0.0018174369,-0.024795892,0.038711186,0.097624235,0.11671512,0.0152303735,0.022252737,-0.007392097,0.0013102852,0.09068475,0.0043001147,-0.0036348577,-0.02479081,-0.7845073,0.14177264,-0.016354414,-0.7480633
204,3.4166641,0.03855349,-0.057316627,0.1276312,0.0063536656,0.01689977,-0.0041227164,0.0007328606,0.05466642,0.0005150796,0.006397809,-0.025865499,0.0385344,-0.057253946,0.12694266,0.012706648,0.033786677,-0.008245246,0.0012214336,0.09085942,0.0010301588,0.012794919,-0.025859732,0.995424,-0.5602387,-0.112461895,0.78246343
205,3.4333308,0.038250685,-0.1945446,0.15085788,0.010796586,0.07307483,-0.0042249155,0.00072920776,0.05484547,-0.0058665583,-0.026419502,-0.029240398,0.03823204,-0.19212684,0.1497238,0.021589817,0.14511791,-0.00844963,0.0012153457,0.09115537,-0.011732578,-0.05278988,-0.029232068,0.99999344,0.13415657,0.08226965,0.99951714
206,3.4499974,0.03935495,-0.118454225,0.1511172,-0.0075502926,0.073900305,-0.003060916,0.0007457291,0.054718733,0.00041484786,-0.0107008815,-0.031348936,0.039334644,-0.11790329,0.1499773,-0.015099438,0.1467337,-0.0061217556,0.0012428812,0.09094589,0.00082969555,-0.021398496,-0.03133867,0.99973816,0.37372348,-0.025918012,0.9975541
207,3.466664,0.038994525,-0.04183401,0.14342222,-0.014981462,0.059215385,-0.0031432286,0.00074726576,0.054468308,-0.0011845706,0.013330836,-0.032174785,0.038974773,-0.041809626,0.14244685,-0.02995396,0.117880166,-0.0062863743,0.0012454422,0.09053195,-0.0023691368,0.026655355,-0.032163687,0.9875545,-0.1623213,0.02026915,0.97829455
208,3.4833307,0.039058194,0.03477662,0.12996742,-0.0057239374,0.04466151,-0.0029081947,0.0007393386,0.054372348,0.00024560688,0.00038340315,-0.03171327,0.039038345,0.034762606,0.12924054,-0.011447375,0.08908622,-0.0058163237,0.0012322303,0.09037333,0.0004912137,0.00076680613,-0.03170264,0.52823573,0.3226751,0.04824823,0.6381932
209,3.4999974,0.03881175,0.10992743,0.119969204,-0.0054576844,0.030975474,-0.0029569257,0.00071812724,0.054281007,0.0027581481,0.018000847,-0.029991861,0.038792275,0.10948677,0.11939694,-0.010914936,0.061871815,-0.0059137824,0.0011968781,0.09022233,0.0055162404,0.035986148,-0.029982872,-0.8755225,-0.23067603,0.005601854,-0.23412548
210,3.516664,0.038137794,0.1300426,0.11325975,0.007042904,0.023296693,-0.003504178,0.00068084797,0.054398116,0.0021441753,-0.00035689585,-0.027929895,0.038119312,0.12931447,0.112777926,0.0140848765,0.0465597,-0.0070082415,0.0011347461,0.090415925,0.0042883246,-0.0007137916,-0.027922634,-0.9516659,0.17169823,0.021804214,-0.6960548
211,3.5333307,0.037909105,-0.018110951,0.12667622,0.006795059,0.04113511,-0.00392961,0.00065273006,0.054510914,0.002601045,0.00903113,-0.028345915,0.037890956,-0.018108971,0.12600295,0.013589282,0.08208511,-0.007859058,0.0010878829,0.09060238,0.005202043,0.018060297,-0.028338324,0.9604427,-0.6137579,-0.12934098,0.90949225
212,3.5499973,0.03757286,-0.17537251,0.14900438,0.013066678,0.091724075,-0.0044456907,0.00066222454,0.05472769,-0.005359211,-0.027573762,-0.031399842,0.03755519,-0.17359647,0.14791134,0.02612741,0.1814176,-0.008891147,0.001103707,0.09096069,-0.010718011,-0.055091687,-0.031389527,0.99998254,0.10823657,0.07684468,0.9998049
213,3.566664,0.038529642,-0.1034722,0.14697063,-0.006081765,0.081852585,-0.0033823543,0.0006805132,0.054625418,0.0004616133,-0.0129364105,-0.033255108,0.038510587,-0.1031045,0.14592148,-0.01216293,0.16225828,-0.006764605,0.0011341881,0.09079165,0.0009232263,-0.025867049,-0.033242855,0.9994516,0.44892287,-0.022445276,0.99800825
214,3.5833306,0.038153112,-0.026853237,0.13979878,-0.015065382,0.06714639,-0.0034739436,0.00068365544,0.054373562,-0.000968016,0.015907776,-0.03382819,0.03813461,-0.026846785,0.13889511,-0.030121649,0.13349126,-0.0069477754,0.0011394252,0.09037534,-0.0019360295,0.031804822,-0.033815295,0.97285455,-0.22587053,0.013004881,0.9845177
215,3.5999973,0.03816083,0.049726374,0.125707,-0.0040183137,0.05254726,-0.0032818753,0.00067659194,0.054305993,-0.000009004434,-0.0013487265,-0.03311393,0.038142316,0.04968543,0.12504901,-0.008036454,0.104709305,-0.0065636565,0.0011276527,0.09026364,-0.000018008868,-0.0026974464,-0.03310183,0.18540552,0.3789281,0.05728368,0.70666856
216,3.616664,0.03797286,0.12311602,0.115992635,-0.0049549295,0.037778445,-0.0032800883,0.00065612135,0.05422299,0.0030718427,0.019877965,-0.031169372,0.037954617,0.12249772,0.11547522,-0.009909535,0.075413436,-0.0065600825,0.0010935351,0.090126425,0.006143608,0.039734997,-0.031159282,-0.9350972,-0.281487,-0.0033047078,-0.07668277
217,3.6333306,0.037399344,0.10213787,0.10842336,0.008849215,0.012943434,-0.0038895807,0.0006030247,0.054370344,0.0018663394,-0.0018752068,-0.029567417,0.037381917,0.10178418,0.10800049,0.017696582,0.025881086,-0.0077790045,0.0010050407,0.090370014,0.0037326615,-0.003750396,-0.029558804,-0.78448695,0.14309214,-0.015625188,-0.7478015
218,3.6499972,0.037252966,-0.053156476,0.11880711,0.0075469874,0.018829852,-0.004259886,0.00054913096,0.05449594,0.00035760773,0.006410363,-0.030559557,0.037235744,-0.05310647,0.11825125,0.015092828,0.037641913,-0.008519567,0.00091521797,0.090577625,0.00071521534,0.012820024,-0.030550048,0.99547404,-0.5635641,-0.106907725,0.7866241
219,3.666664,0.036990486,-0.1903823,0.1420033,0.011998629,0.074986234,-0.004330839,0.00054525543,0.05469523,-0.005672842,-0.026612766,-0.0338569,0.036973625,-0.188115,0.14105643,0.023992654,0.14885812,-0.008661461,0.0009087588,0.09090704,-0.0113451965,-0.053175326,-0.033843968,0.99999374,0.13209803,0.08589268,0.99952996
220,3.6833305,0.038085673,-0.114283614,0.14220652,-0.0064824675,0.07551279,-0.003205278,0.0005606676,0.054586496,0.00074375607,-0.010964125,-0.035887744,0.03806727,-0.11378866,0.14125562,-0.012964209,0.14988773,-0.006410468,0.00093444565,0.090727314,0.0014875111,-0.021924736,-0.035872344,0.99974334,0.38275668,-0.03091798,0.9975611
221,3.6999972,0.037681628,-0.03766027,0.13455415,-0.0140964445,0.060826957,-0.0033528493,0.0005600541,0.054350995,-0.0012353756,0.0136291105,-0.03663596,0.037663803,-0.037642475,0.13374797,-0.028185422,0.1210573,-0.006705598,0.0009334232,0.09033803,-0.0024707462,0.027251473,-0.036619578,0.98747236,-0.16769312,0.019039864,0.9787896
222,3.7166638,0.037791096,0.03895305,0.12100835,-0.0046317847,0.046272796,-0.003107735,0.0005501843,0.054273363,0.0001401261,0.00027649105,-0.03609676,0.037773114,0.038933363,0.12042115,-0.009263304,0.09228229,-0.00621539,0.0009169735,0.09020969,0.0002802522,0.00055298203,-0.03608109,0.519915,0.32918108,0.045550603,0.6405829
223,3.7333305,0.03760181,0.11409584,0.11100874,-0.0044397768,0.032547373,-0.0031355373,0.0005273717,0.05419907,0.0025351266,0.018266173,-0.03429785,0.0375841,0.11360331,0.11055499,-0.00887932,0.06500296,-0.006270992,0.00087895256,0.09008688,0.00507021,0.036516104,-0.03428441,-0.8781096,-0.23585244,0.0035950385,-0.2242072
224,3.7499971,0.0370035,0.1332139,0.10420677,0.008245069,0.024381598,-0.0036385385,0.0004888071,0.05433628,0.0018788609,-0.00047760457,-0.03217492,0.03698662,0.13243145,0.10383121,0.016488643,0.048724584,-0.0072769485,0.00081467826,0.09031371,0.003757704,-0.00095520884,-0.03216382,-0.9501219,0.17482579,0.02064495,-0.6982008
225,3.7666638,0.036816183,-0.015249218,0.117423475,0.007913398,0.041474476,-0.0040113283,0.00045959826,0.054467846,0.002353882,0.009100542,-0.032534957,0.036799558,-0.015248036,0.11688674,0.015825475,0.08275923,-0.008022484,0.00076599687,0.090531185,0.004707729,0.018199075,-0.032523483,0.96258944,-0.6167878,-0.123921424,0.9058155
226,3.7833304,0.036525212,-0.17232545,0.1397852,0.0142332185,0.092229225,-0.0044783694,0.00046895514,0.054704357,-0.0052332985,-0.027711183,-0.035529852,0.036508977,-0.17063968,0.1388818,0.02845875,0.18239447,-0.008956499,0.0007815917,0.090922125,-0.010466215,-0.05536569,-0.03551491,0.9999838,0.10416202,0.08126715,0.99979895
227,3.799997,0.03749563,-0.100164674,0.137859,-0.0050106547,0.08271572,-0.0034400169,0.00048705182,0.054620188,0.00078907097,-0.0132715665,-0.037321907,0.03747807,-0.09983103,0.13699225,-0.010020974,0.16393863,-0.0068799253,0.0008117528,0.09078301,0.0015781407,-0.0265369,-0.037304588,0.99947226,0.45781097,-0.027660733,0.9979682
228,3.8166637,0.037080232,-0.02354154,0.13076726,-0.014227021,0.06801,-0.0035965787,0.00048894074,0.05438252,-0.001030153,0.016149454,-0.03783185,0.03706325,-0.023537192,0.13002694,-0.028446365,0.13518731,-0.0071930336,0.000814901,0.090390146,-0.002060303,0.03228768,-0.037813812,0.97325075,-0.2296387,0.012009282,0.9845296
229,3.8333304,0.037140597,0.053043224,0.11661872,-0.00301212,0.053414658,-0.0033921828,0.00048084173,0.054331876,-0.00010800903,-0.0014054142,-0.037054352,0.037123527,0.052993532,0.11609291,-0.0060241674,0.106424764,-0.006784261,0.00080140267,0.09030643,-0.00021601806,-0.002810821,-0.037037402,0.18581396,0.38301656,0.054314453,0.7034644
230,3.849997,0.037011735,0.12648301,0.106920004,-0.003988103,0.038661987,-0.0033707526,0.00045968316,0.054265104,0.0028398864,0.020046463,-0.035045777,0.036994845,0.12581281,0.106514424,-0.0079760365,0.07717024,-0.006741403,0.0007661384,0.09019604,0.0056797117,0.040071458,-0.035031434,-0.9350273,-0.28424954,-0.0048495745,-0.07698164
231,3.8666637,0.036502853,0.105554596,0.09939239,0.009933056,0.01407245,-0.003934223,0.00040687763,0.05443056,0.0016216403,-0.0019285046,-0.033379015,0.036486648,0.10516431,0.099066384,0.0198635,0.02813747,-0.007868284,0.00067812926,0.090469554,0.0032432692,-0.00385699,-0.033366624,-0.7865899,0.14439094,-0.0148371,-0.74851876
232,3.8833303,0.03639083,-0.04973015,0.10979299,0.008593816,0.019981042,-0.0042559765,0.00035411498,0.05457365,0.00023254089,0.006427302,-0.034306217,0.036374774,-0.049689192,0.109353945,0.01718594,0.039940823,-0.008511747,0.0005901916,0.09070609,0.00046508174,0.012853896,-0.034292765,0.9954531,-0.5665709,-0.10196982,0.7877269
233,3.899997,0.036171764,-0.18720692,0.1330192,0.013057222,0.076159574,-0.0043021166,0.00035189558,0.054790825,-0.005488304,-0.026783194,-0.03754285,0.036155995,-0.18505017,0.13224016,0.026108509,0.15115198,-0.008604021,0.00058649253,0.09106505,-0.010976167,-0.053515214,-0.03752522,0.999994,0.12893486,0.08895068,0.9995382
234,3.9166636,0.037263006,-0.11110693,0.13325922,-0.0055422233,0.076605394,-0.0032131681,0.00036830685,0.054697994,0.0010377285,-0.01126995,-0.039513055,0.03724577,-0.110651985,0.13247597,-0.011083993,0.15202314,-0.006426248,0.00061384466,0.09091161,0.002075454,-0.022536084,-0.039492503,0.9997474,0.39152578,-0.03503551,0.9975799
235,3.9333303,0.03682641,-0.034479015,0.12569916,-0.013368584,0.061919,-0.0034190686,0.0003677059,0.054474805,-0.0012595507,0.013886285,-0.040200695,0.036809772,-0.034465358,0.12504129,-0.026730798,0.123208806,-0.0068380306,0.0006128431,0.09054269,-0.002519096,0.027765432,-0.040179055,0.9873784,-0.17279534,0.017760882,0.97934985
236,3.949997,0.036977652,0.04213827,0.11211119,-0.0037253282,0.047363658,-0.0031691568,0.00035790517,0.054412425,0.000052538002,0.00015916489,-0.03960083,0.036960807,0.04211335,0.111643836,-0.0074505187,0.09444499,-0.006338229,0.00059650856,0.09043957,0.000105076004,0.00031832978,-0.039580144,0.5118342,0.3348605,0.04320407,0.64408696
237,3.9666636,0.036843363,0.11727311,0.102150306,-0.0036147973,0.03359366,-0.003179581,0.00033538818,0.054351978,0.0023458495,0.018482357,-0.03774145,0.0368267,0.11673843,0.10179648,-0.007229469,0.0670864,-0.006359076,0.0005589802,0.09033965,0.0046916646,0.036947887,-0.037723538,-0.8803395,-0.24045582,0.0017945151,-0.21355194
238,3.9833302,0.03631582,0.13542412,0.09528191,0.0092201745,0.024870124,-0.0036450285,0.00029722365,0.054505523,0.0016501585,-0.00059697777,-0.035574067,0.036299866,0.13460228,0.094994605,0.01843826,0.049699266,-0.007289928,0.0004953727,0.09059347,0.0033003052,-0.001193955,-0.03555907,-0.94841564,0.17740043,0.019548876,-0.70141834
239,3.999997,0.03617024,-0.013304455,0.10832217,0.008805606,0.041168205,-0.00397244,0.00026850443,0.05465209,0.002137356,0.009144404,-0.035893932,0.036154475,-0.01330367,0.10790048,0.017609391,0.082150854,-0.007944713,0.00044750734,0.090835735,0.004274686,0.018286768,-0.035878524,0.96460736,-0.61901236,-0.1190004,0.90076804
240,4.0166636,0.035924897,-0.17017476,0.13077486,0.01515589,0.09216755,-0.0043965196,0.00027946447,0.054904275,-0.0051116776,-0.027818061,-0.038845345,0.03590945,-0.16855085,0.13003442,0.0303025,0.18227522,-0.008792813,0.00046577406,0.09125256,-0.010222999,-0.05557879,-0.038825817,0.9999849,0.09976286,0.08501926,0.999791
241,4.0333304,0.03690997,-0.09776783,0.12901121,-0.0041622175,0.083105765,-0.0033822986,0.0002991672,0.054834504,0.0010788413,-0.0135997655,-0.04059002,0.03689322,-0.09745751,0.12830019,-0.008324243,0.16469766,-0.006764494,0.00049861195,0.09113724,0.0021576793,-0.027192825,-0.040567745,0.99949074,0.4656492,-0.031972446,0.9979232
242,4.0499973,0.036464706,-0.021139346,0.12203358,-0.013606501,0.06840068,-0.003596355,0.00030166874,0.054607388,-0.001066729,0.01634213,-0.041052647,0.036448553,-0.021136198,0.12143139,-0.027206287,0.1359543,-0.007192586,0.0005027811,0.09076185,-0.0021334547,0.032672625,-0.0410296,0.9736566,-0.2327649,0.011058506,0.9844711
243,4.066664,0.036571328,0.05545135,0.10787552,-0.0022577997,0.053809386,-0.0033847012,0.00029426054,0.054569483,-0.0001850258,-0.0014564861,-0.04022772,0.036555033,0.055394582,0.107459,-0.0045155687,0.10720521,-0.006769299,0.0004904341,0.09069919,-0.00037005157,-0.002912964,-0.040206034,0.18746571,0.38605815,0.051702965,0.6994057
244,4.083331,0.03649595,0.12894365,0.09822738,-0.0032692486,0.03907838,-0.0033479896,0.00027401847,0.054514803,0.0026445007,0.020165708,-0.03817089,0.036479756,0.12823375,0.09791268,-0.006538404,0.07799801,-0.006695879,0.0004566974,0.09060881,0.005288952,0.040309563,-0.03815236,-0.934726,-0.28635445,-0.006132943,-0.07990159
245,4.099998,0.036045395,0.10821518,0.09079604,0.010734715,0.014837564,-0.0038726921,0.00022299313,0.054693658,0.0014181541,-0.0019749962,-0.03645259,0.036029793,0.10779473,0.09054735,0.02146613,0.02966642,-0.007745229,0.00037165516,0.090904444,0.0028363005,-0.003949972,-0.036436453,-0.78954357,0.14506346,-0.013969466,-0.7489203
246,4.116665,0.0359658,-0.047031112,0.10129681,0.009363189,0.020959819,-0.0041540717,0.00017291281,0.054849643,0.00014179118,0.0064192954,-0.037327718,0.0359503,-0.046996467,0.10095176,0.01872419,0.0418951,-0.008307952,0.00028818802,0.091162264,0.00028358237,0.012837886,-0.03731039,0.9953835,-0.56915694,-0.09758996,0.7909256
247,4.133332,0.03578683,-0.18485986,0.124580145,0.013821033,0.07712584,-0.0041822055,0.00017393635,0.05507977,-0.0053091734,-0.026942855,-0.040518247,0.03577156,-0.1827825,0.12393962,0.027635027,0.15303981,-0.008364216,0.0002898939,0.09154261,-0.010617948,-0.053833615,-0.04049609,0.99999416,0.1258457,0.0914816,0.9995499
248,4.1499987,0.036873147,-0.10876351,0.12484509,-0.00488929,0.07733717,-0.0031288012,0.00019280241,0.05499804,0.0013006963,-0.011559537,-0.042442493,0.036856446,-0.10833666,0.12420048,-0.009778268,0.15345255,-0.006257521,0.00032133734,0.09140753,0.0026013867,-0.023114955,-0.042417027,0.9997507,0.39982164,-0.038446926,0.9975921
249,4.1666656,0.036409117,-0.032130208,0.11740394,-0.012916745,0.062649935,-0.0033868751,0.00019372399,0.054782555,-0.0012647854,0.0141333435,-0.043084215,0.03639304,-0.032119155,0.116867475,-0.025827745,0.12464823,-0.006773647,0.0003228733,0.091051385,-0.0025295655,0.028259162,-0.043057576,0.9872959,-0.17805171,0.01658374,0.9798172
250,4.1833324,0.03659518,0.044491727,0.10380653,-0.0031019247,0.048093844,-0.003135926,0.00018539332,0.054730706,-0.000014882069,0.000031168573,-0.04243833,0.036578853,0.044462394,0.10343527,-0.0062037697,0.09589214,-0.0062717698,0.00030898885,0.09096568,-0.000029764138,0.000062337145,-0.04241287,0.5049211,0.34015122,0.04129108,0.6465509
251,4.1999993,0.036508586,0.119620755,0.09391838,-0.0030802798,0.034286454,-0.0031329733,0.0001644687,0.054679275,0.0021956584,0.018674783,-0.040533077,0.036492374,0.119053446,0.09364321,-0.006160482,0.06846563,-0.0062658647,0.00027411449,0.09088067,0.0043912884,0.03733221,-0.040510893,-0.882033,-0.24490646,0.00018537045,-0.20478001
252,4.216666,0.03604108,0.13694562,0.08703486,0.009888319,0.025125029,-0.0035686204,0.00012794655,0.054844014,0.0014601755,-0.00071921386,-0.03833352,0.036025483,0.1360959,0.08681576,0.01977406,0.050207805,-0.00713712,0.00021324425,0.091152966,0.0029203426,-0.0014384267,-0.038314756,-0.94683474,0.17968711,0.018773437,-0.7040633
253,4.233333,0.035932425,-0.011983275,0.099962786,0.009388865,0.040770464,-0.0038583386,0.00010099913,0.055000417,0.0019662373,0.009175698,-0.038624465,0.03591697,-0.011982702,0.09963115,0.018775523,0.08136069,-0.007716524,0.00016833188,0.091411464,0.003932454,0.018349336,-0.03860527,0.9662138,-0.6208757,-0.114768416,0.89621985
254,4.25,0.03572763,-0.1686619,0.12252207,0.015760878,0.09197226,-0.004248464,0.00011478752,0.055262927,-0.004995417,-0.02790853,-0.04154393,0.035712436,-0.1670806,0.12191264,0.03151132,0.1818976,-0.008496723,0.00019131253,0.091845304,-0.009990501,-0.055759165,-0.041520048,0.99998575,0.09573704,0.08814827,0.99978346
255,4.266667,0.036723636,-0.0960576,0.120931916,-0.003620046,0.08330849,-0.0032573089,0.00013726625,0.05520242,0.0013319715,-0.013891161,-0.043253575,0.036707137,-0.095763244,0.12034582,-0.0072399653,0.16509208,-0.0065145255,0.00022877708,0.09174531,0.0026639367,-0.027775178,-0.043226622,0.99950576,0.47228023,-0.03544142,0.99788046
256,4.283334,0.036252636,-0.01942332,0.11408466,-0.013266686,0.06860399,-0.003521589,0.0001416279,0.054981153,-0.0010811654,0.016498763,-0.04368121,0.036236763,-0.019420879,0.113592274,-0.026527148,0.13635339,-0.007043062,0.00023604649,0.09137962,-0.0021623275,0.032985557,-0.04365345,0.97400343,-0.23533046,0.010217877,0.98439527
257,4.3000007,0.036395557,0.05717348,0.09995042,-0.0018092076,0.054016437,-0.003307072,0.00013604293,0.054950867,-0.00023962889,-0.0014965832,-0.04282117,0.036379494,0.057111263,0.099618904,-0.0036183994,0.10761454,-0.0066140476,0.00022673821,0.09132957,-0.00047925775,-0.0029931576,-0.042795014,0.1891998,0.38825053,0.049560826,0.69554114
258,4.3166676,0.036363777,0.1307117,0.090374716,-0.002848502,0.03930582,-0.0032595268,0.00011773733,0.05490331,0.0024912874,0.020251025,-0.04072851,0.036347758,0.12997232,0.09012947,-0.0056969426,0.078450106,-0.0065189614,0.00019622887,0.09125096,0.0049825334,0.040479917,-0.040706005,-0.9343414,-0.28793377,-0.007221007,-0.08326507
259,4.3333344,0.035961214,0.11019378,0.08306377,0.011214711,0.0154024735,-0.0037538288,0.000069305206,0.05509019,0.0012552975,-0.0020107087,-0.038970917,0.03594572,0.10974992,0.082873255,0.02242566,0.030795207,-0.0075075165,0.00011550867,0.09155983,0.0025105895,-0.0040213955,-0.0389512,-0.7921841,0.14524928,-0.01308742,-0.7491062
260,4.3500013,0.03590904,-0.045003418,0.09369477,0.009818386,0.02177115,-0.0040028957,0.000022631217,0.055253815,0.00008058373,0.006397318,-0.039806057,0.035893615,-0.04497306,0.093421556,0.019634249,0.043514803,-0.00800562,0.00003771869,0.091830246,0.00016116747,0.012793938,-0.039785046,0.99530697,-0.5711827,-0.093880095,0.79411054
261,4.366668,0.035763677,-0.18314601,0.117051564,0.01426097,0.077913694,-0.0040188837,0.000027628303,0.055491474,-0.0051456476,-0.027076084,-0.042961977,0.035748437,-0.1811254,0.1165199,0.028514208,0.15457824,-0.008037594,0.000046047167,0.09222299,-0.010290932,-0.0540993,-0.042935565,0.9999943,0.1229847,0.093565226,0.99955994
262,4.383335,0.036842935,-0.10705394,0.11735506,-0.0045418716,0.07789123,-0.0029979213,0.00004972514,0.055415712,0.0015292503,-0.011813384,-0.044851772,0.036826275,-0.10664684,0.11681927,-0.009083494,0.15453438,-0.005995771,0.00008287523,0.0920978,0.003058491,-0.023622371,-0.04482172,0.9997532,0.40699288,-0.04115083,0.99759746
263,4.400002,0.036353968,-0.030415015,0.11004344,-0.01274561,0.06320326,-0.0033013443,0.0000530246,0.055203233,-0.001254099,0.014348147,-0.04545908,0.03633796,-0.03040564,0.109601386,-0.0254857,0.12573753,-0.0066025928,0.00008837433,0.09174666,-0.0025081926,0.028688421,-0.04542779,0.9872212,-0.18268232,0.015562887,0.98017436
264,4.416669,0.036565397,0.04621186,0.09646317,-0.0027816193,0.048646893,-0.003052515,0.000046932262,0.055156823,-0.00006197288,-0.00007972773,-0.044778656,0.03654911,0.046178993,0.09616508,-0.0055631814,0.09698795,-0.006104954,0.00007822044,0.091669954,-0.00012394576,-0.00015945546,-0.04474875,0.49908778,0.34449837,0.03979791,0.6481849
265,4.433336,0.03651609,0.12133648,0.08666399,-0.0028369862,0.034810457,-0.0030402197,0.000028282966,0.05510953,0.0020831716,0.018832225,-0.042838994,0.036499865,0.12074451,0.08644767,-0.0056739114,0.06950865,-0.0060803643,0.000047138274,0.0915918,0.004166319,0.03764665,-0.04281281,-0.88329303,-0.24865177,-0.0011869961,-0.19791645
266,4.4500027,0.036095522,0.13796517,0.07980313,0.010240946,0.02531222,-0.0034535476,-0.0000059681843,0.05528019,0.0013097075,-0.0008216705,-0.04061658,0.036079854,0.13709642,0.07963415,0.020479029,0.05058124,-0.0069069853,-0.0000099469735,0.09187383,0.002619409,-0.0016433395,-0.040594257,-0.94540495,0.1812991,0.018265957,-0.70603985
267,4.4666696,0.036016405,-0.011111649,0.09267132,0.009670342,0.040447753,-0.0037134108,-0.000030499248,0.055441387,0.0018374533,0.009188724,-0.040887095,0.03600084,-0.0111111915,0.09240694,0.019338274,0.0807195,-0.007426685,-0.000050832077,0.09214022,0.0036748901,0.018375378,-0.040864326,0.9674802,-0.6222408,-0.11124688,0.8923347
268,4.4833364,0.03584434,-0.16761635,0.11533947,0.016051402,0.09180275,-0.004077983,-0.0000133456015,0.055708945,-0.0048885313,-0.027979072,-0.04378341,0.035828996,-0.16606405,0.11483072,0.03209178,0.18156978,-0.0081557855,-0.000022242668,0.09258235,-0.0097767515,-0.05589981,-0.043755457,0.9999864,0.092240594,0.09071051,0.9997765
269,4.5000033,0.036845908,-0.09485543,0.113918364,-0.0033785147,0.08347443,-0.0031080379,0.000012400201,0.055652633,0.0015480649,-0.014134896,-0.04546749,0.03682924,-0.094571956,0.11342812,-0.0067569264,0.1654149,-0.0062159956,0.000020667001,0.092489295,0.00309612,-0.028262263,-0.04543618,0.9995179,0.47769997,-0.038129255,0.9978413
270,4.51667,0.03635094,-0.018215418,0.107203595,-0.01319441,0.06877046,-0.0034151918,0.00001920543,0.055432696,-0.0010778189,0.016626384,-0.045869593,0.036334936,-0.018213404,0.10679479,-0.026382696,0.13668013,-0.0068302774,0.000032009048,0.09212586,-0.0021556346,0.033240516,-0.04583745,0.9743056,-0.23738676,0.009486152,0.9843112
271,4.533337,0.036518954,0.05838731,0.09311323,-0.0016483108,0.05418627,-0.003201339,0.00001595009,0.05540521,-0.0002755822,-0.001523979,-0.044983894,0.036502726,0.05832105,0.09284506,-0.0032966097,0.107950255,-0.0064025903,0.000026583482,0.09208044,-0.0005511643,-0.0030479485,-0.044953577,0.19118367,0.38979435,0.047894612,0.69210595
272,4.550004,0.036519624,0.13196632,0.083619736,-0.0027066297,0.039494716,-0.0031466596,-0.000000001865503,0.05536009,0.0023773294,0.020314254,-0.042864937,0.036503397,0.13120556,0.08342538,-0.0054132063,0.07882556,-0.0062932363,-0.0000000031091716,0.09200587,0.004754623,0.040606167,-0.042838704,-0.9338911,-0.2891088,-0.008125842,-0.08646723
273,4.566671,0.036153164,0.11168924,0.076435246,0.011400494,0.01590614,-0.0036183519,-0.000045590576,0.055550106,0.0011297262,-0.002034597,-0.041077077,0.03613742,0.111227125,0.07628674,0.022797037,0.03180155,-0.0072365776,-0.00007598429,0.092319876,0.0022594484,-0.004069172,-0.041053988,-0.79471755,0.1452479,-0.012177968,-0.74904126
274,4.583338,0.036121715,-0.043450743,0.08720352,0.009987581,0.022510082,-0.0038425045,-0.00008874095,0.055716597,0.000046662288,0.0063779997,-0.04188112,0.036106013,-0.043423418,0.086983144,0.019972505,0.044989772,-0.0076848576,-0.00014790158,0.09259499,0.000093324576,0.012755307,-0.04185665,0.99522257,-0.5728384,-0.090891324,0.7969251
275,4.6000047,0.036001816,-0.18189415,0.11063785,0.014416748,0.07861274,-0.003851762,-0.00007970347,0.05595698,-0.005002735,-0.027182505,-0.04501112,0.03598627,-0.17991433,0.11018862,0.028825508,0.15594263,-0.007703372,-0.00013283912,0.09299218,-0.010005137,-0.054311514,-0.04498075,0.9999944,0.120341755,0.095259756,0.99956775
276,4.6166716,0.037071396,-0.10580743,0.11098915,-0.0044599962,0.07838294,-0.0028591563,-0.00005422802,0.055882733,0.0017224848,-0.012032448,-0.04687518,0.037054423,-0.105414346,0.110535644,-0.008919756,0.15549417,-0.0057182503,-0.00009038003,0.0928695,0.003444956,-0.024060253,-0.046840876,0.9997551,0.41314563,-0.04321579,0.99759716
277,4.6333385,0.036558658,-0.029163085,0.10380679,-0.012815866,0.063694425,-0.0032009198,-0.0000483043,0.05566919,-0.0012325039,0.0145351915,-0.04745677,0.03654238,-0.02915482,0.103435524,-0.02562612,0.1267042,-0.006401752,-0.00008050716,0.09251665,-0.002465003,0.029062197,-0.047421176,0.9871601,-0.18671092,0.01468237,0.98044014
278,4.6500053,0.036785744,0.047468554,0.09025819,-0.0027219835,0.049138155,-0.002956375,-0.000051956886,0.055623855,-0.000093677314,-0.00017244183,-0.046750516,0.03676916,0.047432933,0.090013884,-0.0054439134,0.097961135,-0.005912681,-0.00008659481,0.092441745,-0.00018735463,-0.00034488365,-0.046716485,0.4944566,0.3480696,0.038711533,0.6492319
279,4.666672,0.03676318,0.1225903,0.08055264,-0.0028417353,0.035279855,-0.0029377888,-0.000068194284,0.055576533,0.0020036707,0.018963864,-0.044785116,0.03674663,0.12197986,0.08037886,-0.0056834095,0.07044285,-0.00587551,-0.00011365714,0.09236355,0.00400732,0.037909552,-0.044755198,-0.8841624,-0.25178766,-0.0023590878,-0.19250663
280,4.683339,0.03637626,0.13866705,0.073734604,0.010327616,0.02553262,-0.0033353413,-0.00010007241,0.055748694,0.0011929219,-0.00090410747,-0.042546123,0.036360223,0.13778505,0.07360127,0.020652294,0.051020898,-0.006670584,-0.00016678734,0.09264802,0.0023858394,-0.001808213,-0.04252047,-0.94419235,0.1824968,0.018023178,-0.7073745
281,4.700006,0.036318548,-0.010510711,0.08657621,0.009699764,0.040267583,-0.0035720323,-0.00012209812,0.05591043,0.0017462424,0.009197057,-0.042801734,0.03630259,-0.010510324,0.086360544,0.019397095,0.0803615,-0.007143943,-0.00020349686,0.09291527,0.0034924706,0.01839204,-0.042775616,0.9684357,-0.62328047,-0.1084436,0.88906616
282,4.716673,0.036170587,-0.1668674,0.10934548,0.016086616,0.09172788,-0.003918508,-0.00010164005,0.056178708,-0.004795277,-0.028030787,-0.04568086,0.03615482,-0.16533567,0.10891176,0.032162134,0.18142498,-0.007836856,-0.00016940008,0.09335852,-0.00959026,-0.056002915,-0.04564911,0.99998695,0.089254566,0.09278408,0.99977005
283,4.73334,0.03717261,-0.093987375,0.10807988,-0.003379209,0.08367708,-0.002967064,-0.000072699884,0.056122504,0.0017279251,-0.014333737,-0.047345936,0.037155498,-0.0937116,0.107661,-0.006758315,0.1658091,-0.005934058,-0.00012116647,0.09326566,0.0034558366,-0.028659623,-0.04731059,0.9995274,0.48209107,-0.040150445,0.99780476
284,4.7500067,0.03665452,-0.017342035,0.10149014,-0.013333191,0.06897359,-0.0033099065,-0.00006340756,0.05590036,-0.0010629441,0.01673213,-0.047729064,0.036638115,-0.017340297,0.101143114,-0.026660064,0.13707878,-0.006619716,-0.00010567927,0.09289863,-0.0021258849,0.033451773,-0.047692854,0.97455233,-0.23902111,0.0088566905,0.984217
285,4.7666736,0.03683731,0.059266098,0.087451875,-0.001713658,0.05439246,-0.0030990057,-0.0000643421,0.05587186,-0.0002980738,-0.0015395675,-0.04682427,0.036820658,0.059196804,0.08722962,-0.0034273025,0.10835782,-0.006197932,-0.00010723683,0.092851534,-0.00059614755,-0.0030791252,-0.04679008,0.19306521,0.3908743,0.0466731,0.6890515
286,4.7833405,0.03685997,0.13287903,0.0780406,-0.0027828028,0.039718315,-0.0030398641,-0.00007799777,0.055825528,0.0022968452,0.020363865,-0.044685688,0.036843285,0.13210244,0.07788255,-0.0055655483,0.07926996,-0.0060796533,-0.00012999628,0.09277499,0.0045936583,0.040705226,-0.044655968,-0.9334399,-0.2899914,-0.00889862,-0.0894422
287,4.8000073,0.036518216,0.11283057,0.07097935,0.011358777,0.0164136,-0.0034955863,-0.00012094684,0.056014854,0.0010341781,-0.0020480622,-0.042874433,0.036501992,0.11235419,0.070860386,0.022713646,0.03281541,-0.0069910586,-0.00020157806,0.0930878,0.0020683531,-0.0040961015,-0.04284818,-0.79691696,0.1451292,-0.011274545,-0.7486975
288,4.816674,0.036500584,-0.042252097,0.08188118,0.009936511,0.023236386,-0.0037007798,-0.00016087716,0.056180518,0.000032740994,0.0063631022,-0.043654248,0.036484383,-0.04222697,0.08169868,0.019870406,0.046439346,-0.0074014245,-0.00026812858,0.09336151,0.00006548199,0.012725517,-0.04362654,0.9951412,-0.57418275,-0.08855513,0.7995084
289,4.833341,0.03639801,-0.18095635,0.10538711,0.0143553335,0.07928378,-0.0037072757,-0.00014819503,0.056419972,-0.004882137,-0.027265243,-0.046764523,0.036381945,-0.17900673,0.10499867,0.02870278,0.1572518,-0.0074144155,-0.0002469917,0.09375711,-0.0097639635,-0.0544765,-0.046730462,0.99999446,0.11806679,0.096647955,0.99957377
290,4.850008,0.037455574,-0.10487501,0.10578443,-0.0045788684,0.07886353,-0.0027385983,-0.00011965248,0.05634383,0.0018833228,-0.012211762,-0.048609026,0.03743807,-0.104492195,0.1053916,-0.009157481,0.15643197,-0.0054771416,-0.0001994208,0.09363131,0.0037666277,-0.024418669,-0.04857078,0.9997566,0.4182579,-0.044779554,0.99759185
291,4.866675,0.03691946,-0.02822579,0.0987209,-0.013059262,0.06417458,-0.0031122735,-0.00011130907,0.0561263,-0.0012059689,0.014695546,-0.049171083,0.036902696,-0.028218297,0.09840144,-0.026112586,0.12764898,-0.0062244665,-0.0001855151,0.093271926,-0.0024119332,0.029382631,-0.049131494,0.9871141,-0.1900881,0.013946076,0.98062205
292,4.883342,0.03715393,0.048410237,0.08520926,-0.0028540199,0.04961876,-0.002872994,-0.000112748996,0.05607883,-0.000114310766,-0.00024468824,-0.048445184,0.03713684,0.048372455,0.08500363,-0.005707978,0.09891303,-0.0057459245,-0.00018791498,0.0931935,-0.00022862153,-0.0004893764,-0.04840732,0.49095184,0.35093564,0.03795698,0.6497488
293,4.9000087,0.037148654,0.123530544,0.07559253,-0.0030239425,0.03574529,-0.0028503127,-0.00012682537,0.056028504,0.0019496784,0.019073969,-0.046460204,0.037131574,0.12290601,0.07544888,-0.0060478114,0.07136903,-0.0057005635,-0.0002113756,0.09311035,0.003899337,0.03812944,-0.046426803,-0.88472027,-0.25435185,-0.0033381458,-0.18843164
294,4.9166756,0.03678373,0.13919026,0.06882706,0.010221867,0.025829723,-0.003237153,-0.0001565958,0.05619893,0.0011038964,-0.0009668786,-0.044208556,0.036767147,0.13829829,0.06871859,0.020440886,0.05161354,-0.0064742155,-0.00026099297,0.093391925,0.0022077893,-0.0019337548,-0.04417978,-0.94322,0.18338701,0.017983912,-0.70808727
295,4.9333425,0.036739804,-0.010051284,0.081664726,0.009550426,0.04026399,-0.0034561807,-0.0001763941,0.05635821,0.0016848209,0.009205075,-0.044452585,0.036723282,-0.010050946,0.08148366,0.01909853,0.08035436,-0.0069122515,-0.00029399016,0.09365507,0.003369629,0.01840807,-0.044423327,0.9691259,-0.62409776,-0.10628012,0.8865142
296,4.9500093,0.036607794,-0.1662889,0.10451973,0.015942838,0.09178291,-0.0037904705,-0.00015306417,0.056624178,-0.0047170543,-0.028067576,-0.047318306,0.03659145,-0.16477293,0.10414078,0.031874873,0.1815314,-0.007580796,-0.00025510695,0.09409445,-0.009433828,-0.056076262,-0.047283024,0.9999873,0.08679637,0.09446229,0.9997644
297,4.966676,0.03760601,-0.09332208,0.103387386,-0.0035485392,0.0839464,-0.0028545463,-0.00012137409,0.05656522,0.0018753563,-0.014490638,-0.04896868,0.03758829,-0.09305211,0.103020586,-0.0070969593,0.16633287,-0.0057090307,-0.00020229015,0.093997054,0.003750695,-0.028973164,-0.048929576,0.9995346,0.48560858,-0.041652557,0.99777174
298,4.983343,0.037065282,-0.01667209,0.0969083,-0.013611487,0.06924336,-0.0032266423,-0.00010992892,0.056338504,-0.0010423441,0.016821261,-0.049337123,0.037048317,-0.016670546,0.096606076,-0.027216252,0.13760813,-0.006453195,-0.00018321486,0.09362251,-0.0020846853,0.033629835,-0.04929713,0.97474515,-0.24031736,0.008320617,0.9841214
299,5.00001,0.037254497,0.05994074,0.08292152,-0.0019300551,0.054664917,-0.0030198283,-0.00010889424,0.056306433,-0.0003119083,-0.0015455708,-0.04841754,0.03723727,0.05986906,0.082731985,-0.003860091,0.1088963,-0.006039583,-0.0001814904,0.09356953,-0.00062381657,-0.0030911318,-0.048379738,0.19467384,0.3916464,0.045808002,0.6864542
300,5.016677,0.037290443,0.13358067,0.07358539,-0.0030033672,0.040005967,-0.0029579417,-0.000120624805,0.056256462,0.0022413891,0.020405637,-0.046263747,0.03727317,0.13279177,0.07345286,-0.0060066623,0.07984163,-0.0059158145,-0.00020104133,0.09348698,0.0044827485,0.040788632,-0.046230767,-0.9330301,-0.29065478,-0.0095529035,-0.09194392
301,5.033344,0.036963873,0.11372793,0.066635095,0.011167213,0.016942948,-0.003402662,-0.00016140843,0.056442603,0.00096181955,-0.0020524263,-0.044434052,0.036947045,0.11324013,0.06653664,0.022330714,0.033872932,-0.0068052188,-0.00026901404,0.09379449,0.0019236368,-0.0041048294,-0.04440483,-0.7987007,0.14493635,-0.010430584,-0.7481558
302,5.0500107,0.03695395,-0.041302696,0.07765524,0.009741915,0.023950016,-0.0035934988,-0.00019871605,0.056605052,0.000030936673,0.006352799,-0.04519467,0.036937136,-0.041279227,0.077499524,0.019481367,0.04786343,-0.007186874,-0.0003311934,0.09406285,0.00006187335,0.012704914,-0.045163926,0.99507004,-0.575237,-0.08675677,0.80169564
303,5.0666776,0.03686163,-0.18021823,0.10122183,0.014153584,0.07993369,-0.0035996377,-0.00018306305,0.0568412,-0.0047832364,-0.027326616,-0.04828941,0.036844943,-0.17829217,0.10087754,0.02829961,0.15851921,-0.007199151,-0.00030510506,0.094452925,-0.009566181,-0.05459888,-0.048251912,0.9999945,0.11616898,0.09778093,0.99957794
304,5.0833445,0.03790559,-0.10414165,0.10166075,-0.004823235,0.07935208,-0.0026505806,-0.00015203646,0.05676103,0.0020147432,-0.01235367,-0.05011853,0.037887443,-0.10376679,0.101311974,-0.009646171,0.15738502,-0.0053011114,-0.0002533941,0.094320506,0.0040294644,-0.024702314,-0.050076608,0.99975777,0.42240986,-0.045956284,0.99758315
305,5.1000113,0.037346713,-0.02748822,0.094699964,-0.013402173,0.06466281,-0.0030503313,-0.00014175681,0.056537814,-0.0011789373,0.0148307625,-0.05066521,0.03732936,-0.027481299,0.094417885,-0.02679793,0.1286094,-0.0061005866,-0.00023626134,0.09395178,-0.00235787,0.02965283,-0.050621904,0.98708236,-0.19283894,0.0133412015,0.9807389
306,5.116678,0.03758232,0.049151555,0.08122408,-0.0031030292,0.050107665,-0.0028164142,-0.00014145137,0.05648622,-0.00012786267,-0.00029801298,-0.04992384,0.037564635,0.04911201,0.081045926,-0.006205979,0.09988118,-0.005632769,-0.00023575228,0.09386654,-0.00025572535,-0.0005960259,-0.049882405,0.4884141,0.35321087,0.03745058,0.6499135
307,5.133345,0.037586786,0.12427165,0.071685426,-0.0033099826,0.036224388,-0.0027910443,-0.00015384513,0.056431137,0.0019136558,0.019166503,-0.047923427,0.037569094,0.12363585,0.071562886,-0.0066198683,0.07232229,-0.0055820304,-0.00025640853,0.09377555,0.003827293,0.038314242,-0.047886774,-0.88505065,-0.25640666,-0.0041634794,-0.18537289
308,5.150012,0.03723468,0.13962996,0.0649726,0.010000091,0.02620221,-0.0031707373,-0.0001819878,0.056597877,0.0010351024,-0.0010119379,-0.045661356,0.03721748,0.13872954,0.06488133,0.019997517,0.0523565,-0.0063413894,-0.000303313,0.094050996,0.0020702018,-0.002023873,-0.04562965,-0.9424782,0.1840696,0.018089794,-0.70831144
309,5.166679,0.03719824,-0.009648498,0.07781737,0.009297359,0.040411703,-0.003376115,-0.00020004327,0.05675296,0.0016446499,0.009215644,-0.045895595,0.037181094,-0.009648199,0.07766068,0.018592576,0.08064787,-0.006752128,-0.00033340545,0.09430718,0.003289288,0.018429201,-0.045863397,0.96960765,-0.62477344,-0.10463665,0.8845847
310,5.183346,0.03707544,-0.16579498,0.10074018,0.015697116,0.091952264,-0.0037024328,-0.00017448369,0.05701486,-0.004653327,-0.028093161,-0.04875014,0.03705846,-0.16429238,0.10040077,0.03138392,0.18185893,-0.00740473,-0.00029080614,0.09473978,-0.009306386,-0.056127273,-0.048711557,0.9999876,0.08481812,0.09582625,0.99975955
311,5.2000127,0.03806682,-0.09276711,0.0997168,-0.0038120262,0.08427606,-0.0027791527,-0.00014067712,0.05695155,0.0019950164,-0.014612023,-0.05038844,0.038048442,-0.092501916,0.0993876,-0.007623905,0.16697387,-0.005558248,-0.00023446186,0.0946352,0.0039900118,-0.029215729,-0.050345838,0.99954,0.48841864,-0.04278636,0.9977422
312,5.2166796,0.03750412,-0.016113237,0.09333064,-0.013959267,0.06957337,-0.0031749916,-0.0001276176,0.056719054,-0.0010212217,0.016897283,-0.05074482,0.03748655,-0.016111841,0.09306059,-0.027911283,0.1382556,-0.006349898,-0.000212696,0.09425117,-0.0020424407,0.033781707,-0.05070131,0.9748903,-0.24135129,0.007870869,0.9840284
313,5.2333465,0.037693955,0.060503494,0.07938918,-0.002225038,0.05499732,-0.0029723665,-0.00012512763,0.056682087,-0.0003211912,-0.0015449338,-0.049813084,0.037676115,0.060429774,0.079222806,-0.0044500465,0.10955317,-0.005944663,-0.00020854603,0.094190106,-0.0006423823,-0.0030898578,-0.049771924,0.19592853,0.3922353,0.045215096,0.68427354
314,5.2500134,0.037736747,0.13416411,0.070117176,-0.0032979092,0.04035135,-0.0029086375,-0.00013546193,0.056627203,0.0022034042,0.020443194,-0.047646824,0.037718844,0.13336489,0.070002496,-0.006595723,0.080527954,-0.0058172094,-0.00022576988,0.09409944,0.00440678,0.04086362,-0.0476108,-0.9326832,-0.2911799,-0.010126334,-0.09395728
315,5.2666802,0.03741815,0.11446428,0.06326167,0.010898754,0.017488087,-0.0033458206,-0.00017467752,0.0568089,0.0009052928,-0.0020508487,-0.04580214,0.037400696,0.11396698,0.063177414,0.021794057,0.034961917,-0.0066915415,-0.0002911292,0.09439958,0.0018105836,-0.0041016745,-0.04577014,-0.80006546,0.14474416,-0.009657262,-0.7474823
316,5.283347,0.03741116,-0.04052227,0.074380666,0.009474553,0.024643613,-0.0035254422,-0.00021004664,0.05696689,0.00003549992,0.0063478285,-0.046547126,0.037393715,-0.040500104,0.0742438,0.01894684,0.049247354,-0.0070507675,-0.00035007772,0.09466054,0.00007099984,0.012694975,-0.04651354,0.99501234,-0.57608026,-0.08538949,0.80352956
317,5.300014,0.037323616,-0.17959926,0.0979945,0.013882764,0.080559835,-0.0035324865,-0.00019219657,0.057198543,-0.0047042063,-0.027371638,-0.04962904,0.037306294,-0.1776928,0.09768202,0.027758395,0.15973979,-0.0070648557,-0.0003203276,0.09504316,-0.009408135,-0.054688655,-0.049588334,0.9999946,0.11465071,0.098718286,0.9995808
318,5.316681,0.03835343,-0.10352653,0.09846744,-0.005125318,0.079843014,-0.0025991108,-0.00015937354,0.05711335,0.0021211966,-0.012462618,-0.05144545,0.038334634,-0.10315826,0.098150425,-0.010250278,0.15834242,-0.0051981746,-0.00026562254,0.09490245,0.0042423676,-0.024920074,-0.051400114,0.9997587,0.42571914,-0.04686725,0.9975724
319,5.333348,0.037772797,-0.026869724,0.091590896,-0.013779918,0.06515355,-0.0030199834,-0.0001477465,0.05688384,-0.001155063,0.014943132,-0.051979434,0.03775484,-0.026863258,0.09133564,-0.02755286,0.12957454,-0.0060398933,-0.00024624416,0.09452336,-0.002310122,0.02987737,-0.05193267,0.9870629,-0.1950115,0.012854613,0.98080695
320,5.3500147,0.038005564,0.04977313,0.07814564,-0.0034027393,0.050599225,-0.0027908045,-0.00014625909,0.05682726,-0.0001376326,-0.00033457577,-0.051225286,0.037987277,0.04973207,0.077986956,-0.0068053734,0.1008544,-0.005581551,-0.00024376514,0.0944299,-0.0002752652,-0.0006691514,-0.051180527,0.48664457,0.35498396,0.037098866,0.64984214
321,5.3666816,0.038014438,0.12489385,0.0686713,-0.0036350829,0.036710184,-0.0027634967,-0.00015752712,0.05676678,0.0018881635,0.019243749,-0.04921211,0.037996136,0.12424849,0.06856356,-0.0072700377,0.073288724,-0.005526937,-0.0002625452,0.094330005,0.003776309,0.038468506,-0.04917242,-0.88522476,-0.2580161,-0.0048499918,-0.1831095
322,5.3833485,0.037668806,0.14004241,0.06200592,0.009728634,0.026627194,-0.0031381324,-0.00018457703,0.056928992,0.0009805763,-0.0010423213,-0.046940766,0.037651,0.13913403,0.061926574,0.019454813,0.0532041,-0.0062761824,-0.00030762836,0.09459794,0.00196115,-0.0020846396,-0.04690632,-0.9419371,0.18459234,0.01827555,-0.70818585
323,5.4000154,0.037635192,-0.009254713,0.074861884,0.009004799,0.04067107,-0.0033326899,-0.00020144251,0.057079196,0.0016180455,0.009228217,-0.047166064,0.037617434,-0.009254448,0.07472235,0.018007651,0.08116321,-0.006665281,-0.0003357375,0.09484604,0.0032360796,0.01845434,-0.04713112,0.96993226,-0.6253334,-0.10338549,0.8831841
324,5.4166822,0.03751657,-0.16533455,0.097834736,0.015413283,0.09220653,-0.0036537312,-0.00017432643,0.05733637,-0.0046023834,-0.028110411,-0.050010663,0.03749898,-0.16384435,0.09752378,0.030816806,0.18235059,-0.0073073325,-0.00029054403,0.0952708,-0.009204507,-0.056161664,-0.04996901,0.9999878,0.08324793,0.09693569,0.99975556
325,5.433349,0.038499348,-0.09226502,0.0968963,-0.004107841,0.08464562,-0.0027405615,-0.00013907423,0.05726813,0.0020913556,-0.014704822,-0.051638413,0.038480338,-0.09200409,0.096594185,-0.008215497,0.1676923,-0.005481068,-0.00023179037,0.09515809,0.004182687,-0.029401166,-0.051592562,0.99954396,0.49067196,-0.04365844,0.99771637
326,5.450016,0.03791589,-0.015608048,0.09058482,-0.014319526,0.06994323,-0.0031555153,-0.0001249706,0.057029635,-0.0010023562,0.016962716,-0.051984258,0.03789773,-0.015606781,0.090337865,-0.028631225,0.1389811,-0.006310947,-0.00020828431,0.09476418,-0.0020047096,0.033912424,-0.051937483,0.9749957,-0.24216829,0.007488826,0.9839435
327,5.466683,0.038102776,0.061011743,0.07667976,-0.0025398596,0.0553692,-0.0029566346,-0.00012158316,0.056987412,-0.00032885192,-0.0015393812,-0.051041912,0.038084347,0.060936153,0.07652982,-0.0050796755,0.11028794,-0.0059132003,-0.00020263859,0.09469444,-0.0006577037,-0.0030787527,-0.050997633,0.19680777,0.39269882,0.04480269,0.68250793
328,5.48335,0.03814818,0.13468762,0.067459136,-0.003608874,0.040733896,-0.0028913864,-0.00013106127,0.056927353,0.0021758717,0.02047754,-0.048864808,0.038129684,0.13387904,0.067356996,-0.007217623,0.08128803,-0.0057827085,-0.00021843544,0.09459524,0.004351716,0.040932197,-0.048825953,-0.9324099,-0.29159954,-0.01062678,-0.09546475
329,5.5000167,0.03783279,0.1150952,0.06068033,0.010611641,0.018027794,-0.0033231075,-0.00016929796,0.057104267,0.00085937453,-0.0020454023,-0.04700751,0.037814748,0.11458966,0.06060596,0.021220097,0.03603997,-0.006646117,-0.00028216324,0.09488745,0.0017187473,-0.004090782,-0.046972916,-0.8010383,0.14456439,-0.008984353,-0.7467734
330,5.5166836,0.037825454,-0.039856568,0.07187679,0.009191223,0.025294581,-0.0034936182,-0.00020339145,0.057257537,0.0000412612,0.006346464,-0.04773938,0.037807424,-0.039835475,0.07175326,0.018380377,0.05054605,-0.006987123,-0.00033898573,0.0951406,0.0000825224,0.012692247,-0.047703147,0.99496955,-0.5767397,-0.084320806,0.8049711
331,5.5333505,0.037738953,-0.17904848,0.0955251,0.01359849,0.08114624,-0.0035018045,-0.00018408288,0.057484433,-0.0046412903,-0.027403906,-0.050810177,0.037721045,-0.17715937,0.0952356,0.027190275,0.16088247,-0.0070034945,-0.00030680478,0.09551531,-0.009282314,-0.054752998,-0.050766498,0.9999946,0.113461286,0.09949545,0.99958247
332,5.5500174,0.0387548,-0.102978446,0.096024856,-0.005432003,0.080323234,-0.0025809144,-0.00015012028,0.05739412,0.002207255,-0.012544737,-0.05261556,0.03873541,-0.10261597,0.0957308,-0.010863579,0.15927863,-0.005161783,-0.00025020045,0.095366165,0.004414481,-0.02508421,-0.05256706,0.99975955,0.42832962,-0.047596764,0.9975613
333,5.5666842,0.038153857,-0.026319025,0.08921446,-0.014143629,0.065633655,-0.0030188612,-0.0001377086,0.057158552,-0.0011357747,0.015035498,-0.053138524,0.038135353,-0.02631295,0.088978514,-0.028279716,0.13051851,-0.006037649,-0.00022951432,0.09497711,-0.0022715454,0.030061936,-0.053088564,0.9870526,-0.19670564,0.012456726,0.9808434
334,5.583351,0.03838172,0.050326295,0.07579297,-0.003702307,0.051080182,-0.0027935086,-0.00013557843,0.05709696,-0.00014617643,-0.00035872962,-0.052373294,0.038362887,0.05028385,0.075648166,-0.0074044783,0.10180643,-0.005586959,-0.00022596405,0.09487538,-0.00029235287,-0.00071745913,-0.05232546,0.48542035,0.35637906,0.036851786,0.64966357
335,5.600018,0.038391743,0.12544812,0.066368885,-0.003951425,0.037188057,-0.0027645056,-0.00014624401,0.057031203,0.0018687607,0.019308709,-0.050349034,0.038372893,0.12479417,0.06627161,-0.007902686,0.07423927,-0.005528955,-0.00024374001,0.09476677,0.003737504,0.038598232,-0.050306533,-0.8853082,-0.25926754,-0.005435741,-0.18137424
336,5.616685,0.038048547,0.14045176,0.05974233,0.009457401,0.02707237,-0.0031352923,-0.00017270648,0.057188895,0.00093525095,-0.0010615792,-0.04806902,0.038030196,0.13953544,0.059671357,0.018912546,0.05409189,-0.0062705027,-0.00028784413,0.09502722,0.0018704997,-0.0021231552,-0.04803203,-0.9415486,0.18500133,0.018494286,-0.7078481
337,5.633352,0.038014747,-0.008853598,0.07260792,0.008720193,0.040989805,-0.0033208574,-0.00018889389,0.05733435,0.0015990436,0.009242088,-0.0482858,0.037996445,-0.008853367,0.0724806,0.017438618,0.08179645,-0.006641617,-0.00031482312,0.09526745,0.0031980763,0.01848207,-0.04824831,0.9701517,-0.62580085,-0.102415316,0.88215977
338,5.6500187,0.037897006,-0.16488545,0.095615245,0.01513831,0.09250367,-0.003638128,-0.00016084434,0.057586923,-0.0045621307,-0.028121851,-0.051121157,0.037878875,-0.16340727,0.095324926,0.030267373,0.18292505,-0.0072761276,-0.0002680739,0.09568457,-0.009124008,-0.05618447,-0.05107667,0.99998796,0.08200358,0.0978578,0.9997522
339,5.6666856,0.03887061,-0.09178756,0.09474118,-0.0043907524,0.0850263,-0.002732943,-0.00012474832,0.057513945,0.0021695844,-0.014776023,-0.052739266,0.038851045,-0.09153066,0.09445873,-0.008781279,0.16843216,-0.0054658316,-0.00020791385,0.09556405,0.004339142,-0.029543446,-0.052690424,0.99954695,0.49249658,-0.044369664,0.9976939
340,5.6833525,0.038267918,-0.015128272,0.088487595,-0.014651882,0.070324145,-0.0031634155,-0.0001101297,0.057269875,-0.0009876003,0.017019087,-0.053075477,0.038249247,-0.015127118,0.088257365,-0.02929538,0.13972814,-0.0063267467,-0.00018354949,0.095160976,-0.001975198,0.034025036,-0.053025696,0.97507167,-0.24281152,0.007170465,0.9838677
341,5.7000194,0.038450245,0.06149384,0.07460951,-0.0028330723,0.055751894,-0.0029674633,-0.00010633458,0.05722276,-0.00033629808,-0.0015309136,-0.052123442,0.03843131,0.061416443,0.07447138,-0.005666084,0.11104396,-0.005934857,-0.00017722428,0.095083155,-0.00067259604,-0.0030618177,-0.05207629,0.1973766,0.39307493,0.04449438,0.6810732
342,5.7166862,0.03849583,0.13518086,0.065427884,-0.003896206,0.04112534,-0.0029007366,-0.000115435956,0.0571579,0.0021537358,0.02050872,-0.049936477,0.038476825,0.13436341,0.065334685,-0.007792254,0.082065694,-0.005801408,-0.00019239326,0.09497603,0.004307445,0.04099445,-0.04989501,-0.93220425,-0.29192638,-0.011065896,-0.09658172
343,5.733353,0.03818097,0.11565819,0.05870925,0.010345964,0.018542102,-0.0033280668,-0.00015319721,0.05733037,0.00082005945,-0.0020374134,-0.04806817,0.03816243,0.11514522,0.05864189,0.020688975,0.037067212,-0.0066560353,-0.00025532866,0.09526088,0.0016401174,-0.0040748045,-0.04803118,-0.80170864,0.14438969,-0.008411567,-0.7460665
344,5.75002,0.03817139,-0.039267372,0.069964305,0.008931093,0.02589136,-0.0034907772,-0.00018657823,0.057479296,0.000045603723,0.006346738,-0.04878865,0.03815286,-0.039247204,0.06985037,0.017860286,0.051736485,-0.006981441,-0.0003109637,0.09550683,0.00009120745,0.012692794,-0.048749976,0.99493915,-0.5772473,-0.08346511,0.8061281
345,5.766687,0.03808373,-0.17853841,0.09363562,0.01333855,0.08168271,-0.0034998253,-0.00016642305,0.057701845,-0.004591476,-0.027427139,-0.051849443,0.038065325,-0.17666526,0.09336292,0.026670773,0.16192746,-0.0069995364,-0.00027737173,0.095874354,-0.009182694,-0.054799326,-0.05180303,0.99999464,0.112533174,0.10015954,0.9995835
346,5.783354,0.03908655,-0.10247024,0.09415436,-0.0057080775,0.080774665,-0.0025888178,-0.00013186492,0.05760691,0.0022776881,-0.012606866,-0.05364488,0.039066657,-0.10211309,0.093877114,-0.011415659,0.16015847,-0.0051775896,-0.00021977485,0.09571758,0.0045553446,-0.02520839,-0.05359348,0.99976027,0.4304057,-0.048218943,0.99755025
347,5.8000207,0.038467064,-0.025808794,0.08739412,-0.014462844,0.066085,-0.0030407386,-0.000119157565,0.057366,-0.001121742,0.015111639,-0.05415791,0.038448103,-0.025803065,0.0871723,-0.028917622,0.13140573,-0.0060814023,-0.00019859594,0.09531972,-0.0022434802,0.030214079,-0.05410502,0.9870485,-0.19801113,0.012127312,0.98085976
348,5.8166876,0.038689476,0.050838348,0.07398925,-0.0039686463,0.05153237,-0.0028181693,-0.00011683058,0.05729996,-0.00015495473,-0.00037333835,-0.05338269,0.038670182,0.050794594,0.07385453,-0.007937126,0.10270135,-0.005636279,-0.00019471764,0.095210664,-0.00030990946,-0.0007466766,-0.053332042,0.48456052,0.35746527,0.036652204,0.6494388
349,5.8333545,0.038699064,0.1259614,0.06460252,-0.0042279093,0.037638877,-0.0027874247,-0.0001273228,0.05722958,0.0018514289,0.019362677,-0.05134844,0.038679756,0.12529941,0.0645128,-0.008455617,0.07513588,-0.0055747917,-0.00021220466,0.09509441,0.0037028408,0.03870601,-0.051303357,-0.885346,-0.2602219,-0.0059321723,-0.18003732
350,5.8500214,0.038356353,0.14086331,0.058005933,0.009218397,0.027507417,-0.003154771,-0.0001536044,0.057383277,0.0008958621,-0.0010726862,-0.049060125,0.038337555,0.13993895,0.057940964,0.018434705,0.054959398,-0.006309458,-0.00025600733,0.095348254,0.0017917224,-0.002145369,-0.0490208,-0.94127136,0.18530871,0.01870545,-0.7074095
351,5.8666883,0.03832074,-0.008445261,0.070878,0.008473475,0.04132771,-0.0033325215,-0.00016952687,0.05752462,0.0015833175,0.009255374,-0.04926867,0.038301993,-0.00844506,0.07075955,0.016945329,0.082467705,-0.0066649443,-0.0002825448,0.09558168,0.0031666246,0.018508634,-0.049228843,0.97030234,-0.626184,-0.1016303,0.8814189
352,5.883355,0.038202047,-0.16444288,0.09390741,0.014900819,0.09281189,-0.0036466692,-0.00014103451,0.057773195,-0.004530154,-0.028129714,-0.052095275,0.038183473,-0.16297649,0.09363233,0.02979282,0.1835208,-0.007293209,-0.00023505751,0.09599217,-0.009060061,-0.056200147,-0.0520482,0.9999881,0.08102761,0.09863798,0.9997495
353,5.900022,0.039166737,-0.09132545,0.093080655,-0.0046337047,0.08539461,-0.0027478305,-0.00010456968,0.05769615,0.0022339863,-0.014830751,-0.05370436,0.03914672,-0.091072395,0.09281277,-0.009267144,0.16914779,-0.0054956055,-0.00017428279,0.095864944,0.0044679428,-0.029652808,-0.053652786,0.99954927,0.4939776,-0.044987183,0.9976749
354,5.916689,0.03854666,-0.014664413,0.086870566,-0.014932836,0.07069265,-0.0031910809,-0.00008984483,0.05744739,-0.0009775555,0.01706714,-0.05403155,0.038527578,-0.014663362,0.0866527,-0.029856795,0.14045069,-0.006382075,-0.00014974138,0.09545414,-0.0019551085,0.03412103,-0.05397903,0.9751263,-0.24331985,0.006904075,0.98380345
355,5.933356,0.03872425,0.061959438,0.07301104,-0.0030806563,0.05612187,-0.0029971208,-0.00008602916,0.05739612,-0.0003444549,-0.0015215501,-0.053070452,0.038704906,0.061880272,0.07288159,-0.006161235,0.111774735,-0.00599417,-0.00014338193,0.095369466,-0.00068890967,-0.003043091,-0.053020686,0.19768384,0.39340457,0.044238612,0.6799422
356,5.9500227,0.03876906,0.1356545,0.06385773,-0.004137289,0.041502308,-0.0029287767,-0.00009512043,0.05732723,0.0021336735,0.020537201,-0.0508743,0.038749646,0.13482846,0.06377107,-0.0082743885,0.082814515,-0.0058574863,-0.00015853404,0.095255695,0.004267321,0.04105132,-0.050830454,-0.93205756,-0.29219592,-0.011446363,-0.097331345
357,5.9666896,0.038453624,0.11616977,0.057184324,0.010124657,0.019011194,-0.0033521238,-0.00013277921,0.057496015,0.0007850587,-0.0020288825,-0.048996188,0.03843468,0.11564999,0.057122074,0.020246547,0.038004074,-0.006704147,-0.00022129867,0.095534444,0.0015701161,-0.0040577427,-0.048957016,-0.8021351,0.14423287,-0.007940573,-0.7454214
358,5.9833565,0.03844101,-0.038737092,0.068481006,0.008715712,0.026415873,-0.0035078903,-0.000165873,0.05764133,0.00004701293,0.006347616,-0.049706593,0.038422085,-0.038717728,0.06837416,0.01742966,0.052782647,-0.0070156655,-0.000276455,0.09577442,0.00009402586,0.012694551,-0.049665697,0.9949197,-0.57763565,-0.08274094,0.80697834
359,6.0000234,0.038351238,-0.17805836,0.092166565,0.01312378,0.082154736,-0.0035172177,-0.00014533116,0.057860278,-0.0045511937,-0.027444195,-0.05275819,0.038332447,-0.17620015,0.09190647,0.026241533,0.16284661,-0.0070343195,-0.00024221858,0.09613597,-0.009102136,-0.054833334,-0.052709296,0.99999464,0.11182325,0.10071894,0.99958384
360,6.0166903,0.039342336,-0.1019912,0.092699066,-0.005934693,0.08118434,-0.0026142048,-0.00011059365,0.057761528,0.0023355517,-0.012653638,-0.05454447,0.039322052,-0.10163902,0.09243445,-0.011868829,0.1609567,-0.005228362,-0.00018432275,0.0959729,0.0046710693,-0.025301874,-0.054490443,0.999761,0.43203676,-0.04876905,0.99754035
361,6.033357,0.038706463,-0.025328305,0.0859758,-0.014721942,0.06649466,-0.0030776085,-0.00009793498,0.057516277,-0.0011126592,0.015172999,-0.055048347,0.038687143,-0.02532289,0.08576459,-0.02943538,0.1322108,-0.0061551393,-0.00016322496,0.095567904,-0.0022253147,0.030336687,-0.05499281,0.98704755,-0.19898774,0.011857669,0.98086596
362,6.050024,0.0389239,0.051320203,0.07258159,-0.004185136,0.051942762,-0.002856842,-0.00009573211,0.057446614,-0.00016410102,-0.00038095284,-0.05426394,0.038904253,0.051275194,0.0724544,-0.008370076,0.10351341,-0.0057136216,-0.00015955351,0.09545285,-0.00032820203,-0.0007619055,-0.05421074,0.48390192,0.35830224,0.03645955,0.64923686
363,6.066691,0.038932562,0.12644438,0.06322138,-0.0044496856,0.03804878,-0.0028242818,-0.00010635788,0.05737251,0.0018339908,0.019406911,-0.052220486,0.038912904,0.1257748,0.063137285,-0.008899136,0.07595101,-0.0056485035,-0.00017726314,0.09533048,0.003667965,0.038794342,-0.05217307,-0.88537306,-0.26093495,-0.0063525178,-0.17894623
364,6.083358,0.038589828,0.14126837,0.056646407,0.009027334,0.027907412,-0.003188169,-0.0001327449,0.05752303,0.00086032925,-0.0010780841,-0.04992427,0.038570683,0.14033607,0.056585897,0.018052706,0.055756938,-0.0063762516,-0.00022124148,0.09557906,0.0017206568,-0.002156165,-0.049882833,-0.9410631,0.18552648,0.018882891,-0.7069643
365,6.1000247,0.038551852,-0.008042528,0.06952062,0.008278664,0.041648466,-0.003358869,-0.00014870554,0.0576611,0.0015681533,0.009266819,-0.05012496,0.038532764,-0.008042355,0.06940884,0.016555816,0.08310482,-0.006717637,-0.00024784254,0.09580707,0.0031362963,0.018531516,-0.05008302,0.9704164,-0.62648946,-0.100957304,0.88084537
366,6.1166916,0.038431503,-0.16401455,0.09256336,0.01471396,0.093101986,-0.0036700096,-0.000120112825,0.057906535,-0.0045041647,-0.028135434,-0.05294331,0.038412593,-0.1625595,0.0922999,0.029419428,0.18408139,-0.0073398873,-0.00020018803,0.09621236,-0.009008085,-0.05621155,-0.0528939,0.99998814,0.08024762,0.099303,0.9997472
367,6.1333585,0.039388068,-0.090882264,0.09177138,-0.004824536,0.0857311,-0.0027763243,-0.000083608604,0.057826273,0.0022877478,-0.014874158,-0.054543935,0.039367713,-0.09063287,0.09151461,-0.009648772,0.16980143,-0.0055525913,-0.00013934767,0.09607983,0.0045754635,-0.029739544,-0.05448991,0.9995511,0.49520105,-0.04554049,0.99765885
368,6.1500254,0.038752697,-0.014219932,0.08559348,-0.015153815,0.071029305,-0.0032302425,-0.00006906303,0.05757379,-0.0009715061,0.017107887,-0.054862674,0.03873331,-0.014218974,0.08538506,-0.030298354,0.14111064,-0.006460395,-0.00011510505,0.09566289,-0.0019430098,0.034202427,-0.054807696,0.9751681,-0.24370657,0.0066760085,0.98375064
369,6.1666923,0.03892616,0.062405203,0.07174572,-0.0032733344,0.05645975,-0.003037483,-0.000065473156,0.057519313,-0.00035344093,-0.0015114751,-0.053893093,0.038906515,0.06232432,0.07162287,-0.006546575,0.112442,-0.0060748914,-0.000109121924,0.09557292,-0.00070688175,-0.0030229408,-0.053840976,0.19783454,0.39366138,0.04400747,0.6790571
370,6.183359,0.038970135,0.13610637,0.06261196,-0.00432297,0.04184583,-0.002967356,-0.00007479683,0.0574473,0.0021142121,0.020561269,-0.05168836,0.03895042,0.1352721,0.06253027,-0.0086457245,0.0834968,-0.005934642,-0.00012466138,0.09545399,0.004228399,0.041099373,-0.051642377,-0.93195426,-0.29237682,-0.011788061,-0.097833805
371,6.200026,0.03865406,0.11664052,0.05597191,0.009955688,0.01942381,-0.0033868416,-0.000112600246,0.057613257,0.000752414,-0.0020194147,-0.049801365,0.038634818,0.11611442,0.05591353,0.019908747,0.03882809,-0.00677358,-0.00018766707,0.09572806,0.0015048268,-0.0040388075,-0.049760234,-0.8024203,0.14406294,-0.007547891,-0.7448572
372,6.216693,0.03863841,-0.03825319,0.06729753,0.008553318,0.026865672,-0.0035361303,-0.0001456773,0.057755876,0.000045573863,0.006347539,-0.05050269,0.038619194,-0.038234543,0.06719612,0.017104967,0.053679697,-0.007072143,-0.00024279549,0.095963575,0.000091147725,0.012694396,-0.0504598,0.9949072,-0.5779148,-0.08210549,0.8076024
373,6.23336,0.038546436,-0.17760804,0.09099108,0.012961331,0.08255984,-0.0035451725,-0.00012505574,0.05797208,-0.004517898,-0.027456803,-0.0535458,0.038527355,-0.17576379,0.09074079,0.025916856,0.16363522,-0.0070902263,-0.00020842622,0.096320584,-0.00903555,-0.054858476,-0.053494684,0.9999947,0.11124872,0.10120662,0.99958396
374,6.2500267,0.039527323,-0.101541445,0.09153303,-0.0061059017,0.08154373,-0.0026487657,-0.00009039555,0.057870463,0.002384537,-0.012690872,-0.05532362,0.03950675,-0.10119389,0.09127825,-0.012211196,0.16165677,-0.005297482,-0.00015065925,0.09615279,0.0047690375,-0.025376294,-0.055267245,0.9997616,0.43336883,-0.049279228,0.9975319
375,6.2666936,0.038877167,-0.024877457,0.084836885,-0.014919007,0.06685402,-0.0031218883,-0.00007800946,0.05762191,-0.0011076203,0.015223533,-0.055819035,0.03885759,-0.024872325,0.08463394,-0.029829163,0.1329169,-0.0062436955,-0.00013001576,0.09574235,-0.002215237,0.030437661,-0.055761132,0.9870478,-0.19975434,0.011633258,0.98086977
376,6.2833605,0.039090626,0.05177201,0.07144849,-0.0043471064,0.052302763,-0.0029021213,-0.00007612661,0.057549514,-0.00017366378,-0.00038543623,-0.05502614,0.039070725,0.051725805,0.07132716,-0.008693994,0.10422564,-0.0058041774,-0.00012687768,0.09562279,-0.00034732756,-0.0007708723,-0.05497067,0.48334575,0.35898727,0.03626472,0.64908695
377,6.3000274,0.039098594,0.12689717,0.062106796,-0.004614772,0.038408525,-0.0028676647,-0.000087062224,0.057472654,0.0018160387,0.019444041,-0.052974194,0.039078683,0.12622039,0.062027063,-0.009229282,0.07666631,-0.0057352665,-0.0001451037,0.09549586,0.0036320614,0.03886849,-0.052924696,-0.8854078,-0.26149803,-0.006714094,-0.1779861
378,6.3166943,0.038756106,0.14165516,0.055546295,0.008888038,0.028257292,-0.0032279892,-0.000113733746,0.057620835,0.00082754984,-0.001081029,-0.05067058,0.038736712,0.14071521,0.05548924,0.017774204,0.056454495,-0.0064558885,-0.00018955623,0.09574057,0.0016550982,-0.0021620546,-0.050627258,-0.94089514,0.18569933,0.01902172,-0.70656675
379,6.333361,0.038715918,-0.0076592863,0.06841826,0.008137322,0.041928496,-0.0033921846,-0.00012991355,0.057756536,0.0015526544,0.009276602,-0.05086393,0.038696583,-0.0076591363,0.0683117,0.016273208,0.08366098,-0.006784265,-0.00021652257,0.09596466,0.0031052988,0.018551076,-0.050820112,0.97051364,-0.626735,-0.10036066,0.8803562
380,6.350028,0.038593955,-0.16361068,0.09146859,0.014579408,0.09335449,-0.0037002505,-0.0001014342,0.0579997,-0.0044826954,-0.028139893,-0.053674623,0.038574804,-0.16216628,0.091214344,0.029150555,0.18456924,-0.007400366,-0.00016905699,0.09636619,-0.00896515,-0.056220442,-0.053623136,0.99998826,0.07960762,0.099879265,0.9997453
381,6.366695,0.03954357,-0.090465985,0.09070283,-0.0049621863,0.08602319,-0.0028108268,-0.00006508937,0.05791712,0.0023334469,-0.014909931,-0.05526741,0.039522972,-0.09022,0.09045491,-0.009924047,0.17036872,-0.0056215944,-0.00010848228,0.09622984,0.0046668597,-0.029811027,-0.055211205,0.9995528,0.4962321,-0.04605752,0.9976454
382,6.383362,0.03889504,-0.013802725,0.08454879,-0.015316309,0.071321554,-0.0032738117,-0.000050882623,0.057661917,-0.00096908957,0.017142389,-0.055578314,0.03887544,-0.0138018485,0.0843479,-0.030623041,0.14168346,-0.0065475297,-0.00008480437,0.09580842,-0.0019381767,0.034271352,-0.055521157,0.9752021,-0.24401635,0.0064887684,0.9837071
383,6.4000287,0.039065525,0.06282338,0.07070789,-0.0034118718,0.056753043,-0.0030815303,-0.000047665922,0.0576051,-0.0003627534,-0.0015023854,-0.054600872,0.039045665,0.062740855,0.07059029,-0.006823638,0.11302113,-0.0061629824,-0.0000794432,0.09571459,-0.0007255067,-0.0030047616,-0.054546677,0.19789472,0.3938904,0.043772545,0.67833984
384,6.4166956,0.039109096,0.13652936,0.061587423,-0.0044551957,0.04214373,-0.0030095554,-0.000057346064,0.057530876,0.002094259,0.020582246,-0.052388206,0.03908917,0.13568732,0.061509673,-0.008910156,0.08408842,-0.006019038,-0.00009557677,0.095592014,0.0041884934,0.041141257,-0.052340332,-0.93188065,-0.29252642,-0.01208029,-0.098170586
385,6.4333625,0.038792923,0.117071256,0.054972067,0.009838032,0.019775627,-0.0034250836,-0.0000954191,0.057694875,0.00072207744,-0.0020112116,-0.05049316,0.038773473,0.11653932,0.05491676,0.019673524,0.039530642,-0.00685006,-0.00015903183,0.095862836,0.0014441538,-0.0040224013,-0.05045029,-0.8026209,0.14391199,-0.0072272355,-0.74437207
386,6.4500294,0.03877473,-0.037813097,0.06631759,0.008441356,0.027242448,-0.0035683536,-0.00012863608,0.057835612,0.00004171621,0.006346789,-0.051186297,0.03875531,-0.037795085,0.06622054,0.016881108,0.054431047,-0.007136586,-0.00021439345,0.09609524,0.00008343242,0.012692897,-0.051141642,0.9948991,-0.5781238,-0.081533,0.8080745
387,6.4666963,0.038680974,-0.17719159,0.09001495,0.012848852,0.08289877,-0.0035766289,-0.00010810282,0.058049925,-0.0044897664,-0.027466878,-0.054221626,0.038661696,-0.17536016,0.08977261,0.02569205,0.16429487,-0.0071531357,-0.00018017135,0.09644912,-0.008979292,-0.054878566,-0.054168552,0.9999947,0.1107782,0.10162708,0.9995839
388,6.483363,0.03965327,-0.10112527,0.09056312,-0.006225367,0.08184817,-0.0026858004,-0.000073659,0.057946295,0.0024262532,-0.0127215395,-0.055991683,0.039632503,-0.10078196,0.09031634,-0.012450091,0.16224967,-0.005371549,-0.00012276499,0.096278004,0.004852468,-0.02543759,-0.055933245,0.9997621,0.4344731,-0.049749665,0.9975247
389,6.50003,0.03899102,-0.024460487,0.08388707,-0.01505977,0.06715848,-0.0031672,-0.00006165276,0.05769538,-0.0011054226,0.015265184,-0.05647934,0.03897127,-0.02445561,0.08369085,-0.030110436,0.13351502,-0.006334315,-0.000102754595,0.09586368,-0.0022108417,0.030520886,-0.05641936,0.98704785,-0.20035142,0.011438794,0.9808729
390,6.516697,0.039201688,0.05218972,0.07050123,-0.004458945,0.052607764,-0.0029478697,-0.000060172028,0.05762112,-0.00018355018,-0.00038758758,-0.055678662,0.03918162,0.052142385,0.07038466,-0.008917653,0.10482898,-0.005895671,-0.00010028671,0.09574105,-0.00036710032,-0.000775175,-0.055621196,0.482827,0.35952953,0.036067124,0.64897877
391,6.533364,0.039209597,0.12731557,0.061172206,-0.004728104,0.038713302,-0.0029114513,-0.00007150329,0.057542358,0.0017977059,0.019474104,-0.05361893,0.039189517,0.1266321,0.061096016,-0.009455926,0.07727225,-0.005822837,-0.00011917214,0.095610976,0.0035953962,0.038928527,-0.053567603,-0.8854582,-0.2619204,-0.0070303115,-0.17716202
392,6.5500307,0.038867988,0.14201182,0.05462142,0.008795582,0.028550575,-0.003268139,-0.00009852646,0.057688985,0.0007969836,-0.0010819174,-0.051308557,0.038848426,0.1410648,0.054567166,0.01758935,0.05703917,-0.006536185,-0.00016421077,0.09585311,0.0015939658,-0.0021638314,-0.051263582,-0.9407486,0.18579876,0.019120986,-0.7062347
393,6.5666976,0.038826115,-0.007308211,0.067488834,0.008044251,0.04216163,-0.0034262715,-0.00011500006,0.057823148,0.0015365006,0.009282981,-0.051495235,0.038806617,-0.0073080813,0.06738655,0.016087115,0.08412397,-0.006852436,-0.00019166675,0.09607466,0.0030729915,0.01856383,-0.051449765,0.970604,-0.62691164,-0.09980956,0.8799383
394,6.5833645,0.038702983,-0.16324171,0.0905434,0.0144907655,0.093564674,-0.0037311318,-0.000086730295,0.058064807,-0.0044641765,-0.028143696,-0.054298975,0.03868367,-0.16180699,0.090296775,0.02897342,0.18497525,-0.0074621253,-0.00014455049,0.096473694,-0.0089281155,-0.056228023,-0.054245673,0.9999883,0.079074256,0.100384645,0.9997437
395,6.6000314,0.03964685,-0.09008565,0.089797705,-0.005053467,0.08626748,-0.002845383,-0.00005063635,0.057980686,0.0023732404,-0.014940193,-0.05588464,0.039626088,-0.089842744,0.08955712,-0.01010659,0.17084308,-0.0056907046,-0.00008439391,0.09633479,0.004746445,-0.029871495,-0.055826537,0.9995542,0.4971009,-0.046537943,0.99763423
396,6.6166983,0.03898713,-0.013421676,0.08366165,-0.015428602,0.071565956,-0.0033162632,-0.000036826226,0.05772359,-0.0009687124,0.017170964,-0.05618843,0.03896739,-0.0134208705,0.08346701,-0.030847413,0.14216243,-0.006632429,-0.00006137704,0.09591026,-0.0019374223,0.034328435,-0.056129374,0.9752323,-0.24424927,0.006317889,0.9836728
397,6.633365,0.03915572,0.063205175,0.06982454,-0.0035043187,0.05699833,-0.0031240582,-0.00003402375,0.057665225,-0.00037254783,-0.0014939401,-0.055203855,0.039135724,0.06312114,0.06971128,-0.0070085227,0.11350541,-0.006248035,-0.000056706245,0.09581388,-0.00074509555,-0.0029878714,-0.055147845,0.1979103,0.3940739,0.04354728,0.6777803
398,6.650032,0.039199643,0.1369154,0.060712993,-0.004541778,0.042392787,-0.0030501399,-0.000044098586,0.057589553,0.0020745296,0.02059953,-0.052983984,0.03917958,0.13606624,0.060638506,-0.009083306,0.08458299,-0.0061002043,-0.00007349764,0.09568891,0.0041490356,0.041175764,-0.05293446,-0.9318269,-0.29263473,-0.012337387,-0.09838905
399,6.666699,0.038884062,0.11745953,0.05411574,0.009763452,0.020065699,-0.0034617526,-0.00008248693,0.057752296,0.00069384254,-0.0020040087,-0.051081702,0.03886448,0.116922304,0.054062974,0.019524423,0.040109865,-0.0069233943,-0.0001374782,0.09595766,0.0013876841,-0.004007996,-0.05103732,-0.8027716,0.14377934,-0.0069665676,-0.7439886
400,6.683366,0.03886403,-0.037418,0.06547492,0.00837178,0.027548755,-0.0035994197,-0.00011590075,0.05789188,0.000036042242,0.0063456465,-0.051767506,0.038844477,-0.037400547,0.06538152,0.016741995,0.055041824,-0.007198715,-0.00019316791,0.09618816,0.000072084484,0.012690611,-0.051721312,0.99489367,-0.5782944,-0.081007354,0.80840516
401,6.7000327,0.03876915,-0.17681429,0.08917425,0.012778475,0.08317529,-0.0036065714,-0.000095519325,0.058104996,-0.0044654207,-0.027475817,-0.05479581,0.038749736,-0.17499444,0.08893862,0.025551388,0.16483292,-0.0072130174,-0.00015919887,0.09654005,-0.008930604,-0.05489639,-0.054741032,0.99999475,0.110385425,0.10199566,0.9995838
402,6.7166996,0.039734364,-0.1007481,0.08972734,-0.0063019567,0.082100496,-0.002720574,-0.000061338535,0.058000065,0.0024625682,-0.012747888,-0.056558847,0.039713465,-0.100408606,0.089487314,-0.012603246,0.162741,-0.0054410943,-0.000102230886,0.09636679,0.0049250964,-0.025490254,-0.056498617,0.9997626,0.43540478,-0.05018301,0.997519
403,6.7333665,0.039061964,-0.024082705,0.08306668,-0.015154657,0.06741084,-0.0032091793,-0.00004972984,0.057747547,-0.0011048538,0.015299604,-0.05703949,0.039042108,-0.02407805,0.08287615,-0.030300036,0.1340107,-0.0064182705,-0.00008288306,0.09594982,-0.0022097041,0.030589662,-0.05697771,0.9870467,-0.20083162,0.011262865,0.9808792
404,6.7500334,0.039270934,0.05256804,0.069681525,-0.004529932,0.052860543,-0.0029899632,-0.000048659615,0.057672106,-0.0001934818,-0.0003890032,-0.056231786,0.039250758,0.05251967,0.06956896,-0.009059616,0.10532896,-0.005979855,-0.00008109935,0.09582524,-0.00038696357,-0.0007780062,-0.05617259,0.48230547,0.3599791,0.035868302,0.64894056
405,6.7667003,0.039279487,0.12769425,0.06036142,-0.004800074,0.038965568,-0.0029515736,-0.000060383692,0.057592127,0.001779336,0.019498918,-0.054165024,0.0392593,0.1270047,0.060288217,-0.009599852,0.07777375,-0.0059030787,-0.00010063948,0.09569316,0.003558657,0.038978077,-0.054112114,-0.8855271,-0.26225874,-0.007301022,-0.1763918
406,6.783367,0.038939506,0.1423283,0.053816564,0.008740842,0.028786194,-0.0033046184,-0.00008776508,0.05773785,0.00076894194,-0.0010824502,-0.051848654,0.038919836,0.14137496,0.05376467,0.017479904,0.057508864,-0.0066091404,-0.00014627512,0.09593381,0.0015378827,-0.0021648968,-0.051802244,-0.94060856,0.18585908,0.0191817,-0.7060009
407,6.800034,0.038896628,-0.0069996514,0.06667724,0.007989139,0.042340796,-0.0034571856,-0.00010455114,0.05787107,0.0015200272,0.009286831,-0.05202946,0.038877025,-0.0069995373,0.066578604,0.015976919,0.08447976,-0.006914261,-0.0001742519,0.096153796,0.003040045,0.018571526,-0.051982563,0.9706964,-0.6270382,-0.09929865,0.87952864
408,6.816701,0.038772963,-0.1629162,0.08973494,0.01443833,0.09372798,-0.0037587779,-0.00007650691,0.058111846,-0.0044480227,-0.028147094,-0.054827057,0.038753547,-0.16148998,0.089494854,0.028868636,0.18529068,-0.007517414,-0.00012751152,0.09655136,-0.008895811,-0.056234796,-0.054772187,0.9999884,0.078621544,0.10082316,0.99974227
409,6.833368,0.039712273,-0.08974854,0.089006074,-0.0051082713,0.0864644,-0.0028762342,-0.000040668525,0.058026787,0.002407813,-0.014966372,-0.056406405,0.03969141,-0.08950835,0.088771775,-0.010216187,0.1712254,-0.005752405,-0.00006778087,0.096410915,0.0048155887,-0.029923808,-0.05634666,0.9995556,0.49784225,-0.046984207,0.997625
410,6.8500347,0.03904327,-0.013083994,0.082884096,-0.015501586,0.07176298,-0.0033539748,-0.00002724006,0.057768475,-0.0009699771,0.01719473,-0.056703884,0.039023444,-0.0130832475,0.08269482,-0.030993242,0.14254849,-0.006707849,-0.0000454001,0.095984384,-0.0019399518,0.03437591,-0.056643188,0.9752612,-0.24444176,0.0061787176,0.98364574
411,6.8667016,0.039211057,0.06354343,0.06904905,-0.0035608013,0.057196077,-0.0031615174,-0.000024831283,0.057709143,-0.00038165262,-0.0014871862,-0.055712983,0.039190974,0.06345805,0.06893952,-0.007121482,0.11389579,-0.0063229506,-0.00004138547,0.0958864,-0.00076330506,-0.0029743635,-0.055655412,0.19795251,0.39423323,0.04331773,0.67732066
412,6.8833685,0.039255876,0.13725752,0.059943903,-0.0045935693,0.04259373,-0.0030857935,-0.0000352756,0.057632614,0.0020551225,0.020613749,-0.053486727,0.039235722,0.136402,0.059872206,-0.00918688,0.084981985,-0.0061715087,-0.000058792662,0.095760025,0.0041102218,0.041204154,-0.05343578,-0.93178153,-0.29271507,-0.012560572,-0.09853815
413,6.9000354,0.038941592,0.117807,0.053360566,0.0097215315,0.020301327,-0.0034935577,-0.00007395408,0.057794657,0.00066776434,-0.001997931,-0.051577974,0.03892192,0.117265016,0.053309977,0.019440614,0.04058036,-0.0069870017,-0.00012325679,0.09602761,0.0013355279,-0.0039958404,-0.051532287,-0.8029374,0.14365822,-0.0067438353,-0.74367374
414,6.9167023,0.03892045,-0.03706482,0.0647296,0.008334079,0.02779554,-0.0036260504,-0.00010755355,0.057933595,0.000029850227,0.0063438304,-0.05225722,0.03890081,-0.037047856,0.064639345,0.016666614,0.055533886,-0.0072519737,-0.0001792559,0.09625703,0.000059700455,0.01268698,-0.052209705,0.99488825,-0.5784204,-0.08052685,0.8086471
415,6.933369,0.038825117,-0.17648079,0.08842988,0.012739517,0.083397046,-0.0036319739,-0.0000873231,0.05814606,-0.0044438234,-0.027483307,-0.055279303,0.03880562,-0.17467113,0.0882001,0.025473522,0.16526435,-0.00726382,-0.00014553849,0.09660786,-0.008887413,-0.054911323,-0.055223066,0.99999475,0.11001915,0.10231091,0.9995837
416,6.950036,0.03978458,-0.10041484,0.088986956,-0.006346115,0.08230451,-0.0027502629,-0.000053380165,0.058040388,0.0024941615,-0.012772334,-0.057036135,0.039763603,-0.1000787,0.08875281,-0.012691548,0.1631382,-0.0055004703,-0.00008896694,0.09643337,0.0049882815,-0.025539113,-0.056974366,0.999763,0.4362343,-0.050581496,0.9975145
417,6.966703,0.039103843,-0.023748923,0.08233896,-0.015215791,0.06761482,-0.0032451353,-0.00004212885,0.05778684,-0.0011055251,0.015329179,-0.057510573,0.039083924,-0.023744458,0.08215339,-0.03042219,0.13441132,-0.0064901793,-0.000070214744,0.09601471,-0.0022110466,0.030648757,-0.05744725,0.9870446,-0.20125253,0.0111124115,0.9808882
418,6.98337,0.03931209,0.052902322,0.06895344,-0.004570525,0.053064886,-0.003025785,-0.000041425275,0.05771071,-0.00020276819,-0.000391013,-0.05669665,0.03929185,0.052853025,0.06884436,-0.009140796,0.1057331,-0.006051496,-0.00006904212,0.095888995,-0.00040553635,-0.0007820258,-0.056635976,0.4817965,0.36037672,0.035673883,0.6489367
419,7.0000367,0.039321847,0.12802866,0.059640214,-0.0048420625,0.039169166,-0.0029855531,-0.000053498305,0.05763004,0.0017617531,0.019519981,-0.054623667,0.039301593,0.1273337,0.0595696,-0.009683822,0.07817847,-0.0059710355,-0.00008916384,0.09575577,0.0035234916,0.03902014,-0.054569405,-0.8856046,-0.26255298,-0.007541007,-0.1756848
420,7.0167036,0.03898408,0.14260197,0.053099237,0.008713485,0.028971136,-0.0033351062,-0.000081189406,0.057775293,0.00074322126,-0.0010836031,-0.05230209,0.038964342,0.14164315,0.05304939,0.017425206,0.057877515,-0.0066701137,-0.00013531567,0.09599564,0.0014864415,-0.0021672028,-0.05225445,-0.9404758,0.1859067,0.01921867,-0.7058363
421,7.0333705,0.038940832,-0.006735052,0.06595251,0.007960981,0.04247377,-0.0034825704,-0.000098238525,0.057908043,0.0015039428,0.009289113,-0.052477833,0.038921162,-0.00673495,0.06585705,0.015920617,0.0847438,-0.006965028,-0.00016373087,0.09621484,0.0030078765,0.01857609,-0.052429713,0.9707866,-0.62713397,-0.09882392,0.8791403
422,7.0500374,0.03881722,-0.16263552,0.08901291,0.014411758,0.09385002,-0.0037809708,-0.00007038725,0.058148377,-0.0044334885,-0.028150324,-0.055270106,0.038797736,-0.16121662,0.08877856,0.028815536,0.18552636,-0.0075617973,-0.000117312076,0.09661168,-0.008866744,-0.056241237,-0.055213895,0.99998844,0.07822102,0.10120858,0.9997411
423,7.0667043,0.03975296,-0.089456715,0.08829868,-0.0051370827,0.0866184,-0.0029013103,-0.000034763387,0.058062833,0.0024384665,-0.014990017,-0.056843963,0.03973203,-0.08921885,0.088069916,-0.010273804,0.17152436,-0.0058025555,-0.000057938974,0.09647043,0.0048768944,-0.029971056,-0.056782816,0.99955684,0.49848205,-0.04738704,0.9976171
424,7.083371,0.03907627,-0.012791694,0.08218849,-0.015546817,0.07191708,-0.003385133,-0.00002166522,0.05780375,-0.00097145187,0.017214216,-0.05713595,0.03905639,-0.012790997,0.08200393,-0.031083617,0.1428504,-0.006770163,-0.0000361087,0.096042626,-0.0019429013,0.034414835,-0.057073858,0.97528815,-0.24458049,0.0060483376,0.98362345
425,7.100038,0.039243937,0.06383623,0.06835485,-0.0035924993,0.057350807,-0.0031923852,-0.000019586694,0.057743892,-0.00039031106,-0.0014808476,-0.056139547,0.0392238,0.06374966,0.06824859,-0.0071848747,0.114201225,-0.006384684,-0.00003264449,0.09594378,-0.00078062195,-0.0029616866,-0.056080643,0.19799024,0.39433664,0.04310153,0.67693603
426,7.116705,0.039290197,0.13755393,0.05925452,-0.004620866,0.04275123,-0.003114943,-0.000030338904,0.0576669,0.0020368604,0.020624215,-0.05390773,0.03926999,0.1366929,0.059185266,-0.009241468,0.08529471,-0.0062298053,-0.00005056484,0.09581665,0.0040736985,0.041225053,-0.053855572,-0.9317432,-0.292748,-0.012749458,-0.09868324
427,7.133372,0.038977735,0.118108146,0.052682698,0.00970151,0.020487921,-0.003519082,-0.00006925343,0.057828613,0.00064445427,-0.0019922014,-0.051993344,0.03895801,0.11756201,0.052634012,0.019400585,0.040952925,-0.0070380475,-0.00011542238,0.096083686,0.0012889078,-0.003984382,-0.051946543,-0.8030863,0.14351673,-0.0065661916,-0.74342746
428,7.1500387,0.038956102,-0.036758848,0.06406011,0.008318037,0.027992938,-0.0036469498,-0.00010299287,0.057967283,0.000023191213,0.0063402997,-0.052666884,0.038936406,-0.0367423,0.06397262,0.016634539,0.055927455,-0.00729377,-0.00017165477,0.096312664,0.000046382425,0.01267992,-0.052618243,0.9948834,-0.57850546,-0.0800832,0.80884576
429,7.1667056,0.0388609,-0.17619248,0.08776137,0.012721023,0.08357459,-0.003651552,-0.00008287146,0.058179427,-0.0044244654,-0.02749008,-0.05568356,0.03884135,-0.17439161,0.08753675,0.025436558,0.16560973,-0.007302974,-0.0001381191,0.096662946,-0.0088487,-0.054924827,-0.05562608,0.99999475,0.10970453,0.10258528,0.99958366
430,7.1833725,0.03981569,-0.100126736,0.08832182,-0.0063693174,0.082467474,-0.0027736814,-0.000049116934,0.05807336,0.0025220849,-0.012793807,-0.057435,0.039794665,-0.09979347,0.08809288,-0.012737946,0.16345544,-0.005547306,-0.00008186155,0.09648781,0.005044127,-0.025582032,-0.057371926,0.99976337,0.43694353,-0.05094183,0.9975111
431,7.2000394,0.039128076,-0.023460377,0.08168455,-0.015253908,0.067777805,-0.0032740948,-0.000038152986,0.05781917,-0.0011065162,0.01535384,-0.05790405,0.03910812,-0.023456074,0.08150336,-0.030498356,0.13473138,-0.006548096,-0.000063588304,0.09606809,-0.0022130287,0.030698031,-0.05783942,0.9870415,-0.20159793,0.01098231,0.9808996
432,7.2167063,0.039336264,0.053191233,0.06829863,-0.004591515,0.05322813,-0.0030545476,-0.00003774422,0.05774268,-0.00021104392,-0.0003925953,-0.057084724,0.039315987,0.053141125,0.06819263,-0.009182772,0.106055915,-0.0061090193,-0.00006290703,0.09594179,-0.00042208782,-0.00078519044,-0.0570228,0.48129255,0.36069456,0.03548601,0.6489786
433,7.233373,0.039347585,0.12831753,0.05899096,-0.00486415,0.03933145,-0.0030126735,-0.000050087816,0.057661638,0.0017453372,0.019536644,-0.055006348,0.03932729,0.12761788,0.058922626,-0.009727993,0.07850105,-0.006025274,-0.00008347969,0.095807955,0.00349066,0.039053418,-0.054950938,-0.88568914,-0.26278058,-0.0077439193,-0.1750354
434,7.25004,0.039012402,0.14283067,0.052452654,0.008702965,0.02911164,-0.0033589713,-0.00007802615,0.05780672,0.00072044076,-0.001084419,-0.05268037,0.03899262,0.14186725,0.0524046,0.017404173,0.058157578,-0.0067178416,-0.00013004357,0.096047536,0.0014408805,-0.0021688344,-0.05263169,-0.9403453,0.18591918,0.019231452,-0.7057485
435,7.266707,0.038969312,-0.0065162843,0.06529861,0.007949895,0.042566404,-0.0035019158,-0.00009528705,0.057939272,0.0014886577,0.009289418,-0.052851874,0.038949598,-0.006516192,0.06520596,0.015898451,0.08492773,-0.007003717,-0.00015881174,0.09626641,0.0029773065,0.0185767,-0.05280272,0.9708766,-0.62719566,-0.098388374,0.8787585
436,7.283374,0.03884622,-0.162401,0.08836229,0.014400879,0.093937285,-0.0037972846,-0.00006757561,0.058179416,-0.0044204504,-0.028153304,-0.055639654,0.038826693,-0.16098818,0.08813303,0.028793797,0.18569487,-0.007594423,-0.00011262601,0.09666292,-0.008840671,-0.05624718,-0.05558231,0.9999885,0.07786948,0.101543345,0.99973994
437,7.3000407,0.03977923,-0.08921104,0.087661594,-0.005150028,0.08673717,-0.0029202127,-0.00003210656,0.05809366,0.0024654218,-0.015011075,-0.057208847,0.03975826,-0.088975124,0.087437734,-0.010299692,0.1717549,-0.005840359,-0.000053510932,0.09652133,0.0049308036,-0.030013133,-0.057146516,0.99955803,0.49903455,-0.0477562,0.9976107
438,7.3167076,0.03909622,-0.012545556,0.081561655,-0.015574388,0.072035916,-0.0034093852,-0.00001926029,0.057834115,-0.0009735129,0.01723041,-0.057496175,0.039076313,-0.012544897,0.081381276,-0.031138707,0.14308321,-0.0068186647,-0.00003210048,0.09609277,-0.0019470233,0.034447186,-0.0574329,0.9753144,-0.24470678,0.0059447186,0.9836063
439,7.3333745,0.03926441,0.06408284,0.06772934,-0.0036088245,0.05747015,-0.003216227,-0.00001743551,0.05777398,-0.0003977921,-0.0014763474,-0.0564951,0.039244246,0.063995264,0.06762596,-0.0072175236,0.11443679,-0.006432365,-0.000029059182,0.09599347,-0.000795584,-0.0029526863,-0.05643507,0.19806194,0.39443973,0.042896573,0.67661375
440,7.3500414,0.039312355,0.13780406,0.058633327,-0.004634066,0.042872958,-0.0031373003,-0.00002842283,0.057696767,0.0020201358,0.02063317,-0.05425856,0.039292116,0.13693833,0.058566228,-0.009267867,0.08553639,-0.006274518,-0.00004737138,0.095865965,0.0040402496,0.04124293,-0.054205377,-0.93170667,-0.29279137,-0.012910275,-0.09879456
441,7.3667083,0.03900199,0.11836707,0.052071184,0.009694529,0.020635363,-0.0035381205,-0.00006749973,0.057858363,0.000623844,-0.0019882992,-0.052339304,0.038982227,0.11781734,0.052024174,0.019386629,0.04124731,-0.007076123,-0.00011249954,0.09613281,0.0012476873,-0.0039765774,-0.052291565,-0.8032484,0.14342217,-0.006411256,-0.7432367
442,7.383375,0.03898035,-0.036495365,0.063455634,0.008313766,0.02814873,-0.0036618994,-0.000101323174,0.057996966,0.000017245475,0.006337881,-0.053007904,0.038960617,-0.03647917,0.0633706,0.016625999,0.05623806,-0.007323668,-0.00016887195,0.096361674,0.00003449095,0.012675083,-0.052958313,0.99487805,-0.5785993,-0.07969128,0.8089932
443,7.400042,0.03888566,-0.17594828,0.08715832,0.01271507,0.08371437,-0.0036653206,-0.00008125209,0.058209013,-0.00440735,-0.027496774,-0.05601997,0.038866073,-0.17415482,0.08693829,0.02542466,0.16588162,-0.00733051,-0.00013542014,0.09671179,-0.008814472,-0.054938175,-0.05596144,0.99999475,0.10941898,0.10282274,0.99958366
444,7.416709,0.039836746,-0.09988281,0.08772244,-0.0063799117,0.08259635,-0.002790844,-0.000047618785,0.05810277,0.002546552,-0.012813849,-0.057766806,0.039815687,-0.09955197,0.08749812,-0.01275913,0.16370629,-0.0055816304,-0.00007936464,0.096536376,0.00509306,-0.02562209,-0.057702634,0.99976367,0.4375734,-0.05125441,0.9975084
445,7.433376,0.039143518,-0.023216045,0.081094936,-0.015278418,0.0679067,-0.003296114,-0.000036865673,0.057848167,-0.0011071563,0.015374916,-0.05823126,0.03912354,-0.023211874,0.080917634,-0.030547328,0.13498448,-0.0065921326,-0.000061442784,0.09611597,-0.0022143088,0.030740144,-0.05816553,0.98703754,-0.20190609,0.010861387,0.98091143
446,7.4500427,0.039351992,0.053435933,0.06770886,-0.00460139,0.05335723,-0.003076439,-0.0000366752,0.057771508,-0.00021846185,-0.0003947951,-0.05740733,0.039331693,0.05338513,0.06760558,-0.00920252,0.10631121,-0.0061528003,-0.00006112533,0.09598939,-0.00043692367,-0.00078959,-0.05734435,0.4808061,0.36097804,0.03531834,0.6490272
447,7.4667096,0.03936512,0.12856212,0.058406338,-0.0048755547,0.039459534,-0.0030330943,-0.000049212864,0.057690278,0.0017307276,0.019550823,-0.055324353,0.0393448,0.12785847,0.058340013,-0.0097508,0.07875563,-0.006066114,-0.00008202143,0.09585525,0.0034614415,0.03908173,-0.05526798,-0.8857746,-0.26298693,-0.007917656,-0.17445785
448,7.4833765,0.03903262,0.14301708,0.051870428,0.008701408,0.02921809,-0.0033764928,-0.00007733035,0.057835337,0.0007006035,-0.0010859314,-0.052994743,0.03901281,0.14204991,0.05182396,0.01740106,0.058369756,-0.006752883,-0.00012888391,0.09609479,0.001401206,-0.0021718594,-0.05294519,-0.9402197,0.1859214,0.019229753,-0.7057009
449,7.5000434,0.03899004,-0.0063399086,0.06470999,0.007947289,0.042630177,-0.003515502,-0.0000947312,0.05796786,0.0014747004,0.009288545,-0.053162776,0.038970295,-0.006339824,0.06461982,0.01589324,0.08505436,-0.007030888,-0.00015788533,0.09631361,0.0029493922,0.018574953,-0.05311275,0.97096276,-0.6272316,-0.09800102,0.8784067
450,7.5167103,0.038867775,-0.1622094,0.0877773,0.014397668,0.093998544,-0.0038081007,-0.00006709622,0.058207948,-0.004409043,-0.028155815,-0.055946838,0.038848214,-0.16080154,0.087552555,0.02878738,0.18581317,-0.0076160543,-0.00011182702,0.09671003,-0.008817858,-0.056252185,-0.055888537,0.99998856,0.07755409,0.101835296,0.999739
451,7.533377,0.039798755,-0.0890088,0.087089,-0.0051549785,0.08682758,-0.0029332908,-0.000031718526,0.0581221,0.0024890127,-0.015029968,-0.05751215,0.039777756,-0.08877449,0.08686949,-0.010309592,0.17193039,-0.005866514,-0.00005286421,0.096568294,0.0049779844,-0.030050885,-0.057448823,0.99955904,0.49951074,-0.048075452,0.99760514
452,7.550044,0.039110582,-0.0123429,0.080998376,-0.01559246,0.07212641,-0.0034271427,-0.000019047622,0.057862256,-0.00097504933,0.017243765,-0.057795603,0.039090652,-0.012342273,0.0808217,-0.031174814,0.1432605,-0.006854178,-0.000031746036,0.09613924,-0.0019500962,0.034473862,-0.057731338,0.97533983,-0.24480696,0.0058536157,0.98359203
453,7.566711,0.039279524,0.064285934,0.06716764,-0.0036176215,0.057561096,-0.003233679,-0.00001740382,0.057801973,-0.0004041214,-0.0014724992,-0.056790642,0.039259337,0.064197525,0.06706681,-0.007235117,0.1146163,-0.006467268,-0.000029006365,0.0960397,-0.00080824265,-0.0029449898,-0.056729667,0.19816703,0.39450982,0.0427094,0.6763347
454,7.583378,0.03932922,0.13801049,0.05807566,-0.0046401904,0.042966016,-0.003153497,-0.000028544153,0.057724662,0.0020052786,0.020639747,-0.05455016,0.039308954,0.13714088,0.058010455,-0.009280114,0.085721135,-0.00630691,-0.000047573587,0.09591203,0.004010536,0.041256063,-0.054496117,-0.93166983,-0.2928106,-0.013043201,-0.09891348
455,7.6000447,0.039021015,0.118586294,0.051522277,0.009692969,0.020752149,-0.0035513684,-0.00006771626,0.057886228,0.00060613954,-0.001984803,-0.052626755,0.039001223,0.11803352,0.051476736,0.019383509,0.04148048,-0.0071026175,-0.00011286043,0.09617882,0.0012122785,-0.003969585,-0.052578226,-0.80342364,0.14333302,-0.0062802206,-0.743081
456,7.6167116,0.03899967,-0.0362715,0.0629136,0.008314633,0.028274411,-0.0036716338,-0.00010157148,0.058024842,0.000012077449,0.0063353945,-0.05329114,0.03897991,-0.0362556,0.062830724,0.016627733,0.056488622,-0.007343136,-0.00016928579,0.096407704,0.000024154899,0.012670111,-0.053240746,0.994872,-0.57867396,-0.07935025,0.80912644
457,7.6333785,0.03890577,-0.17574528,0.08661808,0.012714213,0.083826415,-0.0036740296,-0.000081500366,0.05823687,-0.0043923976,-0.027502554,-0.05629934,0.038886152,-0.17395797,0.0864021,0.025422946,0.16609953,-0.007347927,-0.00013583394,0.09675779,-0.008784569,-0.0549497,-0.056239933,0.9999948,0.109148696,0.10302982,0.9995837
458,7.6500454,0.03985392,-0.099680245,0.087185666,-0.0063847816,0.08269849,-0.0028025203,-0.00004792299,0.05813055,0.0025679604,-0.012832522,-0.058042325,0.03983283,-0.099351406,0.08696543,-0.012768869,0.16390508,-0.005604982,-0.00007987164,0.09658225,0.0051358757,-0.02565941,-0.057977233,0.9997639,0.4381446,-0.05153298,0.99750626
459,7.6667123,0.03915605,-0.023013104,0.080567285,-0.015296256,0.06800882,-0.0033120378,-0.00003730605,0.057875663,-0.0011079379,0.015393613,-0.05850293,0.039136052,-0.023009041,0.08039341,-0.030582972,0.13518499,-0.0066239787,-0.00006217675,0.09616137,-0.002215872,0.030777503,-0.05843628,0.9870334,-0.20219924,0.010763468,0.9809238
460,7.683379,0.039365117,0.053639203,0.067181356,-0.004606247,0.053459503,-0.0030922098,-0.000037249916,0.05779893,-0.00022461696,-0.0003978908,-0.05767514,0.039344795,0.05358782,0.06708047,-0.009212233,0.10651344,-0.006184341,-0.00006208319,0.09603467,-0.0004492339,-0.00079578144,-0.057611275,0.4803645,0.3612393,0.035169248,0.64907736
461,7.700046,0.03938,0.1287652,0.057883903,-0.0048825606,0.039560735,-0.0030476428,-0.000049918195,0.057717573,0.0017181,0.019563101,-0.055588312,0.039359655,0.12805822,0.057819344,-0.009764811,0.078956775,-0.00609521,-0.00008319699,0.09590033,0.0034361866,0.03910625,-0.055531126,-0.88585305,-0.2631737,-0.008070681,-0.17394324
462,7.716713,0.03905009,0.14316745,0.051350378,0.008702927,0.029299246,-0.0033885357,-0.00007814581,0.05786265,0.0006833527,-0.0010877289,-0.053255726,0.039030254,0.14219724,0.05130529,0.017404096,0.05853151,-0.0067769676,-0.000130243,0.096139885,0.0013667046,-0.0021754543,-0.053205434,-0.9401056,0.1859218,0.019228086,-0.7056786
463,7.73338,0.039008208,-0.006198747,0.06418453,0.00794756,0.04267328,-0.0035241211,-0.000095636264,0.057995178,0.0014626055,0.009287327,-0.05342093,0.038988434,-0.006198668,0.06409654,0.015893782,0.08513994,-0.0070481254,-0.00015939376,0.096358724,0.0029252027,0.018572517,-0.05337017,0.97104096,-0.62726134,-0.09765682,0.878083
464,7.7500467,0.038886927,-0.16205445,0.08725577,0.014397098,0.09404091,-0.0038143203,-0.00006801803,0.05823525,-0.0043986384,-0.028158266,-0.056201946,0.038867336,-0.1606506,0.087035,0.02878624,0.18589497,-0.0076284925,-0.00011336338,0.09675511,-0.0087970495,-0.05625707,-0.056142848,0.9999886,0.07728207,0.102076955,0.99973816
465,7.7667136,0.039816298,-0.088844165,0.08657907,-0.005157263,0.086896725,-0.0029415768,-0.000032673866,0.058149368,0.0025092433,-0.015046489,-0.05776406,0.03979527,-0.08861114,0.08636338,-0.01031416,0.17206457,-0.0058830855,-0.000054456443,0.09661332,0.0050184447,-0.030083898,-0.0576999,0.99956,0.499915,-0.04834748,0.9976005
466,7.7833805,0.039123908,-0.012177891,0.08049695,-0.015606214,0.0721956,-0.0034394437,-0.000020103678,0.057889298,-0.0009762221,0.017254747,-0.05804432,0.03910396,-0.012177289,0.08032353,-0.031202296,0.14339603,-0.006878779,-0.00003350613,0.09618389,-0.0019524418,0.0344958,-0.057979222,0.9753629,-0.24488768,0.005777235,0.9835795
467,7.8000474,0.039293677,0.06445134,0.06666817,-0.0036237522,0.057630662,-0.00324575,-0.000018558756,0.05782892,-0.00040930597,-0.0014692601,-0.05703616,0.039273467,0.06436224,0.066569574,-0.0072473777,0.1147536,-0.0064914087,-0.00003093126,0.09608419,-0.00081861176,-0.0029385118,-0.056974392,0.19828625,0.39455986,0.04255004,0.67608774
468,7.8167143,0.03934505,0.13817894,0.057580143,-0.0046440717,0.04303748,-0.0031645382,-0.000029807312,0.057751536,0.0019928152,0.020644775,-0.05479243,0.039324757,0.13730617,0.057516593,-0.009287876,0.08586302,-0.006328992,-0.000049678853,0.09595641,0.0039856094,0.041266102,-0.054737665,-0.9316343,-0.29282132,-0.013164415,-0.099039435
469,7.833381,0.03903888,0.11876922,0.05103492,0.0096925795,0.020845473,-0.00355994,-0.00006902241,0.057913106,0.00059079926,-0.001981927,-0.05286554,0.039019063,0.1182139,0.05099066,0.019382732,0.041666806,-0.00711976,-0.00011503735,0.096223205,0.0011815979,-0.003963833,-0.052816346,-0.8035997,0.14324869,-0.0061607775,-0.7429547
470,7.850048,0.039017983,-0.03608415,0.062433086,0.00831624,0.028377138,-0.0036771619,-0.00010285531,0.058051754,0.000007970957,0.0063327337,-0.053526368,0.038998194,-0.036068495,0.062352095,0.016630948,0.05669342,-0.007354191,-0.0001714255,0.09645214,0.000015941914,0.01266479,-0.05347531,0.99486566,-0.5787364,-0.07905564,0.80925024
471,7.866715,0.038924925,-0.17557888,0.08613977,0.012713973,0.08391762,-0.003678745,-0.00008273753,0.058263782,-0.0043791877,-0.027507793,-0.05653137,0.038905278,-0.17379661,0.085927345,0.025422467,0.16627689,-0.007357357,-0.00013789588,0.09680222,-0.008758152,-0.054960147,-0.056471225,0.9999948,0.10891389,0.103202514,0.99958384
472,7.883382,0.039870657,-0.099514246,0.08671068,-0.006388662,0.08278045,-0.002809858,-0.00004917128,0.058157388,0.0025863647,-0.012848902,-0.05827117,0.039849542,-0.09918705,0.086494006,-0.012776628,0.1640646,-0.0056196568,-0.00008195213,0.09662656,0.0051726834,-0.025692148,-0.058205307,0.99976414,0.438634,-0.051761996,0.99750453
473,7.9000487,0.039169,-0.022846734,0.0801007,-0.015311509,0.06809078,-0.003323025,-0.00003862521,0.05790224,-0.0011079921,0.015409368,-0.058728594,0.03914898,-0.02284276,0.07992983,-0.03061345,0.1353459,-0.0066459524,-0.000064375345,0.09620526,-0.0022159806,0.030808983,-0.058661167,0.9870294,-0.20244482,0.010671687,0.9809354
474,7.9167156,0.0393786,0.05380592,0.066715434,-0.0046105604,0.053541616,-0.003103186,-0.00003864929,0.05782543,-0.0002298564,-0.00040041748,-0.057897616,0.03935826,0.053754058,0.066616625,-0.009220859,0.106675796,-0.006206292,-0.00006441548,0.096078426,-0.00045971278,-0.0008008348,-0.05783301,0.47996742,0.3614533,0.03504423,0.6491333
475,7.9333825,0.039395154,0.1289317,0.057422776,-0.004888628,0.039641827,-0.00305758,-0.000051386618,0.057743996,0.0017074954,0.019573167,-0.0558076,0.039374787,0.12822199,0.057359744,-0.009776944,0.07911795,-0.0061150836,-0.00008564436,0.09594396,0.0034149776,0.03912635,-0.055749737,-0.8859227,-0.26333803,-0.008199449,-0.17349221
476,7.9500494,0.039067596,0.14328654,0.05089166,0.00870385,0.029361509,-0.0033963686,-0.000079670266,0.057889093,0.0006688895,-0.0010898113,-0.05347262,0.039047733,0.14231393,0.05084777,0.017405942,0.058655612,-0.006792633,-0.00013278377,0.09618355,0.0013377782,-0.0021796192,-0.053421713,-0.9400013,0.18592563,0.019226566,-0.70567936
477,7.9667163,0.03902646,-0.0060878266,0.063721485,0.007947037,0.042702183,-0.0035290846,-0.00009719806,0.058021605,0.0014524963,0.009286112,-0.05363556,0.03900666,-0.006087751,0.06363538,0.015892737,0.08519733,-0.007058052,-0.00016199677,0.09640236,0.0029049844,0.01857009,-0.05358419,0.97111124,-0.6272835,-0.097366825,0.87778866
478,7.983383,0.038906157,-0.16193086,0.08679697,0.014395728,0.09407063,-0.0038172775,-0.00006955743,0.058261663,-0.004389779,-0.028160293,-0.05641411,0.03888654,-0.16053018,0.08657966,0.028783502,0.18595235,-0.0076344064,-0.00011592904,0.096798725,-0.008779333,-0.05626111,-0.056354336,0.9999886,0.07703823,0.102291636,0.9997374
479,8.00005,0.03983429,-0.08871184,0.086131014,-0.0051600323,0.08695078,-0.0029462893,-0.000034194545,0.058175735,0.0025269962,-0.015061173,-0.057973627,0.039813235,-0.08847986,0.08591866,-0.010319699,0.17216948,-0.0058925105,-0.000056990906,0.09665685,0.0050539495,-0.030113239,-0.057908766,0.9995608,0.50026447,-0.0485818,0.99759644
480,8.016716,0.039138354,-0.01204521,0.080056824,-0.015619179,0.07224972,-0.003447677,-0.000021682152,0.057915445,-0.0009769686,0.017263975,-0.05825129,0.039118383,-0.012044628,0.07988623,-0.031228201,0.14350204,-0.0068952446,-0.000036136917,0.096227065,-0.0019539346,0.034514237,-0.058185495,0.9753836,-0.2449596,0.005712775,0.9835687
481,8.033382,0.039308894,0.0645844,0.06623022,-0.0036303096,0.057685096,-0.0032538343,-0.000020196925,0.057854958,-0.000413479,-0.0014667418,-0.057240527,0.03928866,0.06449475,0.06613355,-0.0072604916,0.114861034,-0.006507577,-0.00003366154,0.09612718,-0.0008269578,-0.0029334752,-0.057178095,0.19840065,0.3945995,0.042410817,0.6758716
482,8.050049,0.039361764,0.13831478,0.057146132,-0.0046488806,0.043093596,-0.003171795,-0.00003149027,0.05777749,0.0019822116,0.020648757,-0.054994147,0.03934145,0.13743944,0.057084005,-0.009297493,0.08597442,-0.006343505,-0.000052483785,0.09599926,0.0039644022,0.041274052,-0.054938775,-0.93160135,-0.29282764,-0.013257531,-0.099164024
483,8.066715,0.039057434,0.11891893,0.05060848,0.009690536,0.020921055,-0.0035650933,-0.000070711045,0.05793902,0.00057833095,-0.0019795,-0.05306438,0.039037585,0.11836151,0.050565317,0.019378645,0.04181771,-0.007130066,-0.000117851734,0.096265994,0.0011566614,-0.0039589796,-0.05301463,-0.80375546,0.14317335,-0.0060638934,-0.7428514
484,8.083382,0.039037004,-0.035930287,0.062013283,0.008315883,0.028461998,-0.0036798406,-0.00010449362,0.05807766,0.0000046526548,0.006330288,-0.05372227,0.039017186,-0.035914835,0.061933912,0.016630232,0.056862593,-0.0073595485,-0.00017415603,0.09649491,0.0000093053095,0.0126599,-0.05367065,0.9948598,-0.5787891,-0.078804575,0.80936396
485,8.100048,0.038944766,-0.17544352,0.08572243,0.012711917,0.0839929,-0.003680764,-0.00008429934,0.058289655,-0.0043677725,-0.02751232,-0.05672465,0.03892509,-0.17366533,0.08551308,0.025418358,0.16642329,-0.007361395,-0.00014049889,0.096844934,-0.008735322,-0.054969173,-0.056663886,0.9999948,0.108703755,0.10334836,0.9995839
486,8.1167145,0.039888494,-0.09937934,0.0862965,-0.006393862,0.08284725,-0.0028141418,-0.00005069758,0.058183182,0.0026021176,-0.012863418,-0.058461837,0.039867353,-0.09905346,0.08608291,-0.012787027,0.16419461,-0.005628224,-0.000084495965,0.096669145,0.005204188,-0.025721163,-0.058395326,0.99976426,0.4390648,-0.05195147,0.9975031
487,8.133381,0.039183676,-0.022711525,0.0796943,-0.015326793,0.068157576,-0.003330436,-0.00004017946,0.05792779,-0.0011076475,0.015423203,-0.058916654,0.039163634,-0.02270762,0.07952601,-0.030643988,0.13547705,-0.0066607734,-0.00006696577,0.09624746,-0.0022152914,0.030836627,-0.05884858,0.98702574,-0.20267463,0.010590843,0.98094577
488,8.150047,0.039393723,0.053941384,0.06631,-0.004616235,0.05360852,-0.0031106658,-0.000040240848,0.05785089,-0.0002341654,-0.00040338002,-0.05808306,0.039373357,0.05388913,0.06621298,-0.009232207,0.10680809,-0.0062212516,-0.000067068075,0.09612047,-0.00046833078,-0.00080675987,-0.05801783,0.47962356,0.36164996,0.034947135,0.64917874
489,8.166714,0.039411742,0.12906702,0.057022072,-0.00489636,0.039707825,-0.0030642035,-0.000053015498,0.057769306,0.0016991128,0.019582013,-0.05599044,0.03939135,0.12835509,0.05696035,-0.009792407,0.079249114,-0.0061283302,-0.00008835916,0.09598575,0.0033982126,0.039144013,-0.055932004,-0.88598096,-0.26347876,-0.008314,-0.17310815
490,8.18338,0.039086144,0.14338082,0.05049348,0.008702261,0.029411439,-0.0034013311,-0.000081319726,0.057914376,0.0006567793,-0.0010913983,-0.053653527,0.03906625,0.14240628,0.050450608,0.017402766,0.058755126,-0.0068025575,-0.00013553287,0.0962253,0.0013135578,-0.002182793,-0.053602103,-0.93990993,0.1859117,0.019225761,-0.7056805
491,8.200047,0.039045706,-0.0060003307,0.06332008,0.007944346,0.04272372,-0.0035316444,-0.00009884756,0.05804685,0.0014440839,0.0092843035,-0.053814653,0.039025877,-0.0060002585,0.06323559,0.015887355,0.08524009,-0.0070631714,-0.00016474593,0.09644404,0.0028881598,0.018566472,-0.053762764,0.9711717,-0.62729,-0.09711696,0.87753254
492,8.216713,0.038926296,-0.16183227,0.08639961,0.014391779,0.094092935,-0.003818169,-0.000071165865,0.058286846,-0.0043819128,-0.028161827,-0.05659121,0.038906645,-0.16043414,0.08618526,0.028775612,0.18599543,-0.0076361895,-0.00011860977,0.0968403,-0.008763601,-0.05626417,-0.056530874,0.9999887,0.076829486,0.10246316,0.9997367
493,8.233379,0.03985338,-0.08860577,0.08574331,-0.0051650526,0.08699419,-0.0029487424,-0.0000357712,0.058200832,0.0025417437,-0.01507356,-0.05814862,0.039832294,-0.088374615,0.0855338,-0.010329737,0.17225373,-0.0058974163,-0.000059618666,0.096698284,0.0050834436,-0.030137992,-0.05808317,0.9995615,0.5005565,-0.04876774,0.997593
494,8.250046,0.03915456,-0.011938808,0.07967627,-0.0156328,0.0722932,-0.0034530573,-0.000023271825,0.05794032,-0.0009770882,0.01727166,-0.05842418,0.039134562,-0.01193824,0.079508096,-0.031255417,0.14358722,-0.0069060046,-0.000038786373,0.09626814,-0.001954174,0.03452959,-0.058357794,0.9754015,-0.24502231,0.0056511755,0.9835593
495,8.266712,0.0393257,0.06469113,0.06585201,-0.0036385914,0.05772886,-0.0032591894,-0.00002181271,0.0578797,-0.0004170193,-0.0014647488,-0.057411302,0.039305437,0.064601034,0.065756984,-0.0072770542,0.11494741,-0.0065182867,-0.000036354515,0.09616804,-0.0008340384,-0.0029294891,-0.057348307,0.1985154,0.39463332,0.042298544,0.67567605
496,8.283379,0.039379865,0.13842393,0.056771733,-0.0046557784,0.043138802,-0.0031764477,-0.00003311726,0.057802122,0.0019735603,0.020652093,-0.055162773,0.03935952,0.13754654,0.05671082,-0.009311288,0.08606416,-0.0063528097,-0.00005519543,0.096039936,0.0039471,0.041280713,-0.05510689,-0.9315708,-0.2928388,-0.013338163,-0.09929274
497,8.300045,0.039077077,0.119042,0.05024112,0.009685952,0.020984251,-0.003568026,-0.00007232131,0.057963572,0.0005679248,-0.0019777417,-0.05323063,0.0390572,0.11848286,0.05019889,0.019369481,0.041943878,-0.007135931,-0.00012053551,0.09630653,0.0011358492,-0.003955463,-0.053180408,-0.8039033,0.1431178,-0.0059758606,-0.7427597
498,8.316711,0.0390571,-0.03580337,0.061652448,0.008312521,0.028534755,-0.0036807088,-0.00010603865,0.05810215,0.0000022982713,0.0063285157,-0.053886082,0.03903725,-0.035788078,0.06157445,0.01662351,0.057007633,-0.0073612845,-0.00017673108,0.09653535,0.0000045965426,0.012656355,-0.053833988,0.99485415,-0.5788422,-0.07859657,0.8094823
499,8.333378,0.038965568,-0.17533417,0.085364,0.012707323,0.084057026,-0.0036811647,-0.00008575666,0.058314066,-0.0043580225,-0.027516369,-0.056886327,0.038945857,-0.17355928,0.08515725,0.025409175,0.16654798,-0.007362196,-0.00014292776,0.09688524,-0.008715824,-0.054977246,-0.05682504,0.9999948,0.10852612,0.10346983,0.9995841
500,8.350044,0.039907604,-0.09927044,0.0859408,-0.0064012706,0.08290257,-0.002816479,-0.000052100742,0.058207475,0.0026154243,-0.0128757935,-0.05862139,0.039886434,-0.09894563,0.085729845,-0.012801842,0.16430227,-0.0056328983,-0.00008683457,0.09670925,0.005230801,-0.025745897,-0.058554333,0.99976444,0.4394291,-0.052107897,0.99750185
501,8.366711,0.03920015,-0.022602297,0.079345606,-0.015342793,0.0682129,-0.0033354135,-0.000041588173,0.057951808,-0.0011071367,0.015434887,-0.059074085,0.03918008,-0.02259845,0.07917951,-0.030675959,0.13558567,-0.0066707283,-0.00006931362,0.09628711,-0.0022142697,0.030859973,-0.05900546,0.9870227,-0.20286486,0.010526745,0.9809543
502,8.383377,0.03941054,0.05405088,0.06596251,-0.0046241204,0.053663924,-0.003115742,-0.000041662624,0.057874784,-0.00023740414,-0.00040561892,-0.058238365,0.039390147,0.053998306,0.06586701,-0.009247977,0.10691763,-0.0062314034,-0.0000694377,0.09615992,-0.00047480824,-0.00081123767,-0.05817261,0.47933915,0.36180648,0.03485867,0.64921016
503,8.4000435,0.039429724,0.1291764,0.05667893,-0.0049058,0.039762486,-0.003068638,-0.00005443355,0.05779305,0.0016919742,0.019589193,-0.05614362,0.039409302,0.12846266,0.056618314,-0.009811285,0.07935775,-0.0061371992,-0.00009072258,0.09602496,0.0033839357,0.03915835,-0.056084704,-0.8860276,-0.2636039,-0.008401465,-0.17279732
504,8.41671,0.039105803,0.14345627,0.05015304,0.008697807,0.02945324,-0.0034043463,-0.0000827397,0.057938047,0.0006470381,-0.0010932311,-0.05380515,0.03908588,0.14248021,0.050111033,0.01739386,0.058838442,-0.0068085873,-0.0001378995,0.096264385,0.0012940755,-0.0021864588,-0.053753287,-0.93983287,0.18591757,0.019226298,-0.7056821
505,8.433376,0.039065946,-0.0059302943,0.062977545,0.007938619,0.042742547,-0.0035327266,-0.00010025077,0.05807042,0.0014373981,0.009283461,-0.053964805,0.039046086,-0.005930225,0.06289442,0.015875904,0.08527747,-0.0070653358,-0.00016708461,0.09648296,0.0028747884,0.018564789,-0.05391248,0.97122115,-0.6273111,-0.09691406,0.87732404
506,8.450043,0.038947307,-0.16175286,0.08606088,0.014385468,0.094112456,-0.003817924,-0.00007250375,0.058310322,-0.004375408,-0.028163452,-0.05673974,0.038927626,-0.16035677,0.08584904,0.028763,0.18603311,-0.0076356996,-0.000120839584,0.096879065,-0.008750592,-0.05626741,-0.05667893,0.9999887,0.07665537,0.10261245,0.9997362
507,8.466709,0.039873507,-0.08852018,0.08541304,-0.005172489,0.08703095,-0.0029497899,-0.000037053058,0.058224194,0.0025543622,-0.015084074,-0.05829544,0.03985239,-0.08828969,0.085205935,-0.01034461,0.17232506,-0.0058995113,-0.00006175509,0.096736856,0.00510868,-0.030158998,-0.058229495,0.9995621,0.5007985,-0.0489241,0.99759
508,8.483376,0.039172206,-0.011852919,0.079352394,-0.015647542,0.07232999,-0.0034566093,-0.000024553647,0.057963435,-0.0009770228,0.017277911,-0.05856929,0.039152183,-0.011852364,0.07918625,-0.031284872,0.14365928,-0.0069131083,-0.000040922743,0.09630631,-0.001954043,0.034542076,-0.05850241,0.9754165,-0.24506842,0.005605967,0.9835511
509,8.500042,0.039343804,0.0647773,0.06553052,-0.0036489891,0.057765894,-0.0032627543,-0.00002309639,0.057902638,-0.0004195061,-0.0014627986,-0.057554696,0.039323516,0.06468685,0.065436885,-0.007297849,0.11502049,-0.006525416,-0.00003849398,0.09620592,-0.00083901203,-0.0029255887,-0.057491228,0.19861268,0.39465487,0.042200014,0.675515
510,8.516708,0.039398957,0.1385121,0.05645375,-0.0046648225,0.043177065,-0.0031795185,-0.00003440095,0.057824906,0.0019664108,0.020654764,-0.05530442,0.039378583,0.13763304,0.056393854,-0.009329374,0.08614012,-0.0063589513,-0.000057334913,0.09607756,0.003932801,0.041286048,-0.055248104,-0.9315438,-0.29284358,-0.013397875,-0.09939608
511,8.533375,0.039097432,0.119142,0.04992937,0.009678766,0.021037426,-0.0035696796,-0.00007357148,0.05798625,0.00055971637,-0.0019760467,-0.05337033,0.039077524,0.11858145,0.04988792,0.019355115,0.04205004,-0.007139238,-0.00012261912,0.09634398,0.0011194323,-0.003952073,-0.053319715,-0.80402404,0.14306155,-0.005909374,-0.7426856
512,8.550041,0.039077796,-0.03569998,0.061346397,0.00830651,0.02859562,-0.0036807347,-0.00010721423,0.058124732,0.00000029057264,0.006326705,-0.05402379,0.039057918,-0.03568482,0.061269555,0.016611492,0.05712897,-0.007361336,-0.00017869039,0.09657264,0.0000005811453,0.012652735,-0.053971294,0.9948494,-0.578879,-0.078419514,0.80956805
513,8.566708,0.038986847,-0.17524512,0.08506037,0.012700057,0.08411087,-0.003680792,-0.000086838954,0.05833654,-0.0043497137,-0.027519505,-0.057022285,0.038967106,-0.17347291,0.08485582,0.025394652,0.1666527,-0.0073614507,-0.00014473159,0.09692235,-0.008699208,-0.0549835,-0.05696056,0.9999948,0.10836427,0.10357246,0.99958414
514,8.583374,0.03992743,-0.099181674,0.08563998,-0.0064107124,0.082949996,-0.0028177537,-0.000053134467,0.05822979,0.0026267283,-0.012886644,-0.058755614,0.039906226,-0.09885773,0.085431226,-0.012820723,0.16439456,-0.005635448,-0.00008855744,0.096746095,0.005253408,-0.025767583,-0.058688093,0.99976456,0.43974745,-0.052238256,0.9975008
515,8.60004,0.039217707,-0.02251327,0.079051085,-0.015359771,0.0682603,-0.0033389283,-0.000042610678,0.057973847,-0.001106553,0.015445118,-0.05920657,0.039197613,-0.022509467,0.07888683,-0.030709883,0.13567872,-0.0066777575,-0.00007101779,0.0963235,-0.0022131023,0.030880414,-0.059137486,0.9870199,-0.20303981,0.010473435,0.9809614
516,8.616707,0.039428316,0.054140173,0.06566921,-0.0046339952,0.053711414,-0.003119376,-0.000042677657,0.05789665,-0.00023997878,-0.00040798727,-0.058369108,0.039407898,0.054087337,0.065574974,-0.009267725,0.10701152,-0.006238671,-0.00007112943,0.09619603,-0.00047995753,-0.0008159744,-0.05830291,0.47909635,0.36195096,0.034793068,0.6492344
517,8.633373,0.03944842,0.1292656,0.0563897,-0.00491732,0.039809354,-0.0030717615,-0.000055443,0.057814736,0.0016865645,0.019595657,-0.056272622,0.03942797,0.1285504,0.056330007,-0.009834323,0.0794509,-0.0061434456,-0.000092405,0.09606077,0.0033731163,0.03917126,-0.0562133,-0.8860668,-0.2637138,-0.008480793,-0.17252982
518,8.65004,0.039125774,0.14351653,0.049866334,0.008690776,0.029489331,-0.0034063964,-0.00008373426,0.057959616,0.0006389464,-0.0010946803,-0.053932894,0.03910582,0.14253923,0.049825042,0.017379802,0.05891037,-0.0068126875,-0.00013955709,0.096300006,0.0012778922,-0.002189357,-0.05388066,-0.9397675,0.18591504,0.019227847,-0.70567966
519,8.666706,0.039086387,-0.00587457,0.06268925,0.007930581,0.04275887,-0.003533172,-0.00010122298,0.05809186,0.0014319124,0.0092824595,-0.054091364,0.039066494,-0.0058745025,0.06260726,0.015859833,0.08530988,-0.007066226,-0.00016870495,0.09651837,0.002863817,0.018562786,-0.05403867,0.97126335,-0.6273206,-0.09674345,0.8771431
520,8.6833725,0.03896834,-0.16168916,0.085775964,0.014376731,0.09412908,-0.0038172808,-0.00007341996,0.058331605,-0.004369839,-0.028164513,-0.05686499,0.038948625,-0.16029471,0.085566215,0.02874554,0.18606521,-0.007634413,-0.00012236659,0.0969142,-0.008739456,-0.056269526,-0.056803778,0.99998873,0.076500565,0.10273567,0.9997357
521,8.700039,0.03989376,-0.08845119,0.085135505,-0.0051819603,0.08706248,-0.0029502513,-0.000037915106,0.05824532,0.002564922,-0.015093111,-0.058419302,0.03987261,-0.088221245,0.08493041,-0.01036355,0.17238624,-0.005900434,-0.00006319184,0.09677174,0.005129799,-0.030177057,-0.058352936,0.99956256,0.50101423,-0.04904885,0.99758744
522,8.716705,0.039190352,-0.011783693,0.07908055,-0.015663289,0.07236156,-0.003459164,-0.000025404472,0.057984296,-0.0009766277,0.017283756,-0.058691766,0.0391703,-0.011783147,0.07891611,-0.031316333,0.14372112,-0.0069182175,-0.000042340784,0.09634075,-0.0019532528,0.03455375,-0.058624465,0.97542995,-0.24512587,0.0055593573,0.98354375
523,8.733372,0.039362207,0.064846806,0.06526078,-0.0036606772,0.05779768,-0.0032653888,-0.000023930419,0.057923313,-0.0004218273,-0.0014617294,-0.057675783,0.03934189,0.064756066,0.06516829,-0.0073212236,0.115083225,-0.006530685,-0.00003988403,0.09624006,-0.00084365444,-0.0029234504,-0.057611916,0.1987139,0.39468607,0.04213692,0.6753688
524,8.750038,0.0394182,0.13858345,0.056187343,-0.004675767,0.043209974,-0.0031816922,-0.00003522566,0.05784541,0.001961328,0.020657385,-0.055424083,0.039397795,0.13770303,0.05612829,-0.009351261,0.086205445,-0.0063632987,-0.000058709433,0.096111424,0.003922636,0.041291278,-0.055367403,-0.9315182,-0.2928575,-0.013464263,-0.09949706
525,8.766705,0.039117567,0.11922563,0.04966853,0.009669638,0.021084305,-0.0035708465,-0.00007436639,0.05800658,0.00055257196,-0.0019748546,-0.05348837,0.039097626,0.1186639,0.049627725,0.019336866,0.04214363,-0.0071415715,-0.00012394397,0.09637755,0.0011051435,-0.0039496887,-0.05343742,-0.8041434,0.14302704,-0.0058401455,-0.7426141
526,8.783371,0.03909818,-0.035613116,0.06109085,0.008298213,0.028650017,-0.0036804844,-0.000107943895,0.05814494,-0.0000008312054,0.006325775,-0.054140158,0.03907827,-0.035598066,0.061014965,0.016594902,0.057237405,-0.007360836,-0.00017990649,0.096606,-0.0000016624108,0.012650874,-0.054087322,0.9948446,-0.57892346,-0.078281544,0.80965847
527,8.800037,0.03900766,-0.17517243,0.084806874,0.012691114,0.084158495,-0.0036803188,-0.00008749209,0.05835658,-0.004342932,-0.027522426,-0.05713722,0.038987886,-0.17340241,0.084604144,0.025376778,0.16674529,-0.007360505,-0.00014582014,0.096955426,-0.008685645,-0.054989327,-0.057075124,0.9999948,0.10823647,0.10366188,0.9995842
528,8.816704,0.039947003,-0.0991094,0.08538873,-0.006421687,0.08299089,-0.0028186264,-0.00005372785,0.05824965,0.0026362664,-0.012895457,-0.05886913,0.03992577,-0.09878616,0.0851818,-0.012842668,0.16447413,-0.005637193,-0.00008954641,0.096778885,0.005272484,-0.025785198,-0.05880122,0.9997646,0.4400094,-0.052344836,0.99749976
529,8.83337,0.039235294,-0.022440763,0.078805245,-0.015376864,0.068301186,-0.0033416967,-0.00004318352,0.057993434,-0.0011058701,0.015453668,-0.05931867,0.039215174,-0.022436997,0.07864252,-0.030744037,0.135759,-0.0066832937,-0.000071972536,0.09635584,-0.0022117367,0.030897498,-0.059249192,0.9870179,-0.20318757,0.010426531,0.9809668
530,8.850037,0.03944602,0.054212876,0.065424584,-0.0046451506,0.053752378,-0.0031222778,-0.00004324303,0.057916053,-0.0002421228,-0.0004100036,-0.058479782,0.03942557,0.054159828,0.0653314,-0.009290034,0.10709251,-0.0062444746,-0.000072071714,0.09622807,-0.00048424557,-0.000820007,-0.058413208,0.47890908,0.36207572,0.034742255,0.64924884
531,8.866703,0.039466836,0.12933823,0.056148686,-0.0049298755,0.039849825,-0.003074238,-0.000055997192,0.05783393,0.0016822704,0.0196013,-0.056381878,0.039446358,0.12862182,0.056089755,-0.009859432,0.07953133,-0.006148399,-0.00009332865,0.09609246,0.003364528,0.03918253,-0.05632221,-0.88609457,-0.2638166,-0.008546532,-0.17231387
532,8.883369,0.039145164,0.14356683,0.049627658,0.008682137,0.029521795,-0.0034080225,-0.00008427729,0.05797866,0.0006323721,-0.0010962784,-0.054041103,0.03912518,0.14258853,0.049586955,0.01736253,0.058975074,-0.006815939,-0.00014046214,0.09633145,0.0012647435,-0.0021925534,-0.053988557,-0.9397149,0.18593481,0.019232405,-0.70567214
533,8.900036,0.0391061,-0.0058274595,0.062449567,0.007920834,0.042775422,-0.0035334933,-0.00010174177,0.058110736,0.0014276364,0.009282606,-0.054198578,0.039086178,-0.0058273934,0.06236851,0.015840344,0.08534274,-0.0070668687,-0.00016956961,0.096549526,0.002855265,0.018563079,-0.05414557,0.9712959,-0.6273471,-0.0966048,0.87700087
534,8.916702,0.03898852,-0.16163568,0.08553917,0.014367088,0.09414549,-0.0038167546,-0.000073882766,0.058350332,-0.0043651876,-0.028165707,-0.05697111,0.038968775,-0.1602426,0.08533115,0.02872627,0.1860969,-0.007633361,-0.00012313794,0.09694512,-0.008730154,-0.056271907,-0.056909554,0.99998873,0.07637604,0.102835305,0.99973536
535,8.933369,0.039913215,-0.08839366,0.08490491,-0.005192435,0.08709057,-0.0029506455,-0.00003832936,0.058263864,0.0025735623,-0.0151005685,-0.058524266,0.039892033,-0.08816416,0.08470147,-0.010384496,0.17244075,-0.0059012226,-0.00006388226,0.096802354,0.005147079,-0.030191958,-0.05845754,0.9995629,0.5011887,-0.049147762,0.99758524
536,8.950035,0.03920804,-0.011725934,0.07885483,-0.015678942,0.07238967,-0.0034612748,-0.00002579818,0.058002602,-0.0009761322,0.017288432,-0.058795575,0.03918796,-0.011725397,0.078691795,-0.03134761,0.14377618,-0.006922439,-0.000042996962,0.09637098,-0.001952262,0.03456309,-0.058727916,0.97544014,-0.24516694,0.0055232975,0.983537
537,8.9667015,0.03938002,0.06490478,0.06503703,-0.0036730866,0.057825968,-0.003267595,-0.000024327855,0.0579414,-0.00042349548,-0.0014605522,-0.05777843,0.039359678,0.06481379,0.06494548,-0.007346041,0.11513905,-0.006535097,-0.000040546423,0.09626992,-0.0008469908,-0.002921096,-0.05771422,0.198783,0.3947072,0.04207596,0.6752404
538,8.983368,0.0394366,0.13864282,0.055966444,-0.0046873596,0.043239176,-0.0031835688,-0.000035613775,0.05786331,0.0019568168,0.020659544,-0.05552555,0.039416168,0.13776127,0.055908084,-0.009374444,0.08626342,-0.0063670515,-0.00005935629,0.09614098,0.0039136135,0.041295588,-0.055468556,-0.93149805,-0.29287088,-0.01350872,-0.09959301
539,9.000034,0.039136697,0.11929341,0.04945258,0.0096595455,0.021125106,-0.003571825,-0.00007471724,0.058024324,0.0005470229,-0.0019739326,-0.053588517,0.03911673,0.118730724,0.049412306,0.019316688,0.04222509,-0.0071435287,-0.00012452873,0.09640685,0.0010940454,-0.0039478447,-0.05353728,-0.8042284,0.1429983,-0.0057878443,-0.7425532
540,9.016701,0.039117455,-0.035542786,0.060879655,0.008288759,0.028697925,-0.0036803612,-0.00010824252,0.058162507,-0.0000017838902,0.0063249944,-0.05423895,0.039097514,-0.035527825,0.060804553,0.016576,0.057332907,-0.0073605897,-0.0001804042,0.09663501,-0.0000035677804,0.0126493145,-0.054185823,0.9948411,-0.578961,-0.078163594,0.8097479
541,9.033367,0.03902723,-0.1751122,0.08459746,0.012681115,0.08420085,-0.003680008,-0.00008771421,0.058373988,-0.0043371315,-0.027524848,-0.05723483,0.039007425,-0.17334399,0.08439622,0.025356794,0.16682765,-0.0073598833,-0.00014619034,0.09698417,-0.008674045,-0.054994155,-0.057172418,0.9999948,0.108136326,0.10373398,0.9995843
542,9.050034,0.039965466,-0.099049404,0.08518104,-0.006433369,0.08302662,-0.0028194664,-0.00005391076,0.058266863,0.002644183,-0.012902405,-0.058965564,0.0399442,-0.09872675,0.08497562,-0.012866029,0.16454364,-0.005638873,-0.000089851266,0.09680731,0.005288317,-0.025799084,-0.05889732,0.9997647,0.44021854,-0.052431263,0.99749887
543,9.0667,0.039252073,-0.022380566,0.078602076,-0.015393374,0.068336904,-0.0033441065,-0.000043351483,0.058010366,-0.0011051942,0.015460605,-0.05941393,0.039231926,-0.02237683,0.0784406,-0.030777024,0.1358291,-0.0066881133,-0.00007225247,0.0963838,-0.002210385,0.030911358,-0.059344117,0.9870163,-0.20329651,0.010388239,0.9809706
544,9.083366,0.039462805,0.054273244,0.06522259,-0.004656842,0.053788166,-0.0031248208,-0.00004340726,0.057932787,-0.00024379446,-0.00041099824,-0.05857386,0.03944233,0.054220017,0.06513026,-0.009313415,0.107163265,-0.00624956,-0.00007234543,0.0962557,-0.0004875889,-0.0008219963,-0.058506966,0.47875553,0.36215964,0.03469957,0.64925885
545,9.100033,0.03948412,0.1293986,0.055949647,-0.004942257,0.03988527,-0.003076449,-0.0000561521,0.057850454,0.0016787499,0.019605415,-0.05647478,0.039463617,0.12868118,0.05589134,-0.009884192,0.07960177,-0.0061528203,-0.00009358683,0.096119754,0.0033574873,0.039190747,-0.056414817,-0.8861167,-0.26388204,-0.008601185,-0.1721443
546,9.116699,0.039163202,0.14360893,0.0494308,0.008672616,0.0295508,-0.003409534,-0.000084417305,0.05799503,0.0006269376,-0.0010968708,-0.05413313,0.039143194,0.14262976,0.049390577,0.017343493,0.059032883,-0.0068189623,-0.0001406955,0.09635848,0.0012538745,-0.002193738,-0.054080315,-0.9396717,0.18592227,0.019239286,-0.7056613
547,9.133366,0.039124366,-0.0057879025,0.06225214,0.007910902,0.042791933,-0.003533927,-0.00010186315,0.058126934,0.0014242693,0.009281676,-0.054289773,0.039104417,-0.005787838,0.06217185,0.015820483,0.08537552,-0.0070677362,-0.00016977191,0.096576266,0.002848531,0.01856122,-0.054236498,0.9713222,-0.6273471,-0.09649069,0.87688345
548,9.150032,0.039007086,-0.16159083,0.08534412,0.014356507,0.094161525,-0.0038165194,-0.00007396119,0.058366347,-0.004361259,-0.028166167,-0.05706139,0.038987316,-0.1601989,0.085137516,0.028705126,0.18612786,-0.0076328907,-0.00012326865,0.09697156,-0.008722296,-0.056272823,-0.056999538,0.99998873,0.07627409,0.10291637,0.999735
549,9.166698,0.039931126,-0.088345475,0.08471498,-0.005203326,0.08711624,-0.0029511885,-0.000038370443,0.058279704,0.002580687,-0.0151062785,-0.05861358,0.039909918,-0.08811635,0.084512904,-0.010406277,0.17249058,-0.0059023085,-0.000063950734,0.09682851,0.0051613282,-0.030203369,-0.058546547,0.9995632,0.50132185,-0.049228866,0.99758345
550,9.183365,0.03922443,-0.011677571,0.07866889,-0.015693797,0.07241536,-0.0034632282,-0.000025828054,0.058018178,-0.0009757017,0.017292034,-0.058883924,0.039204326,-0.01167704,0.078507006,-0.03137729,0.14382648,-0.0069263456,-0.000043046755,0.0963967,-0.001951401,0.034570288,-0.058815964,0.9754485,-0.24518389,0.005496238,0.98353153
551,9.200031,0.039396465,0.06495333,0.06485284,-0.00368544,0.057851788,-0.003269637,-0.000024346535,0.057956774,-0.00042471336,-0.0014587957,-0.057865813,0.039376095,0.06486214,0.06476207,-0.007370746,0.11519001,-0.006539181,-0.000040577557,0.096295305,-0.0008494265,-0.002917583,-0.057801314,0.19884121,0.39470533,0.042026546,0.6751452
552,9.216698,0.03945344,0.13869254,0.055784516,-0.0046984926,0.043265756,-0.0031853686,-0.000035626865,0.057878494,0.0019532468,0.020660833,-0.055611946,0.03943298,0.13781005,0.055726722,-0.009396709,0.08631618,-0.006370651,-0.000059378104,0.09616605,0.0039064735,0.041298162,-0.055554688,-0.9314811,-0.29286578,-0.013547486,-0.09965757
553,9.233364,0.039154064,0.11935022,0.04927468,0.009649313,0.021160532,-0.0035729166,-0.00007470797,0.058039337,0.00054243044,-0.001972599,-0.05367381,0.039134067,0.11878674,0.049234837,0.01929623,0.042295814,-0.0071457117,-0.00012451327,0.096431635,0.0010848604,-0.0039451774,-0.053622328,-0.8042977,0.1429618,-0.005740699,-0.74250424
554,9.2500305,0.0391349,-0.03548387,0.060705453,0.008279451,0.028738152,-0.0036805416,-0.00010819038,0.05817737,-0.0000023659086,0.0063240714,-0.054323107,0.039114933,-0.035468984,0.060630992,0.01655739,0.057413097,-0.00736095,-0.00018031729,0.09665955,-0.000004731817,0.012647469,-0.054269735,0.99483824,-0.5789837,-0.078066975,0.80980074
555,9.266697,0.039044872,-0.1750615,0.08442484,0.01267117,0.08423659,-0.0036800718,-0.000087607936,0.058388684,-0.0043322486,-0.027526561,-0.057317995,0.039025042,-0.17329481,0.08422483,0.025336916,0.16689713,-0.007360011,-0.00014601322,0.09700844,-0.00866428,-0.05499757,-0.057255305,0.9999948,0.10804524,0.10378467,0.9995844
556,9.283363,0.0399821,-0.09899887,0.085010216,-0.006444499,0.08305841,-0.0028204992,-0.000053769003,0.058281384,0.002650295,-0.012908378,-0.05904774,0.03996081,-0.09867671,0.084806025,-0.012888284,0.16460551,-0.005640939,-0.000089615,0.09683128,0.00530054,-0.025811022,-0.05897921,0.9997648,0.44039682,-0.05249341,0.99749815
557,9.30003,0.03926737,-0.022329872,0.07843511,-0.015408652,0.06836869,-0.003346351,-0.000043204123,0.05802462,-0.0011044282,0.015466503,-0.059495118,0.0392472,-0.022326162,0.07827466,-0.030807551,0.1358915,-0.006692602,-0.00007200687,0.09640734,-0.002208853,0.030923143,-0.05942502,0.9870151,-0.20339023,0.010354894,0.980974
558,9.316696,0.039477997,0.054324087,0.06505659,-0.0046680244,0.053820014,-0.0031272187,-0.00004325244,0.05794686,-0.00024513138,-0.00041188207,-0.05865406,0.0394575,0.05427071,0.064964965,-0.009335778,0.10722622,-0.006254356,-0.000072087394,0.09627894,-0.0004902627,-0.00082376396,-0.058586888,0.4786346,0.36223227,0.034664296,0.64927316
559,9.333363,0.039499685,0.12944941,0.055786155,-0.0049540536,0.039916825,-0.0030785822,-0.000055989825,0.057864323,0.0016758661,0.019608974,-0.056553986,0.039479155,0.12873116,0.055728357,-0.009907783,0.079664476,-0.0061570867,-0.00009331637,0.09614265,0.0033517196,0.039197855,-0.05649377,-0.8861339,-0.26393563,-0.008641773,-0.17199247
560,9.350029,0.039179325,0.14364536,0.049268994,0.008663292,0.029576834,-0.003411096,-0.00008425132,0.058008753,0.0006227093,-0.0010971967,-0.054211587,0.03915929,0.14266546,0.049229167,0.01732485,0.05908477,-0.0068220864,-0.00014041885,0.09638114,0.0012454179,-0.00219439,-0.054158542,-0.9396375,0.18591362,0.019241372,-0.7056508
561,9.366695,0.039140616,-0.005753462,0.06208966,0.007901348,0.042806793,-0.0035346495,-0.000101685975,0.0581405,0.0014214644,0.009281139,-0.054367512,0.03912064,-0.005753399,0.062009994,0.015801381,0.08540502,-0.007069181,-0.00016947663,0.09659867,0.002842921,0.018560147,-0.05431401,0.9713428,-0.62734866,-0.09639825,0.8767793
562,9.383362,0.039023556,-0.16155222,0.085183635,0.014346587,0.09417591,-0.0038166866,-0.00007374482,0.05837976,-0.004358134,-0.028166454,-0.057138346,0.03900376,-0.16016129,0.08497819,0.028685302,0.18615563,-0.007633225,-0.00012290802,0.0969937,-0.008716048,-0.056273397,-0.057076246,0.99998873,0.07617954,0.10299046,0.9997347
563,9.400028,0.03994702,-0.088304274,0.08455882,-0.005213453,0.08713903,-0.0029519785,-0.00003812978,0.058292933,0.0025868742,-0.015111478,-0.058689717,0.039925788,-0.08807547,0.08435786,-0.010426528,0.17253481,-0.0059038885,-0.00006354963,0.09685035,0.0051737023,-0.030213756,-0.058622424,0.9995635,0.50145084,-0.049299028,0.99758184
564,9.416695,0.039238952,-0.011636204,0.07851619,-0.015707538,0.072438166,-0.0034652483,-0.000025583655,0.058031183,-0.00097531895,0.017295742,-0.058959242,0.039218824,-0.011635679,0.078355245,-0.031404745,0.14387116,-0.0069303857,-0.00004263942,0.09641817,-0.0019506355,0.034577694,-0.05889102,0.9754551,-0.24522378,0.005469506,0.98352677
565,9.433361,0.03941096,0.06499481,0.06470145,-0.0036966028,0.057874717,-0.0032717315,-0.000024102137,0.057969604,-0.00042594702,-0.0014582425,-0.057940308,0.039390568,0.064903446,0.064611316,-0.007393071,0.115235254,-0.0065433695,-0.000040170227,0.096316494,-0.0008518938,-0.0029164767,-0.05787556,0.19888747,0.3947292,0.04199192,0.6750532
566,9.450027,0.039468274,0.13873494,0.055635236,-0.004709272,0.04328932,-0.0031872187,-0.000035382476,0.057891134,0.0019504741,0.020662699,-0.055685606,0.039447792,0.13785164,0.055577904,-0.009418266,0.08636296,-0.006374351,-0.000058970792,0.09618692,0.0039009284,0.041301887,-0.055628117,-0.93146735,-0.2928754,-0.0135852685,-0.0997144
567,9.466694,0.039169267,0.11939824,0.049128875,0.009639826,0.021192294,-0.0035742184,-0.00007445428,0.05805182,0.00053843623,-0.0019716807,-0.053746544,0.039149247,0.11883408,0.049089387,0.019277263,0.042359225,-0.007148315,-0.00012409045,0.09645225,0.001076872,-0.003943341,-0.05369485,-0.8043546,0.14293605,-0.0057015396,-0.7424513
568,9.48336,0.03915011,-0.035434093,0.0605628,0.008270602,0.02877414,-0.0036810506,-0.000107899396,0.058189712,-0.0000029788353,0.006323442,-0.054394886,0.03913012,-0.03541927,0.060488865,0.016539695,0.057484835,-0.007361968,-0.00017983232,0.096679926,-0.0000059576705,0.012646209,-0.0543413,0.99483585,-0.5790047,-0.077988245,0.80985814
569,9.500027,0.039060205,-0.17501844,0.08428325,0.012661883,0.084267974,-0.0036804597,-0.00008727402,0.05840088,-0.0043283715,-0.027527984,-0.057388935,0.039040353,-0.17325304,0.08408424,0.025318353,0.16695815,-0.0073607867,-0.0001454567,0.09702857,-0.008656527,-0.05500041,-0.057326015,0.9999948,0.10796739,0.10384148,0.9995844
570,9.516693,0.039996605,-0.098956026,0.08486987,-0.006454774,0.08308553,-0.0028216555,-0.000053414537,0.058293395,0.0026560482,-0.012913443,-0.059117846,0.03997529,-0.09863429,0.084666684,-0.012908831,0.16465828,-0.005643251,-0.00008902422,0.09685111,0.0053120465,-0.025821146,-0.05904907,0.99976486,0.44055516,-0.05255814,0.9974974
571,9.53336,0.039280567,-0.0222869,0.07829796,-0.015422445,0.068395816,-0.0033486476,-0.000042847787,0.0580364,-0.001104051,0.015471907,-0.05956439,0.039260376,-0.02228321,0.078138344,-0.03083511,0.13594475,-0.006697195,-0.00007141298,0.096426785,-0.0022080985,0.030933943,-0.059494045,0.9870143,-0.20347972,0.010328671,0.9809758
572,9.550026,0.039491132,0.0543672,0.06492013,-0.004678064,0.053847197,-0.0031295884,-0.000042899836,0.057958473,-0.00024634565,-0.0004128944,-0.058722496,0.039470617,0.054313697,0.064829074,-0.009355855,0.10727997,-0.006259095,-0.00007149972,0.09629811,-0.00049269124,-0.00082578865,-0.05865509,0.4785323,0.362304,0.034641765,0.6492638
573,9.566692,0.03951311,0.12949254,0.055651836,-0.004964796,0.039943837,-0.0030807108,-0.00005564096,0.05787576,0.0016737639,0.019612381,-0.05662159,0.03949256,0.12877357,0.05559445,-0.009929266,0.07971816,-0.006161344,-0.00009273493,0.09616154,0.0033475151,0.039204657,-0.056561157,-0.88614625,-0.26399457,-0.0086854,-0.17189026
574,9.583359,0.039193124,0.14367631,0.04913639,0.008654914,0.029600719,-0.0034128055,-0.00008389873,0.05802004,0.00061884976,-0.0010979399,-0.054278556,0.039173067,0.14269577,0.049096882,0.0173081,0.05913237,-0.006825505,-0.00013983122,0.09639978,0.001237699,-0.0021958763,-0.054225314,-0.93960845,0.18592152,0.019249117,-0.7056291
575,9.600025,0.039154492,-0.0057238825,0.061956964,0.007892456,0.04282315,-0.0035355927,-0.000101327816,0.05815165,0.0014192187,0.009281208,-0.054433875,0.039134495,-0.00572382,0.06187781,0.0157836,0.0854375,-0.0070710676,-0.00016887969,0.09661709,0.0028384298,0.018560285,-0.054380175,0.97135997,-0.62736636,-0.0963216,0.8767163
576,9.616692,0.039037574,-0.16151911,0.0850523,0.014337737,0.09419091,-0.0038171853,-0.00007336424,0.05839075,-0.004355494,-0.02816723,-0.057204045,0.039017756,-0.16012903,0.0848478,0.028667618,0.18618459,-0.007634222,-0.00012227372,0.09701185,-0.008710767,-0.05627494,-0.057141732,0.9999888,0.076117426,0.103050455,0.9997345
577,9.633358,0.03996052,-0.08826902,0.084430784,-0.005222837,0.087159336,-0.002952999,-0.00003772679,0.058303792,0.0025919527,-0.015115251,-0.05875472,0.039939262,-0.088040486,0.08423073,-0.010445294,0.17257419,-0.0059059295,-0.00006287798,0.09686828,0.005183859,-0.030221296,-0.058687203,0.9995637,0.5015446,-0.049358223,0.9975805
578,9.650024,0.039251305,-0.011600851,0.07839086,-0.01571954,0.07245849,-0.0034672758,-0.000025184394,0.058041833,-0.00097509846,0.017298479,-0.059023548,0.03923116,-0.0116003305,0.07823068,-0.03142873,0.14391097,-0.00693444,-0.000041973988,0.09643576,-0.0019501945,0.03458316,-0.058955103,0.9754608,-0.24524176,0.0054528173,0.9835227
579,9.666691,0.039423287,0.06503033,0.064577244,-0.0037067053,0.057895146,-0.003273804,-0.000023708471,0.057980087,-0.00042674266,-0.0014571752,-0.058003914,0.039402876,0.06493881,0.06448763,-0.0074132746,0.11527557,-0.0065475143,-0.000039514118,0.0963338,-0.0008534851,-0.0029143423,-0.057938952,0.1989292,0.39473557,0.04195711,0.6749816
580,9.683357,0.03948078,0.13877124,0.055512615,-0.004718632,0.04331029,-0.003189133,-0.00003498882,0.057901464,0.0019479915,0.020663938,-0.0557485,0.03946028,0.13788725,0.055455662,-0.009436984,0.086404584,-0.0063781794,-0.0000583147,0.09620398,0.0038959633,0.04130436,-0.055690818,-0.93145555,-0.29287905,-0.013609434,-0.09976604
581,9.700024,0.039182067,0.11943963,0.04900907,0.009631327,0.021219846,-0.0035756403,-0.00007405317,0.058062006,0.0005353843,-0.001970889,-0.05380864,0.03916203,0.118874885,0.04896987,0.019260272,0.04241423,-0.0071511585,-0.00012342194,0.09646907,0.0010707681,-0.0039417576,-0.05375677,-0.80440474,0.1429194,-0.005670189,-0.7424123
582,9.71669,0.03916291,-0.035391226,0.060445663,0.008262657,0.028805528,-0.003681867,-0.00010747778,0.058199756,-0.000003376219,0.006323207,-0.054456163,0.039142903,-0.03537646,0.060372155,0.016523808,0.0575474,-0.0073636007,-0.00017912964,0.0966965,-0.000006752438,0.01264574,-0.054402396,0.99483377,-0.5790266,-0.07792349,0.80990815
583,9.733356,0.039073054,-0.17498153,0.08416704,0.012653771,0.08429587,-0.003681196,-0.00008682067,0.058410797,-0.004325115,-0.02752921,-0.057449497,0.039053183,-0.17321725,0.083968855,0.02530214,0.1670124,-0.0073622586,-0.00014470112,0.097044945,-0.008650014,-0.055002853,-0.057386376,0.9999948,0.10790178,0.103884496,0.99958444
584,9.750023,0.04000874,-0.098919265,0.08475463,-0.0064637363,0.08310971,-0.002823038,-0.000052951844,0.05830315,0.0026606163,-0.012917724,-0.059177697,0.039987404,-0.098597884,0.08455227,-0.012926753,0.16470532,-0.005646016,-0.00008825307,0.096867226,0.0053211823,-0.025829703,-0.05910871,0.99976486,0.44069073,-0.052608095,0.9974968
585,9.766689,0.039291613,-0.022250019,0.07818538,-0.015434378,0.068419985,-0.0033509387,-0.000042385094,0.05804597,-0.0011036801,0.015476578,-0.059623532,0.039271407,-0.022246348,0.07802645,-0.030858954,0.1359922,-0.006701777,-0.00007064182,0.09644259,-0.0022073567,0.030943274,-0.05955298,0.9870135,-0.20356244,0.010308556,0.9809779
586,9.783356,0.039502077,0.054404166,0.064808026,-0.0046867514,0.053871416,-0.0031319535,-0.000042444608,0.057967898,-0.0002472301,-0.00041406136,-0.058780923,0.039481543,0.054350555,0.06471744,-0.009373228,0.10732785,-0.006263825,-0.00007074101,0.09631368,-0.00049446017,-0.00082812255,-0.058713317,0.4784609,0.36237815,0.03461524,0.6492636
587,9.800022,0.039524242,0.12952952,0.055541564,-0.0049742945,0.03996787,-0.0030829003,-0.000055195072,0.057885025,0.0016716686,0.019615795,-0.056679305,0.039503675,0.12880994,0.055484522,-0.009948261,0.079765916,-0.0061657224,-0.00009199178,0.09617683,0.0033433246,0.039211474,-0.056618687,-0.8861569,-0.2640553,-0.008718508,-0.17178026
588,9.816689,0.03920459,0.14370479,0.049027223,0.008647787,0.029622102,-0.0034145801,-0.00008345473,0.0580292,0.00061556895,-0.0010987967,-0.054335702,0.03918452,0.14272366,0.04898798,0.01729385,0.05917499,-0.006829054,-0.00013909121,0.0964149,0.0012311373,-0.00219759,-0.054282293,-0.93958884,0.18593656,0.019262644,-0.70561266
589,9.833355,0.039165992,-0.0056966273,0.061847195,0.007884734,0.042836472,-0.0035367175,-0.00010088194,0.058160674,0.0014176841,0.009281571,-0.05449047,0.039145976,-0.005696566,0.061768457,0.015768161,0.08546395,-0.007073317,-0.00016813655,0.09663198,0.0028353606,0.01856101,-0.0544366,0.97137237,-0.6273793,-0.09626491,0.87664765
590,9.850021,0.03904917,-0.16148944,0.08494366,0.014330268,0.09420318,-0.0038180044,-0.00007291089,0.058399644,-0.0043534627,-0.028167564,-0.05726005,0.039029334,-0.16010012,0.084739946,0.02865269,0.18620828,-0.0076358602,-0.00012151814,0.097026534,-0.008706706,-0.05627561,-0.057197552,0.9999888,0.076055795,0.103103,0.9997343
591,9.866688,0.0399717,-0.08823773,0.084325045,-0.0052305395,0.08717711,-0.0029542209,-0.000037264086,0.05831254,0.0025962028,-0.015118723,-0.05881011,0.039950427,-0.08800944,0.08412574,-0.010460697,0.17260869,-0.005908373,-0.00006210681,0.09688272,0.005192359,-0.030228233,-0.058742404,0.9995639,0.5016305,-0.049410515,0.99757934
592,9.883354,0.039261486,-0.01156944,0.078287415,-0.015729655,0.0724763,-0.0034693405,-0.000024725421,0.05805042,-0.00097507075,0.017300956,-0.05907833,0.039241325,-0.011568924,0.07812787,-0.031448934,0.14394584,-0.0069385697,-0.000041209034,0.09644994,-0.0019501391,0.03458811,-0.05900969,0.97546476,-0.24526253,0.005437261,0.98351896
593,9.900021,0.039433464,0.06506184,0.06447467,-0.0037150974,0.057913058,-0.0032758722,-0.000023258828,0.05798852,-0.00042760884,-0.0014564693,-0.05805808,0.03941304,0.06497019,0.06438548,-0.007430058,0.115310915,-0.006551651,-0.000038764712,0.096347734,-0.00085521745,-0.0029129304,-0.057992935,0.19894895,0.39474866,0.04193295,0.6749178
594,9.916687,0.039491132,0.13880327,0.055411365,-0.0047265342,0.043328628,-0.0031910292,-0.000034548513,0.05790977,0.0019460435,0.020665271,-0.055802044,0.039470617,0.13791868,0.05535472,-0.009452787,0.08644099,-0.0063819718,-0.00005758085,0.0962177,0.0038920674,0.041307025,-0.055744197,-0.9314473,-0.29288617,-0.013635714,-0.099811
595,9.933353,0.039192647,0.1194741,0.048910197,0.009624353,0.021243468,-0.0035771485,-0.00007360915,0.0580702,0.00053258264,-0.0019702464,-0.053861525,0.03917259,0.11890887,0.048871234,0.019246329,0.042461388,-0.007154175,-0.00012268191,0.096482605,0.0010651649,-0.0039404724,-0.0538095,-0.8044347,0.14289728,-0.0056396723,-0.74237686
596,9.95002,0.039173447,-0.03535569,0.060348988,0.008256124,0.028832465,-0.0036828201,-0.00010702258,0.058207843,-0.0000036493875,0.006322548,-0.054508373,0.03915342,-0.035340965,0.06027583,0.016510747,0.057601098,-0.007365507,-0.00017837096,0.09670986,-0.000007298775,0.012644421,-0.054454453,0.9948325,-0.57903755,-0.07787453,0.80995095
597,9.966686,0.03908363,-0.17494953,0.08407104,0.012646783,0.08431983,-0.003682095,-0.00008634866,0.05841876,-0.0043226406,-0.027530141,-0.05750109,0.03906374,-0.1731862,0.083873525,0.025288174,0.16705897,-0.007364057,-0.00014391443,0.09705809,-0.008645066,-0.05500471,-0.0574378,0.9999948,0.107861504,0.10392354,0.99958444
598,9.983353,0.040018763,-0.098887324,0.08465934,-0.006471367,0.08313054,-0.002824427,-0.000052466756,0.05831099,0.0026644296,-0.012920439,-0.059228674,0.039997414,-0.09856625,0.08445766,-0.0129420115,0.16474585,-0.005648794,-0.00008744459,0.09688016,0.005328809,-0.025835129,-0.059159514,0.9997649,0.44077834,-0.052651785,0.9974963
599,10.000019,0.039300717,-0.022217996,0.078092046,-0.015443896,0.06844082,-0.0033530854,-0.00004190374,0.05805365,-0.0011034838,0.015479663,-0.059673894,0.039280497,-0.022214342,0.077933684,-0.030877972,0.1360331,-0.00670607,-0.00006983956,0.09645527,-0.0022069642,0.03094944,-0.059603162,0.9870129,-0.20360471,0.010292793,0.98097914
