index,episode_time,steps,noise,episode_reward,avg_critic_loss,avg_actor_loss
0,2.4499984,147,0,23.111202,0,0
1,1.9999988,120,0,0.407458,0.21411557,0.036142293
2,2.1499987,129,0,0.88666534,0.15214762,-0.010454487
3,1.6166658,97,0,1.7950491,0.11557382,-0.04246408
4,1.4499993,87,0,4.169028,0.08941846,-0.06836447
5,1.8333323,110,0,43.948593,0.16388598,-0.18932572
6,1.2333329,74,0,2.9649901,0.12854831,-0.27747935
7,1.1166663,67,0,4.0637565,0.10805073,-0.26449054
8,0.84999985,51,0,0.862408,0.092608005,-0.2796387
9,0.9999997,60,0,2.281122,0.080131754,-0.31659994
10,1.2833328,77,0,1.6193554,0.073108874,-0.41411182
11,0.9333331,56,0,1.3627976,0.06497664,-0.5621665
12,0.78333324,47,0,8.869063,0.062590346,-0.6780387
13,0.74999994,45,0,0.8688818,0.052899454,-0.7097584
14,0.7,42,0,3.9894164,0.04619329,-0.7400686
15,0.6333334,38,0,2.6502972,0.0483733,-0.77990913
16,0.7,42,0,1.6495874,0.046314742,-0.82906514
17,0.6000001,36,0,3.904617,0.04655519,-0.8483262
18,0.65000004,39,0,1.1754469,0.041780867,-0.85144687
19,0.7,42,0,2.4701915,0.042473756,-0.865101
20,0.58333343,35,0,2.8051124,0.035972636,-0.8575895
21,0.6333334,38,0,8.777413,0.044834968,-0.88816035
22,0.58333343,35,0,3.2739708,0.03772039,-0.967703
23,0.7,42,0,5.456529,0.04068732,-1.1124111
24,0.7,42,0,3.7395213,0.044591356,-1.1405809
25,0.7,42,0,0.38253403,0.038809218,-1.0816396
26,0.74999994,45,0,3.144525,0.03770166,-1.0800258
27,0.68333334,41,0,1.133371,0.03542575,-1.0924727
28,0.68333334,41,0,0.70155513,0.030533895,-1.1085291
29,0.61666673,37,0,8.404121,0.03627637,-1.1668733
30,0.6666667,40,0,3.5257564,0.034901213,-1.2394431
31,0.6666667,40,0,2.5377166,0.047684822,-1.2825516
32,0.61666673,37,0,0.7475285,0.040428735,-1.3327965
33,0.84999985,51,0,2.8456175,0.042375688,-1.4604177
34,0.7666666,46,0,2.554167,0.042783365,-1.6025792
35,2.0999987,126,0,3.452856,0.048654016,-1.8965946
36,1.5166659,91,0,1.9122553,0.044274144,-2.0278103
37,1.7166657,103,0,1.4110879,0.041261166,-2.1803362
38,2.7833314,167,0,16.91806,0.037242614,-2.4015687
39,1.9166656,115,0,3.128949,0.040572472,-2.5495434
40,1.6166658,97,0,3.5284505,0.03493643,-2.6348135
41,2.1999986,132,0,1.6912799,0.035332594,-2.741756
42,1.7166657,103,0,5.60528,0.03574601,-2.8834033
43,1.0666664,64,0,6.9610133,0.03440638,-2.9609575
44,0.68333334,41,0,4.448809,0.03583418,-3.023351
45,0.6666667,40,0,1.8434594,0.035101805,-3.0654562
46,0.55000013,33,0,0.8531375,0.035781957,-3.178773
47,0.61666673,37,0,2.9830856,0.035450023,-3.2280278
48,0.58333343,35,0,3.235939,0.036920518,-3.3776622
49,0.61666673,37,0,1.05163,0.03460543,-3.4443207
50,0.55000013,33,0,2.1248932,0.034586865,-3.5875776
51,0.65000004,39,0,2.694079,0.03324752,-3.7228875
52,0.7333333,44,0,3.2247932,0.03429454,-3.7518497
53,0.6000001,36,0,1.5066477,0.033715762,-3.9503107
54,0.65000004,39,0,2.9451616,0.038998667,-4.0310726
55,0.68333334,41,0,3.7815106,0.03057498,-4.1724286
56,0.7,42,0,5.9458823,0.035975315,-4.256881
57,0.8999998,54,0,1.7776257,0.03625402,-4.4220743
58,0.7,42,0,4.5047765,0.03896746,-4.478507
59,0.61666673,37,0,3.6891637,0.032231662,-4.6846046
60,0.74999994,45,0,3.6518407,0.03909921,-4.708246
61,0.94999975,57,0,3.3100247,0.03848449,-4.9082923
62,0.84999985,51,0,3.613975,0.0386341,-5.0143905
63,0.74999994,45,0,5.0880566,0.03956844,-5.178506
64,0.91666645,55,0,1.931431,0.040234588,-5.3109403
65,1.0166664,61,0,1.0096923,0.03636208,-5.4752874
66,0.6666667,40,0,1.3828852,0.039936583,-5.6372514
67,0.91666645,55,0,1.8164057,0.038383476,-5.799309
68,0.7333333,44,0,1.3778106,0.036923803,-5.8629475
69,0.7,42,0,3.8061044,0.038503174,-5.958795
70,0.71666664,43,0,6.6164055,0.038526796,-6.0358524
71,1.1999996,72,0,2.8267453,0.038308773,-6.23729
72,1.1666663,70,0,3.8500934,0.035774767,-6.3916078
73,0.71666664,43,0,11.31276,0.037279367,-6.5966783
74,0.8333332,50,0,3.1961954,0.038620453,-6.7038207
75,1.0999997,66,0,3.2846146,0.038704418,-6.901532
76,0.8333332,50,0,2.4541814,0.038215723,-6.9886456
77,1.2166662,73,0,1.621789,0.038453795,-7.241664
78,1.0166664,61,0,0.9401561,0.03528319,-7.415547
79,1.4833326,89,0,2.06841,0.034108635,-7.6434374
80,1.2166662,73,0,3.4588816,0.03654133,-7.918066
81,1.3333328,80,0,4.816601,0.03948887,-8.074431
82,0.98333305,59,0,2.9572244,0.04247579,-8.254469
83,2.2499986,135,0,7.576829,0.041402906,-8.374863
84,1.0499997,63,0,1.4441788,0.040917214,-8.435147
85,1.133333,68,0,10.720727,0.046137273,-8.546477
86,1.2333329,74,0,6.0366883,0.05118409,-8.616495
87,0.9999997,60,0,0.72133464,0.051324457,-8.727095
88,3.0166645,181,0,10.907246,0.050229717,-8.975591
89,1.4999993,90,0,5.8785753,0.051807955,-9.156187
90,2.1499987,129,0,1.4489207,0.054492664,-9.303339
91,2.7833314,167,0,7.0349135,0.056619212,-9.570136
92,1.4999993,90,0,3.5234172,0.058977023,-9.846149
93,1.7833323,107,0,5.803752,0.058495145,-10.057888
94,1.2333329,74,0,2.4364777,0.057205107,-10.245237
95,1.3999994,84,0,4.3596296,0.057411067,-10.452476
96,1.9999988,120,0,2.6023085,0.05896673,-10.735124
97,2.083332,125,0,1.5722083,0.058228936,-11.039248
98,2.4499984,147,0,3.1112766,0.058875266,-11.374247
99,2.3333318,140,0,1.396867,0.05824878,-11.703128
100,1.8666656,112,0,2.2595868,0.06093435,-11.997329
101,1.5999992,96,0,1.5046402,0.058820598,-12.256376
102,1.7166657,103,0,2.6336331,0.061805665,-12.524834
103,3.0166645,181,0,12.869298,0.07101594,-12.887746
104,1.9499989,117,0,7.3247385,0.07077879,-13.2114935
105,1.2333329,74,0,3.7111728,0.07037342,-13.424415
106,2.1499987,129,0,6.600571,0.07321851,-13.668394
107,2.4833317,149,0,12.13506,0.065643094,-14.031337
108,1.7833323,107,0,4.372403,0.06808504,-14.322439
109,2.9999979,180,0,10.925846,0.059906393,-14.596868
110,2.7666647,166,0,8.362699,0.051850505,-14.856419
111,1.6333325,98,0,1.5758193,0.056600522,-15.043416
112,3.0166645,181,0,50.11023,0.0541567,-15.307537
113,1.749999,105,0,2.0556228,0.06071287,-15.576652
114,2.4499984,147,0,2.8425026,0.054783303,-15.791486
115,2.566665,154,0,11.1790495,0.060483932,-16.019323
116,2.1666653,130,0,10.45985,0.06667136,-16.188448
117,2.5999982,156,0,35.86386,0.060293954,-16.240488
118,2.3166652,139,0,3.062095,0.057319403,-16.282814
119,1.8666656,112,0,4.484822,0.05636868,-16.345709
120,2.4833317,149,0,18.74469,0.055506933,-16.380512
121,1.8333323,110,0,12.009804,0.05370092,-16.430332
122,2.1166654,127,0,3.9458761,0.05423566,-16.452976
123,1.9333322,116,0,2.6590266,0.054219086,-16.474005
124,1.8666656,112,0,8.301512,0.053459935,-16.507534
125,1.416666,85,0,1.5570298,0.05112466,-16.52641
126,3.0166645,181,0,8.909472,0.050437953,-16.54378
127,3.0166645,181,0,1.3627639,0.047981873,-16.590847
128,1.6833324,101,0,8.874951,0.04710972,-16.66767
129,1.3666661,82,0,3.9658391,0.04673382,-16.594837
130,2.749998,165,0,15.82468,0.047083672,-16.67592
131,1.7666657,106,0,8.475083,0.047918208,-16.68011
132,3.0166645,181,0,14.953413,0.047240615,-16.749739
133,2.2499986,135,0,2.4342659,0.045690157,-16.76265
134,1.799999,108,0,32.878532,0.047580596,-16.76388
135,2.4999983,150,0,12.960815,0.045506798,-16.812601
136,1.6666658,100,0,6.070646,0.04539739,-16.797499
137,2.3333318,140,0,22.101322,0.046153292,-16.861744
138,1.5499992,93,0,2.394576,0.04778088,-16.931013
139,1.6666658,100,0,31.233038,0.04713785,-17.031458
140,2.3666651,142,0,37.68894,0.04773536,-17.039474
141,2.849998,171,0,32.019913,0.04651291,-17.15622
142,3.0166645,181,0,36.604824,0.048136465,-17.278322
143,2.1499987,129,0,15.056713,0.05009324,-17.376902
144,1.9833322,119,0,14.681886,0.05049665,-17.564167
145,1.3666661,82,0,7.353433,0.04659138,-17.688795
146,1.2499995,75,0,12.315216,0.048724923,-17.80107
147,1.6666658,100,0,4.6849084,0.047416225,-17.91653
148,2.8166647,169,0,1.7760732,0.05223197,-18.082699
149,1.8166656,109,0,1.9820495,0.05374689,-18.339586
150,2.466665,148,0,1.5483389,0.051241368,-18.519941
151,1.1999996,72,0,4.91029,0.05020289,-18.727692
152,0.7666666,46,0,1.42355,0.050021876,-18.804155
153,0.61666673,37,0,2.200424,0.04882956,-18.860977
154,2.0166655,121,0,3.1658504,0.052035756,-19.037256
155,0.88333315,53,0,2.511975,0.051707417,-19.096386
156,1.0666664,64,0,1.780177,0.052975174,-19.200811
157,3.0166645,181,0,0.9239329,0.050232366,-19.28413
158,0.5666668,34,0,1.6704513,0.053928807,-19.457064
159,1.1833329,71,0,0.9546756,0.049594015,-19.488756
160,3.0166645,181,0,0.25400832,0.048667625,-19.527945
161,3.0166645,181,0,1.2819939,0.048263226,-19.538164
162,1.3166661,79,0,0.86821586,0.044547163,-19.550058
163,2.3833318,143,0,1.4718218,0.044391356,-19.587671
164,2.2999985,138,0,1.9675331,0.04699899,-19.641556
165,2.3666651,142,0,2.187783,0.042558216,-19.740715
166,2.5499983,153,0,3.2120767,0.039931286,-19.849237
167,2.3999984,144,0,4.7011676,0.042209983,-19.90845
168,1.7666657,106,0,0.58006525,0.038694322,-19.930233
169,2.749998,165,0,4.041788,0.040765006,-19.902243
170,1.2499995,75,0,14.625965,0.041193087,-19.929756
171,2.799998,168,0,0.4366634,0.04017877,-19.854158
172,1.3499994,81,0,21.54239,0.04253215,-19.816612
173,1.2166662,73,0,8.785558,0.043934356,-19.772139
174,2.1166654,127,0,9.638441,0.04362863,-19.761993
175,2.7333314,164,0,10.269944,0.04558058,-19.820755
176,0.98333305,59,0,7.9651146,0.042817697,-19.852455
177,1.2166662,73,0,3.172408,0.040545512,-19.821455
178,0.71666664,43,0,7.0770206,0.043289363,-19.928288
179,0.94999975,57,0,4.687904,0.042954966,-19.930334
180,2.9666646,178,0,82.31855,0.04289253,-19.930382
181,2.3166652,139,0,9.439276,0.04293821,-19.976969
182,2.9999979,180,0,41.385326,0.042744022,-19.92258
183,2.4833317,149,0,5.543178,0.045242403,-19.976017
184,3.0166645,181,0,49.044235,0.044305816,-19.952007
185,2.799998,168,0,76.63884,0.047452737,-19.917728
186,3.0166645,181,0,11.8247795,0.048029717,-19.934149
187,3.0166645,181,0,13.8207,0.05039853,-19.96521
188,3.0166645,181,0,86.37731,0.04908154,-20.04176
189,2.9166646,175,0,19.69821,0.05243266,-20.06754
190,3.0166645,181,0,16.413061,0.052438356,-20.084135
191,3.0166645,181,0,2.7270672,0.05181784,-20.136663
192,3.0166645,181,0,23.394691,0.052820835,-20.224155
193,3.0166645,181,0,42.186604,0.05303918,-20.250364
194,3.0166645,181,0,0.68818897,0.05162445,-20.346865
195,3.0166645,181,0,8.105838,0.051546715,-20.446249
196,3.0166645,181,0,29.37207,0.050195817,-20.50861
197,3.0166645,181,0,0.70002115,0.051843595,-20.57747
198,2.5499983,153,0,75.00472,0.050746407,-20.639349
199,3.0166645,181,0,5.9426656,0.05081241,-20.636751
200,2.233332,134,0,10.486752,0.051163137,-20.699202
201,3.0166645,181,0,25.520233,0.050314598,-20.725353
202,3.0166645,181,0,23.273438,0.053330183,-20.797045
203,3.0166645,181,0,9.271517,0.050240222,-20.842289
204,3.0166645,181,0,2.5904531,0.05178654,-20.928473
205,3.0166645,181,0,71.477036,0.051134244,-20.956833
206,3.0166645,181,0,12.068232,0.053490095,-21.021095
207,1.9166656,115,0,40.774082,0.05230369,-20.993927
208,3.0166645,181,0,8.131163,0.05281516,-21.003775
209,3.0166645,181,0,11.456944,0.054322835,-21.030615
210,1.7333324,104,0,43.422787,0.053818975,-21.040478
211,1.466666,88,0,4.839043,0.05563247,-21.0827
212,1.9999988,120,0,3.7262764,0.054460995,-21.010311
213,3.0166645,181,0,62.540592,0.056714512,-21.014345
214,3.0166645,181,0,21.253698,0.056821413,-21.01961
215,3.0166645,181,0,16.937496,0.057015978,-21.02623
216,3.0166645,181,0,15.733825,0.057186473,-21.044622
217,3.0166645,181,0,143.45789,0.05806745,-21.088041
218,1.5666659,94,0,4.0128064,0.062875606,-21.090784
219,3.0166645,181,0,20.900654,0.061671186,-21.10292
220,3.0166645,181,0,21.211777,0.06425037,-21.123365
221,1.4499993,87,0,57.491344,0.06441399,-21.092512
222,3.0166645,181,0,57.926205,0.06790537,-21.096771
223,1.2166662,73,0,6.419392,0.06960999,-21.08624
224,3.0166645,181,0,34.416588,0.07228319,-21.133442
225,3.0166645,181,0,9.700969,0.0696279,-21.186407
226,1.5833325,95,0,11.431314,0.06669602,-21.165995
227,1.6833324,101,0,9.148187,0.07009171,-21.216644
228,1.5666659,94,0,9.698949,0.06818711,-21.203972
229,3.0166645,181,0,6.397212,0.06674525,-21.209356
230,3.0166645,181,0,43.27886,0.069236666,-21.268711
231,2.6333315,158,0,40.358425,0.07065575,-21.289808
232,1.4833326,89,0,2.0925293,0.06832051,-21.317749
233,1.6666658,100,0,2.0209615,0.07001489,-21.28439
234,2.1999986,132,0,2.7133293,0.07040276,-21.249962
235,2.9833312,179,0,7.455318,0.07182089,-21.317719
236,1.4499993,87,0,26.71874,0.07345003,-21.29104
237,2.9999979,180,0,4.3135457,0.07234414,-21.231237
238,3.0166645,181,0,14.07217,0.07431972,-21.213219
239,1.7333324,104,0,57.215843,0.07658371,-21.188314
240,1.5666659,94,0,7.2541194,0.07279269,-21.100222
241,2.9166646,175,0,76.306885,0.07657307,-21.215769
242,3.0166645,181,0,22.314333,0.07751676,-21.218897
243,3.0166645,181,0,48.103313,0.07778004,-21.201086
244,2.133332,128,0,3.8329735,0.079819605,-21.28032
245,1.8833323,113,0,19.574497,0.07874187,-21.261848
246,3.0166645,181,0,37.462883,0.079539545,-21.316004
247,3.0166645,181,0,39.415504,0.08148574,-21.405611
248,2.0499988,123,0,18.607914,0.08157754,-21.444342
249,1.6833324,101,0,3.4733012,0.078861676,-21.408571
250,3.0166645,181,0,18.632887,0.08303922,-21.558323
251,1.5166659,91,0,15.138036,0.08309678,-21.589338
252,3.0166645,181,0,60.13046,0.08555986,-21.673544
253,3.0166645,181,0,6.605782,0.08595458,-21.72614
254,2.6833315,161,0,21.799263,0.08772956,-21.754004
255,3.0166645,181,0,23.256788,0.089971386,-21.823868
256,2.5833316,155,0,11.643749,0.092425555,-21.897633
257,3.0166645,181,0,29.27471,0.092116125,-21.976389
258,3.0166645,181,0,58.586246,0.0960297,-22.026154
259,2.1999986,132,0,85.0604,0.09664238,-22.095827
260,3.0166645,181,0,7.4230366,0.09632332,-22.089602
261,2.4499984,147,0,9.475314,0.0980313,-22.19111
262,2.3666651,142,0,42.450638,0.09652305,-22.247768
263,3.0166645,181,0,68.01652,0.09673386,-22.323212
264,2.3666651,142,0,5.2083416,0.09988659,-22.346786
265,3.0166645,181,0,21.808786,0.09909929,-22.414099
266,3.0166645,181,0,2.6024594,0.098804355,-22.451975
267,3.0166645,181,0,3.760416,0.10313282,-22.491995
268,2.5999982,156,0,1.6882287,0.10073056,-22.503902
269,3.0166645,181,0,40.753716,0.10282261,-22.565079
270,3.0166645,181,0,10.07255,0.10258177,-22.584686
271,3.0166645,181,0,40.765213,0.1037242,-22.673069
272,3.0166645,181,0,63.262066,0.10367029,-22.699492
273,3.0166645,181,0,5.017074,0.10367254,-22.678595
274,3.0166645,181,0,51.35385,0.10453917,-22.701405
275,2.0499988,123,0,1.9234614,0.10472976,-22.793343
276,3.0166645,181,0,15.605899,0.10625887,-22.76099
277,3.0166645,181,0,4.427757,0.10869278,-22.834269
278,3.0166645,181,0,42.82736,0.10639246,-22.821438
279,1.7333324,104,0,2.7228546,0.110274255,-22.902079
280,3.0166645,181,0,24.126734,0.10927902,-22.83739
281,3.0166645,181,0,49.45511,0.113256305,-22.939322
282,2.566665,154,0,3.2476838,0.11218111,-22.946154
283,1.2333329,74,0,4.825156,0.11194738,-22.838161
284,2.6833315,161,0,2.4688554,0.115054846,-22.918264
285,2.5499983,153,0,62.56389,0.11442039,-22.959139
286,3.0166645,181,0,8.3182335,0.11580966,-22.971281
287,3.0166645,181,0,33.136147,0.11700184,-22.935986
288,2.516665,151,0,5.2360373,0.11676305,-22.958172
289,1.2499995,75,0,4.607454,0.113097,-22.90277
290,1.3666661,82,0,6.328787,0.11531875,-22.896826
291,1.8333323,110,0,7.308968,0.11499375,-22.842615
292,1.1833329,71,0,2.1531904,0.114104256,-22.834118
293,2.0499988,123,0,21.33447,0.117237076,-22.80813
294,1.2666662,76,0,5.9133773,0.11485025,-22.744709
295,2.8333313,170,0,16.33766,0.11390406,-22.836432
296,3.0166645,181,0,17.18788,0.11433351,-22.781418
297,2.5499983,153,0,2.6803715,0.119298264,-22.82968
298,1.749999,105,0,14.368796,0.11666557,-22.751335
299,2.3166652,139,0,3.1455,0.12095785,-22.78223
300,1.3999994,84,0,6.756439,0.11858094,-22.80139
301,1.9333322,116,0,29.056864,0.11959641,-22.766563
302,1.6666658,100,0,2.4995608,0.12083479,-22.698446
303,1.6666658,100,0,0.9554924,0.11797052,-22.701813
304,1.1499996,69,0,1.0321809,0.115964405,-22.640146
305,2.0499988,123,0,7.6116796,0.12181667,-22.731466
306,1.8666656,112,0,16.219942,0.122522615,-22.703382
307,2.2833319,137,0,60.420834,0.12038265,-22.644756
308,1.9333322,116,0,2.2359407,0.12189757,-22.706867
309,2.033332,122,0,4.22996,0.12616973,-22.619738
310,1.4499993,87,0,3.3618548,0.124415934,-22.616255
311,3.0166645,181,0,30.062931,0.12604226,-22.619064
312,2.1499987,129,0,7.2804766,0.12764893,-22.603867
313,2.5499983,153,0,6.486133,0.12791039,-22.53003
314,2.1499987,129,0,0.97164226,0.12954357,-22.569033
315,2.2499986,135,0,5.2475653,0.12856124,-22.600315
316,2.183332,131,0,39.55021,0.13032037,-22.574345
317,3.0166645,181,0,1.5566028,0.13129754,-22.566572
318,1.2333329,74,0,4.70512,0.13053519,-22.612402
319,1.3499994,81,0,0.896928,0.13145533,-22.556416
320,2.9666646,178,0,18.816755,0.13170873,-22.599455
321,1.2999995,78,0,7.7341323,0.13498215,-22.575665
322,2.7333314,164,0,5.280796,0.13239908,-22.589933
323,1.3499994,81,0,5.802508,0.13022868,-22.581804
324,1.749999,105,0,22.167118,0.13547426,-22.539354
325,1.3666661,82,0,12.135305,0.1301284,-22.532652
326,3.0166645,181,0,8.559185,0.13403662,-22.575487
327,2.3833318,143,0,23.735851,0.13661227,-22.543016
328,2.4333317,146,0,18.141006,0.13487524,-22.573988
329,1.8166656,109,0,3.8313565,0.13361728,-22.524738
330,1.8166656,109,0,1.1629872,0.13422126,-22.50027
331,1.9333322,116,0,14.424428,0.13643375,-22.506678
332,3.0166645,181,0,8.362347,0.13690299,-22.504568
333,1.5166659,91,0,6.209843,0.13900845,-22.55347
334,2.6333315,158,0,14.281034,0.13676016,-22.525732
335,2.9166646,175,0,69.96707,0.13726494,-22.54512
336,1.5499992,93,0,2.6691499,0.13636069,-22.53015
337,2.3166652,139,0,7.3233247,0.14004363,-22.508898
338,1.5999992,96,0,2.6142826,0.13961534,-22.53233
339,3.0166645,181,0,1.8269078,0.13555615,-22.451538
340,0.84999985,51,0,3.3192184,0.14212422,-22.584692
341,1.9833322,119,0,11.64166,0.13721278,-22.500439
342,2.6333315,158,0,5.79038,0.13970266,-22.562393
343,1.3166661,79,0,1.0587087,0.14051165,-22.672232
344,3.0166645,181,0,2.4255955,0.13975413,-22.488897
345,1.9166656,115,0,20.952753,0.1386372,-22.469183
346,3.0166645,181,0,7.669446,0.14385165,-22.492788
347,2.9166646,175,0,7.1571345,0.14366947,-22.548695
348,3.0166645,181,0,8.958704,0.14028858,-22.463587
349,1.749999,105,0,1.9901258,0.14047225,-22.52672
350,0.98333305,59,0,0.51180387,0.14174189,-22.524326
351,3.0166645,181,0,8.144024,0.13924566,-22.450197
352,2.2499986,135,0,2.7592652,0.1403748,-22.467466
353,2.5999982,156,0,1.5140111,0.13770919,-22.423918
354,3.0166645,181,0,7.666533,0.13765392,-22.418316
355,2.6499982,159,0,12.952467,0.13615867,-22.412498
356,2.899998,174,0,3.0611367,0.13983303,-22.425423
357,1.849999,111,0,4.740092,0.13989224,-22.414835
358,2.7666647,166,0,0.76272815,0.13905239,-22.400446
359,2.566665,154,0,0.9212665,0.1386911,-22.332666
360,2.1499987,129,0,13.575793,0.14009559,-22.358866
361,2.2999985,138,0,1.4381236,0.13875651,-22.34942
362,1.416666,85,0,1.527649,0.13872923,-22.296183
363,2.5833316,155,0,33.412197,0.13853143,-22.30444
364,3.0166645,181,0,32.92337,0.13800414,-22.379618
365,1.7833323,107,0,11.415734,0.13824143,-22.373909
366,2.4333317,146,0,28.632017,0.13547397,-22.339804
367,3.0166645,181,0,10.2364235,0.13672023,-22.342531
368,1.3499994,81,0,0.43040216,0.13968204,-22.296753
369,1.9666655,118,0,1.9768344,0.13575438,-22.332634
370,3.0166645,181,0,27.587492,0.13613284,-22.315374
371,3.0166645,181,0,48.25775,0.13559519,-22.35393
372,3.0166645,181,0,18.132265,0.13683005,-22.321817
373,2.8333313,170,0,9.454581,0.13315807,-22.317326
374,1.749999,105,0,6.859761,0.12985098,-22.285597
375,2.849998,171,0,10.74151,0.13129044,-22.232615
376,1.0499997,63,0,3.2499332,0.13290825,-22.341738
377,3.0166645,181,0,15.887032,0.13172735,-22.316755
378,2.8666646,172,0,7.4560533,0.13187842,-22.357338
379,3.0166645,181,0,31.949047,0.12849858,-22.32945
380,3.0166645,181,0,6.3574877,0.12850064,-22.32165
381,2.849998,171,0,3.6542501,0.12993984,-22.295563
382,3.0166645,181,0,9.375329,0.12779032,-22.362944
383,3.0166645,181,0,38.9825,0.12555397,-22.25042
384,3.0166645,181,0,53.600048,0.12648228,-22.188757
385,3.0166645,181,0,5.9326396,0.12614419,-22.324493
386,3.0166645,181,0,4.812693,0.124688834,-22.248756
387,2.9333313,176,0,5.690479,0.123146795,-22.309643
388,1.8999989,114,0,23.65461,0.119206734,-22.278322
389,3.0166645,181,0,39.46848,0.12417954,-22.309547
390,3.0166645,181,0,15.082783,0.11981703,-22.283873
391,0.84999985,51,0,12.426496,0.11948738,-22.230003
392,2.9999979,180,0,24.501019,0.11761716,-22.285574
393,3.0166645,181,0,37.85957,0.116030045,-22.260246
394,0.6333334,38,0,0.5603161,0.11716051,-22.21584
395,3.0166645,181,0,30.16475,0.114984415,-22.231813
396,3.0166645,181,0,40.806793,0.11531346,-22.2399
397,0.7999999,48,0,1.9496186,0.108993135,-22.093058
398,3.0166645,181,0,9.951614,0.11169099,-22.21842
399,1.1833329,71,0,8.112963,0.10908284,-22.189396
400,1.6166658,97,0,7.042888,0.11068199,-22.147404
401,3.0166645,181,0,29.22798,0.11136104,-22.236742
402,1.1499996,69,0,17.020107,0.112098135,-22.15272
403,0.9333331,56,0,1.6444516,0.11174561,-22.219917
404,1.7666657,106,0,27.702782,0.11114316,-22.084715
405,3.0166645,181,0,31.441694,0.11040729,-22.122778
406,3.0166645,181,0,126.08148,0.11035783,-22.133408
407,2.1999986,132,0,25.127342,0.110747375,-22.13666
408,2.6499982,159,0,3.1989117,0.10895465,-22.113613
409,0.7333333,44,0,1.915619,0.11437635,-22.078178
410,2.2833319,137,0,43.465553,0.109577656,-22.111877
411,2.233332,134,0,11.707091,0.11125219,-22.106895
412,3.0166645,181,0,12.351214,0.10844746,-22.123102
413,0.6000001,36,0,0.76549417,0.10388649,-22.128578
414,3.0166645,181,0,46.82934,0.10844892,-22.080807
415,3.0166645,181,0,51.799538,0.109037675,-22.072422
416,3.0166645,181,0,85.80035,0.10832596,-22.077312
417,1.083333,65,0,2.7341886,0.10968149,-22.163004
418,2.0166655,121,0,35.374294,0.10876986,-22.073406
419,3.0166645,181,0,101.150345,0.11006563,-22.119108
420,1.6999991,102,0,24.871655,0.10534662,-22.121984
421,1.3666661,82,0,7.6679826,0.10811694,-22.029783
422,3.0166645,181,0,47.356018,0.11067497,-22.09732
423,3.0166645,181,0,129.40501,0.11118146,-22.165878
424,3.0166645,181,0,34.201134,0.10994196,-22.176445
425,1.9166656,115,0,10.823273,0.11067223,-22.20913
426,3.0166645,181,0,118.23779,0.10946118,-22.10325
427,1.3833327,83,0,2.4835472,0.11158255,-22.271515
428,1.5499992,93,0,14.631642,0.110899985,-22.18192
429,0.9333331,56,0,3.1155713,0.11002269,-22.198645
430,3.0166645,181,0,61.27749,0.110513866,-22.198135
431,2.849998,171,0,48.709145,0.11111198,-22.25629
432,3.0166645,181,0,75.18357,0.11240425,-22.29589
433,3.0166645,181,0,127.199745,0.11080388,-22.319914
434,3.0166645,181,0,215.17548,0.11018949,-22.354641
435,0.9333331,56,0,1.9240983,0.1103505,-22.344786
436,2.233332,134,0,42.808582,0.11267883,-22.381807
437,3.0166645,181,0,129.3322,0.10883116,-22.409264
438,2.7166648,163,0,13.811687,0.10947284,-22.427643
439,1.0999997,66,0,6.687387,0.111221515,-22.420494
440,3.0166645,181,0,64.56159,0.10875585,-22.491156
441,3.0166645,181,0,43.13779,0.10950592,-22.469011
442,3.0166645,181,0,32.94426,0.10995295,-22.465857
443,3.0166645,181,0,149.7973,0.109862395,-22.431019
444,3.0166645,181,0,30.894444,0.110554285,-22.632887
445,1.0999997,66,0,1.2058994,0.11141903,-22.657204
446,3.0166645,181,0,77.614525,0.109306455,-22.552145
447,3.0166645,181,0,87.47696,0.109902196,-22.636768
448,2.3333318,140,0,2.30038,0.111967824,-22.601343
449,3.0166645,181,0,136.82889,0.11031642,-22.625338
450,2.799998,168,0,4.7029395,0.11138844,-22.711994
451,1.3666661,82,0,5.0293255,0.11144626,-22.6399
452,1.8333323,110,0,25.317448,0.11537096,-22.713005
453,2.1999986,132,0,40.17406,0.11297493,-22.660852
454,3.0166645,181,0,210.28368,0.11480508,-22.740698
455,1.7833323,107,0,11.008506,0.11406147,-22.557253
456,3.0166645,181,0,66.12401,0.11422692,-22.761002
457,2.0666654,124,0,32.58193,0.11459705,-22.754879
458,0.98333305,59,0,1.3485957,0.11363177,-22.856066
459,3.0166645,181,0,146.04614,0.11326468,-22.72107
460,3.0166645,181,0,50.02566,0.11777542,-22.752123
461,1.3999994,84,0,3.5561712,0.11644832,-22.825403
462,3.0166645,181,0,10.027612,0.114721395,-22.792133
463,3.0166645,181,0,57.427406,0.11696291,-22.799425
464,2.6333315,158,0,3.7628973,0.114159144,-22.652834
465,3.0166645,181,0,38.287704,0.115046546,-22.699768
466,3.0166645,181,0,99.05237,0.11527923,-22.782932
467,3.0166645,181,0,121.09205,0.1164749,-22.714367
468,3.0166645,181,0,53.691956,0.11862757,-22.860493
469,3.0166645,181,0,247.56271,0.11884486,-22.766552
470,3.0166645,181,0,29.046293,0.11901213,-22.818027
471,1.4333327,86,0,5.8446307,0.11963207,-22.923496
472,0.8666665,52,0,5.044557,0.119756564,-22.780708
473,3.0166645,181,0,172.58151,0.11956876,-22.88751
474,3.0166645,181,0,178.56528,0.118871614,-22.91152
475,3.0166645,181,0,118.998314,0.11809914,-22.875605
476,1.5499992,93,0,3.1087766,0.12140862,-22.914175
477,3.0166645,181,0,45.172997,0.119595796,-22.852331
478,3.0166645,181,0,235.16182,0.120439656,-22.95136
479,2.3999984,144,0,7.046392,0.120221436,-22.948843
480,3.0166645,181,0,64.65176,0.120969675,-22.997322
481,1.3833327,83,0,17.394558,0.12250803,-22.928282
482,3.0166645,181,0,264.9878,0.119874775,-22.924532
483,2.6999981,162,0,7.1396966,0.12136135,-22.926527
484,3.0166645,181,0,24.467978,0.121743545,-22.914614
485,1.6166658,97,0,37.279068,0.120596044,-22.80521
486,3.0166645,181,0,341.14615,0.123543724,-22.971777
487,3.0166645,181,0,42.53617,0.1233331,-22.977768
488,1.6833324,101,0,30.752922,0.12418044,-22.936594
489,3.0166645,181,0,266.02286,0.12763079,-22.925331
490,3.0166645,181,0,123.48705,0.1252427,-22.950727
491,3.0166645,181,0,208.72003,0.12763223,-23.051506
492,3.0166645,181,0,181.46365,0.12608352,-23.124329
493,3.0166645,181,0,149.92352,0.12823477,-23.097683
494,3.0166645,181,0,197.74355,0.12641738,-23.063711
495,1.3166661,79,0,6.911573,0.1330004,-23.162079
496,3.0166645,181,0,51.76532,0.1309604,-23.081352
497,3.0166645,181,0,3.0202503,0.12538688,-23.048183
498,3.0166645,181,0,42.297035,0.13264,-23.025087
499,3.0166645,181,0,31.725653,0.13007224,-23.023268
500,3.0166645,181,0,164.99321,0.13136204,-22.992592
501,3.0166645,181,0,93.430725,0.13116711,-23.014542
502,3.0166645,181,0,174.6767,0.13275878,-23.02735
503,3.0166645,181,0,106.512695,0.13237368,-23.016493
504,3.0166645,181,0,127.8597,0.13204478,-23.08829
505,3.0166645,181,0,42.226524,0.12933673,-23.054192
506,1.5666659,94,0,7.8131723,0.13054056,-23.202902
507,3.0166645,181,0,15.587919,0.13259614,-23.05359
508,3.0166645,181,0,38.68797,0.13334434,-23.05026
509,3.0166645,181,0,194.41048,0.13469997,-23.07896
510,3.0166645,181,0,138.76169,0.13294475,-23.047815
511,3.0166645,181,0,232.1832,0.13379693,-23.113085
512,3.0166645,181,0,125.010704,0.13457277,-23.101366
513,3.0166645,181,0,47.542156,0.1336965,-23.130312
514,3.0166645,181,0,135.25719,0.1329714,-23.181261
515,3.0166645,181,0,91.89315,0.13603029,-23.187006
516,3.0166645,181,0,179.51346,0.13461056,-23.175606
517,3.0166645,181,0,238.02116,0.13430487,-23.377665
518,3.0166645,181,0,89.41998,0.13090281,-23.317364
519,3.0166645,181,0,127.14531,0.1341296,-23.419182
520,3.0166645,181,0,86.67251,0.13470745,-23.464357
521,2.949998,177,0,78.69727,0.13615547,-23.398203
522,3.0166645,181,0,81.01944,0.13245387,-23.497192
523,3.0166645,181,0,41.40145,0.13510022,-23.454956
524,3.0166645,181,0,205.94662,0.13437507,-23.569601
525,2.5999982,156,0,6.211831,0.13338962,-23.523142
526,0.8999998,54,0,2.3684254,0.13454986,-23.40151
527,2.3166652,139,0,73.111244,0.13374189,-23.641697
528,1.9166656,115,0,5.582737,0.13165236,-23.567564
529,3.0166645,181,0,88.932335,0.13178264,-23.55543
530,0.94999975,57,0,3.2219799,0.13842238,-23.436996
531,3.0166645,181,0,158.15157,0.13446447,-23.60575
532,3.0166645,181,0,210.93059,0.13506563,-23.69979
533,1.3666661,82,0,2.5435655,0.1311191,-23.68576
534,3.0166645,181,0,142.1145,0.13639735,-23.693285
535,3.0166645,181,0,18.555634,0.13177428,-23.630259
536,3.0166645,181,0,109.52644,0.13155186,-23.652567
537,0.8666665,52,0,3.4111905,0.13060182,-23.753193
538,3.0166645,181,0,14.830203,0.13497978,-23.715225
539,3.0166645,181,0,50.67177,0.13352822,-23.627285
540,0.91666645,55,0,0.7818089,0.13150445,-23.400217
541,3.0166645,181,0,98.17153,0.13146655,-23.602953
542,3.0166645,181,0,237.02542,0.13002597,-23.661722
543,2.749998,165,0,27.334072,0.13159361,-23.680525
544,0.84999985,51,0,2.5928485,0.13114122,-23.520937
545,2.749998,165,0,64.36237,0.13295694,-23.637375
546,3.0166645,181,0,208.71828,0.13424335,-23.611551
547,3.0166645,181,0,205.43593,0.13259768,-23.691477
548,3.0166645,181,0,43.611595,0.13252372,-23.692991
549,1.7333324,104,0,8.886959,0.13544056,-23.75375
550,3.0166645,181,0,55.15083,0.13258325,-23.622433
551,3.0166645,181,0,143.20256,0.13609433,-23.702421
552,3.0166645,181,0,130.12402,0.13584249,-23.717634
553,1.5999992,96,0,19.989243,0.13548058,-23.580172
554,3.0166645,181,0,16.161997,0.13275687,-23.662136
555,3.0166645,181,0,246.65443,0.13431902,-23.704119
556,1.2166662,73,0,1.2920065,0.13291602,-23.673874
557,3.0166645,181,0,135.9172,0.1314215,-23.663332
558,3.0166645,181,0,120.66388,0.1332629,-23.733202
559,1.0333331,62,0,0.6057289,0.12995498,-23.548601
560,0.98333305,59,0,2.7659612,0.13573878,-23.681286
561,3.0166645,181,0,19.151897,0.13440755,-23.554594
562,3.0166645,181,0,98.10772,0.13276237,-23.563984
563,3.0166645,181,0,97.34906,0.133754,-23.551281
564,3.0166645,181,0,195.56642,0.13277645,-23.681868
565,3.0166645,181,0,189.12717,0.13402016,-23.608625
566,1.1499996,69,0,8.771241,0.13175452,-23.713606
567,3.0166645,181,0,142.95573,0.13523015,-23.683416
568,1.3666661,82,0,7.8610487,0.13598546,-23.647373
569,3.0166645,181,0,108.30412,0.1322201,-23.731203
570,0.9999997,60,0,4.0338283,0.13531071,-23.786583
571,3.0166645,181,0,132.20723,0.13104977,-23.676796
572,1.9999988,120,0,22.950312,0.13186613,-23.584295
573,3.0166645,181,0,82.16737,0.13253783,-23.663631
574,1.2166662,73,0,1.1230685,0.13380848,-23.790247
575,3.0166645,181,0,218.52399,0.13266385,-23.598557
576,3.0166645,181,0,18.030312,0.13373171,-23.692993
577,3.0166645,181,0,152.54146,0.12866002,-23.586742
578,3.0166645,181,0,186.49118,0.1278724,-23.609003
579,1.3999994,84,0,11.391043,0.13319153,-23.553366
580,3.0166645,181,0,132.21175,0.1300239,-23.695602
581,3.0166645,181,0,103.470665,0.12954864,-23.780624
582,3.0166645,181,0,180.48453,0.13318321,-23.674908
583,3.0166645,181,0,53.51433,0.13184616,-23.756748
584,0.9666664,58,0,1.514288,0.13613172,-23.829565
585,3.0166645,181,0,349.37833,0.13290957,-23.785824
586,3.0166645,181,0,201.44708,0.12915252,-23.867853
587,3.0166645,181,0,245.02904,0.13540103,-24.000763
588,3.0166645,181,0,108.24804,0.13178313,-24.04291
589,0.88333315,53,0,2.084845,0.13360682,-24.113058
590,3.0166645,181,0,179.04298,0.13417251,-24.094465
591,3.0166645,181,0,349.34036,0.13014506,-24.262238
592,3.0166645,181,0,292.7519,0.13698016,-24.249138
593,3.0166645,181,0,91.21621,0.1322036,-24.286392
594,3.0166645,181,0,152.19174,0.13126892,-24.286236
595,1.3333328,80,0,1.9030073,0.13245736,-24.323067
596,3.0166645,181,0,355.62195,0.13302651,-24.376072
597,0.9333331,56,0,0.32291615,0.13298452,-24.460478
598,3.0166645,181,0,171.53316,0.13221057,-24.555925
599,3.0166645,181,0,188.14854,0.13541602,-24.659744
600,3.0166645,181,0,168.09674,0.13228807,-24.586573
601,2.566665,154,0,5.0183764,0.13560426,-24.593662
602,0.9999997,60,0,2.2474227,0.13290703,-24.641268
603,3.0166645,181,0,227.71672,0.13745351,-24.836355
604,3.0166645,181,0,281.53455,0.13763611,-24.92606
605,0.7666666,46,0,1.7788703,0.14088602,-24.846983
606,3.0166645,181,0,168.09203,0.14020862,-24.93334
607,1.6499991,99,0,4.731344,0.1393646,-25.055002
608,3.0166645,181,0,111.20168,0.13655686,-25.04709
609,3.0166645,181,0,322.53745,0.13673893,-25.100239
610,3.0166645,181,0,186.97429,0.13704088,-25.150728
611,3.0166645,181,0,280.42978,0.14067659,-25.222427
612,1.0999997,66,0,3.5202498,0.1446499,-25.288506
613,1.2333329,74,0,2.3832946,0.13975656,-25.348167
614,3.0166645,181,0,360.88458,0.14095032,-25.492125
615,3.0166645,181,0,249.38715,0.14171484,-25.637304
616,3.0166645,181,0,259.55646,0.1413183,-25.645063
617,1.6666658,100,0,1.133502,0.14264467,-25.707186
618,3.0166645,181,0,340.6114,0.13717024,-25.76744
619,3.0166645,181,0,242.08752,0.14363758,-25.881044
620,3.0166645,181,0,281.89325,0.14323513,-26.116102
621,0.81666654,49,0,0.32875535,0.14499071,-26.04142
622,0.8333332,50,0,0.8951101,0.14382823,-25.852785
623,3.0166645,181,0,135.2847,0.14495437,-26.219671
624,3.0166645,181,0,217.42236,0.14354374,-26.213406
625,3.0166645,181,0,282.3286,0.14104226,-26.238638
626,3.0166645,181,0,372.44135,0.14553389,-26.300991
627,3.0166645,181,0,95.2288,0.14663383,-26.45827
628,3.0166645,181,0,134.27,0.1471757,-26.581669
629,3.0166645,181,0,247.19327,0.14666422,-26.695234
630,3.0166645,181,0,169.9813,0.14623316,-26.75873
631,0.7666666,46,0,0.8106177,0.14184833,-26.908148
632,3.0166645,181,0,172.00763,0.14742723,-27.050694
633,3.0166645,181,0,332.4039,0.14770643,-27.000147
634,3.0166645,181,0,236.73967,0.15300693,-27.081617
635,3.0166645,181,0,183.49152,0.1504845,-27.03203
636,3.0166645,181,0,129.5288,0.15284522,-27.300522
637,3.0166645,181,0,200.3743,0.14426811,-27.31021
638,3.0166645,181,0,220.17955,0.14854546,-27.439873
639,3.0166645,181,0,285.8194,0.14848158,-27.595064
640,3.0166645,181,0,141.01108,0.14633854,-27.653261
641,3.0166645,181,0,223.30026,0.14991793,-27.753317
642,3.0166645,181,0,94.34095,0.14603987,-27.844687
643,3.0166645,181,0,278.83337,0.1510117,-27.882153
644,3.0166645,181,0,238.11172,0.1492132,-27.978622
645,2.2666652,136,0,2.5406206,0.14856952,-28.042473
646,3.0166645,181,0,310.90866,0.15142165,-28.126032
647,3.0166645,181,0,125.77744,0.15133856,-28.245249
648,3.0166645,181,0,308.95822,0.15322508,-28.391678
649,3.0166645,181,0,68.353386,0.14892668,-28.35753
650,0.84999985,51,0,1.2877716,0.14853744,-28.396742
651,3.0166645,181,0,263.81696,0.15213947,-28.43925
652,3.0166645,181,0,316.6097,0.14836776,-28.725302
653,3.0166645,181,0,60.957653,0.15468551,-28.785563
654,3.0166645,181,0,306.06915,0.15374121,-28.818062
655,3.0166645,181,0,224.12297,0.15212984,-29.005249
656,3.0166645,181,0,305.07358,0.15456162,-28.901793
657,3.0166645,181,0,236.97981,0.15173611,-29.209702
658,3.0166645,181,0,253.04541,0.15441512,-29.32112
659,3.0166645,181,0,162.54767,0.1523105,-29.492487
660,3.0166645,181,0,312.43716,0.15594715,-29.345648
661,3.0166645,181,0,287.29132,0.15306008,-29.600527
662,0.78333324,47,0,1.979871,0.15230379,-29.742228
663,3.0166645,181,0,305.46936,0.15412807,-29.941643
664,3.0166645,181,0,171.42,0.15312298,-29.7783
665,3.0166645,181,0,258.4011,0.15490074,-29.88892
666,3.0166645,181,0,315.47754,0.1538957,-30.186132
667,3.0166645,181,0,275.78714,0.1523996,-30.22767
668,3.0166645,181,0,321.64307,0.15371694,-30.2861
669,3.0166645,181,0,283.0199,0.15227602,-30.577751
670,3.0166645,181,0,201.09026,0.15092309,-30.619434
671,3.0166645,181,0,204.86546,0.15673938,-30.655127
672,3.0166645,181,0,403.12204,0.15371582,-30.900862
673,3.0166645,181,0,351.0816,0.15223514,-30.868048
674,3.0166645,181,0,392.367,0.14934081,-31.157583
675,3.0166645,181,0,283.74524,0.15466599,-31.223013
676,3.0166645,181,0,286.92572,0.15117852,-31.419436
677,3.0166645,181,0,227.81758,0.15400602,-31.534351
678,3.0166645,181,0,3.109245,0.1563541,-31.267305
679,3.0166645,181,0,225.56714,0.15333022,-31.58878
680,3.0166645,181,0,321.26477,0.14946601,-31.506525
681,3.0166645,181,0,331.1098,0.14970766,-31.869837
682,3.0166645,181,0,313.00812,0.15183383,-31.99554
683,3.0166645,181,0,383.23288,0.14955476,-31.994831
684,3.0166645,181,0,226.20857,0.15084136,-32.16055
685,3.0166645,181,0,306.00125,0.15277666,-32.302807
686,3.0166645,181,0,341.30615,0.1492005,-32.438972
687,3.0166645,181,0,323.5798,0.1514515,-32.56782
688,3.0166645,181,0,351.9957,0.15031347,-32.74452
689,1.2666662,76,0,3.3210223,0.15121076,-32.887802
690,3.0166645,181,0,332.7753,0.15009828,-32.80606
691,3.0166645,181,0,380.9667,0.14745302,-33.090534
692,3.0166645,181,0,323.55746,0.14989081,-33.002377
693,3.0166645,181,0,246.71536,0.14798918,-33.1482
694,3.0166645,181,0,2.7021809,0.14629589,-33.166557
695,3.0166645,181,0,310.06235,0.14902022,-33.38565
696,3.0166645,181,0,322.65897,0.14792003,-33.43683
697,3.0166645,181,0,249.03922,0.14941058,-33.62842
698,3.0166645,181,0,300.4911,0.14642358,-33.799435
699,3.0166645,181,0,289.6942,0.14788896,-33.8794
700,3.0166645,181,0,367.44122,0.14464149,-33.786076
701,3.0166645,181,0,46.632637,0.15052547,-34.24401
702,3.0166645,181,0,360.99335,0.14924729,-34.09436
703,3.0166645,181,0,327.73056,0.14657429,-34.267365
704,3.0166645,181,0,217.65932,0.14762484,-34.313263
705,3.0166645,181,0,353.45584,0.14801547,-34.564568
706,0.71666664,43,0,0.3634291,0.14617242,-34.643326
707,3.0166645,181,0,332.48035,0.14819917,-34.638283
708,3.0166645,181,0,281.47705,0.15186588,-34.770252
709,3.0166645,181,0,313.59387,0.1475717,-34.959984
710,3.0166645,181,0,310.17795,0.1467586,-35.132023
711,3.0166645,181,0,274.70596,0.14414656,-35.166405
712,3.0166645,181,0,361.68536,0.15210317,-35.295536
713,3.0166645,181,0,320.7019,0.14359386,-35.362843
714,3.0166645,181,0,328.16257,0.14564744,-35.50314
715,3.0166645,181,0,20.634785,0.14591862,-35.581043
716,3.0166645,181,0,331.60498,0.14767036,-35.57847
717,3.0166645,181,0,263.8037,0.1455869,-35.704765
718,3.0166645,181,0,323.82257,0.14531235,-35.672703
719,3.0166645,181,0,304.25238,0.14694002,-36.056347
720,3.0166645,181,0,318.67258,0.1437878,-36.150486
721,3.0166645,181,0,267.69904,0.14580508,-36.480797
722,3.0166645,181,0,297.51294,0.14570418,-36.247086
723,3.0166645,181,0,277.05423,0.14424762,-36.58894
724,3.0166645,181,0,321.3317,0.14423656,-36.618412
725,3.0166645,181,0,294.62125,0.14247735,-36.84534
726,3.0166645,181,0,277.4828,0.14406958,-36.95
727,3.0166645,181,0,345.04398,0.14395857,-37.07565
728,3.0166645,181,0,205.06996,0.14192756,-36.873486
729,3.0166645,181,0,262.51624,0.14104807,-37.384552
730,3.0166645,181,0,278.58804,0.14674656,-37.361668
731,3.0166645,181,0,232.6287,0.14703973,-37.54331
732,3.0166645,181,0,247.38954,0.14499618,-37.651585
733,3.0166645,181,0,97.648994,0.14314547,-37.55893
734,3.0166645,181,0,243.74995,0.14667581,-37.732304
735,3.0166645,181,0,196.4857,0.14583507,-37.767067
736,3.0166645,181,0,188.96165,0.1441003,-38.031834
737,3.0166645,181,0,258.088,0.14841537,-38.26612
738,3.0166645,181,0,282.87164,0.1462622,-38.434135
739,3.0166645,181,0,272.84933,0.14861651,-38.582394
740,3.0166645,181,0,312.34622,0.14654914,-38.590443
741,3.0166645,181,0,148.37216,0.1467694,-38.843708
742,3.0166645,181,0,302.32443,0.14488032,-39.018223
743,3.0166645,181,0,61.150158,0.14900085,-39.244453
744,0.9999997,60,0,0.72290707,0.14496665,-38.951115
745,3.0166645,181,0,213.60278,0.14684598,-39.08282
746,3.0166645,181,0,317.76114,0.1444283,-39.38655
747,3.0166645,181,0,225.25194,0.14855766,-39.733425
748,3.0166645,181,0,319.62338,0.14432813,-39.515743
749,3.0166645,181,0,353.01715,0.14578608,-39.941757
750,3.0166645,181,0,331.67526,0.14352721,-39.912113
751,3.0166645,181,0,291.80524,0.14951944,-40.20697
752,3.0166645,181,0,314.28784,0.14379555,-40.324654
753,3.0166645,181,0,228.1374,0.14328298,-40.319225
754,3.0166645,181,0,288.92783,0.14253682,-40.821323
755,1.4499993,87,0,3.8160233,0.14431298,-41.00175
756,3.0166645,181,0,310.96893,0.14366448,-40.7992
757,3.0166645,181,0,296.06064,0.14358899,-40.959354
758,3.0166645,181,0,215.29349,0.14571397,-40.849876
759,3.0166645,181,0,310.72665,0.14245681,-41.205036
760,3.0166645,181,0,302.95245,0.14609933,-41.372265
761,3.0166645,181,0,282.84778,0.14518683,-41.450893
762,3.0166645,181,0,329.52744,0.14548515,-41.467644
763,3.0166645,181,0,171.25015,0.14261769,-41.719395
764,3.0166645,181,0,324.05814,0.14431475,-42.18326
765,3.0166645,181,0,219.37924,0.14528471,-42.247993
766,3.0166645,181,0,215.91707,0.14532982,-42.05703
767,3.0166645,181,0,364.6141,0.14498204,-42.26226
768,3.0166645,181,0,381.45273,0.14480174,-42.63696
769,3.0166645,181,0,353.46765,0.14584579,-42.648575
770,3.0166645,181,0,405.43927,0.14646995,-42.810093
771,3.0166645,181,0,363.99042,0.14741862,-42.925972
772,3.0166645,181,0,302.90475,0.1485061,-43.27894
773,3.0166645,181,0,265.81827,0.14600477,-43.468525
774,3.0166645,181,0,403.4034,0.14957121,-43.29996
775,3.0166645,181,0,287.67545,0.15040867,-43.30562
776,3.0166645,181,0,238.16983,0.14834586,-43.526997
777,3.0166645,181,0,384.29703,0.14968437,-43.658825
778,3.0166645,181,0,357.17117,0.14898124,-43.850372
779,3.0166645,181,0,332.9283,0.15308687,-44.350407
780,3.0166645,181,0,292.94244,0.15526403,-44.322998
781,3.0166645,181,0,303.08716,0.15573888,-44.310974
782,3.0166645,181,0,309.893,0.15393925,-44.715137
783,3.0166645,181,0,369.05692,0.15431422,-44.927757
784,3.0166645,181,0,353.71738,0.15587045,-45.077877
785,3.0166645,181,0,179.47476,0.15865298,-45.244797
786,3.0166645,181,0,292.85376,0.15611842,-45.08605
787,3.0166645,181,0,319.298,0.15983076,-45.435387
788,3.0166645,181,0,283.36285,0.15670843,-45.633965
789,3.0166645,181,0,273.721,0.15616825,-45.730434
790,3.0166645,181,0,133.62756,0.15588988,-45.96976
791,3.0166645,181,0,285.4919,0.1571322,-45.855495
792,3.0166645,181,0,234.10416,0.15707363,-46.15733
793,3.0166645,181,0,309.7193,0.15731058,-46.15195
794,1.749999,105,0,1.5860326,0.15262526,-46.522312
795,3.0166645,181,0,240.26787,0.15769003,-46.64688
796,3.0166645,181,0,117.70404,0.1577831,-46.571686
797,3.0166645,181,0,361.3396,0.15709846,-46.51602
798,1.8666656,112,0,1.7955613,0.15712313,-46.857483
799,3.0166645,181,0,276.7765,0.16032048,-47.08047
800,3.0166645,181,0,261.6788,0.15631117,-46.83246
801,3.0166645,181,0,283.30035,0.15911996,-47.147602
802,3.0166645,181,0,308.86395,0.15790527,-47.29036
803,3.0166645,181,0,292.23737,0.16183615,-47.57693
804,3.0166645,181,0,305.17966,0.15843786,-47.55488
805,3.0166645,181,0,166.01495,0.15842025,-47.9433
806,3.0166645,181,0,46.481155,0.16258073,-48.128613
807,3.0166645,181,0,273.54214,0.15951872,-47.985706
808,3.0166645,181,0,276.65433,0.16412382,-48.342
809,3.0166645,181,0,270.72598,0.1599906,-48.088528
810,3.0166645,181,0,276.07108,0.16195898,-48.221954
811,3.0166645,181,0,262.33774,0.16070716,-48.3968
812,3.0166645,181,0,228.7061,0.16381508,-48.675083
813,3.0166645,181,0,307.01184,0.16240783,-48.853657
814,3.0166645,181,0,242.6752,0.16497093,-48.887833
815,1.9333322,116,0,0.46891716,0.16617662,-49.234364
816,3.0166645,181,0,291.533,0.15989119,-49.10272
817,3.0166645,181,0,293.0438,0.16577119,-49.386707
818,3.0166645,181,0,304.4361,0.16694108,-49.26707
819,3.0166645,181,0,279.56592,0.16260631,-49.623074
820,3.0166645,181,0,195.08209,0.16616438,-49.74157
821,3.0166645,181,0,198.12093,0.16306579,-49.86875
822,3.0166645,181,0,11.790646,0.16588782,-50.064342
823,3.0166645,181,0,178.32259,0.16238996,-50.202198
824,3.0166645,181,0,82.8311,0.16706392,-50.220238
825,3.0166645,181,0,207.55476,0.16942963,-50.355675
826,3.0166645,181,0,133.43767,0.16636202,-50.43154
827,3.0166645,181,0,282.19562,0.16884619,-50.50124
828,3.0166645,181,0,239.45578,0.1740381,-50.859478
829,3.0166645,181,0,63.746147,0.17249262,-50.705925
830,3.0166645,181,0,297.11267,0.17250025,-50.85014
831,3.0166645,181,0,308.99014,0.17257449,-51.214462
832,3.0166645,181,0,225.86914,0.17544878,-51.203857
833,3.0166645,181,0,207.42021,0.17444639,-51.33849
834,3.0166645,181,0,229.35303,0.17866106,-51.263176
835,3.0166645,181,0,250.72214,0.17867167,-51.650566
836,3.0166645,181,0,179.972,0.17912309,-51.650455
837,3.0166645,181,0,344.57974,0.18164825,-51.873924
838,3.0166645,181,0,303.62296,0.1796234,-51.96058
839,3.0166645,181,0,228.30632,0.1846749,-52.054443
840,0.74999994,45,0,1.0359039,0.18794495,-52.23923
841,3.0166645,181,0,299.62323,0.18823858,-52.32263
842,3.0166645,181,0,291.95844,0.18367197,-52.301556
843,3.0166645,181,0,100.55632,0.18764468,-52.61255
844,3.0166645,181,0,240.56476,0.18622817,-52.554855
845,3.0166645,181,0,152.81454,0.19119579,-52.801838
846,3.0166645,181,0,189.06136,0.19200501,-52.72782
847,3.0166645,181,0,341.87756,0.18978645,-53.164402
848,3.0166645,181,0,217.66872,0.18965827,-53.049435
849,3.0166645,181,0,303.71658,0.18799637,-53.05142
850,3.0166645,181,0,206.70381,0.19206184,-53.079712
851,3.0166645,181,0,242.01555,0.19109054,-53.52436
852,3.0166645,181,0,384.57474,0.19625364,-53.673096
853,3.0166645,181,0,293.5604,0.193493,-53.77804
854,3.0166645,181,0,214.72705,0.19709818,-53.75323
855,3.0166645,181,0,248.10268,0.19532642,-53.97468
856,3.0166645,181,0,160.06076,0.19947326,-54.204266
857,3.0166645,181,0,280.92505,0.19381042,-54.344597
858,0.7666666,46,0,2.3667138,0.19918142,-54.411293
859,3.0166645,181,0,33.984077,0.19983828,-54.27
860,3.0166645,181,0,253.49854,0.19737595,-54.442818
861,3.0166645,181,0,336.93427,0.19879515,-54.371452
862,0.7666666,46,0,1.8578795,0.20160896,-54.53053
863,3.0166645,181,0,221.51987,0.19637111,-54.423203
864,3.0166645,181,0,274.4777,0.20153873,-54.73326
865,3.0166645,181,0,175.06529,0.19879134,-54.900642
866,0.74999994,45,0,2.169956,0.2009608,-54.206238
867,3.0166645,181,0,308.58624,0.20135863,-54.88158
868,3.0166645,181,0,209.5856,0.20333189,-54.985134
869,3.0166645,181,0,227.4571,0.20236161,-55.237278
870,3.0166645,181,0,181.67291,0.20413318,-55.25699
871,3.0166645,181,0,279.73047,0.20508854,-55.056335
872,3.0166645,181,0,270.39767,0.20163578,-55.461613
873,3.0166645,181,0,208.59256,0.20138916,-55.549156
874,3.0166645,181,0,321.12234,0.20844862,-55.913597
875,3.0166645,181,0,242.93245,0.20551686,-55.955433
876,3.0166645,181,0,329.4538,0.2037375,-55.91277
877,3.0166645,181,0,291.02774,0.20602854,-55.837063
878,3.0166645,181,0,279.2543,0.20296626,-56.472095
879,3.0166645,181,0,208.1555,0.20387693,-56.163963
880,3.0166645,181,0,264.49622,0.20850879,-56.761097
881,3.0166645,181,0,168.12843,0.20871538,-56.54136
882,3.0166645,181,0,219.31406,0.20440981,-56.55223
883,3.0166645,181,0,270.95697,0.20539232,-56.75217
884,3.0166645,181,0,144.29858,0.20486687,-56.804024
885,3.0166645,181,0,262.81372,0.20467009,-57.120308
886,3.0166645,181,0,269.29495,0.20630978,-56.95098
887,3.0166645,181,0,222.44225,0.20889945,-56.93684
888,3.0166645,181,0,311.43802,0.20750907,-57.220783
889,3.0166645,181,0,177.8566,0.20417306,-57.67633
890,3.0166645,181,0,238.5597,0.20133956,-57.507137
891,3.0166645,181,0,208.03423,0.20656854,-57.671787
892,3.0166645,181,0,272.33868,0.20643258,-57.646133
893,3.0166645,181,0,261.2434,0.20432545,-57.83927
894,3.0166645,181,0,207.49295,0.20798181,-58.01796
895,3.0166645,181,0,346.09244,0.20596567,-58.09345
896,3.0166645,181,0,221.71118,0.20676772,-58.265194
897,3.0166645,181,0,226.30327,0.20362182,-58.346405
898,3.0166645,181,0,248.62375,0.20457473,-58.46573
899,3.0166645,181,0,204.20496,0.20409632,-58.602512
900,3.0166645,181,0,271.32297,0.20456468,-58.665913
901,3.0166645,181,0,406.8556,0.20336315,-58.553978
902,3.0166645,181,0,350.79962,0.20825031,-58.83383
903,3.0166645,181,0,281.6607,0.20289472,-58.911972
904,3.0166645,181,0,270.3002,0.20807205,-59.061653
905,3.0166645,181,0,276.45248,0.20931904,-59.172432
906,3.0166645,181,0,351.7258,0.21158852,-59.49897
907,3.0166645,181,0,237.95258,0.20620233,-59.644672
908,3.0166645,181,0,206.16626,0.2079566,-59.543385
909,3.0166645,181,0,48.459736,0.2132815,-59.47934
910,3.0166645,181,0,201.85606,0.20997879,-59.696796
911,3.0166645,181,0,184.07922,0.20916831,-59.88054
912,3.0166645,181,0,225.52989,0.21179725,-60.101105
913,3.0166645,181,0,183.32474,0.20688649,-59.974342
914,3.0166645,181,0,236.00412,0.20913024,-60.067875
915,3.0166645,181,0,340.6159,0.20468631,-60.062008
916,3.0166645,181,0,235.91454,0.20785087,-60.1616
917,3.0166645,181,0,203.92169,0.2028173,-60.426273
918,3.0166645,181,0,308.72702,0.20557687,-60.41864
919,3.0166645,181,0,233.00163,0.20471784,-60.498657
920,3.0166645,181,0,268.80453,0.20082884,-60.537125
921,3.0166645,181,0,382.62515,0.20124254,-60.976307
922,3.0166645,181,0,326.49716,0.20185629,-60.923
923,3.0166645,181,0,122.16916,0.19919151,-61.03821
924,3.0166645,181,0,185.3306,0.20984177,-61.360615
925,3.0166645,181,0,275.29483,0.2062158,-61.363964
926,3.0166645,181,0,423.32407,0.20151415,-61.31155
927,3.0166645,181,0,299.0321,0.20693193,-61.51536
928,3.0166645,181,0,160.69835,0.20474716,-61.355618
929,3.0166645,181,0,266.74402,0.20306034,-61.93155
930,3.0166645,181,0,255.68141,0.20478849,-62.101875
931,3.0166645,181,0,291.1949,0.20046552,-62.012722
932,3.0166645,181,0,12.401533,0.20517609,-61.986755
933,3.0166645,181,0,328.6699,0.20113066,-62.102352
934,3.0166645,181,0,132.81587,0.2041293,-62.216583
935,3.0166645,181,0,278.1,0.20703086,-62.266003
936,3.0166645,181,0,355.81845,0.20037186,-62.4816
937,3.0166645,181,0,309.57874,0.20261434,-62.708126
938,3.0166645,181,0,233.54747,0.20181705,-62.757656
939,3.0166645,181,0,241.52716,0.20135993,-62.92437
940,3.0166645,181,0,242.24281,0.20339237,-63.111126
941,3.0166645,181,0,153.73178,0.20267205,-63.221626
942,3.0166645,181,0,257.3943,0.20031163,-63.110947
943,3.0166645,181,0,360.49545,0.20569958,-63.362217
944,3.0166645,181,0,195.91066,0.20540495,-63.58055
945,3.0166645,181,0,290.06573,0.204501,-63.697
946,3.0166645,181,0,341.79587,0.19961017,-63.72252
947,3.0166645,181,0,302.63193,0.20602477,-63.63993
948,3.0166645,181,0,123.96318,0.19931884,-63.835228
949,3.0166645,181,0,389.4845,0.20397371,-64.07387
950,3.0166645,181,0,160.3844,0.20644765,-64.20586
951,3.0166645,181,0,226.88174,0.20764606,-64.50969
952,3.0166645,181,0,244.01079,0.20341498,-64.52207
953,3.0166645,181,0,318.18964,0.2073272,-64.62909
954,3.0166645,181,0,345.9821,0.2047429,-64.69692
955,3.0166645,181,0,245.99226,0.1989152,-64.91539
956,3.0166645,181,0,240.27014,0.20527762,-64.89704
957,3.0166645,181,0,312.44125,0.2016814,-64.8623
958,3.0166645,181,0,247.97357,0.20312956,-65.16666
959,3.0166645,181,0,361.66476,0.2033349,-65.312706
960,3.0166645,181,0,355.6913,0.20029216,-65.32626
961,3.0166645,181,0,294.0058,0.199939,-65.28447
962,3.0166645,181,0,264.20004,0.20128798,-65.69996
963,3.0166645,181,0,306.23627,0.19757476,-65.61241
964,3.0166645,181,0,343.8867,0.1999152,-65.840034
965,3.0166645,181,0,256.2229,0.19938093,-66.01332
966,3.0166645,181,0,309.73022,0.19740166,-66.043304
967,3.0166645,181,0,400.1076,0.19338644,-66.13248
968,3.0166645,181,0,265.28488,0.19950098,-66.35482
969,3.0166645,181,0,357.5567,0.1982323,-66.42399
970,3.0166645,181,0,221.30159,0.19507712,-66.59203
971,3.0166645,181,0,306.62756,0.19576773,-66.61488
972,3.0166645,181,0,360.32532,0.19424993,-66.88319
973,3.0166645,181,0,303.1487,0.19372632,-67.06718
974,3.0166645,181,0,352.74567,0.1905475,-67.465546
975,3.0166645,181,0,294.46112,0.1874245,-67.23611
976,0.71666664,43,0,4.245756,0.19055124,-67.68168
977,3.0166645,181,0,342.03632,0.19148834,-67.37336
978,3.0166645,181,0,178.2968,0.18953101,-67.51634
979,3.0166645,181,0,303.3276,0.18954101,-67.64412
980,3.0166645,181,0,269.1181,0.19061147,-67.97392
981,3.0166645,181,0,142.43262,0.18862644,-67.92376
982,3.0166645,181,0,130.28867,0.18718235,-67.76114
983,3.0166645,181,0,251.49397,0.18658453,-68.16451
984,3.0166645,181,0,258.15326,0.18963604,-68.00689
985,3.0166645,181,0,320.04956,0.18670541,-68.34606
986,3.0166645,181,0,207.96252,0.1864742,-68.286255
987,3.0166645,181,0,301.68924,0.18884917,-68.28504
988,3.0166645,181,0,372.66418,0.18799357,-68.48096
989,3.0166645,181,0,353.84692,0.18882553,-68.439384
990,0.8333332,50,0,17.853947,0.18695568,-68.55658
991,3.0166645,181,0,1.8977121,0.18426687,-68.7996
992,3.0166645,181,0,119.52402,0.18920557,-68.63093
993,3.0166645,181,0,370.836,0.19002049,-68.66985
994,3.0166645,181,0,311.73853,0.19260386,-68.86503
995,3.0166645,181,0,150.74944,0.18798141,-69.12518
996,3.0166645,181,0,367.8492,0.19176671,-69.11316
997,3.0166645,181,0,162.20323,0.19352713,-69.25342
998,3.0166645,181,0,326.43564,0.19120678,-69.21332
999,3.0166645,181,0,289.60596,0.19311136,-69.33917
1000,0.7333333,44,0,4.3135104,0.18817253,-69.52555
1001,3.0166645,181,0,396.45578,0.1929624,-69.62573
1002,3.0166645,181,0,249.71754,0.19191845,-69.40904
1003,3.0166645,181,0,238.957,0.19060735,-69.70611
1004,3.0166645,181,0,140.77866,0.19250388,-69.86482
1005,3.0166645,181,0,181.9895,0.19188264,-69.919914
1006,3.0166645,181,0,251.23941,0.19034238,-69.740265
1007,3.0166645,181,0,277.2238,0.19190925,-69.70926
1008,0.78333324,47,0,3.7769287,0.18530998,-69.64227
1009,3.0166645,181,0,221.79039,0.19085276,-69.954666
1010,3.0166645,181,0,296.06744,0.19105962,-70.01457
1011,3.0166645,181,0,331.46222,0.19210146,-70.05604
1012,3.0166645,181,0,6.9047384,0.19530834,-69.985054
1013,0.5666668,34,0,1.3135028,0.19827044,-70.32529
1014,3.0166645,181,0,247.04132,0.19530074,-70.111694
1015,3.0166645,181,0,97.21627,0.19046338,-70.32094
1016,3.0166645,181,0,294.5138,0.19162712,-70.23422
1017,0.68333334,41,0,1.8593577,0.18506184,-69.89499
1018,3.0166645,181,0,280.75372,0.19541459,-70.24877
1019,3.0166645,181,0,398.15277,0.1890352,-70.407486
1020,3.0166645,181,0,296.54184,0.18908973,-70.48078
1021,3.0166645,181,0,338.36774,0.18643066,-70.56965
1022,3.0166645,181,0,89.70193,0.19143523,-70.61479
1023,3.0166645,181,0,244.20569,0.19284695,-70.34974
1024,3.0166645,181,0,236.07918,0.18896592,-70.67356
1025,3.0166645,181,0,397.4118,0.1933836,-70.63211
1026,3.0166645,181,0,162.68887,0.19067338,-71.00614
1027,3.0166645,181,0,170.51038,0.19185197,-70.93875
1028,3.0166645,181,0,214.69386,0.19112088,-70.73169
1029,3.0166645,181,0,198.75739,0.19605607,-70.98115
1030,3.0166645,181,0,259.79028,0.195336,-70.972626
1031,3.0166645,181,0,155.6972,0.1955547,-70.95419
1032,0.7666666,46,0,4.9168377,0.19150645,-71.3153
1033,3.0166645,181,0,373.02682,0.1978416,-71.091835
1034,3.0166645,181,0,253.48921,0.19514108,-71.42334
1035,3.0166645,181,0,232.66556,0.195687,-71.26052
1036,3.0166645,181,0,181.25993,0.19750978,-71.27179
1037,3.0166645,181,0,240.99896,0.20281129,-71.31521
1038,1.5166659,91,0,0.47892547,0.20218283,-71.36628
1039,3.0166645,181,0,38.988277,0.20126465,-71.16425
1040,3.0166645,181,0,393.55582,0.19883624,-71.47167
1041,3.0166645,181,0,179.22908,0.20566124,-71.44909
1042,3.0166645,181,0,459.95486,0.20213312,-71.47232
1043,3.0166645,181,0,318.63986,0.20538549,-71.618904
1044,3.0166645,181,0,132.89815,0.20368458,-71.57226
1045,3.0166645,181,0,225.19637,0.20350713,-71.72067
1046,3.0166645,181,0,268.60345,0.20669681,-71.653
1047,3.0166645,181,0,363.74203,0.20692205,-71.92039
1048,3.0166645,181,0,318.89832,0.20316926,-71.843216
1049,3.0166645,181,0,330.61923,0.2059019,-71.85422
1050,1.0333331,62,0,1.0839776,0.20263591,-71.96976
1051,0.7666666,46,0,1.9558847,0.20455924,-72.118744
1052,3.0166645,181,0,228.70267,0.21009748,-71.931335
1053,3.0166645,181,0,316.1752,0.20560966,-72.22851
1054,3.0166645,181,0,376.31055,0.2055524,-72.3725
1055,3.0166645,181,0,193.26997,0.21100618,-72.1387
1056,3.0166645,181,0,256.73065,0.2111254,-72.34305
1057,3.0166645,181,0,206.82077,0.20748466,-72.47265
1058,3.0166645,181,0,76.277084,0.20802015,-72.40363
1059,0.6000001,36,0,1.3577408,0.21568763,-72.31969
1060,0.7999999,48,0,5.972152,0.20688084,-72.694725
1061,3.0166645,181,0,297.07864,0.2070067,-72.527504
1062,3.0166645,181,0,264.73666,0.20884044,-72.44253
1063,3.0166645,181,0,415.69894,0.21127166,-72.54091
1064,2.8833313,173,0,27.476389,0.20870753,-72.566956
1065,3.0166645,181,0,52.642742,0.21081807,-72.44046
1066,3.0166645,181,0,291.34558,0.21410598,-72.67454
1067,3.0166645,181,0,248.18246,0.21527997,-72.485535
1068,3.0166645,181,0,68.748695,0.21724974,-72.50527
1069,3.0166645,181,0,237.31395,0.21532027,-72.82446
1070,3.0166645,181,0,206.48117,0.2112349,-72.65626
1071,3.0166645,181,0,57.416317,0.216374,-72.78659
1072,3.0166645,181,0,168.93073,0.21535142,-72.86157
1073,0.88333315,53,0,17.79833,0.2099403,-73.128845
1074,3.0166645,181,0,397.9004,0.21423869,-72.92574
1075,3.0166645,181,0,243.92836,0.21542627,-72.86877
1076,3.0166645,181,0,299.09464,0.21470657,-73.11475
1077,3.0166645,181,0,294.46927,0.22086532,-73.1469
1078,3.0166645,181,0,150.37105,0.21630047,-72.977394
1079,3.0166645,181,0,294.35913,0.21257113,-73.03649
1080,3.0166645,181,0,274.3932,0.21469668,-73.24786
1081,3.0166645,181,0,309.12097,0.21789287,-73.15086
1082,3.0166645,181,0,146.60333,0.2118431,-73.10794
1083,3.0166645,181,0,304.0775,0.21361442,-73.26985
1084,3.0166645,181,0,177.63525,0.21536627,-73.28689
1085,3.0166645,181,0,266.00418,0.21426253,-73.24415
1086,3.0166645,181,0,194.83073,0.21586193,-73.378334
1087,3.0166645,181,0,293.9151,0.21674925,-73.49729
1088,3.0166645,181,0,298.73764,0.21519817,-73.32752
1089,3.0166645,181,0,146.20601,0.21758799,-73.36886
1090,3.0166645,181,0,317.33533,0.21503027,-73.46953
1091,3.0166645,181,0,247.02785,0.22420184,-73.43509
1092,0.6000001,36,0,5.361961,0.22862938,-73.1597
1093,3.0166645,181,0,268.06192,0.21935827,-73.55789
1094,3.0166645,181,0,327.20703,0.22589225,-73.53804
1095,3.0166645,181,0,225.99333,0.22754379,-73.67566
1096,3.0166645,181,0,232.6385,0.22058934,-73.748085
1097,3.0166645,181,0,208.35265,0.2282762,-73.864624
1098,3.0166645,181,0,180.14009,0.22212036,-73.96248
1099,3.0166645,181,0,268.84662,0.2211266,-73.78893
1100,3.0166645,181,0,77.63959,0.21998104,-73.84891
1101,3.0166645,181,0,288.96136,0.22656919,-73.83157
1102,3.0166645,181,0,214.48772,0.22851478,-73.988754
1103,3.0166645,181,0,81.47185,0.21702604,-74.04092
1104,0.65000004,39,0,2.2987366,0.21965699,-73.796165
1105,0.6666667,40,0,0.33230478,0.2153594,-74.07643
1106,3.0166645,181,0,320.09543,0.22334875,-74.00138
1107,0.8333332,50,0,0.7632627,0.22030109,-74.28632
1108,3.0166645,181,0,314.95743,0.21429487,-74.32203
1109,1.0166664,61,0,0.7005855,0.2208127,-74.427734
1110,1.2499995,75,0,22.046953,0.22140443,-74.23824
1111,0.7,42,0,2.3312972,0.22561602,-74.63574
1112,3.0166645,181,0,153.1731,0.22383045,-74.22749
1113,3.0166645,181,0,310.68283,0.22220244,-74.19669
1114,3.0166645,181,0,283.43927,0.22452605,-74.44957
1115,3.0166645,181,0,319.44138,0.22138363,-74.577576
1116,3.0166645,181,0,213.30902,0.22212507,-74.53189
1117,3.0166645,181,0,326.75165,0.22079144,-74.86181
1118,3.0166645,181,0,283.45248,0.22671092,-74.736115
1119,3.0166645,181,0,259.91803,0.22140488,-74.96371
1120,3.0166645,181,0,277.34802,0.22067063,-75.08064
1121,3.0166645,181,0,274.5607,0.22281027,-75.0601
1122,3.0166645,181,0,284.63162,0.22192527,-75.309166
1123,3.0166645,181,0,300.8434,0.22591183,-75.28863
1124,3.0166645,181,0,247.222,0.21836783,-75.58447
1125,3.0166645,181,0,323.9644,0.22084346,-75.563545
1126,3.0166645,181,0,297.39908,0.21845576,-75.81656
1127,1.3666661,82,0,26.044897,0.22577462,-75.62736
1128,3.0166645,181,0,286.36566,0.22499084,-75.86182
1129,3.0166645,181,0,278.7227,0.21942405,-76.15377
1130,3.0166645,181,0,377.55612,0.22091293,-76.057526
1131,3.0166645,181,0,315.77603,0.2190358,-76.362305
1132,3.0166645,181,0,190.10959,0.22120276,-76.26437
1133,3.0166645,181,0,111.91441,0.21505776,-76.34743
1134,0.91666645,55,0,4.0710998,0.21477635,-76.033875
1135,0.71666664,43,0,1.2776252,0.21683241,-75.967155
1136,3.0166645,181,0,313.5453,0.21099803,-76.50831
1137,0.5666668,34,0,0.5758641,0.20769829,-76.86076
1138,3.0166645,181,0,336.04712,0.21493109,-76.55847
1139,1.2999995,78,0,8.083142,0.21770515,-76.71196
1140,3.0166645,181,0,246.43855,0.21669097,-76.46848
1141,3.0166645,181,0,319.4379,0.22256108,-76.45648
1142,1.2333329,74,0,2.39379,0.21961002,-76.89381
1143,3.0166645,181,0,297.6442,0.21907197,-76.743904
1144,3.0166645,181,0,350.31412,0.21649432,-77.00038
1145,0.5666668,34,0,2.5189383,0.21386106,-77.05868
1146,0.7666666,46,0,5.615093,0.21797504,-77.03883
1147,3.0166645,181,0,237.93475,0.21976876,-76.9739
1148,3.0166645,181,0,383.3735,0.2201973,-77.128105
1149,0.7,42,0,1.5889121,0.21882682,-77.64681
1150,3.0166645,181,0,327.51746,0.21821539,-77.18982
1151,3.0166645,181,0,322.2739,0.22020993,-77.284
1152,0.48333353,29,0,0.56913966,0.21725483,-77.24155
1153,0.81666654,49,0,13.935725,0.2152334,-77.13383
1154,3.0166645,181,0,245.45204,0.22083876,-77.45132
1155,0.7333333,44,0,1.324119,0.21733847,-77.74963
1156,3.0166645,181,0,301.71344,0.22140579,-77.55614
1157,3.0166645,181,0,286.63086,0.21783313,-77.52383
1158,3.0166645,181,0,315.33582,0.21508384,-77.8391
1159,3.0166645,181,0,205.00131,0.223422,-77.8405
1160,3.0166645,181,0,282.76022,0.22341527,-77.83344
1161,3.0166645,181,0,310.34897,0.21873787,-77.80943
1162,0.7666666,46,0,0.7313822,0.21172443,-77.390594
1163,0.7666666,46,0,0.6225206,0.22434114,-77.706764
1164,3.0166645,181,0,369.39026,0.22478803,-77.86211
1165,3.0166645,181,0,314.31155,0.22244257,-77.974174
1166,0.7333333,44,0,2.2347825,0.22901201,-78.50645
1167,0.58333343,35,0,6.7322836,0.22170109,-78.34213
1168,0.5666668,34,0,1.3868469,0.22458863,-77.86525
1169,3.0166645,181,0,354.57642,0.22400616,-78.168205
1170,3.0166645,181,0,406.33484,0.22016007,-78.21473
1171,3.0166645,181,0,276.4059,0.22014923,-78.43809
1172,3.0166645,181,0,282.36838,0.22392671,-78.66578
1173,0.6333334,38,0,1.9251603,0.23250872,-78.32083
1174,3.0166645,181,0,335.01868,0.22743253,-78.843605
1175,3.0166645,181,0,237.65886,0.22658797,-78.68533
1176,0.68333334,41,0,1.4030753,0.22137368,-79.19001
1177,3.0166645,181,0,380.99866,0.22020935,-78.83017
1178,3.0166645,181,0,364.7232,0.22443187,-78.92085
1179,3.0166645,181,0,313.44736,0.22380523,-79.18066
1180,3.0166645,181,0,359.04788,0.21707341,-79.343056
1181,0.4333335,26,0,0.66049206,0.22406767,-79.11504
1182,3.0166645,181,0,321.71323,0.2207466,-79.323166
1183,0.55000013,33,0,1.5080156,0.22003132,-79.97882
1184,0.58333343,35,0,2.8125994,0.23096883,-79.17105
1185,0.48333353,29,0,1.125374,0.20652193,-79.298485
1186,3.0166645,181,0,273.7071,0.22374254,-79.431755
1187,3.0166645,181,0,340.00287,0.2198624,-79.52735
1188,0.55000013,33,0,3.033112,0.21521662,-79.754425
1189,3.0166645,181,0,302.85788,0.22559112,-79.65402
1190,3.0166645,181,0,252.60652,0.22303838,-79.71338
1191,0.6000001,36,0,2.2816503,0.22473265,-79.609726
1192,3.0166645,181,0,266.3552,0.22294745,-79.86934
1193,1.4499993,87,0,22.255562,0.21681835,-79.746056
1194,0.6000001,36,0,2.7743876,0.22648144,-79.895935
1195,3.0166645,181,0,354.62177,0.22599454,-79.99242
1196,3.0166645,181,0,254.2062,0.2254164,-79.950226
1197,3.0166645,181,0,364.66525,0.2271155,-80.07985
1198,3.0166645,181,0,301.76254,0.23342247,-80.00904
1199,3.0166645,181,0,263.3089,0.22850233,-80.13445
1200,3.0166645,181,0,351.09842,0.23238221,-80.29124
1201,0.98333305,59,0,1.3617531,0.22238323,-80.13315
1202,3.0166645,181,0,328.54593,0.23101464,-80.35224
1203,3.0166645,181,0,353.13174,0.23302613,-80.3665
1204,0.84999985,51,0,7.58182,0.23895003,-80.54327
1205,3.0166645,181,0,299.7584,0.23691837,-80.48366
1206,3.0166645,181,0,311.46204,0.23431818,-80.60914
1207,3.0166645,181,0,308.2597,0.23456776,-80.576706
1208,0.45000017,27,0,0.68497705,0.2428837,-80.286835
1209,3.0166645,181,0,300.48215,0.23562588,-80.67005
1210,0.74999994,45,0,2.0340388,0.23730932,-80.39537
1211,3.0166645,181,0,319.14767,0.24684624,-80.75146
1212,3.0166645,181,0,288.2694,0.24316816,-80.871925
1213,3.0166645,181,0,266.5289,0.23945002,-80.87695
1214,0.5333335,32,0,1.8164254,0.25722882,-80.70895
1215,0.68333334,41,0,4.810681,0.24922946,-80.97062
1216,3.0166645,181,0,299.04968,0.24831726,-80.77315
1217,3.0166645,181,0,366.3836,0.24284121,-80.83531
1218,3.0166645,181,0,373.92026,0.24207558,-81.17138
1219,3.0166645,181,0,285.86435,0.24651347,-81.150085
1220,3.0166645,181,0,296.78915,0.25004897,-81.2859
1221,3.0166645,181,0,261.30658,0.25155258,-81.13112
1222,3.0166645,181,0,229.65477,0.2536165,-81.19688
1223,3.0166645,181,0,314.2531,0.2550753,-81.446106
1224,3.0166645,181,0,317.7605,0.25416812,-81.40935
1225,3.0166645,181,0,353.25418,0.25806788,-81.39241
1226,0.5166668,31,0,0.9126687,0.2512852,-81.31615
1227,3.0166645,181,0,281.89728,0.2527126,-81.35664
1228,3.0166645,181,0,245.06973,0.25976762,-81.36534
1229,0.98333305,59,0,8.024493,0.26462352,-81.45791
1230,3.0166645,181,0,235.25822,0.2730343,-81.37164
1231,3.0166645,181,0,263.72433,0.26996595,-81.273735
1232,0.55000013,33,0,1.0354433,0.27941725,-81.318565
1233,3.0166645,181,0,266.74744,0.26151818,-81.443756
1234,3.0166645,181,0,264.4121,0.27209648,-81.32763
1235,0.8999998,54,0,4.369457,0.27383357,-81.29134
1236,3.0166645,181,0,147.62204,0.26429665,-81.52758
1237,1.849999,111,0,13.479179,0.27376077,-81.41502
1238,3.0166645,181,0,255.04192,0.26742595,-81.29943
1239,0.6666667,40,0,4.6958585,0.27699116,-81.26963
1240,3.0166645,181,0,271.3319,0.27454513,-81.33117
1241,0.55000013,33,0,0.7991297,0.2656097,-81.4023
1242,3.0166645,181,0,319.9199,0.27132487,-81.28457
1243,0.9333331,56,0,7.446336,0.2705724,-81.39449
1244,3.0166645,181,0,305.32324,0.27333215,-81.296104
1245,0.5666668,34,0,2.5284255,0.27842903,-81.39006
1246,3.0166645,181,0,295.94183,0.26902536,-81.452675
1247,3.0166645,181,0,305.45303,0.27538452,-81.33287
1248,3.0166645,181,0,312.60617,0.27460948,-81.28693
1249,0.9999997,60,0,5.5044236,0.2720198,-81.38561
1250,3.0166645,181,0,386.61472,0.269782,-81.24182
1251,0.98333305,59,0,19.269918,0.27904063,-80.96654
1252,0.5166668,31,0,1.295467,0.26978925,-81.5109
1253,3.0166645,181,0,283.13934,0.27525395,-81.12374
1254,0.55000013,33,0,1.5140157,0.26852435,-81.26174
1255,3.0166645,181,0,347.0807,0.2753703,-81.20652
1256,3.0166645,181,0,258.6317,0.2769233,-81.0542
1257,3.0166645,181,0,241.3222,0.27427924,-81.04349
1258,0.7,42,0,0.87422895,0.26919624,-81.14701
1259,3.0166645,181,0,321.51624,0.2687492,-81.11482
1260,0.94999975,57,0,2.7700107,0.2804185,-81.250374
1261,3.0166645,181,0,303.64267,0.27860507,-81.16232
1262,3.0166645,181,0,217.02094,0.28355402,-81.09925
1263,3.0166645,181,0,392.42993,0.27398404,-81.13198
1264,1.2499995,75,0,2.2076359,0.2752074,-80.85602
1265,0.7666666,46,0,3.1336925,0.27793154,-81.02326
1266,3.0166645,181,0,299.9589,0.27948898,-81.03912
1267,3.0166645,181,0,252.41408,0.27667293,-80.89593
1268,3.0166645,181,0,391.33557,0.2716141,-81.09407
1269,3.0166645,181,0,112.1957,0.27795678,-80.99732
1270,3.0166645,181,0,314.02142,0.27607128,-81.01198
1271,3.0166645,181,0,317.76132,0.27731034,-80.84355
1272,3.0166645,181,0,224.48141,0.27995178,-81.00561
1273,0.8999998,54,0,1.4095403,0.27075475,-81.0463
1274,3.0166645,181,0,319.11703,0.28182808,-80.83458
1275,3.0166645,181,0,206.93144,0.2725027,-80.85837
1276,3.0166645,181,0,307.82846,0.27502245,-80.53131
1277,3.0166645,181,0,129.37134,0.2764688,-80.653435
1278,3.0166645,181,0,196.85912,0.2839324,-80.506805
1279,0.58333343,35,0,0.6001465,0.29448378,-80.55674
1280,3.0166645,181,0,354.5366,0.2762432,-80.44865
1281,0.91666645,55,0,6.130369,0.27477753,-80.58022
1282,3.0166645,181,0,287.29617,0.27899268,-80.63887
1283,3.0166645,181,0,237.60199,0.28266907,-80.480576
1284,3.0166645,181,0,261.19174,0.2855749,-80.58118
1285,3.0166645,181,0,292.8395,0.28135186,-80.57783
1286,3.0166645,181,0,183.43462,0.28568944,-80.24435
1287,3.0166645,181,0,236.93646,0.27867284,-80.386055
1288,3.0166645,181,0,419.75317,0.2799386,-80.30365
1289,3.0166645,181,0,240.97995,0.28018498,-80.18569
1290,3.0166645,181,0,241.09137,0.27820548,-80.246155
1291,3.0166645,181,0,332.123,0.28389257,-80.20054
1292,3.0166645,181,0,229.32439,0.27917376,-80.16221
1293,0.7666666,46,0,3.3373272,0.28755105,-80.32772
1294,3.0166645,181,0,285.22797,0.28212062,-79.94953
1295,3.0166645,181,0,285.90475,0.28355145,-80.02586
1296,3.0166645,181,0,309.88858,0.27780575,-79.8482
1297,3.0166645,181,0,326.52762,0.27764598,-79.82907
1298,3.0166645,181,0,331.62628,0.28078568,-79.98881
1299,3.0166645,181,0,304.2368,0.28525016,-80.0656
1300,3.0166645,181,0,193.23474,0.2787223,-79.91905
1301,3.0166645,181,0,346.12854,0.28383178,-80.0836
1302,3.0166645,181,0,301.08563,0.27612576,-80.10767
1303,3.0166645,181,0,285.33475,0.28254586,-80.11235
1304,3.0166645,181,0,267.83917,0.27541602,-80.12816
1305,3.0166645,181,0,234.44957,0.27983284,-80.03803
1306,3.0166645,181,0,364.19562,0.2807294,-79.86277
1307,3.0166645,181,0,359.19135,0.27654964,-79.93301
1308,3.0166645,181,0,318.9205,0.28033894,-79.948875
1309,3.0166645,181,0,108.71168,0.27938944,-79.96665
1310,3.0166645,181,0,224.41064,0.27979043,-79.7494
1311,3.0166645,181,0,274.9776,0.2819078,-79.686195
1312,3.0166645,181,0,366.2999,0.28699145,-79.901405
1313,0.5166668,31,0,2.9025776,0.28978816,-79.531906
1314,3.0166645,181,0,320.74976,0.2850021,-79.92598
1315,3.0166645,181,0,314.08002,0.28631243,-79.66755
1316,3.0166645,181,0,160.07697,0.28372708,-79.7497
1317,3.0166645,181,0,254.80354,0.28933415,-79.72861
1318,3.0166645,181,0,347.03854,0.29871964,-79.647606
1319,3.0166645,181,0,228.4653,0.2945578,-79.70634
1320,3.0166645,181,0,379.30338,0.29190418,-79.51816
1321,3.0166645,181,0,279.97275,0.2999433,-79.61222
1322,3.0166645,181,0,220.48901,0.29936248,-79.69488
1323,3.0166645,181,0,213.29753,0.29927957,-79.71118
1324,3.0166645,181,0,95.23613,0.30740824,-79.43667
1325,3.0166645,181,0,273.85794,0.3051788,-79.419365
1326,3.0166645,181,0,295.56247,0.30473763,-79.50531
1327,3.0166645,181,0,206.06683,0.30791205,-79.36722
1328,3.0166645,181,0,368.9642,0.30508575,-79.40213
1329,3.0166645,181,0,207.01074,0.30643,-79.45518
1330,3.0166645,181,0,244.39464,0.31190658,-79.346016
1331,3.0166645,181,0,278.80405,0.31144905,-79.476494
1332,2.3333318,140,0,2.1160653,0.31260404,-79.3627
1333,3.0166645,181,0,250.1077,0.3151547,-79.13826
1334,3.0166645,181,0,317.2176,0.32093784,-79.26512
1335,3.0166645,181,0,276.63126,0.3226347,-79.10272
1336,3.0166645,181,0,99.67403,0.32142916,-79.24469
1337,3.0166645,181,0,279.47888,0.32421008,-79.293335
1338,3.0166645,181,0,318.37958,0.3303083,-79.10814
1339,3.0166645,181,0,297.4148,0.3361291,-79.25227
1340,3.0166645,181,0,194.67953,0.32902345,-79.12974
1341,3.0166645,181,0,246.96024,0.34202272,-79.03405
1342,0.6666667,40,0,1.8622359,0.33711493,-78.949875
1343,3.0166645,181,0,232.75085,0.3395535,-79.15148
1344,3.0166645,181,0,284.32117,0.3406025,-79.055305
1345,3.0166645,181,0,266.84766,0.33859968,-79.00003
1346,0.84999985,51,0,0.4316475,0.33204907,-79.10192
1347,3.0166645,181,0,236.97305,0.33946636,-78.87398
1348,3.0166645,181,0,325.27112,0.33729348,-78.92963
1349,3.0166645,181,0,254.5378,0.34169134,-78.96811
1350,3.0166645,181,0,215.31676,0.341487,-78.838165
1351,3.0166645,181,0,265.10382,0.34152403,-78.78528
1352,3.0166645,181,0,319.89362,0.3400444,-78.71486
1353,3.0166645,181,0,282.76053,0.34670866,-78.70305
1354,3.0166645,181,0,263.4663,0.34555376,-78.77704
1355,3.0166645,181,0,380.91113,0.3409883,-78.70308
1356,3.0166645,181,0,301.29868,0.34067002,-78.79556
1357,3.0166645,181,0,339.6076,0.34877557,-78.85115
1358,3.0166645,181,0,280.0519,0.33664092,-78.936646
1359,3.0166645,181,0,304.87643,0.33947405,-78.76369
1360,3.0166645,181,0,246.96233,0.33931857,-78.78415
1361,3.0166645,181,0,146.1535,0.33643195,-78.92208
1362,3.0166645,181,0,151.62,0.34303707,-78.72751
1363,3.0166645,181,0,258.7363,0.34227538,-78.75569
1364,3.0166645,181,0,137.47974,0.33939382,-78.70193
1365,3.0166645,181,0,290.99213,0.34137887,-78.69699
1366,3.0166645,181,0,106.320465,0.3453528,-78.625534
1367,3.0166645,181,0,123.109505,0.33963615,-78.59259
1368,3.0166645,181,0,364.61926,0.34453848,-78.82886
1369,3.0166645,181,0,171.46706,0.34471515,-78.68356
1370,3.0166645,181,0,167.38556,0.34251717,-78.521904
1371,3.0166645,181,0,347.95984,0.36029202,-78.52147
1372,3.0166645,181,0,238.68408,0.35806423,-78.54777
1373,3.0166645,181,0,277.89246,0.34995437,-78.44506
1374,3.0166645,181,0,258.52097,0.3532173,-78.42405
1375,3.0166645,181,0,234.96606,0.360817,-78.25713
1376,3.0166645,181,0,184.02812,0.35355246,-78.34522
1377,0.8999998,54,0,0.73095924,0.35399443,-78.50016
1378,0.6000001,36,0,0.93841416,0.34119147,-78.644394
1379,3.0166645,181,0,335.4199,0.35851002,-78.19768
1380,3.0166645,181,0,173.30013,0.36037725,-78.45816
1381,3.0166645,181,0,327.8141,0.35600626,-78.1904
1382,3.0166645,181,0,258.91113,0.35955778,-78.39731
1383,3.0166645,181,0,320.41245,0.36495924,-78.02116
1384,3.0166645,181,0,309.19412,0.36082178,-78.101685
1385,1.6166658,97,0,3.5531132,0.364504,-78.20995
1386,3.0166645,181,0,260.1475,0.3708392,-78.19018
1387,3.0166645,181,0,332.586,0.38174456,-77.99265
1388,3.0166645,181,0,195.61261,0.3745552,-78.07663
1389,3.0166645,181,0,281.61737,0.38287306,-78.05466
1390,3.0166645,181,0,380.96176,0.38594955,-78.06775
1391,3.0166645,181,0,220.4612,0.37833595,-78.028984
1392,0.5666668,34,0,0.7786626,0.38799396,-77.67891
1393,3.0166645,181,0,286.39938,0.3868969,-77.965485
1394,3.0166645,181,0,250.59143,0.3800614,-77.81398
1395,3.0166645,181,0,158.4236,0.384725,-77.84447
1396,3.0166645,181,0,314.36087,0.39375728,-77.88353
1397,3.0166645,181,0,379.10413,0.39512536,-77.807014
1398,3.0166645,181,0,350.51083,0.38721493,-77.82721
1399,0.55000013,33,0,3.3930073,0.39268994,-77.73215
1400,3.0166645,181,0,266.0981,0.40100977,-77.861305
1401,3.0166645,181,0,213.8371,0.39408863,-77.88676
1402,0.7,42,0,2.63977,0.3912263,-77.851944
1403,3.0166645,181,0,397.3508,0.39904666,-77.751144
1404,3.0166645,181,0,290.95886,0.39935485,-77.86257
1405,3.0166645,181,0,295.70218,0.39493647,-77.70283
1406,3.0166645,181,0,285.65143,0.3933141,-77.724754
1407,3.0166645,181,0,306.57874,0.39822617,-77.702385
1408,0.61666673,37,0,1.9801378,0.3881161,-77.7951
1409,3.0166645,181,0,396.2328,0.40829062,-77.69978
1410,3.0166645,181,0,346.03403,0.40924668,-77.75866
1411,3.0166645,181,0,322.41885,0.40884817,-77.79219
1412,3.0166645,181,0,293.14423,0.4152166,-77.90215
1413,3.0166645,181,0,404.3687,0.40659383,-77.83148
1414,3.0166645,181,0,261.05783,0.40797505,-77.720764
1415,3.0166645,181,0,312.68213,0.4100411,-77.63422
1416,3.0166645,181,0,362.0933,0.41136357,-77.83184
1417,0.7,42,0,0.88237435,0.41765204,-77.897125
1418,0.68333334,41,0,0.9683406,0.40396494,-77.759605
1419,3.0166645,181,0,328.97385,0.41707194,-77.7132
1420,3.0166645,181,0,225.12349,0.4090023,-77.83847
1421,3.0166645,181,0,202.31094,0.42194983,-77.71246
1422,3.0166645,181,0,343.9551,0.4181204,-78.0048
1423,0.58333343,35,0,3.3896196,0.41645396,-78.18066
1424,3.0166645,181,0,259.29065,0.42559415,-77.76786
1425,0.68333334,41,0,3.5561633,0.42241445,-77.98858
1426,3.0166645,181,0,327.12106,0.41889635,-77.805046
1427,3.0166645,181,0,305.32983,0.4214547,-77.8583
1428,3.0166645,181,0,293.73334,0.4219102,-77.82338
1429,0.61666673,37,0,1.7391202,0.4263129,-77.67497
1430,3.0166645,181,0,326.2537,0.42589253,-77.87649
1431,3.0166645,181,0,305.26822,0.4175766,-78.098434
1432,3.0166645,181,0,265.02118,0.4242958,-77.78197
1433,3.0166645,181,0,262.3881,0.42906862,-78.0056
1434,0.58333343,35,0,2.1130638,0.42987722,-77.74605
1435,3.0166645,181,0,311.62436,0.42983535,-77.72289
1436,3.0166645,181,0,192.32585,0.4300882,-77.77327
1437,3.0166645,181,0,238.39023,0.43904528,-78.11302
1438,0.8333332,50,0,0.5327162,0.42535833,-77.632835
1439,3.0166645,181,0,233.39572,0.43818673,-78.02699
1440,3.0166645,181,0,216.4423,0.43572035,-77.77634
1441,3.0166645,181,0,237.80191,0.43286082,-77.85604
1442,3.0166645,181,0,227.12776,0.43384123,-77.96295
1443,3.0166645,181,0,314.2158,0.43464175,-78.15035
1444,3.0166645,181,0,240.1515,0.43953282,-77.98689
1445,3.0166645,181,0,233.00545,0.43183443,-77.87436
1446,3.0166645,181,0,149.123,0.43638927,-78.02385
1447,3.0166645,181,0,267.6033,0.43653554,-78.03892
1448,3.0166645,181,0,280.4633,0.44441512,-77.86723
1449,3.0166645,181,0,338.96997,0.43913904,-77.9387
1450,3.0166645,181,0,329.14417,0.4409583,-78.00317
1451,3.0166645,181,0,193.23154,0.44597805,-78.0862
1452,3.0166645,181,0,160.39662,0.44528356,-78.033714
1453,3.0166645,181,0,359.40112,0.44185424,-78.1158
1454,3.0166645,181,0,367.7191,0.45006153,-78.12735
1455,3.0166645,181,0,300.1946,0.45309773,-78.2763
1456,2.1999986,132,0,3.5013897,0.4507874,-78.249985
1457,3.0166645,181,0,314.3399,0.44878525,-78.349945
1458,3.0166645,181,0,253.10971,0.44938996,-78.190346
1459,3.0166645,181,0,196.19223,0.46077558,-78.39427
1460,3.0166645,181,0,289.84753,0.44780338,-78.3217
1461,3.0166645,181,0,256.92386,0.45540255,-78.39785
1462,3.0166645,181,0,217.13675,0.46002218,-78.35728
1463,3.0166645,181,0,314.28824,0.45736703,-78.37908
1464,3.0166645,181,0,258.7005,0.4477794,-78.56026
1465,3.0166645,181,0,169.41206,0.4532315,-78.48835
1466,0.58333343,35,0,1.1889076,0.44490564,-78.57497
1467,3.0166645,181,0,248.6687,0.4492218,-78.70834
1468,0.9333331,56,0,2.363346,0.45589337,-78.50005
1469,3.0166645,181,0,292.74506,0.45210814,-78.540146
1470,3.0166645,181,0,134.04544,0.45999,-78.61093
1471,3.0166645,181,0,224.25699,0.4531654,-78.67181
1472,3.0166645,181,0,327.64474,0.4557937,-78.74169
1473,3.0166645,181,0,322.1847,0.44603384,-78.61486
1474,3.0166645,181,0,283.51898,0.4501709,-78.76923
1475,0.6000001,36,0,2.4271085,0.45093837,-78.77322
1476,3.0166645,181,0,303.1764,0.45458516,-78.984474
1477,3.0166645,181,0,232.9123,0.45732197,-78.87253
1478,0.65000004,39,0,1.5861104,0.449395,-79.16549
1479,3.0166645,181,0,259.46527,0.4501209,-78.82925
1480,3.0166645,181,0,313.3723,0.44715446,-78.86065
1481,3.0166645,181,0,316.62234,0.45350638,-79.00698
1482,3.0166645,181,0,311.7155,0.4452273,-79.025345
1483,3.0166645,181,0,363.19476,0.44637093,-79.090546
1484,3.0166645,181,0,249.06055,0.4509236,-79.28718
1485,0.6333334,38,0,1.4669193,0.4572214,-79.136604
1486,3.0166645,181,0,320.71347,0.46332264,-79.121605
1487,3.0166645,181,0,172.88329,0.45992693,-79.28718
1488,0.7666666,46,0,0.5673908,0.45395195,-79.23099
1489,0.55000013,33,0,0.8662685,0.4476759,-78.77517
1490,3.0166645,181,0,250.03558,0.46086833,-79.33911
1491,3.0166645,181,0,286.8055,0.4655202,-79.34755
1492,3.0166645,181,0,237.68456,0.46085405,-79.64514
1493,3.0166645,181,0,339.47787,0.46315733,-79.69532
1494,3.0166645,181,0,251.6258,0.46000788,-79.54782
1495,3.0166645,181,0,169.8394,0.46105197,-79.655014
1496,0.55000013,33,0,1.3032272,0.4329056,-79.39655
1497,3.0166645,181,0,164.93689,0.45894694,-79.65473
1498,3.0166645,181,0,261.81302,0.46226102,-79.61119
1499,3.0166645,181,0,298.6891,0.4628928,-79.74838
1500,3.0166645,181,0,272.59186,0.46662557,-80.02689
1501,3.0166645,181,0,194.0307,0.4599425,-79.88764
1502,3.0166645,181,0,304.92154,0.46838942,-80.088455
1503,3.0166645,181,0,282.35532,0.47073168,-80.04899
1504,3.0166645,181,0,258.00327,0.46404928,-80.11921
1505,0.7333333,44,0,0.19551739,0.4812773,-80.17044
1506,3.0166645,181,0,226.62265,0.47345725,-80.09736
1507,3.0166645,181,0,287.99573,0.4715999,-80.277695
1508,3.0166645,181,0,225.75148,0.46407682,-80.19352
1509,3.0166645,181,0,319.67612,0.4675586,-80.24169
1510,0.55000013,33,0,1.1885004,0.46057197,-80.786095
1511,0.6333334,38,0,6.092329,0.4602989,-80.23721
1512,0.5166668,31,0,2.3478885,0.45371464,-80.72686
1513,3.0166645,181,0,229.96939,0.45993024,-80.284515
1514,3.0166645,181,0,305.2194,0.46966118,-80.379684
1515,3.0166645,181,0,233.10928,0.4657371,-80.32528
1516,3.0166645,181,0,298.21704,0.4748876,-80.44245
1517,3.0166645,181,0,169.46864,0.4667508,-80.41942
1518,3.0166645,181,0,316.26755,0.4694826,-80.47758
1519,3.0166645,181,0,296.3096,0.471599,-80.59542
1520,3.0166645,181,0,259.18005,0.4755799,-80.706345
1521,3.0166645,181,0,300.7254,0.47340155,-80.56022
1522,0.61666673,37,0,1.4009042,0.4560754,-80.71251
1523,2.8833313,173,0,233.1002,0.47783875,-80.78143
1524,3.0166645,181,0,174.37076,0.48231354,-80.86862
1525,0.84999985,51,0,1.0332729,0.47901705,-81.059875
1526,3.0166645,181,0,279.87708,0.46687645,-81.11707
1527,0.68333334,41,0,0.7454563,0.471205,-80.6923
1528,1.2833328,77,0,13.178347,0.4807958,-80.97087
1529,3.0166645,181,0,70.433075,0.4813161,-80.92953
1530,3.0166645,181,0,198.10274,0.4767462,-81.0292
1531,3.0166645,181,0,284.4221,0.49245256,-81.14659
1532,1.8833323,113,0,1.0898068,0.48961145,-80.95046
1533,3.0166645,181,0,235.88905,0.48948792,-80.883446
1534,3.0166645,181,0,229.20483,0.49776617,-80.99033
1535,3.0166645,181,0,179.38467,0.49361578,-81.27515
1536,0.6666667,40,0,0.6653974,0.48788953,-81.077736
1537,3.0166645,181,0,245.26859,0.4861992,-81.12424
1538,0.61666673,37,0,1.2803369,0.49235332,-80.82784
1539,3.0166645,181,0,317.96188,0.4917233,-81.26711
1540,3.0166645,181,0,174.8775,0.49991897,-81.334755
1541,3.0166645,181,0,258.58707,0.5014893,-81.481255
1542,3.0166645,181,0,265.48962,0.5000983,-81.3321
1543,3.0166645,181,0,252.00319,0.5136427,-81.429596
1544,3.0166645,181,0,182.17673,0.50952756,-81.37672
1545,3.0166645,181,0,268.785,0.51662046,-81.53228
1546,3.0166645,181,0,270.10062,0.52666533,-81.384
1547,3.0166645,181,0,169.08537,0.51707035,-81.26942
1548,0.81666654,49,0,1.344189,0.50079197,-81.33501
1549,3.0166645,181,0,219.81895,0.51784045,-81.30619
1550,3.0166645,181,0,297.45612,0.5295572,-81.473045
1551,3.0166645,181,0,324.19275,0.5181029,-81.40163
1552,0.84999985,51,0,7.900561,0.52395064,-81.178375
1553,2.416665,145,0,106.996155,0.5244561,-81.638985
1554,3.0166645,181,0,212.41176,0.5347287,-81.54407
1555,1.4833326,89,0,43.047226,0.53535783,-81.6611
1556,0.78333324,47,0,1.8151364,0.5233468,-81.50855
1557,3.0166645,181,0,251.66788,0.53049415,-81.75651
1558,0.5666668,34,0,1.5072767,0.5253227,-81.79028
1559,3.0166645,181,0,241.59338,0.5365522,-81.74954
1560,3.0166645,181,0,218.76811,0.5489121,-81.59458
1561,3.0166645,181,0,302.6339,0.54151106,-81.61457
1562,3.0166645,181,0,278.8836,0.5438053,-81.82589
1563,3.0166645,181,0,246.47649,0.55268157,-81.90943
1564,1.083333,65,0,1.0677296,0.5446038,-81.95499
1565,0.9666664,58,0,6.4619923,0.547182,-81.47718
1566,3.0166645,181,0,324.87683,0.54576075,-81.94921
1567,3.0166645,181,0,294.46603,0.5644822,-82.18069
1568,3.0166645,181,0,294.43246,0.56443596,-81.82611
1569,3.0166645,181,0,271.5152,0.5467461,-81.7989
1570,0.58333343,35,0,0.47248423,0.5574713,-81.58069
1571,0.9333331,56,0,1.8713876,0.5744049,-82.15562
1572,3.0166645,181,0,211.69833,0.5623153,-82.06687
1573,3.0166645,181,0,312.8019,0.54818386,-82.0862
1574,3.0166645,181,0,268.9092,0.55498874,-82.07832
1575,0.74999994,45,0,1.2238778,0.56662345,-82.126366
1576,3.0166645,181,0,239.06201,0.5651196,-82.129456
1577,3.0166645,181,0,292.0452,0.5580201,-82.195045
1578,3.0166645,181,0,291.51245,0.5656252,-82.312355
1579,3.0166645,181,0,279.95065,0.549231,-82.24632
1580,3.0166645,181,0,255.13078,0.5629797,-82.28801
1581,3.0166645,181,0,244.91452,0.5590036,-82.23867
1582,3.0166645,181,0,328.31644,0.56608945,-82.42014
1583,3.0166645,181,0,282.08252,0.57095253,-82.437035
1584,3.0166645,181,0,270.0517,0.5737777,-82.49396
1585,0.5666668,34,0,1.4614356,0.57385904,-82.454285
1586,0.74999994,45,0,7.047982,0.55733865,-82.3432
1587,0.58333343,35,0,0.916169,0.57814705,-82.329185
1588,0.6666667,40,0,0.6537819,0.5846333,-82.44517
1589,3.0166645,181,0,251.11827,0.5668454,-82.51043
1590,3.0166645,181,0,257.2873,0.5780094,-82.5185
1591,0.5666668,34,0,1.2908486,0.57597053,-82.46558
1592,1.1833329,71,0,0.3292888,0.5618541,-82.497856
1593,3.0166645,181,0,195.19197,0.56824666,-82.55793
1594,3.0166645,181,0,267.53967,0.5766467,-82.29759
1595,3.0166645,181,0,172.72261,0.57096654,-82.62625
1596,3.0166645,181,0,222.85973,0.5795745,-82.58796
1597,3.0166645,181,0,227.57475,0.5660261,-82.52366
1598,3.0166645,181,0,220.92859,0.5636188,-82.67765
1599,3.0166645,181,0,296.45108,0.5646476,-82.64669
1600,3.0166645,181,0,272.7024,0.569587,-82.50008
1601,3.0166645,181,0,215.8019,0.5720189,-82.47997
1602,0.5333335,32,0,1.6250029,0.58726364,-82.47566
1603,3.0166645,181,0,188.04874,0.56611687,-82.66822
1604,3.0166645,181,0,229.44203,0.568666,-82.61333
1605,3.0166645,181,0,245.41917,0.5675245,-82.723465
1606,3.0166645,181,0,253.6194,0.57257444,-82.72365
1607,3.0166645,181,0,256.10736,0.56661195,-82.61426
1608,3.0166645,181,0,193.6524,0.5701796,-82.58238
1609,3.0166645,181,0,203.65276,0.57181364,-82.67836
1610,0.7333333,44,0,1.3594303,0.57916373,-82.47692
1611,3.0166645,181,0,215.79825,0.5751735,-82.506065
1612,3.0166645,181,0,347.91016,0.56800634,-82.60695
1613,1.1166663,67,0,1.8285168,0.5759888,-82.16881
1614,3.0166645,181,0,227.88223,0.56519777,-82.518906
1615,0.58333343,35,0,1.1861019,0.55397695,-82.18735
1616,3.0166645,181,0,236.649,0.5652049,-82.37141
1617,3.0166645,181,0,296.95593,0.57436776,-82.22096
1618,3.0166645,181,0,276.0915,0.56946963,-82.38522
1619,0.58333343,35,0,2.5773585,0.5774374,-82.12937
1620,0.5666668,34,0,1.2465402,0.5913763,-82.10803
1621,0.8666665,52,0,2.1990316,0.576077,-82.21795
1622,1.5333326,92,0,25.142668,0.58515114,-82.28362
1623,0.71666664,43,0,1.9495891,0.5746104,-82.355446
1624,0.61666673,37,0,4.4940176,0.57419556,-82.1694
1625,3.0166645,181,0,222.38036,0.575869,-82.19521
1626,3.0166645,181,0,229.43391,0.5851308,-82.265884
1627,3.0166645,181,0,240.24266,0.5867019,-82.07224
1628,3.0166645,181,0,249.61334,0.5881009,-82.396835
1629,3.0166645,181,0,217.21313,0.5816018,-82.14133
1630,3.0166645,181,0,191.70705,0.5910849,-82.27413
1631,3.0166645,181,0,220.80215,0.58949256,-82.10032
1632,3.0166645,181,0,186.76285,0.6056831,-82.1193
1633,3.0166645,181,0,231.24115,0.60016114,-82.05081
1634,3.0166645,181,0,199.60815,0.6024462,-81.89645
1635,0.58333343,35,0,0.41945267,0.6075032,-81.952965
1636,0.78333324,47,0,14.1742115,0.60680443,-81.82812
1637,0.8999998,54,0,0.48354843,0.6110678,-81.65979
1638,0.7666666,46,0,0.24136353,0.60971063,-81.847466
1639,3.0166645,181,0,177.47324,0.6033574,-81.880135
1640,0.7666666,46,0,6.356962,0.6113298,-82.28724
1641,3.0166645,181,0,262.02393,0.61079365,-81.91587
1642,0.6000001,36,0,2.365789,0.61730725,-81.91363
1643,3.0166645,181,0,247.08916,0.62234026,-81.85506
1644,3.0166645,181,0,194.25266,0.6210054,-81.88657
1645,0.5333335,32,0,1.0413802,0.61088103,-81.970566
1646,3.0166645,181,0,249.63483,0.6198981,-81.685
1647,0.58333343,35,0,0.3484902,0.6418403,-81.775246
1648,3.0166645,181,0,190.74348,0.61510956,-81.71126
1649,0.71666664,43,0,0.63240063,0.6251406,-81.60441
1650,3.0166645,181,0,184.72351,0.6273996,-81.6424
1651,0.74999994,45,0,0.7098764,0.6464541,-81.645874
1652,1.1999996,72,0,45.79154,0.6335111,-81.72206
1653,3.0166645,181,0,146.97383,0.6274229,-81.63689
1654,3.0166645,181,0,177.01222,0.6318609,-81.63217
1655,1.3166661,79,0,4.452038,0.6304174,-81.33795
1656,0.61666673,37,0,1.937803,0.62843627,-81.05237
1657,3.0166645,181,0,189.11975,0.6238954,-81.571335
1658,3.0166645,181,0,193.88893,0.63228285,-81.42873
1659,0.5666668,34,0,2.114281,0.62806964,-81.474236
1660,3.0166645,181,0,197.01067,0.6366884,-81.333115
1661,0.5333335,32,0,0.34228283,0.647591,-81.24918
1662,3.0166645,181,0,212.80043,0.6388928,-81.320076
1663,3.0166645,181,0,214.1469,0.63559294,-81.35336
1664,3.0166645,181,0,237.94537,0.63766813,-81.07582
1665,3.0166645,181,0,233.58261,0.63483596,-81.270325
1666,3.0166645,181,0,147.8873,0.6268099,-81.080666
1667,3.0166645,181,0,156.40451,0.6313036,-81.15274
1668,0.5333335,32,0,2.692422,0.6506458,-80.70512
1669,3.0166645,181,0,187.98805,0.6372333,-80.9447
1670,1.133333,68,0,7.1061106,0.6247033,-80.693474
1671,0.61666673,37,0,5.974228,0.6487542,-81.04365
1672,3.0166645,181,0,144.21577,0.6382312,-80.931595
1673,3.0166645,181,0,203.53537,0.6282882,-80.78774
1674,3.0166645,181,0,234.25317,0.65235007,-80.61001
1675,3.0166645,181,0,301.30096,0.6420462,-80.58033
1676,3.0166645,181,0,169.11087,0.6429516,-80.7669
1677,3.0166645,181,0,227.28802,0.6417047,-80.54968
1678,2.4333317,146,0,92.36999,0.6273877,-80.65049
1679,2.2499986,135,0,146.29543,0.63592577,-80.52868
1680,3.0166645,181,0,229.96768,0.6423022,-80.746376
1681,3.0166645,181,0,134.26463,0.648478,-80.31868
1682,1.7333324,104,0,67.13912,0.6419379,-80.46805
1683,0.7666666,46,0,0.5901898,0.6572973,-80.49228
1684,3.0166645,181,0,217.13466,0.6444757,-80.31285
1685,3.0166645,181,0,164.58427,0.65518975,-80.40809
1686,0.5166668,31,0,2.130904,0.64305496,-80.41353
1687,0.6333334,38,0,0.72238433,0.64731383,-80.22694
1688,3.0166645,181,0,240.57028,0.64739096,-80.46729
1689,3.0166645,181,0,61.85549,0.6453132,-80.377975
1690,3.0166645,181,0,185.23232,0.6481216,-80.33709
1691,2.416665,145,0,190.43698,0.64149666,-80.1824
1692,3.0166645,181,0,238.31818,0.6523249,-80.319496
1693,1.2166662,73,0,5.1349907,0.6580305,-80.02017
1694,3.0166645,181,0,176.09937,0.6565274,-79.996605
1695,3.0166645,181,0,159.3901,0.6506866,-80.27247
1696,3.0166645,181,0,164.79234,0.64496577,-80.11197
1697,3.0166645,181,0,239.37743,0.6523302,-80.015594
1698,3.0166645,181,0,264.53714,0.66490257,-79.999435
1699,3.0166645,181,0,313.58203,0.6711298,-79.915184
1700,3.0166645,181,0,264.2897,0.6461914,-80.040726
1701,2.899998,174,0,191.20012,0.65464985,-80.02185
1702,1.5499992,93,0,38.955524,0.6606107,-79.83913
1703,3.0166645,181,0,175.06555,0.6637294,-79.97003
1704,2.0499988,123,0,129.43076,0.66137296,-79.93625
1705,0.8999998,54,0,0.5490776,0.67059004,-79.74712
1706,3.0166645,181,0,216.86734,0.668868,-80.19601
1707,3.0166645,181,0,203.6025,0.6698036,-80.01008
1708,3.0166645,181,0,219.93118,0.6747922,-79.77846
1709,3.0166645,181,0,150.1132,0.67418444,-79.901955
1710,3.0166645,181,0,153.1891,0.6760708,-79.84349
1711,3.0166645,181,0,217.4283,0.6815743,-79.63633
1712,3.0166645,181,0,135.44328,0.67417574,-79.98899
1713,3.0166645,181,0,186.31334,0.6751459,-79.961586
1714,3.0166645,181,0,153.38007,0.6808169,-80.04765
1715,2.849998,171,0,109.883995,0.707389,-79.94921
1716,0.61666673,37,0,1.159455,0.71008843,-80.60674
1717,3.0166645,181,0,124.53402,0.67981744,-79.97175
1718,3.0166645,181,0,148.61514,0.6984933,-79.76591
1719,0.5333335,32,0,0.46135697,0.6999354,-79.66554
1720,3.0166645,181,0,184.87367,0.7083992,-79.88132
1721,2.2666652,136,0,28.09952,0.71898985,-79.92618
1722,3.0166645,181,0,89.748474,0.73035365,-79.93548
1723,3.0166645,181,0,89.15092,0.73299456,-79.917534
1724,3.0166645,181,0,170.56621,0.7345201,-79.86281
1725,3.0166645,181,0,125.84806,0.7412819,-79.86089
1726,3.0166645,181,0,148.64897,0.73986125,-79.94565
1727,3.0166645,181,0,152.36339,0.7526599,-79.87754
1728,3.0166645,181,0,231.3694,0.7705481,-79.96183
1729,3.0166645,181,0,170.26799,0.76775634,-80.07441
1730,3.0166645,181,0,121.37215,0.7771309,-80.00126
1731,3.0166645,181,0,122.544365,0.790959,-79.78423
1732,3.0166645,181,0,134.79333,0.7956707,-79.87459
1733,2.2499986,135,0,3.5773437,0.8098626,-79.978806
1734,3.0166645,181,0,136.19148,0.8067645,-80.200676
1735,3.0166645,181,0,148.1391,0.8139875,-80.21489
1736,3.0166645,181,0,149.2526,0.8346469,-79.97789
1737,3.0166645,181,0,126.85035,0.8385169,-80.03006
1738,3.0166645,181,0,196.36505,0.82916266,-80.157776
1739,3.0166645,181,0,192.00601,0.8518402,-80.36676
1740,3.0166645,181,0,138.27715,0.8522124,-80.3609
1741,3.0166645,181,0,210.11494,0.862943,-80.50236
1742,3.0166645,181,0,93.31794,0.8677509,-80.52178
1743,3.0166645,181,0,182.2725,0.85355824,-80.645355
1744,3.0166645,181,0,128.49911,0.8931621,-80.66123
1745,3.0166645,181,0,167.66003,0.884471,-80.57752
1746,3.0166645,181,0,186.45859,0.88634163,-80.60138
1747,3.0166645,181,0,142.42747,0.87903804,-80.731514
1748,3.0166645,181,0,140.4064,0.89153403,-81.131775
1749,3.0166645,181,0,259.8477,0.907394,-80.84364
1750,3.0166645,181,0,187.75388,0.8981587,-80.97094
1751,3.0166645,181,0,187.15453,0.91292834,-81.02478
1752,3.0166645,181,0,149.69034,0.9301971,-81.18679
1753,3.0166645,181,0,130.80103,0.9401303,-81.06803
1754,3.0166645,181,0,186.14287,0.9483987,-81.34912
1755,3.0166645,181,0,99.83488,0.95689553,-81.04081
1756,3.0166645,181,0,149.43939,0.9531555,-81.20951
1757,3.0166645,181,0,127.010864,0.96888065,-81.30964
1758,3.0166645,181,0,81.10625,0.96572495,-81.420746
1759,3.0166645,181,0,162.98373,0.96369064,-81.43415
1760,3.0166645,181,0,124.431984,0.9799785,-81.593254
1761,3.0166645,181,0,136.7259,0.98254865,-81.61227
1762,3.0166645,181,0,231.48128,1.0096234,-81.57895
1763,3.0166645,181,0,152.18227,0.995808,-81.47303
1764,3.0166645,181,0,170.11707,0.99073124,-81.517105
1765,3.0166645,181,0,114.31828,1.0105275,-81.67625
1766,3.0166645,181,0,94.72328,1.0434712,-81.850365
1767,0.5000002,30,0,1.215628,1.0433567,-81.9828
1768,3.0166645,181,0,124.81451,1.0383039,-81.75114
1769,3.0166645,181,0,142.10765,1.0515798,-81.94848
1770,3.0166645,181,0,114.69729,1.0590044,-82.02318
1771,3.0166645,181,0,192.3018,1.0804245,-82.10332
1772,3.0166645,181,0,175.16507,1.0952802,-82.258995
1773,3.0166645,181,0,209.12308,1.0772084,-82.11686
1774,3.0166645,181,0,102.54224,1.1059668,-82.43621
1775,0.4333335,26,0,0.7824762,1.1077689,-82.89119
1776,3.0166645,181,0,151.84973,1.1347868,-82.48119
1777,3.0166645,181,0,166.08015,1.1453564,-82.62416
1778,3.0166645,181,0,96.79448,1.1475171,-82.7829
1779,3.0166645,181,0,192.65497,1.1831849,-82.74614
1780,3.0166645,181,0,172.5315,1.1920332,-82.893265
1781,3.0166645,181,0,146.43028,1.1878129,-83.17579
1782,3.0166645,181,0,228.24147,1.1726576,-83.174164
1783,3.0166645,181,0,176.27002,1.1847616,-83.26197
1784,3.0166645,181,0,140.61777,1.1986902,-83.38867
1785,3.0166645,181,0,258.8427,1.2022048,-83.51167
1786,3.0166645,181,0,191.32918,1.2006172,-83.519165
1787,3.0166645,181,0,167.12099,1.2145426,-83.71509
1788,3.0166645,181,0,5.9531507,1.2209624,-83.71627
1789,3.0166645,181,0,191.4041,1.2332538,-83.7042
1790,3.0166645,181,0,181.23015,1.2337229,-83.69074
1791,3.0166645,181,0,151.73125,1.2517813,-83.77039
1792,3.0166645,181,0,128.06784,1.2475569,-83.80934
1793,3.0166645,181,0,210.25798,1.2620238,-83.72866
1794,3.0166645,181,0,203.36078,1.2767307,-83.96093
1795,3.0166645,181,0,174.05008,1.2836727,-83.87711
1796,3.0166645,181,0,182.62914,1.304056,-83.816284
1797,3.0166645,181,0,181.8464,1.3190877,-83.909836
1798,3.0166645,181,0,44.046463,1.3160323,-84.08205
1799,3.0166645,181,0,161.20596,1.321869,-83.963936
1800,3.0166645,181,0,146.07863,1.3268147,-83.963554
1801,3.0166645,181,0,221.63351,1.3420552,-84.2121
1802,3.0166645,181,0,113.41128,1.3636898,-84.25261
1803,3.0166645,181,0,175.32303,1.3377975,-84.26976
1804,0.5166668,31,0,1.8666378,1.3623744,-84.70157
1805,3.0166645,181,0,174.89288,1.3617706,-84.16561
1806,3.0166645,181,0,189.42395,1.3784748,-84.21788
1807,3.0166645,181,0,230.70682,1.3628186,-84.31473
1808,3.0166645,181,0,180.2007,1.3751335,-84.2798
1809,1.3166661,79,0,0.8149695,1.4045305,-83.91701
1810,3.0166645,181,0,239.77234,1.3757977,-84.42195
1811,1.133333,68,0,1.6593807,1.3826846,-84.15697
1812,3.0166645,181,0,138.6857,1.3803111,-84.377495
1813,3.0166645,181,0,68.36417,1.3829138,-84.49622
1814,3.0166645,181,0,229.29266,1.3579837,-84.11745
1815,3.0166645,181,0,143.9708,1.3689437,-84.352974
1816,3.0166645,181,0,163.54599,1.3917556,-84.202255
1817,1.3999994,84,0,3.5201194,1.3409638,-84.500374
1818,3.0166645,181,0,151.16588,1.3584148,-84.16917
1819,3.0166645,181,0,183.61172,1.3730091,-84.11119
1820,3.0166645,181,0,75.86237,1.3759387,-84.144005
1821,3.0166645,181,0,168.80286,1.3954047,-84.08238
1822,3.0166645,181,0,106.87786,1.368872,-84.28011
1823,3.0166645,181,0,162.99461,1.3868821,-84.15476
1824,3.0166645,181,0,124.135506,1.3908299,-84.12378
1825,3.0166645,181,0,20.327873,1.3741115,-84.039085
1826,1.3499994,81,0,2.2001123,1.4026031,-84.04435
1827,3.0166645,181,0,229.5463,1.3888252,-84.1922
1828,2.416665,145,0,2.2676797,1.3926983,-83.75752
1829,2.9166646,175,0,0.95433867,1.3852485,-83.71998
1830,2.1999986,132,0,26.932348,1.4110904,-83.766464
1831,3.0166645,181,0,218.24507,1.3803906,-83.79108
1832,3.0166645,181,0,166.64133,1.4021704,-83.760025
1833,3.0166645,181,0,9.173529,1.4033691,-83.672165
1834,0.84999985,51,0,2.2327378,1.3785242,-83.01533
1835,3.0166645,181,0,317.22534,1.3676113,-83.736305
1836,3.0166645,181,0,215.94412,1.3927385,-83.628685
1837,3.0166645,181,0,222.33047,1.4241303,-83.76574
1838,0.94999975,57,0,1.2672654,1.4095087,-83.915146
1839,3.0166645,181,0,43.552692,1.4074777,-83.85099
1840,3.0166645,181,0,166.81169,1.4259391,-83.75767
1841,3.0166645,181,0,205.44992,1.4234583,-83.84432
1842,3.0166645,181,0,207.64575,1.41665,-83.736404
1843,0.6000001,36,0,2.372036,1.4824339,-83.60883
1844,3.0166645,181,0,179.52055,1.4363755,-84.01742
1845,3.0166645,181,0,234.10057,1.4298726,-83.93676
1846,3.0166645,181,0,158.40733,1.4281943,-83.83853
1847,3.0166645,181,0,104.02307,1.4276528,-84.04729
1848,3.0166645,181,0,242.40247,1.4535832,-84.149925
1849,1.7166657,103,0,5.933936,1.4464191,-84.13514
1850,3.0166645,181,0,117.95406,1.424832,-84.416794
1851,3.0166645,181,0,260.22104,1.4414526,-84.26085
1852,3.0166645,181,0,213.35631,1.4093611,-84.59582
1853,3.0166645,181,0,233.13304,1.4336993,-84.525734
1854,2.3499985,141,0,6.7581525,1.4252049,-84.78391
1855,3.0166645,181,0,97.71831,1.4350475,-84.91252
1856,0.58333343,35,0,1.4910659,1.4533528,-84.44039
1857,3.0166645,181,0,100.89311,1.4158931,-84.53962
1858,1.0999997,66,0,2.2242224,1.4194143,-84.72712
1859,0.74999994,45,0,5.429282,1.3804482,-84.72045
1860,3.0166645,181,0,272.78748,1.4244075,-84.6506
1861,2.566665,154,0,63.862072,1.4099739,-84.81996
1862,1.3666661,82,0,4.884968,1.3935807,-84.822136
1863,3.0166645,181,0,190.69623,1.404102,-84.94825
1864,3.0166645,181,0,188.66518,1.3960869,-84.88391
1865,3.0166645,181,0,214.12056,1.3506913,-84.86175
1866,3.0166645,181,0,241.20488,1.3435147,-85.22059
1867,3.0166645,181,0,173.65253,1.3429247,-85.211754
1868,3.0166645,181,0,180.41412,1.3339145,-85.24993
1869,3.0166645,181,0,152.20998,1.3208231,-85.369865
1870,3.0166645,181,0,224.0735,1.3414958,-85.308174
1871,3.0166645,181,0,195.71687,1.3240668,-85.57241
1872,0.58333343,35,0,3.1554916,1.3431785,-85.24551
1873,3.0166645,181,0,201.83983,1.3050783,-85.54229
1874,3.0166645,181,0,211.11195,1.3075677,-85.62356
1875,3.0166645,181,0,247.34366,1.3080745,-85.619286
1876,3.0166645,181,0,206.55922,1.2890632,-85.692856
1877,3.0166645,181,0,238.7862,1.2623719,-85.54064
1878,3.0166645,181,0,216.59492,1.2785379,-85.5917
1879,0.8666665,52,0,1.7425487,1.2577848,-85.59247
1880,0.5666668,34,0,3.0773072,1.272828,-85.67919
1881,3.0166645,181,0,268.1836,1.279784,-85.55776
1882,3.0166645,181,0,290.29398,1.2562602,-85.639565
1883,3.0166645,181,0,169.81836,1.2355375,-85.66457
1884,3.0166645,181,0,203.77695,1.2326343,-85.66221
1885,3.0166645,181,0,214.85602,1.2222067,-85.767876
1886,3.0166645,181,0,278.5747,1.2148191,-85.71192
1887,3.0166645,181,0,237.23575,1.2126912,-85.56268
1888,3.0166645,181,0,175.26157,1.2035389,-85.57606
1889,3.0166645,181,0,284.38174,1.2081558,-85.26808
1890,3.0166645,181,0,296.12903,1.1990018,-85.660416
1891,3.0166645,181,0,166.3213,1.1963367,-85.499855
1892,3.0166645,181,0,215.43796,1.1770685,-85.39403
1893,3.0166645,181,0,260.9125,1.1983222,-85.34332
1894,3.0166645,181,0,197.82632,1.1577313,-85.18343
1895,3.0166645,181,0,228.76488,1.156612,-85.18536
1896,3.0166645,181,0,194.49355,1.1539749,-84.8461
1897,3.0166645,181,0,302.085,1.1656986,-84.7992
1898,3.0166645,181,0,161.03995,1.1656432,-84.62795
1899,3.0166645,181,0,158.22752,1.1786077,-84.532234
1900,3.0166645,181,0,211.26067,1.1790392,-84.46707
1901,3.0166645,181,0,152.05771,1.1788706,-84.55755
1902,3.0166645,181,0,248.21703,1.1514523,-84.24752
1903,3.0166645,181,0,223.31161,1.149765,-84.05155
1904,3.0166645,181,0,154.9444,1.1585246,-83.854904
1905,0.58333343,35,0,1.5023472,1.1242223,-83.37807
1906,3.0166645,181,0,288.51993,1.1536322,-83.624245
1907,3.0166645,181,0,22.91817,1.152574,-83.504166
1908,3.0166645,181,0,188.43416,1.160259,-83.32325
1909,3.0166645,181,0,304.84442,1.1335708,-83.21499
1910,0.5166668,31,0,2.4597044,1.1217211,-82.90174
1911,3.0166645,181,0,295.68988,1.1211998,-83.0386
1912,3.0166645,181,0,202.83356,1.1023036,-82.896835
1913,3.0166645,181,0,174.96156,1.111227,-82.73909
1914,3.0166645,181,0,241.00641,1.1211987,-82.54349
1915,3.0166645,181,0,261.53915,1.0916414,-82.28197
1916,3.0166645,181,0,180.14973,1.1122278,-82.167
1917,3.0166645,181,0,178.07024,1.0973086,-82.03405
1918,3.0166645,181,0,157.46283,1.1037477,-81.74432
1919,3.0166645,181,0,176.24962,1.1001858,-81.80767
1920,0.5666668,34,0,0.49375165,1.0842724,-81.41198
1921,0.55000013,33,0,6.167414,1.1226629,-81.913925
1922,3.0166645,181,0,204.1429,1.1010392,-81.51445
1923,3.0166645,181,0,294.50848,1.0897311,-81.33389
1924,3.0166645,181,0,103.39599,1.0982012,-81.20602
1925,0.6000001,36,0,3.6600852,1.1028394,-81.446014
1926,3.0166645,181,0,155.62383,1.1003602,-81.0169
1927,3.0166645,181,0,145.53607,1.0925851,-80.9539
1928,3.0166645,181,0,213.11296,1.0923496,-80.799446
1929,3.0166645,181,0,158.28888,1.1068693,-80.55345
1930,3.0166645,181,0,187.62129,1.1156384,-80.53126
1931,0.81666654,49,0,2.6516285,1.1071173,-80.512184
1932,3.0166645,181,0,117.53392,1.1043371,-80.21334
1933,0.7333333,44,0,1.763332,1.1094182,-80.52635
1934,3.0166645,181,0,245.81577,1.1150643,-80.13226
1935,3.0166645,181,0,101.125336,1.119514,-79.94187
1936,3.0166645,181,0,195.17542,1.1004469,-80.025955
1937,3.0166645,181,0,150.043,1.1380118,-79.88367
1938,3.0166645,181,0,229.49117,1.124886,-79.69456
1939,0.84999985,51,0,6.6227665,1.1624589,-79.73359
1940,2.2666652,136,0,8.781636,1.1414311,-79.55615
1941,3.0166645,181,0,200.79935,1.1428062,-79.60148
1942,3.0166645,181,0,182.28378,1.133139,-79.39759
1943,3.0166645,181,0,214.01863,1.1614649,-79.1432
1944,3.0166645,181,0,270.3376,1.1457652,-79.1189
1945,3.0166645,181,0,140.65038,1.1511543,-79.16439
1946,0.65000004,39,0,3.432191,1.1559124,-79.29724
1947,3.0166645,181,0,113.88785,1.1780596,-78.96458
1948,3.0166645,181,0,110.197464,1.1746821,-78.96162
1949,3.0166645,181,0,173.1948,1.192394,-78.768906
1950,3.0166645,181,0,153.64989,1.2006447,-78.64928
1951,0.55000013,33,0,2.113984,1.2585939,-78.6692
1952,0.5666668,34,0,1.66677,1.239588,-78.65048
1953,3.0166645,181,0,140.83018,1.2137896,-78.57115
1954,3.0166645,181,0,201.26106,1.2161465,-78.51718
1955,3.0166645,181,0,62.191906,1.227251,-78.400764
1956,3.0166645,181,0,230.78688,1.2436572,-78.28774
1957,0.91666645,55,0,13.512214,1.2320687,-78.09735
1958,3.0166645,181,0,186.2202,1.2384934,-78.16278
1959,2.5999982,156,0,43.155304,1.2694042,-78.08262
1960,3.0166645,181,0,171.0878,1.2684008,-78.03175
1961,2.4333317,146,0,23.56187,1.2783757,-78.06406
1962,3.0166645,181,0,207.71346,1.2724838,-78.069824
1963,2.083332,125,0,8.337654,1.2718849,-77.78248
1964,2.9666646,178,0,167.48303,1.2909017,-77.83625
1965,0.8666665,52,0,2.4108524,1.2774107,-77.72281
1966,3.0166645,181,0,59.666763,1.3074495,-77.82575
1967,3.0166645,181,0,83.71243,1.3049737,-77.68554
1968,0.74999994,45,0,0.50063777,1.2882215,-77.82186
1969,3.0166645,181,0,209.50676,1.3060046,-77.61734
1970,3.0166645,181,0,84.214775,1.2949692,-77.74115
1971,2.3999984,144,0,30.700108,1.280902,-77.51935
1972,3.0166645,181,0,81.62079,1.2961395,-77.47257
1973,3.0166645,181,0,143.52425,1.3105661,-77.45625
1974,0.68333334,41,0,0.71697575,1.3441656,-77.61761
1975,0.65000004,39,0,0.2637967,1.3397051,-77.05155
1976,0.65000004,39,0,1.1211265,1.363313,-77.66944
1977,3.0166645,181,0,221.94539,1.3190879,-77.19027
1978,3.0166645,181,0,22.663662,1.3173852,-77.252655
1979,2.6833315,161,0,24.065353,1.3146969,-77.30149
1980,3.0166645,181,0,171.12466,1.3376223,-77.369774
1981,1.3999994,84,0,5.0161943,1.3209782,-77.165665
1982,3.0166645,181,0,344.28998,1.3365949,-77.03527
1983,1.6166658,97,0,34.514805,1.328308,-77.10987
1984,3.0166645,181,0,228.7137,1.3144803,-76.92797
1985,3.0166645,181,0,68.57051,1.3362261,-76.90367
1986,0.7333333,44,0,0.5826843,1.347621,-76.6564
1987,0.91666645,55,0,5.953837,1.3049703,-76.73605
1988,3.0166645,181,0,285.45505,1.3377296,-76.862724
1989,3.0166645,181,0,228.95905,1.3078603,-76.828705
1990,3.0166645,181,0,242.89279,1.3146708,-76.81661
1991,3.0166645,181,0,13.619651,1.3193305,-76.66969
1992,3.0166645,181,0,266.29303,1.2937841,-76.68237
1993,3.0166645,181,0,401.73746,1.2967283,-76.769806
1994,3.0166645,181,0,261.51627,1.283945,-76.74179
1995,3.0166645,181,0,242.34476,1.2628804,-76.875244
1996,3.0166645,181,0,264.61078,1.285774,-76.56686
1997,2.466665,148,0,78.933975,1.2857661,-76.56031
1998,3.0166645,181,0,267.11786,1.2412945,-76.405754
1999,3.0166645,181,0,94.40741,1.2641333,-76.51353
2000,1.9166656,115,0,16.23268,1.2410296,-76.48198
2001,3.0166645,181,0,286.90274,1.2572851,-76.46601
2002,3.0166645,181,0,367.74496,1.2554618,-76.56502
2003,1.2166662,73,0,1.3712083,1.2068793,-76.37455
2004,3.0166645,181,0,255.60263,1.2397074,-76.35387
2005,3.0166645,181,0,6.6852446,1.2161797,-76.4535
2006,3.0166645,181,0,339.6424,1.22771,-76.2971
2007,3.0166645,181,0,122.18165,1.2082851,-76.34173
2008,3.0166645,181,0,224.79848,1.1996267,-76.234215
2009,3.0166645,181,0,209.66373,1.2081732,-76.08225
2010,3.0166645,181,0,21.659416,1.2026016,-76.096825
2011,3.0166645,181,0,229.3406,1.2124834,-75.93525
2012,0.88333315,53,0,0.36824116,1.2004322,-75.62642
2013,3.0166645,181,0,215.20905,1.195219,-75.82721
2014,3.0166645,181,0,253.18135,1.1765,-75.59577
2015,3.0166645,181,0,285.651,1.1738554,-75.6409
2016,3.0166645,181,0,248.99205,1.1628876,-75.44566
2017,3.0166645,181,0,263.8475,1.1511444,-75.520615
2018,3.0166645,181,0,234.76578,1.1832625,-75.47473
2019,1.2499995,75,0,2.395749,1.1932784,-75.57379
2020,3.0166645,181,0,88.37903,1.1698859,-75.38208
2021,3.0166645,181,0,155.40083,1.1520624,-75.34933
2022,3.0166645,181,0,342.25735,1.1468574,-75.28269
2023,2.8166647,169,0,46.390007,1.1514405,-75.27871
2024,3.0166645,181,0,209.16206,1.1371771,-75.161026
2025,3.0166645,181,0,213.05807,1.1381583,-75.03974
2026,2.616665,157,0,24.160612,1.1321446,-74.918274
2027,3.0166645,181,0,237.6099,1.1223074,-74.930305
2028,2.1499987,129,0,44.856358,1.1330497,-75.02669
2029,3.0166645,181,0,275.8615,1.1158298,-74.883705
2030,3.0166645,181,0,329.78723,1.1066121,-74.64316
2031,1.2999995,78,0,1.8675911,1.0985237,-74.91689
2032,3.0166645,181,0,209.72711,1.1010294,-74.75491
2033,3.0166645,181,0,267.49945,1.0976181,-74.232086
2034,3.0166645,181,0,353.78857,1.1132753,-74.27997
2035,3.0166645,181,0,238.21968,1.0922647,-74.43356
2036,3.0166645,181,0,127.39242,1.1098475,-74.23287
2037,3.0166645,181,0,236.55615,1.073734,-74.18715
2038,1.9333322,116,0,1.1698202,1.0736812,-74.080215
2039,3.0166645,181,0,183.2279,1.0733112,-74.004654
2040,3.0166645,181,0,316.03677,1.0697135,-73.96813
2041,1.8833323,113,0,85.79134,1.0634238,-73.87242
2042,3.0166645,181,0,103.07001,1.0579627,-73.699455
2043,3.0166645,181,0,259.84613,1.053212,-73.4578
2044,3.0166645,181,0,316.6764,1.0387665,-73.454475
2045,1.8333323,110,0,18.947227,1.0564103,-73.56475
2046,0.5333335,32,0,0.99700105,1.0502229,-73.13856
2047,3.0166645,181,0,294.80646,1.0262725,-73.321236
2048,0.8666665,52,0,0.55691034,0.998597,-73.194046
2049,3.0166645,181,0,133.57732,1.0376172,-73.29407
2050,3.0166645,181,0,115.8269,1.0282785,-72.98145
2051,3.0166645,181,0,245.09642,1.0256672,-72.856445
2052,1.8333323,110,0,52.466076,1.0271071,-72.834625
2053,3.0166645,181,0,100.953026,1.0195801,-72.759026
2054,3.0166645,181,0,219.47775,1.0096635,-72.62222
2055,3.0166645,181,0,229.50157,0.99631274,-72.57833
2056,1.6666658,100,0,23.339415,0.9627153,-72.404045
2057,3.0166645,181,0,265.6221,0.98686993,-72.26266
2058,3.0166645,181,0,40.69507,0.9888789,-72.10812
2059,0.55000013,33,0,1.0744698,0.97892845,-72.24531
2060,3.0166645,181,0,279.21896,0.99016905,-72.03572
2061,3.0166645,181,0,22.364845,0.984094,-72.12242
2062,3.0166645,181,0,274.1626,0.9679137,-71.98578
2063,3.0166645,181,0,232.41237,0.95532113,-71.94108
2064,3.0166645,181,0,288.885,0.9421648,-71.81167
2065,0.9333331,56,0,2.7620084,0.93872184,-71.60783
2066,3.0166645,181,0,267.4819,0.95049864,-71.79576
2067,0.5666668,34,0,2.4895768,0.9656793,-71.83187
2068,3.0166645,181,0,186.78937,0.9510613,-71.661446
2069,1.6499991,99,0,17.325857,0.95342517,-71.669395
2070,0.6333334,38,0,5.620387,0.9534216,-71.536674
2071,3.0166645,181,0,259.6089,0.94181484,-71.478935
2072,3.0166645,181,0,371.48892,0.9255638,-71.49969
2073,1.0666664,64,0,9.7478695,0.91517645,-71.402336
2074,3.0166645,181,0,235.81229,0.9159948,-71.38813
2075,0.7,42,0,1.6467152,0.94208324,-71.50151
2076,3.0166645,181,0,83.19525,0.9093361,-71.23631
2077,0.71666664,43,0,2.2040336,0.91131544,-70.925766
2078,0.55000013,33,0,5.4763684,0.9034827,-70.940125
2079,3.0166645,181,0,199.8281,0.8973666,-71.161964
2080,3.0166645,181,0,271.09006,0.87837124,-71.1592
2081,3.0166645,181,0,328.21225,0.880136,-70.94373
2082,3.0166645,181,0,338.16403,0.87427336,-70.97705
2083,3.0166645,181,0,345.32645,0.87562525,-71.10931
2084,3.0166645,181,0,108.906166,0.8744905,-71.06798
2085,3.0166645,181,0,320.78494,0.8645388,-71.35227
2086,3.0166645,181,0,262.06418,0.87666684,-71.07555
2087,3.0166645,181,0,379.23517,0.8685663,-71.165665
2088,1.7166657,103,0,3.7377355,0.8629729,-71.27522
2089,0.61666673,37,0,1.8446168,0.8434865,-71.35665
2090,3.0166645,181,0,284.6088,0.8396876,-71.28339
2091,0.6666667,40,0,1.6396115,0.8787357,-71.43096
2092,3.0166645,181,0,270.89368,0.8433438,-71.25891
2093,3.0166645,181,0,323.41113,0.8365187,-71.485664
2094,3.0166645,181,0,263.28192,0.83698064,-71.59675
2095,3.0166645,181,0,311.30582,0.83017915,-71.59676
2096,1.416666,85,0,20.987778,0.858798,-71.58529
2097,3.0166645,181,0,380.28018,0.83829033,-71.65271
2098,3.0166645,181,0,360.58807,0.8321656,-71.720024
2099,3.0166645,181,0,327.22165,0.8033431,-71.95382
2100,3.0166645,181,0,356.8984,0.81441593,-72.062645
2101,3.0166645,181,0,366.44217,0.8068895,-72.0775
2102,3.0166645,181,0,230.97081,0.8062051,-72.28961
2103,0.6333334,38,0,1.1290133,0.80712426,-72.12583
2104,3.0166645,181,0,287.6852,0.8083607,-72.21764
2105,3.0166645,181,0,257.9069,0.79545766,-72.37827
2106,3.0166645,181,0,304.86893,0.7931286,-72.57544
2107,3.0166645,181,0,197.81413,0.7864426,-72.6896
2108,3.0166645,181,0,283.38846,0.78663164,-72.90664
2109,3.0166645,181,0,302.0265,0.7746905,-73.05847
2110,3.0166645,181,0,316.4418,0.7600435,-73.162415
2111,3.0166645,181,0,276.14465,0.75924003,-73.298836
2112,3.0166645,181,0,225.9079,0.746756,-73.28329
2113,0.6666667,40,0,0.8042402,0.7568968,-73.433266
2114,3.0166645,181,0,256.44623,0.7470251,-73.53071
2115,1.3666661,82,0,14.144385,0.7165874,-73.64461
2116,3.0166645,181,0,233.23148,0.7149438,-73.66811
2117,3.0166645,181,0,319.69717,0.7311615,-73.75555
2118,3.0166645,181,0,267.16492,0.7150691,-73.921906
2119,0.65000004,39,0,0.8743089,0.72065717,-73.76417
2120,1.1999996,72,0,4.400066,0.71156317,-74.01197
2121,3.0166645,181,0,337.78204,0.69953793,-74.27662
2122,3.0166645,181,0,335.49026,0.69003135,-74.26305
2123,3.0166645,181,0,301.88812,0.6963105,-74.45687
2124,3.0166645,181,0,365.46982,0.6825484,-74.6765
2125,0.7333333,44,0,3.2453804,0.6951667,-74.38929
2126,3.0166645,181,0,261.3469,0.67017454,-74.75518
2127,1.083333,65,0,62.44432,0.6608652,-74.388565
2128,3.0166645,181,0,251.08638,0.66208595,-74.734726
2129,0.9333331,56,0,3.0688765,0.6475147,-74.845985
2130,0.7,42,0,6.7760205,0.6597319,-74.63821
2131,0.7666666,46,0,24.738607,0.6408444,-74.722984
2132,3.0166645,181,0,300.27454,0.6570516,-74.975464
2133,0.68333334,41,0,4.275686,0.65505105,-74.767784
2134,3.0166645,181,0,308.27954,0.63763124,-75.071014
2135,3.0166645,181,0,207.35796,0.63470197,-75.0854
2136,0.7666666,46,0,4.1558366,0.65464973,-75.26533
2137,3.0166645,181,0,236.38884,0.6348094,-75.31473
2138,0.58333343,35,0,1.7255263,0.65677655,-74.79783
2139,3.0166645,181,0,291.04105,0.6264467,-75.39535
2140,3.0166645,181,0,283.73685,0.6136743,-75.32665
2141,3.0166645,181,0,287.90894,0.59867895,-75.413086
2142,1.2333329,74,0,32.081066,0.60548115,-75.27359
2143,1.8166656,109,0,0.5873205,0.5972446,-75.71427
2144,3.0166645,181,0,260.66183,0.60900736,-75.30322
2145,3.0166645,181,0,186.14854,0.6019736,-75.4503
2146,3.0166645,181,0,192.00333,0.5946399,-75.29688
2147,3.0166645,181,0,190.16309,0.5915834,-75.35031
2148,0.58333343,35,0,0.5224233,0.5923225,-75.59361
2149,0.6333334,38,0,0.6662727,0.58505064,-75.501526
2150,1.3166661,79,0,45.63609,0.5846816,-75.394775
2151,3.0166645,181,0,163.25383,0.56986004,-75.257774
2152,0.5000002,30,0,0.44025087,0.59462374,-75.115005
2153,0.65000004,39,0,1.5457237,0.56275195,-75.62674
2154,3.0166645,181,0,242.64667,0.5712428,-75.256676
2155,3.0166645,181,0,245.57939,0.57379985,-75.22157
2156,3.0166645,181,0,231.85114,0.5410893,-75.328804
2157,3.0166645,181,0,272.0159,0.54902107,-75.35404
2158,1.5333326,92,0,13.576983,0.54193836,-75.33636
2159,0.58333343,35,0,3.7049425,0.56281114,-75.18005
2160,1.2333329,74,0,15.283425,0.5433602,-75.10557
2161,0.68333334,41,0,2.719787,0.55150235,-74.824196
2162,3.0166645,181,0,289.13623,0.54661465,-75.217224
2163,3.0166645,181,0,263.83115,0.5488071,-75.2786
2164,3.0166645,181,0,269.38083,0.5404276,-75.17821
2165,3.0166645,181,0,190.04616,0.53640634,-75.09666
2166,3.0166645,181,0,200.01118,0.5381463,-75.14109
2167,3.0166645,181,0,75.06363,0.54575485,-75.0517
2168,3.0166645,181,0,248.02737,0.54194576,-74.901634
2169,0.8333332,50,0,1.3814985,0.5229797,-74.93076
2170,0.6000001,36,0,2.1765504,0.5195233,-74.63654
2171,3.0166645,181,0,261.41406,0.5392494,-74.891365
2172,3.0166645,181,0,260.9582,0.5268442,-74.84186
2173,1.0999997,66,0,15.624456,0.53782475,-74.85925
2174,3.0166645,181,0,279.97836,0.52778214,-74.822296
2175,3.0166645,181,0,173.40385,0.52926403,-74.74658
2176,3.0166645,181,0,262.06363,0.53740233,-74.82542
2177,3.0166645,181,0,210.17384,0.5275612,-74.800804
2178,3.0166645,181,0,179.5184,0.51184,-74.806274
2179,3.0166645,181,0,287.98724,0.5299938,-74.67819
2180,3.0166645,181,0,14.537235,0.5282046,-74.5124
2181,3.0166645,181,0,286.89215,0.52995116,-74.29031
2182,3.0166645,181,0,180.55449,0.53495437,-74.453255
2183,0.8999998,54,0,0.41310763,0.5211635,-74.06314
2184,3.0166645,181,0,208.32938,0.5242294,-74.41673
2185,3.0166645,181,0,200.64949,0.5250864,-74.2497
2186,3.0166645,181,0,153.4586,0.5209456,-74.25258
2187,0.8333332,50,0,1.1257377,0.53407675,-74.22558
2188,3.0166645,181,0,210.2713,0.53925437,-74.23334
2189,3.0166645,181,0,241.9422,0.52615255,-74.12028
2190,3.0166645,181,0,260.47305,0.53849703,-74.213264
2191,3.0166645,181,0,242.95827,0.52675796,-74.09625
2192,3.0166645,181,0,182.39635,0.5265672,-73.77715
2193,3.0166645,181,0,247.89313,0.53430074,-73.77283
2194,3.0166645,181,0,296.5074,0.53356564,-73.82731
2195,0.7333333,44,0,2.860065,0.5178782,-73.79828
2196,3.0166645,181,0,218.03003,0.53059405,-73.7695
2197,0.94999975,57,0,3.0534024,0.5194585,-73.82152
2198,3.0166645,181,0,261.66782,0.52474236,-73.84576
2199,3.0166645,181,0,210.8712,0.5245658,-73.68872
2200,3.0166645,181,0,202.00433,0.5226316,-73.71512
2201,1.2999995,78,0,1.1764772,0.5333845,-73.48517
2202,0.84999985,51,0,2.8942175,0.5407869,-73.662796
2203,3.0166645,181,0,330.94113,0.53547305,-73.56924
2204,3.0166645,181,0,143.6887,0.529462,-73.40526
2205,3.0166645,181,0,240.0571,0.5377702,-73.42642
2206,0.68333334,41,0,0.97521734,0.5565296,-73.06279
2207,3.0166645,181,0,215.27133,0.5451134,-73.28514
2208,3.0166645,181,0,231.59773,0.5301127,-73.37794
2209,0.58333343,35,0,0.23769093,0.55721694,-73.0541
2210,3.0166645,181,0,209.9589,0.5523158,-73.109634
2211,3.0166645,181,0,163.7513,0.54328823,-73.00068
2212,3.0166645,181,0,256.32712,0.5445173,-73.01748
2213,3.0166645,181,0,139.78836,0.55310184,-73.03553
2214,3.0166645,181,0,110.42654,0.568251,-72.84757
2215,3.0166645,181,0,205.17966,0.573852,-72.732574
2216,3.0166645,181,0,314.96918,0.56524557,-72.64942
2217,3.0166645,181,0,182.18655,0.5681696,-72.45668
2218,3.0166645,181,0,316.90427,0.5721436,-72.73558
2219,3.0166645,181,0,213.93707,0.5757516,-72.65961
2220,3.0166645,181,0,262.56702,0.5778606,-72.48606
2221,3.0166645,181,0,202.79178,0.58202946,-72.40801
2222,3.0166645,181,0,232.00034,0.59021217,-72.30124
2223,1.133333,68,0,3.4054523,0.58430797,-71.94669
2224,3.0166645,181,0,243.92485,0.588069,-72.13316
2225,3.0166645,181,0,283.80127,0.58941555,-72.234245
2226,3.0166645,181,0,178.88034,0.5860046,-72.11247
2227,3.0166645,181,0,327.9676,0.5895053,-71.9274
2228,3.0166645,181,0,265.05557,0.5903363,-72.021996
2229,0.61666673,37,0,1.7159135,0.5862735,-71.83524
2230,3.0166645,181,0,202.30208,0.6006853,-71.97981
2231,3.0166645,181,0,226.20352,0.5978091,-71.863846
2232,3.0166645,181,0,336.56848,0.5986374,-71.77242
2233,3.0166645,181,0,195.1387,0.60580796,-71.79612
2234,3.0166645,181,0,164.6549,0.6127834,-71.60115
2235,3.0166645,181,0,181.55412,0.6149943,-71.57864
2236,3.0166645,181,0,285.29657,0.6099903,-71.550804
2237,3.0166645,181,0,201.80498,0.60734606,-71.33822
2238,3.0166645,181,0,270.74014,0.61967194,-71.432556
2239,3.0166645,181,0,246.02013,0.6180972,-71.350784
2240,3.0166645,181,0,98.34151,0.6147522,-71.15371
2241,3.0166645,181,0,173.80836,0.62497646,-71.266594
2242,3.0166645,181,0,157.20186,0.6398288,-71.04441
2243,3.0166645,181,0,275.64932,0.63541186,-70.86926
2244,3.0166645,181,0,145.17825,0.630326,-70.87277
2245,3.0166645,181,0,274.93372,0.6236268,-70.79995
2246,3.0166645,181,0,279.73056,0.6219871,-70.756485
2247,3.0166645,181,0,255.28548,0.6097965,-70.81441
2248,3.0166645,181,0,148.29175,0.62587637,-70.582085
2249,3.0166645,181,0,225.3108,0.6104241,-70.66798
2250,3.0166645,181,0,226.74606,0.60494703,-70.57586
2251,3.0166645,181,0,139.65564,0.60813266,-70.626686
2252,3.0166645,181,0,236.49454,0.6115737,-70.30017
2253,3.0166645,181,0,170.05264,0.60890716,-70.37752
2254,3.0166645,181,0,139.75671,0.6006708,-70.304855
2255,3.0166645,181,0,204.64941,0.5908729,-70.18368
2256,3.0166645,181,0,174.3985,0.6071344,-70.26206
2257,3.0166645,181,0,225.71417,0.59701914,-70.19684
2258,3.0166645,181,0,275.0803,0.5808652,-70.27502
2259,3.0166645,181,0,270.02136,0.5864191,-70.092674
2260,3.0166645,181,0,229.72667,0.5625717,-70.217384
2261,3.0166645,181,0,196.05325,0.5606007,-70.00947
2262,3.0166645,181,0,230.15329,0.56886727,-69.87577
2263,3.0166645,181,0,96.47811,0.5567049,-69.85431
2264,3.0166645,181,0,253.3317,0.5569035,-69.917786
2265,3.0166645,181,0,292.03912,0.54592836,-70.016235
2266,3.0166645,181,0,305.62778,0.54718035,-69.72406
2267,3.0166645,181,0,274.43573,0.540939,-69.70547
2268,3.0166645,181,0,268.59256,0.53308874,-69.63508
2269,3.0166645,181,0,178.42519,0.53963995,-69.552826
2270,0.6000001,36,0,0.821918,0.56488943,-69.53913
2271,3.0166645,181,0,291.6623,0.5285285,-69.58334
2272,3.0166645,181,0,212.34564,0.5423851,-69.444565
2273,3.0166645,181,0,318.757,0.5360668,-69.6095
2274,3.0166645,181,0,287.55225,0.52536464,-69.26316
2275,3.0166645,181,0,248.49202,0.5457,-69.29338
2276,3.0166645,181,0,289.5188,0.5200071,-69.267265
2277,3.0166645,181,0,251.57419,0.520012,-69.24245
2278,3.0166645,181,0,443.2558,0.5231714,-69.20426
2279,3.0166645,181,0,259.73898,0.52541405,-69.045334
2280,3.0166645,181,0,353.07758,0.5312093,-69.076035
2281,3.0166645,181,0,392.08783,0.52122295,-69.05125
2282,0.84999985,51,0,0.8270915,0.5121677,-68.94802
2283,2.6499982,159,0,8.514338,0.52598083,-68.93347
2284,3.0166645,181,0,299.7452,0.5289137,-68.966866
2285,3.0166645,181,0,149.68726,0.52035415,-68.950745
2286,3.0166645,181,0,262.1304,0.5265661,-68.728226
2287,3.0166645,181,0,235.96967,0.52427816,-68.76918
2288,3.0166645,181,0,103.68109,0.5174757,-68.64981
2289,3.0166645,181,0,305.02826,0.5150888,-68.54208
2290,0.5333335,32,0,0.61229616,0.53850836,-68.21032
2291,3.0166645,181,0,319.03403,0.5182776,-68.50742
2292,3.0166645,181,0,246.91098,0.52844906,-68.486435
2293,3.0166645,181,0,238.52101,0.515921,-68.39046
2294,3.0166645,181,0,270.79025,0.52144915,-68.40597
2295,3.0166645,181,0,373.38138,0.5271145,-68.493996
2296,0.5666668,34,0,0.25361234,0.5316239,-68.32011
2297,3.0166645,181,0,284.47284,0.5304487,-68.38203
2298,3.0166645,181,0,295.3941,0.520501,-68.300835
2299,3.0166645,181,0,336.92773,0.5194631,-68.101494
2300,3.0166645,181,0,301.2202,0.5170232,-68.31615
2301,3.0166645,181,0,226.67421,0.52737683,-68.18847
2302,3.0166645,181,0,319.05588,0.53331155,-68.2255
2303,3.0166645,181,0,262.63763,0.527859,-68.066086
2304,3.0166645,181,0,372.19968,0.5148542,-68.202965
2305,3.0166645,181,0,362.74008,0.5239178,-68.33604
2306,3.0166645,181,0,315.33017,0.53377324,-68.18676
2307,3.0166645,181,0,132.32663,0.5239296,-68.12887
2308,3.0166645,181,0,364.041,0.530056,-68.2759
2309,3.0166645,181,0,320.26498,0.52707547,-68.170105
2310,3.0166645,181,0,386.05832,0.5319429,-68.201675
2311,3.0166645,181,0,264.33084,0.5232495,-68.27686
2312,3.0166645,181,0,303.4943,0.5230969,-68.22045
2313,3.0166645,181,0,243.87395,0.5360288,-68.271385
2314,3.0166645,181,0,196.52365,0.52836627,-68.21851
2315,3.0166645,181,0,452.84894,0.52788186,-68.19101
2316,3.0166645,181,0,307.35098,0.5280724,-68.10116
2317,3.0166645,181,0,327.00067,0.5316594,-68.18611
2318,3.0166645,181,0,274.79584,0.5333193,-68.288994
2319,3.0166645,181,0,317.13474,0.53439105,-68.118324
2320,3.0166645,181,0,323.40573,0.5331108,-68.05775
2321,3.0166645,181,0,246.31175,0.52672917,-68.171585
2322,3.0166645,181,0,232.89124,0.5487599,-68.18124
2323,3.0166645,181,0,177.17744,0.5310966,-68.2039
2324,3.0166645,181,0,81.5979,0.5472824,-68.14686
2325,3.0166645,181,0,244.20206,0.5550558,-68.081505
2326,0.61666673,37,0,0.7947708,0.560684,-68.33698
2327,3.0166645,181,0,250.88832,0.5539448,-68.10818
2328,3.0166645,181,0,172.18822,0.53578085,-68.02025
2329,3.0166645,181,0,214.64029,0.5515891,-68.03465
2330,3.0166645,181,0,268.30807,0.5529802,-67.95667
2331,3.0166645,181,0,201.50871,0.5575648,-68.006584
2332,3.0166645,181,0,293.55176,0.5526537,-68.07131
2333,3.0166645,181,0,241.20676,0.55179435,-68.051094
2334,3.0166645,181,0,253.4917,0.5526957,-68.062164
2335,3.0166645,181,0,177.53911,0.5494946,-67.97402
2336,0.74999994,45,0,0.7451817,0.55595285,-68.074196
2337,3.0166645,181,0,254.06384,0.55641687,-67.9927
2338,0.6333334,38,0,0.7789948,0.5496219,-68.10177
2339,1.1999996,72,0,6.9424586,0.5582459,-67.989746
2340,0.84999985,51,0,0.4874985,0.5430675,-67.86272
2341,3.0166645,181,0,163.3317,0.5458025,-67.86859
2342,3.0166645,181,0,224.4569,0.55171216,-67.82384
2343,0.55000013,33,0,3.6479023,0.5699827,-67.75884
2344,2.9999979,180,0,159.95407,0.5519203,-67.65569
2345,3.0166645,181,0,233.4626,0.5522015,-67.86041
2346,3.0166645,181,0,309.76596,0.5665252,-67.705315
2347,3.0166645,181,0,247.23087,0.5478317,-67.91827
2348,3.0166645,181,0,205.81403,0.5488601,-67.85478
2349,3.0166645,181,0,214.80338,0.55454266,-67.87351
2350,3.0166645,181,0,118.47191,0.55245095,-67.794205
2351,3.0166645,181,0,260.42474,0.5676807,-67.886116
2352,1.2833328,77,0,0.59630316,0.55985767,-67.69701
2353,3.0166645,181,0,170.38011,0.5515091,-67.72596
2354,3.0166645,181,0,220.92076,0.5547307,-67.61517
2355,0.8999998,54,0,2.5322673,0.5407085,-67.839485
2356,0.65000004,39,0,0.9556702,0.53994596,-67.450966
2357,3.0166645,181,0,263.89664,0.54007304,-67.7173
2358,3.0166645,181,0,250.32216,0.55475044,-67.72941
2359,3.0166645,181,0,201.18752,0.54366285,-67.69656
2360,0.8666665,52,0,1.5466287,0.5350891,-67.72576
2361,0.6000001,36,0,0.49801543,0.549027,-67.75797
2362,3.0166645,181,0,221.76784,0.5446537,-67.60664
2363,3.0166645,181,0,210.51714,0.54405534,-67.58985
2364,0.7999999,48,0,0.83610886,0.5371354,-68.02568
2365,3.0166645,181,0,196.67215,0.53568584,-67.669914
2366,3.0166645,181,0,241.19106,0.5468679,-67.77116
2367,3.0166645,181,0,235.47833,0.5447727,-67.712326
2368,3.0166645,181,0,271.72107,0.539782,-67.75405
2369,3.0166645,181,0,229.4545,0.53874207,-67.69268
2370,3.0166645,181,0,170.11383,0.5359055,-67.75919
2371,3.0166645,181,0,144.03107,0.5340885,-67.54807
2372,3.0166645,181,0,227.181,0.52345,-67.61636
2373,3.0166645,181,0,170.26157,0.5341504,-67.73463
2374,3.0166645,181,0,253.71553,0.53478354,-67.813354
2375,0.6000001,36,0,0.60646933,0.53778535,-67.957016
2376,3.0166645,181,0,63.37155,0.52971643,-67.77545
2377,3.0166645,181,0,273.90775,0.5290481,-67.59244
2378,3.0166645,181,0,214.46724,0.5373285,-67.45976
2379,3.0166645,181,0,164.39618,0.53488016,-67.63073
2380,3.0166645,181,0,168.78543,0.5344107,-67.69603
2381,3.0166645,181,0,256.3195,0.5287377,-67.78036
2382,3.0166645,181,0,166.78424,0.52996117,-67.6067
2383,3.0166645,181,0,90.67901,0.5328678,-67.76221
2384,3.0166645,181,0,192.76012,0.5365926,-67.5241
2385,3.0166645,181,0,200.84111,0.5332329,-67.441284
2386,3.0166645,181,0,190.0859,0.538053,-67.63018
2387,3.0166645,181,0,197.02803,0.5306491,-67.35946
2388,3.0166645,181,0,186.71342,0.5393808,-67.36434
2389,3.0166645,181,0,289.33542,0.5328342,-67.62212
2390,3.0166645,181,0,218.88928,0.5386957,-67.64171
2391,3.0166645,181,0,256.76175,0.5387687,-67.6165
2392,3.0166645,181,0,200.75793,0.5436509,-67.705154
2393,3.0166645,181,0,177.8614,0.5286664,-67.51039
2394,3.0166645,181,0,188.48512,0.53930813,-67.56208
2395,3.0166645,181,0,123.10379,0.53134173,-67.52997
2396,3.0166645,181,0,151.37502,0.53604704,-67.487656
2397,3.0166645,181,0,222.19968,0.53424025,-67.41735
2398,3.0166645,181,0,216.72313,0.536088,-67.497025
2399,3.0166645,181,0,180.48076,0.5366497,-67.61411
2400,3.0166645,181,0,162.58957,0.53770465,-67.51359
2401,0.71666664,43,0,1.7224095,0.530818,-67.65113
2402,3.0166645,181,0,199.77646,0.5334842,-67.42619
2403,3.0166645,181,0,207.8268,0.5426612,-67.58428
2404,3.0166645,181,0,162.08313,0.5448821,-67.5815
2405,3.0166645,181,0,210.32245,0.54213434,-67.689026
2406,3.0166645,181,0,187.4632,0.5399407,-67.66227
2407,0.6333334,38,0,1.1654983,0.54139084,-67.65382
2408,3.0166645,181,0,235.05963,0.5448352,-67.630974
2409,3.0166645,181,0,229.5116,0.54323167,-67.670784
2410,3.0166645,181,0,215.40608,0.5433732,-67.61948
2411,3.0166645,181,0,173.52164,0.5492033,-67.63474
2412,3.0166645,181,0,222.29103,0.54786366,-67.66374
2413,3.0166645,181,0,253.98572,0.54457486,-67.68246
2414,3.0166645,181,0,173.18239,0.5595062,-67.620094
2415,2.5333316,152,0,0.9161813,0.5568086,-67.650635
2416,3.0166645,181,0,212.52586,0.5557892,-67.67326
2417,3.0166645,181,0,235.30002,0.5736164,-67.71425
2418,3.0166645,181,0,188.00542,0.5697497,-67.66557
2419,3.0166645,181,0,222.00356,0.5793902,-67.71594
2420,3.0166645,181,0,279.3233,0.5658664,-67.69983
2421,3.0166645,181,0,187.25029,0.56963176,-67.88064
2422,3.0166645,181,0,258.827,0.57796055,-67.67682
2423,3.0166645,181,0,249.69566,0.5804394,-67.709854
2424,3.0166645,181,0,220.58415,0.57048905,-67.91924
2425,3.0166645,181,0,158.20306,0.588128,-67.949615
2426,3.0166645,181,0,130.4495,0.5748133,-68.07853
2427,3.0166645,181,0,200.94556,0.5878352,-67.87067
2428,3.0166645,181,0,248.61206,0.5795825,-67.82861
2429,3.0166645,181,0,307.42322,0.5883388,-67.954254
2430,3.0166645,181,0,218.00737,0.59291583,-67.74762
2431,3.0166645,181,0,189.63963,0.59275955,-67.91691
2432,3.0166645,181,0,115.06895,0.5942043,-67.736565
2433,3.0166645,181,0,233.74886,0.5933757,-67.76741
2434,3.0166645,181,0,277.69592,0.59905523,-67.90543
2435,3.0166645,181,0,161.6129,0.5900767,-67.88289
2436,3.0166645,181,0,314.7661,0.5895693,-67.794106
2437,3.0166645,181,0,231.78577,0.5870353,-67.851776
2438,3.0166645,181,0,104.335495,0.602962,-67.82546
2439,0.8999998,54,0,2.023292,0.58413905,-67.973656
2440,3.0166645,181,0,140.847,0.595664,-67.70208
2441,3.0166645,181,0,103.81562,0.59046584,-67.80088
2442,3.0166645,181,0,196.9323,0.58888215,-67.64737
2443,3.0166645,181,0,166.18507,0.5878759,-67.74153
2444,3.0166645,181,0,236.65399,0.590143,-67.837975
2445,3.0166645,181,0,241.30537,0.5896822,-67.46887
2446,3.0166645,181,0,243.50418,0.5917283,-67.6086
2447,3.0166645,181,0,264.2279,0.58252025,-67.410645
2448,3.0166645,181,0,152.54274,0.5801857,-67.60485
2449,3.0166645,181,0,183.46027,0.5740364,-67.73025
2450,3.0166645,181,0,210.5538,0.58080494,-67.483086
2451,3.0166645,181,0,163.7344,0.5609241,-67.63059
2452,3.0166645,181,0,184.64714,0.5736303,-67.70702
2453,3.0166645,181,0,149.77863,0.56856066,-67.30744
2454,3.0166645,181,0,287.37415,0.56994444,-67.337036
2455,0.9999997,60,0,0.6039399,0.56891197,-67.31873
2456,3.0166645,181,0,199.48451,0.5634168,-67.31441
2457,3.0166645,181,0,156.706,0.5680604,-67.411095
2458,3.0166645,181,0,193.20781,0.5650834,-67.30528
2459,3.0166645,181,0,246.79236,0.56640846,-67.15383
2460,3.0166645,181,0,225.94926,0.56438935,-67.30848
2461,3.0166645,181,0,124.51072,0.5639005,-67.44308
2462,3.0166645,181,0,141.7213,0.56241745,-67.3585
2463,3.0166645,181,0,209.86365,0.5631944,-67.3866
2464,3.0166645,181,0,242.78882,0.57248473,-67.35673
2465,3.0166645,181,0,234.61516,0.55910885,-67.14736
2466,3.0166645,181,0,207.80872,0.55679864,-67.29269
2467,3.0166645,181,0,174.77344,0.5560535,-67.01173
2468,3.0166645,181,0,240.99506,0.569796,-67.01893
2469,3.0166645,181,0,236.5797,0.55559814,-67.08371
2470,3.0166645,181,0,250.97241,0.55621916,-67.118965
2471,3.0166645,181,0,300.62814,0.55378133,-67.1286
2472,1.0166664,61,0,0.51027715,0.5555737,-67.08215
2473,3.0166645,181,0,190.03667,0.5588824,-67.18395
2474,3.0166645,181,0,215.75652,0.5489001,-66.99166
2475,3.0166645,181,0,195.4902,0.5602492,-67.08359
2476,3.0166645,181,0,212.84235,0.5571126,-66.8928
2477,3.0166645,181,0,242.59644,0.5579153,-67.15963
2478,2.2499986,135,0,1.2885526,0.56001085,-67.01596
2479,3.0166645,181,0,136.69745,0.5617149,-67.11057
2480,3.0166645,181,0,185.31041,0.567845,-66.86373
2481,3.0166645,181,0,188.63495,0.57075495,-66.88296
2482,3.0166645,181,0,156.8832,0.568006,-66.80745
2483,3.0166645,181,0,236.46594,0.56833863,-66.894844
2484,3.0166645,181,0,283.16135,0.5780117,-66.89328
2485,3.0166645,181,0,227.0698,0.5826062,-66.800705
2486,3.0166645,181,0,218.28632,0.5776429,-66.84161
2487,3.0166645,181,0,168.68477,0.5828287,-66.67677
2488,3.0166645,181,0,248.10548,0.58422065,-66.75274
2489,3.0166645,181,0,264.03088,0.5819949,-66.64659
2490,3.0166645,181,0,179.40529,0.5967968,-66.916214
2491,0.91666645,55,0,0.6881245,0.59576017,-66.31268
2492,3.0166645,181,0,272.37903,0.5818165,-66.768936
2493,3.0166645,181,0,206.62096,0.58965504,-66.8347
2494,3.0166645,181,0,280.92282,0.6019844,-66.81953
2495,3.0166645,181,0,263.4876,0.6077993,-66.5483
2496,3.0166645,181,0,180.21724,0.60997796,-66.54266
2497,3.0166645,181,0,199.18063,0.6100242,-66.64261
2498,3.0166645,181,0,228.34569,0.6051357,-66.68113
2499,3.0166645,181,0,181.6054,0.6160272,-66.692
2500,3.0166645,181,0,230.6148,0.6025966,-66.94371
2501,3.0166645,181,0,218.8676,0.6193382,-66.71179
2502,3.0166645,181,0,198.86258,0.61849964,-66.71621
2503,3.0166645,181,0,179.1987,0.62115484,-66.80949
2504,3.0166645,181,0,242.56746,0.6231674,-66.772125
2505,3.0166645,181,0,121.10548,0.6309332,-66.6539
2506,3.0166645,181,0,228.28381,0.63811094,-66.60285
2507,3.0166645,181,0,193.07062,0.6385252,-66.762474
2508,3.0166645,181,0,120.34433,0.6288871,-66.57023
2509,0.94999975,57,0,4.2428303,0.64989567,-66.53844
2510,3.0166645,181,0,231.4675,0.6457345,-66.771706
2511,3.0166645,181,0,99.006,0.6462638,-66.61126
2512,3.0166645,181,0,249.88445,0.65428835,-66.65845
2513,3.0166645,181,0,209.61008,0.66866684,-66.75332
2514,3.0166645,181,0,123.972176,0.6678671,-66.80207
2515,3.0166645,181,0,199.79228,0.68251467,-66.66219
2516,3.0166645,181,0,199.31308,0.6633478,-66.50129
2517,3.0166645,181,0,142.01816,0.67331636,-66.65919
2518,3.0166645,181,0,306.6487,0.6761883,-66.751434
2519,3.0166645,181,0,281.5804,0.68634593,-66.45939
2520,3.0166645,181,0,193.23642,0.678416,-66.657936
2521,0.9999997,60,0,2.2872355,0.6978662,-66.24962
2522,3.0166645,181,0,210.51717,0.6916284,-66.53093
2523,3.0166645,181,0,186.27998,0.7073254,-66.79619
2524,3.0166645,181,0,165.28377,0.69130397,-66.6234
2525,3.0166645,181,0,288.56766,0.7187954,-66.5723
2526,3.0166645,181,0,266.60056,0.71761334,-66.50021
2527,3.0166645,181,0,191.47818,0.72288746,-66.494804
2528,3.0166645,181,0,236.496,0.7347766,-66.549515
2529,3.0166645,181,0,245.94849,0.72728574,-66.73373
2530,3.0166645,181,0,213.34924,0.7309648,-66.5506
2531,3.0166645,181,0,302.4091,0.73773414,-66.61744
2532,3.0166645,181,0,259.53064,0.73806006,-66.5308
2533,3.0166645,181,0,140.05661,0.74443793,-66.7044
2534,3.0166645,181,0,31.230925,0.75057423,-66.710625
2535,3.0166645,181,0,233.9334,0.7671461,-66.45445
2536,3.0166645,181,0,261.30487,0.7622465,-66.703026
2537,3.0166645,181,0,210.3022,0.76517004,-66.71962
2538,3.0166645,181,0,218.3881,0.7620414,-66.753235
2539,3.0166645,181,0,235.95334,0.77098954,-66.51723
2540,3.0166645,181,0,233.40329,0.771719,-66.656334
2541,3.0166645,181,0,183.7915,0.7825239,-66.56179
2542,3.0166645,181,0,179.39192,0.79461485,-66.75617
2543,3.0166645,181,0,281.1306,0.76729125,-66.782715
2544,3.0166645,181,0,139.90001,0.7847134,-66.666885
2545,3.0166645,181,0,247.50983,0.80796087,-66.859245
2546,3.0166645,181,0,127.068886,0.81005484,-66.84941
2547,3.0166645,181,0,73.81112,0.80313927,-66.88613
2548,3.0166645,181,0,244.93053,0.7989545,-66.88565
2549,3.0166645,181,0,248.90804,0.8078641,-66.83257
2550,3.0166645,181,0,231.16197,0.8024191,-66.8413
2551,3.0166645,181,0,290.3312,0.8186619,-66.93977
2552,3.0166645,181,0,152.61728,0.82125497,-66.978905
2553,3.0166645,181,0,311.78928,0.8251509,-67.13696
2554,3.0166645,181,0,233.63838,0.8274809,-66.9082
2555,3.0166645,181,0,198.82289,0.81031126,-67.048035
2556,3.0166645,181,0,325.45114,0.82591254,-67.25526
2557,3.0166645,181,0,87.8432,0.83308053,-67.13438
2558,3.0166645,181,0,142.71059,0.8287728,-67.11819
2559,3.0166645,181,0,37.938427,0.83278257,-67.18066
2560,3.0166645,181,0,127.13559,0.8438142,-67.231895
2561,3.0166645,181,0,197.2652,0.8323656,-67.19065
2562,3.0166645,181,0,210.73865,0.83707774,-67.2715
2563,3.0166645,181,0,306.76984,0.8402686,-67.19281
2564,3.0166645,181,0,187.05446,0.8472479,-67.21356
2565,3.0166645,181,0,308.10196,0.8521285,-67.525085
2566,3.0166645,181,0,182.23123,0.84275764,-67.53454
2567,3.0166645,181,0,20.091406,0.8298615,-67.54958
2568,3.0166645,181,0,239.83524,0.84492695,-67.53666
2569,3.0166645,181,0,201.27107,0.83684367,-67.56855
2570,3.0166645,181,0,4.7649436,0.8483907,-67.64245
2571,3.0166645,181,0,288.5677,0.83422726,-67.699036
2572,3.0166645,181,0,209.60768,0.8500786,-67.634705
2573,3.0166645,181,0,140.37506,0.83507574,-67.651955
2574,3.0166645,181,0,292.38968,0.83765656,-67.61126
2575,3.0166645,181,0,229.31456,0.8489467,-67.624725
2576,3.0166645,181,0,228.83725,0.8334816,-67.806206
2577,3.0166645,181,0,230.20816,0.84712523,-67.91809
2578,3.0166645,181,0,236.40216,0.8568678,-68.07627
2579,3.0166645,181,0,195.24846,0.8557382,-68.15974
2580,3.0166645,181,0,143.55138,0.84129506,-68.140656
2581,3.0166645,181,0,114.342995,0.84355456,-68.1077
2582,3.0166645,181,0,262.56152,0.8459647,-67.97732
2583,3.0166645,181,0,135.7051,0.83303875,-68.05434
2584,3.0166645,181,0,313.51465,0.85218775,-68.220314
2585,3.0166645,181,0,216.48425,0.84002256,-68.27839
2586,3.0166645,181,0,286.48862,0.844891,-68.19137
2587,3.0166645,181,0,281.53073,0.8321222,-68.43527
2588,3.0166645,181,0,180.2687,0.85455954,-68.54338
2589,3.0166645,181,0,263.74808,0.8422339,-68.502
2590,3.0166645,181,0,273.35788,0.83899975,-68.652
2591,3.0166645,181,0,263.38986,0.83223534,-68.49038
2592,3.0166645,181,0,233.84644,0.8401831,-68.64586
2593,3.0166645,181,0,176.96999,0.82581043,-68.73801
2594,3.0166645,181,0,250.44128,0.8337358,-68.6291
2595,3.0166645,181,0,233.02843,0.8349485,-68.704636
2596,3.0166645,181,0,189.84674,0.82163393,-68.805016
2597,3.0166645,181,0,228.18048,0.83453196,-68.89701
2598,3.0166645,181,0,286.3483,0.81992567,-68.77465
2599,3.0166645,181,0,291.10394,0.8142902,-69.079094
2600,3.0166645,181,0,301.03683,0.8313269,-69.1141
2601,3.0166645,181,0,202.3244,0.82270515,-68.96172
2602,3.0166645,181,0,237.12912,0.819527,-69.184395
2603,3.0166645,181,0,154.44254,0.8167925,-69.17236
2604,3.0166645,181,0,271.25357,0.79930353,-69.09727
2605,3.0166645,181,0,273.2787,0.81407106,-69.102646
2606,3.0166645,181,0,230.24779,0.8066787,-69.33616
2607,3.0166645,181,0,266.16043,0.8029333,-69.142365
2608,3.0166645,181,0,232.60098,0.8185157,-69.19186
2609,3.0166645,181,0,204.87013,0.7982162,-69.40464
2610,1.1499996,69,0,1.9532219,0.7960407,-69.35386
2611,3.0166645,181,0,172.86018,0.79646087,-69.288086
2612,3.0166645,181,0,195.78294,0.7875038,-69.18715
2613,1.2166662,73,0,19.224195,0.78905624,-69.07846
2614,3.0166645,181,0,313.1231,0.79165053,-69.21087
2615,3.0166645,181,0,252.65729,0.78435075,-69.09625
2616,1.2999995,78,0,0.6488373,0.78000677,-69.16754
2617,3.0166645,181,0,221.04321,0.78541845,-69.2122
2618,3.0166645,181,0,244.85065,0.7749048,-69.22693
2619,3.0166645,181,0,275.71503,0.7772429,-69.18946
2620,3.0166645,181,0,146.92732,0.7611459,-69.25473
2621,3.0166645,181,0,264.14545,0.7572854,-69.13178
2622,3.0166645,181,0,311.08466,0.7552417,-69.31926
2623,3.0166645,181,0,325.17715,0.73920685,-69.26608
2624,1.6499991,99,0,0.26276195,0.763058,-69.13385
2625,3.0166645,181,0,279.2361,0.7551507,-69.13713
2626,3.0166645,181,0,302.55753,0.7579065,-69.26068
2627,3.0166645,181,0,122.517296,0.7431356,-69.06531
2628,3.0166645,181,0,50.078003,0.7377721,-69.10039
2629,3.0166645,181,0,284.39297,0.7394615,-69.213234
2630,3.0166645,181,0,358.63663,0.74070925,-69.161194
2631,3.0166645,181,0,286.08585,0.7183122,-69.1298
2632,0.94999975,57,0,8.466366,0.7393512,-69.43514
2633,3.0166645,181,0,327.17087,0.72537553,-69.21674
2634,3.0166645,181,0,290.64972,0.73227805,-69.424416
2635,3.0166645,181,0,256.0715,0.7226658,-69.2731
2636,3.0166645,181,0,311.79312,0.7181364,-69.46949
2637,3.0166645,181,0,328.3064,0.72136873,-69.2717
2638,3.0166645,181,0,227.14725,0.7071305,-69.32671
2639,1.3499994,81,0,19.39732,0.70063114,-69.33332
2640,3.0166645,181,0,315.23032,0.70812905,-69.431816
2641,3.0166645,181,0,271.6694,0.6938556,-69.36934
2642,3.0166645,181,0,167.16223,0.6854416,-69.4433
2643,3.0166645,181,0,276.92548,0.6795166,-69.39726
2644,0.9333331,56,0,1.109805,0.67679036,-69.2521
2645,1.133333,68,0,18.449331,0.67140824,-69.454445
2646,3.0166645,181,0,325.28015,0.6744239,-69.4185
2647,1.4333327,86,0,32.730473,0.6925163,-69.370186
2648,0.6333334,38,0,0.95554686,0.6651835,-69.20485
2649,3.0166645,181,0,221.3929,0.6656033,-69.311356
2650,3.0166645,181,0,279.13678,0.66396177,-69.435135
2651,3.0166645,181,0,60.63196,0.6687071,-69.54727
2652,3.0166645,181,0,208.62575,0.66599214,-69.587265
2653,3.0166645,181,0,247.83179,0.6611709,-69.365616
2654,3.0166645,181,0,250.50713,0.6468431,-69.55191
2655,3.0166645,181,0,332.7083,0.6655174,-69.52414
2656,3.0166645,181,0,205.25063,0.65104955,-69.61205
2657,3.0166645,181,0,151.57394,0.65496236,-69.47558
2658,3.0166645,181,0,291.52744,0.6503698,-69.537926
2659,3.0166645,181,0,186.24997,0.6469944,-69.55651
2660,3.0166645,181,0,256.08704,0.6480044,-69.57321
2661,3.0166645,181,0,305.29816,0.6474747,-69.58687
2662,3.0166645,181,0,149.46625,0.6471489,-69.67134
2663,0.58333343,35,0,1.341736,0.6612055,-69.73829
2664,3.0166645,181,0,374.2893,0.6404677,-69.637535
2665,3.0166645,181,0,253.07188,0.6339812,-69.55944
2666,3.0166645,181,0,317.11087,0.6315901,-69.641014
2667,3.0166645,181,0,275.49866,0.63187414,-69.668594
2668,3.0166645,181,0,231.44089,0.63699615,-69.54714
2669,3.0166645,181,0,210.89592,0.6280867,-69.71734
2670,3.0166645,181,0,208.30623,0.62896454,-69.66151
2671,3.0166645,181,0,274.08105,0.62790644,-69.85824
2672,0.74999994,45,0,1.36974,0.6296337,-69.78222
2673,0.7333333,44,0,1.7454029,0.6443996,-69.67426
2674,0.78333324,47,0,4.1319857,0.6206481,-69.553566
2675,3.0166645,181,0,174.99684,0.6211359,-69.685936
2676,3.0166645,181,0,309.5215,0.6314029,-69.79322
2677,3.0166645,181,0,312.9892,0.61358434,-69.711655
2678,3.0166645,181,0,209.37273,0.6172242,-69.75677
2679,3.0166645,181,0,215.458,0.6106752,-69.86292
2680,0.5000002,30,0,0.2457739,0.59416527,-69.74442
2681,3.0166645,181,0,235.0069,0.6033894,-69.79721
2682,0.84999985,51,0,1.4696673,0.59993404,-69.742744
2683,3.0166645,181,0,280.46146,0.5959796,-69.778046
2684,3.0166645,181,0,208.93127,0.60836565,-69.706505
2685,3.0166645,181,0,244.54233,0.5874375,-69.67154
2686,3.0166645,181,0,138.66122,0.6009003,-69.76516
2687,3.0166645,181,0,261.35,0.58209753,-69.816475
2688,3.0166645,181,0,251.00157,0.59779876,-69.68932
2689,1.4333327,86,0,1.2748423,0.5813141,-69.7514
2690,3.0166645,181,0,88.634155,0.592439,-69.81427
2691,0.55000013,33,0,1.5920786,0.583574,-69.72125
2692,3.0166645,181,0,262.7284,0.58720255,-69.79473
2693,0.61666673,37,0,0.98217535,0.5952922,-69.86351
2694,3.0166645,181,0,280.10907,0.5791124,-69.715515
2695,0.7,42,0,0.38043466,0.5895938,-69.52746
2696,3.0166645,181,0,172.41675,0.5744046,-69.61854
2697,3.0166645,181,0,214.78448,0.57764775,-69.706215
2698,0.6000001,36,0,0.35627523,0.5667923,-69.50587
2699,3.0166645,181,0,272.6281,0.57976323,-69.64879
2700,3.0166645,181,0,286.1453,0.5793708,-69.60491
2701,3.0166645,181,0,289.32056,0.5678363,-69.86334
2702,3.0166645,181,0,247.56007,0.58175695,-69.74499
2703,3.0166645,181,0,227.16582,0.5792527,-69.58747
2704,3.0166645,181,0,240.99593,0.5806963,-69.71363
2705,1.2666662,76,0,1.4822232,0.58810264,-69.53832
2706,0.5000002,30,0,0.62935346,0.5740985,-69.74951
2707,3.0166645,181,0,398.95306,0.58376104,-69.56714
2708,3.0166645,181,0,249.79169,0.5796004,-69.54809
2709,0.84999985,51,0,2.750524,0.58365405,-69.67982
2710,3.0166645,181,0,238.57347,0.58220994,-69.427704
2711,1.4999993,90,0,1.1719741,0.57904446,-69.46009
2712,3.0166645,181,0,213.1374,0.5789165,-69.409615
2713,3.0166645,181,0,245.65337,0.58748454,-69.37775
2714,0.9666664,58,0,1.066572,0.56647265,-69.353836
2715,3.0166645,181,0,196.72969,0.57847124,-69.42271
2716,3.0166645,181,0,245.156,0.5678671,-69.28008
2717,3.0166645,181,0,322.68698,0.58504313,-69.2974
2718,3.0166645,181,0,273.26324,0.56903285,-69.20445
2719,3.0166645,181,0,144.8216,0.5684155,-69.26151
2720,3.0166645,181,0,121.287476,0.5734652,-69.18029
2721,3.0166645,181,0,358.4695,0.5650022,-69.160126
2722,3.0166645,181,0,344.60577,0.56348985,-69.09149
2723,1.0666664,64,0,0.22529303,0.54440266,-69.18863
2724,3.0166645,181,0,184.79558,0.56115764,-68.91627
2725,3.0166645,181,0,220.60712,0.56018525,-68.97903
2726,3.0166645,181,0,161.98018,0.55076855,-68.996086
2727,1.1499996,69,0,2.4365122,0.5535787,-68.75158
2728,0.61666673,37,0,8.280011,0.55890495,-68.76936
2729,3.0166645,181,0,203.85043,0.5555927,-68.914215
2730,3.0166645,181,0,160.811,0.5497891,-68.74306
2731,3.0166645,181,0,192.97008,0.5465963,-68.81415
2732,0.58333343,35,0,2.197647,0.5526612,-69.01227
2733,3.0166645,181,0,123.02306,0.552063,-68.74202
2734,3.0166645,181,0,179.2421,0.54380745,-68.70968
2735,3.0166645,181,0,248.63277,0.5362819,-68.72125
2736,3.0166645,181,0,165.68604,0.5453067,-68.60031
2737,3.0166645,181,0,433.26755,0.5306826,-68.42455
2738,3.0166645,181,0,277.23776,0.53829426,-68.55846
2739,3.0166645,181,0,169.53966,0.5244541,-68.60582
2740,3.0166645,181,0,321.5152,0.5255488,-68.49641
2741,3.0166645,181,0,261.92438,0.5279373,-68.46801
2742,0.9666664,58,0,0.89303,0.5416017,-68.454025
2743,3.0166645,181,0,168.23935,0.52771693,-68.3854
2744,3.0166645,181,0,240.36661,0.52105284,-68.43858
2745,1.1833329,71,0,3.0797353,0.5127988,-68.516594
2746,3.0166645,181,0,319.33737,0.51082325,-68.513954
2747,3.0166645,181,0,225.36186,0.510202,-68.35845
2748,3.0166645,181,0,229.97925,0.50921816,-68.162186
2749,3.0166645,181,0,315.88837,0.5038772,-68.213684
2750,3.0166645,181,0,130.96074,0.5102842,-68.215065
2751,3.0166645,181,0,261.0101,0.5112823,-68.38866
2752,0.7333333,44,0,2.2718992,0.48007888,-68.276665
2753,3.0166645,181,0,235.44516,0.50255793,-68.27353
2754,0.71666664,43,0,5.9488597,0.50176585,-68.01551
2755,3.0166645,181,0,204.63393,0.50122637,-68.18969
2756,3.0166645,181,0,289.18948,0.5056615,-68.17203
2757,3.0166645,181,0,41.957085,0.4964984,-68.10178
2758,3.0166645,181,0,232.77512,0.49809197,-68.1471
2759,3.0166645,181,0,186.08585,0.49729663,-68.00615
2760,0.65000004,39,0,2.0139453,0.47929573,-68.13956
2761,0.78333324,47,0,1.4341608,0.5046458,-68.11695
2762,3.0166645,181,0,287.43225,0.50233316,-68.04298
2763,3.0166645,181,0,172.59727,0.48504433,-68.05422
2764,1.1999996,72,0,1.574768,0.5002515,-67.98702
2765,3.0166645,181,0,152.06482,0.49192366,-68.02119
2766,3.0166645,181,0,284.11316,0.49845076,-67.83704
2767,3.0166645,181,0,212.24817,0.49024564,-67.83493
2768,3.0166645,181,0,180.64107,0.49085462,-67.84678
2769,0.7666666,46,0,1.0470631,0.47907716,-67.85781
2770,3.0166645,181,0,174.12663,0.50218165,-67.74772
2771,0.6666667,40,0,0.7454456,0.4939959,-67.82724
2772,3.0166645,181,0,311.27042,0.4961428,-67.64146
2773,3.0166645,181,0,297.98926,0.4991016,-67.81578
2774,3.0166645,181,0,79.997375,0.4919268,-67.71187
2775,1.2833328,77,0,5.9698744,0.4847798,-67.81137
2776,3.0166645,181,0,291.3216,0.48872215,-67.6008
2777,3.0166645,181,0,302.1559,0.48672146,-67.58966
2778,3.0166645,181,0,257.43866,0.48811823,-67.585976
2779,3.0166645,181,0,317.51944,0.4893787,-67.51897
2780,3.0166645,181,0,133.76772,0.4884493,-67.49775
2781,3.0166645,181,0,114.234505,0.48986915,-67.52707
2782,3.0166645,181,0,95.30183,0.48437563,-67.398766
2783,3.0166645,181,0,167.60368,0.49123502,-67.41799
2784,0.68333334,41,0,1.2826688,0.48832232,-67.1942
2785,0.48333353,29,0,1.6264663,0.46236748,-67.24751
2786,3.0166645,181,0,197.46422,0.47966114,-67.40295
2787,3.0166645,181,0,312.40863,0.48114675,-67.23528
2788,0.7333333,44,0,0.5678198,0.4709503,-67.33287
2789,3.0166645,181,0,218.30511,0.4761429,-67.25887
2790,0.46666685,28,0,0.8500556,0.4891491,-67.04164
2791,0.6333334,38,0,0.5251162,0.5020077,-67.25589
2792,0.78333324,47,0,1.393363,0.46796986,-67.35103
2793,2.9999979,180,0,131.34682,0.47558972,-67.10888
2794,0.45000017,27,0,0.6734649,0.47728255,-67.31673
2795,3.0166645,181,0,235.83023,0.47372496,-66.998726
2796,3.0166645,181,0,235.56422,0.48383054,-67.106606
2797,0.7999999,48,0,1.4164399,0.47511607,-67.13028
2798,0.71666664,43,0,6.8417335,0.4791189,-67.05964
2799,0.61666673,37,0,1.0006555,0.48848772,-67.11987
2800,3.0166645,181,0,263.72287,0.48455542,-66.87265
2801,3.0166645,181,0,188.37355,0.47509328,-67.083786
2802,3.0166645,181,0,85.487915,0.47624967,-66.99987
2803,3.0166645,181,0,243.26445,0.47795147,-66.77723
2804,0.58333343,35,0,0.5103228,0.47680223,-66.84614
2805,3.0166645,181,0,219.92805,0.47712034,-66.917244
2806,3.0166645,181,0,229.86917,0.472276,-66.78114
2807,3.0166645,181,0,152.38463,0.47574288,-66.76753
2808,3.0166645,181,0,285.49365,0.4729679,-66.86054
2809,3.0166645,181,0,287.18875,0.4721754,-66.71707
2810,3.0166645,181,0,251.13513,0.47783136,-66.66985
2811,3.0166645,181,0,191.45602,0.47981825,-66.802895
2812,3.0166645,181,0,81.74689,0.47858807,-66.740456
2813,3.0166645,181,0,180.9169,0.47765282,-66.79738
2814,0.71666664,43,0,0.586503,0.490463,-66.89723
2815,3.0166645,181,0,226.407,0.4824671,-66.55554
2816,3.0166645,181,0,230.79681,0.48456317,-66.59457
2817,0.46666685,28,0,0.81768626,0.50059867,-66.44162
2818,3.0166645,181,0,227.254,0.4794552,-66.5724
2819,3.0166645,181,0,188.97147,0.48377952,-66.44287
2820,3.0166645,181,0,210.27052,0.47922534,-66.457146
2821,3.0166645,181,0,269.85843,0.47842225,-66.59616
2822,3.0166645,181,0,248.93335,0.48652542,-66.5334
2823,3.0166645,181,0,263.90628,0.48191097,-66.44773
2824,3.0166645,181,0,228.923,0.4918655,-66.38058
2825,3.0166645,181,0,72.03736,0.48104045,-66.16689
2826,3.0166645,181,0,119.4021,0.48491392,-66.31459
2827,3.0166645,181,0,108.098785,0.48958343,-66.29224
2828,3.0166645,181,0,187.313,0.49099487,-66.31446
2829,3.0166645,181,0,292.7435,0.49311802,-66.22928
2830,3.0166645,181,0,216.78595,0.504805,-66.242035
2831,3.0166645,181,0,239.0445,0.49372697,-66.11628
2832,3.0166645,181,0,175.00987,0.49776307,-66.099335
2833,2.7333314,164,0,117.15931,0.49910647,-66.13458
2834,3.0166645,181,0,215.52063,0.496867,-66.01232
2835,3.0166645,181,0,157.7349,0.4996069,-66.04851
2836,3.0166645,181,0,189.07866,0.49365285,-66.05444
2837,3.0166645,181,0,196.6257,0.5015689,-66.02051
2838,3.0166645,181,0,204.11383,0.4937615,-65.94538
2839,1.3833327,83,0,0.7854303,0.49587512,-66.21896
2840,0.71666664,43,0,0.7960646,0.50087,-65.92934
2841,0.48333353,29,0,0.38597056,0.48240128,-65.754944
2842,0.46666685,28,0,0.41521305,0.50470364,-66.02384
2843,3.0166645,181,0,266.5837,0.50384,-65.830086
2844,3.0166645,181,0,190.72278,0.50973505,-66.03324
2845,3.0166645,181,0,104.14281,0.49747515,-65.74806
2846,3.0166645,181,0,134.90976,0.5090292,-65.89445
2847,3.0166645,181,0,176.19398,0.50814843,-65.71748
2848,3.0166645,181,0,248.25993,0.50449497,-65.80382
2849,3.0166645,181,0,201.85931,0.5132917,-65.624535
2850,3.0166645,181,0,204.57224,0.50985456,-65.8512
2851,3.0166645,181,0,132.71306,0.5105525,-65.62562
2852,3.0166645,181,0,175.79938,0.513695,-65.56423
2853,3.0166645,181,0,28.410158,0.510863,-65.43472
2854,3.0166645,181,0,40.177605,0.50837404,-65.5554
2855,3.0166645,181,0,155.88722,0.5028858,-65.643486
2856,3.0166645,181,0,256.0479,0.5161445,-65.507
2857,3.0166645,181,0,187.96005,0.51427794,-65.40312
2858,3.0166645,181,0,80.80359,0.51338315,-65.3646
2859,3.0166645,181,0,63.080547,0.52062196,-65.29244
2860,0.5000002,30,0,0.20390092,0.5155595,-65.218216
2861,3.0166645,181,0,226.1072,0.5191618,-65.283714
2862,0.7333333,44,0,0.94371945,0.5030349,-64.982025
2863,3.0166645,181,0,226.53545,0.5112971,-65.2349
2864,3.0166645,181,0,236.21855,0.5140906,-65.193726
2865,3.0166645,181,0,189.67351,0.5286096,-65.20672
2866,1.7333324,104,0,0.76806366,0.5285553,-65.16052
2867,3.0166645,181,0,52.73961,0.5177698,-65.20398
2868,3.0166645,181,0,268.99243,0.5281431,-65.12763
2869,3.0166645,181,0,134.86603,0.5282729,-65.05048
2870,3.0166645,181,0,47.877365,0.5269429,-64.98216
2871,3.0166645,181,0,298.09436,0.5153714,-64.81278
2872,3.0166645,181,0,93.99108,0.5309956,-64.79646
2873,3.0166645,181,0,190.10635,0.5269765,-64.93889
2874,3.0166645,181,0,234.65265,0.5342143,-64.804146
2875,1.9333322,116,0,0.7250338,0.5313024,-64.69295
2876,0.5333335,32,0,1.508337,0.55395275,-64.96346
2877,3.0166645,181,0,226.08212,0.54005873,-64.96757
2878,3.0166645,181,0,240.32872,0.5358988,-64.84023
2879,3.0166645,181,0,301.46738,0.5409046,-64.66572
2880,3.0166645,181,0,171.38254,0.5370773,-64.732414
2881,3.0166645,181,0,237.90082,0.5383674,-64.82451
2882,3.0166645,181,0,191.60066,0.5416194,-64.69787
2883,3.0166645,181,0,28.8571,0.54943955,-64.6021
2884,1.4833326,89,0,2.0082276,0.54550695,-64.41416
2885,3.0166645,181,0,253.77368,0.54739374,-64.4837
2886,3.0166645,181,0,216.59157,0.54374987,-64.50537
2887,3.0166645,181,0,237.49419,0.5537464,-64.457825
2888,3.0166645,181,0,254.16315,0.54040265,-64.20863
2889,3.0166645,181,0,218.7124,0.54421914,-64.47927
2890,3.0166645,181,0,229.64073,0.54632545,-64.30996
2891,3.0166645,181,0,237.02661,0.5525601,-64.30807
2892,3.0166645,181,0,105.82055,0.54502684,-64.07756
2893,3.0166645,181,0,154.76326,0.5522292,-64.35044
2894,3.0166645,181,0,309.5169,0.56073904,-64.14913
2895,3.0166645,181,0,321.73715,0.5603812,-64.19737
2896,3.0166645,181,0,293.06696,0.5799225,-64.12426
2897,0.71666664,43,0,0.526132,0.56008744,-63.816727
2898,3.0166645,181,0,259.65118,0.5708742,-64.2094
2899,3.0166645,181,0,197.42055,0.5733261,-64.122185
2900,3.0166645,181,0,163.24873,0.57529473,-64.03067
2901,3.0166645,181,0,180.1192,0.5762332,-63.918346
2902,3.0166645,181,0,180.5698,0.57628167,-63.920914
2903,3.0166645,181,0,200.449,0.576281,-63.809204
2904,3.0166645,181,0,221.44041,0.5795494,-63.81979
2905,3.0166645,181,0,358.75357,0.5848491,-63.81024
2906,3.0166645,181,0,277.17807,0.58670706,-63.653576
2907,3.0166645,181,0,297.09573,0.5920058,-63.603214
2908,3.0166645,181,0,182.47989,0.5854863,-63.67933
2909,3.0166645,181,0,222.0856,0.58686525,-63.544273
2910,3.0166645,181,0,210.69632,0.5909348,-63.691612
2911,3.0166645,181,0,3.2762961,0.5928121,-63.547333
2912,3.0166645,181,0,12.197794,0.59751576,-63.459187
2913,1.7166657,103,0,0.57190037,0.60351706,-63.386562
2914,3.0166645,181,0,226.77791,0.60252804,-63.32633
2915,3.0166645,181,0,197.36374,0.60180986,-63.13493
2916,3.0166645,181,0,300.33084,0.60697293,-63.21505
2917,3.0166645,181,0,258.77048,0.6093695,-62.967632
2918,3.0166645,181,0,226.94366,0.5934654,-63.072685
2919,3.0166645,181,0,196.39908,0.60448444,-63.026142
2920,3.0166645,181,0,264.479,0.6122132,-63.054195
2921,3.0166645,181,0,255.88083,0.60744363,-63.102047
2922,3.0166645,181,0,161.97586,0.60739225,-63.016655
2923,3.0166645,181,0,195.64804,0.6155468,-62.911205
2924,3.0166645,181,0,280.93625,0.61401063,-62.782566
2925,3.0166645,181,0,258.28445,0.6118253,-62.771053
2926,3.0166645,181,0,188.08559,0.6044833,-62.620323
2927,3.0166645,181,0,181.61589,0.6121768,-62.678356
2928,3.0166645,181,0,235.43114,0.61436945,-62.46824
2929,3.0166645,181,0,123.19492,0.6149179,-62.500015
2930,3.0166645,181,0,166.64336,0.61448556,-62.481125
2931,3.0166645,181,0,252.50945,0.6176457,-62.47443
2932,3.0166645,181,0,196.10495,0.6257575,-62.40948
2933,3.0166645,181,0,197.48586,0.61232704,-62.3787
2934,3.0166645,181,0,225.3873,0.6154102,-62.221455
2935,3.0166645,181,0,307.5669,0.60999024,-62.181847
2936,3.0166645,181,0,276.82883,0.62284184,-62.22647
2937,3.0166645,181,0,255.6776,0.63010997,-62.355446
2938,3.0166645,181,0,290.4084,0.6037037,-62.05457
2939,3.0166645,181,0,303.1967,0.6248079,-62.094063
2940,3.0166645,181,0,169.3646,0.60747975,-62.179306
2941,3.0166645,181,0,151.60205,0.6120604,-62.06644
2942,3.0166645,181,0,133.01273,0.6096316,-62.03348
2943,3.0166645,181,0,217.11845,0.6099419,-61.95423
2944,3.0166645,181,0,277.58502,0.61478746,-61.95111
2945,1.3166661,79,0,1.1442583,0.62451416,-61.94357
2946,3.0166645,181,0,235.09723,0.6204516,-62.049004
2947,3.0166645,181,0,182.41243,0.6153106,-62.00137
2948,3.0166645,181,0,249.41939,0.6122104,-61.96422
2949,3.0166645,181,0,181.16824,0.60842866,-62.059814
2950,3.0166645,181,0,260.7031,0.6124988,-61.94989
2951,3.0166645,181,0,177.47458,0.61876476,-62.06525
2952,3.0166645,181,0,127.84562,0.6103209,-62.05525
2953,3.0166645,181,0,192.50433,0.61267,-61.971897
2954,3.0166645,181,0,188.75311,0.6075135,-61.977158
2955,3.0166645,181,0,212.93108,0.6087444,-62.098743
2956,3.0166645,181,0,225.05629,0.6155722,-62.039623
2957,3.0166645,181,0,138.70596,0.6246464,-62.024982
2958,3.0166645,181,0,245.63606,0.6247253,-61.99698
2959,2.9833312,179,0,2.2847216,0.618979,-62.206203
2960,3.0166645,181,0,187.13046,0.62673354,-61.968132
2961,3.0166645,181,0,148.2258,0.62699986,-62.14679
2962,3.0166645,181,0,202.68544,0.62189406,-62.162476
2963,3.0166645,181,0,160.34738,0.62778944,-62.19768
2964,3.0166645,181,0,210.25638,0.6284397,-62.39847
2965,3.0166645,181,0,179.81963,0.62757283,-62.28455
2966,3.0166645,181,0,215.81168,0.6224831,-62.33076
2967,3.0166645,181,0,203.34242,0.6248312,-62.24296
2968,3.0166645,181,0,184.15398,0.6203744,-62.328648
2969,3.0166645,181,0,226.13896,0.6334624,-62.483326
2970,3.0166645,181,0,230.86209,0.6310957,-62.589188
2971,3.0166645,181,0,131.59218,0.6356974,-62.4721
2972,3.0166645,181,0,213.04294,0.6367713,-62.55535
2973,3.0166645,181,0,201.31409,0.6456406,-62.622517
2974,3.0166645,181,0,208.05482,0.6392321,-62.648502
2975,3.0166645,181,0,215.16777,0.63933855,-62.7949
2976,3.0166645,181,0,259.41592,0.6316785,-62.82516
2977,3.0166645,181,0,211.66826,0.6568,-62.831615
2978,3.0166645,181,0,162.12614,0.6417991,-63.02642
2979,3.0166645,181,0,178.62569,0.6568356,-62.922405
2980,1.4499993,87,0,0.20948435,0.654019,-62.843296
2981,3.0166645,181,0,227.22716,0.6553679,-63.075943
2982,3.0166645,181,0,227.52946,0.645379,-63.064198
2983,3.0166645,181,0,149.98045,0.64282405,-62.940353
2984,3.0166645,181,0,239.76656,0.6418297,-63.100952
2985,3.0166645,181,0,226.66074,0.6424271,-63.017403
2986,3.0166645,181,0,197.92435,0.6400074,-63.08216
2987,3.0166645,181,0,257.85962,0.63457304,-63.139317
2988,3.0166645,181,0,210.41064,0.64189285,-63.293728
2989,3.0166645,181,0,184.64761,0.63112736,-63.265133
2990,3.0166645,181,0,195.15118,0.61978614,-63.17288
2991,3.0166645,181,0,206.05017,0.6244186,-63.325497
2992,3.0166645,181,0,202.39113,0.62903416,-63.29889
2993,3.0166645,181,0,186.33305,0.61663854,-63.40409
2994,3.0166645,181,0,52.983753,0.6227237,-63.487415
2995,3.0166645,181,0,134.84119,0.6235416,-63.40217
2996,3.0166645,181,0,180.13687,0.6264343,-63.46637
2997,3.0166645,181,0,225.6617,0.6210323,-63.68881
2998,3.0166645,181,0,151.48898,0.6238232,-63.47906
2999,3.0166645,181,0,247.81322,0.61304855,-63.695988
3000,3.0166645,181,0,141.45712,0.61386436,-63.84488
3001,3.0166645,181,0,175.83597,0.6168675,-63.74542
3002,3.0166645,181,0,153.84558,0.61455154,-63.832703
3003,3.0166645,181,0,212.7343,0.6177967,-63.676888
3004,3.0166645,181,0,200.74545,0.62141454,-63.74901
3005,3.0166645,181,0,201.07245,0.620541,-63.83883
3006,3.0166645,181,0,192.80319,0.6241761,-63.745304
3007,3.0166645,181,0,205.99736,0.6314251,-63.86294
3008,3.0166645,181,0,161.74745,0.6181172,-63.84074
