index,episode_time,steps,noise,episode_reward,avg_critic_loss,avg_actor_loss
0,2.4499984,147,0,23.220366,0,0
1,1.9999988,120,0,0.40709248,0.2074174,0.017462248
2,1.9999988,120,0,0.876469,0.15200438,-0.0084500685
3,1.3499994,81,0,1.3350977,0.11650076,-0.026663698
4,0.9333331,56,0,2.1067588,0.09517375,-0.04266155
5,1.0666664,64,0,21.739878,0.13588573,-0.08392582
6,1.0166664,61,0,1.9979013,0.12787312,-0.14163087
7,0.7333333,44,0,4.570999,0.107414804,-0.14198181
8,0.71666664,43,0,0.56708735,0.09549712,-0.17033118
9,0.6333334,38,0,3.6471481,0.077336036,-0.20389274
10,0.5666668,34,0,0.77141887,0.07951536,-0.2191393
11,0.6333334,38,0,2.0630732,0.0703828,-0.24001986
12,0.68333334,41,0,11.395459,0.077697046,-0.31406364
13,0.5666668,34,0,1.605545,0.071382634,-0.39424807
14,0.61666673,37,0,3.6625183,0.07163616,-0.43335885
15,0.55000013,33,0,5.0661016,0.06668874,-0.43575743
16,0.55000013,33,0,2.548463,0.070055805,-0.46587723
17,0.6333334,38,0,6.881688,0.056848507,-0.4703846
18,0.5166668,31,0,1.7933607,0.056599583,-0.48851508
19,0.6000001,36,0,3.1060052,0.058607012,-0.5134346
20,0.5666668,34,0,1.7755568,0.05206654,-0.5417719
21,0.6333334,38,0,9.308831,0.056068018,-0.5837724
22,0.65000004,39,0,4.226667,0.055074446,-0.65997446
23,0.74999994,45,0,3.442911,0.05514538,-0.7156889
24,0.7,42,0,3.4936018,0.05578209,-0.70542055
25,0.68333334,41,0,0.3285653,0.05388632,-0.671452
26,0.68333334,41,0,2.851533,0.049694385,-0.657764
27,0.65000004,39,0,1.070709,0.052968215,-0.68574506
28,0.6000001,36,0,0.6413842,0.046896137,-0.6836398
29,0.65000004,39,0,7.4659905,0.043296587,-0.70974845
30,0.58333343,35,0,3.0842345,0.03925896,-0.7311969
31,0.7,42,0,2.4899004,0.0408436,-0.7929406
32,0.6000001,36,0,0.666521,0.047609538,-0.8383643
33,0.7666666,46,0,3.2533946,0.04403658,-0.8642156
34,0.61666673,37,0,1.8217763,0.044455487,-0.8788558
35,0.8999998,54,0,2.8558564,0.04545198,-0.933348
36,0.6000001,36,0,1.1084818,0.043508474,-1.0028858
37,0.8666665,52,0,1.0381364,0.04155997,-1.0202153
38,0.7999999,48,0,3.9142654,0.043920122,-1.1346899
39,0.74999994,45,0,3.5338917,0.04131889,-1.1997566
40,0.91666645,55,0,4.701549,0.043659788,-1.2958118
41,0.7,42,0,2.746151,0.037757546,-1.3342222
42,1.0999997,66,0,5.3495398,0.037988614,-1.373975
43,0.8666665,52,0,8.16081,0.037142757,-1.4446685
44,1.1999996,72,0,5.559769,0.038230825,-1.5240028
45,0.8999998,54,0,1.6819639,0.037167333,-1.6145132
46,0.7666666,46,0,0.9908214,0.03463113,-1.6658077
47,0.81666654,49,0,4.516965,0.040328927,-1.7509528
48,0.68333334,41,0,7.0356426,0.033992615,-1.8395816
49,1.0166664,61,0,2.0613387,0.03409754,-1.8973067
50,0.6666667,40,0,1.7489941,0.037454005,-1.9776324
51,0.8333332,50,0,2.7364523,0.041753884,-2.0365264
52,0.9333331,56,0,10.49313,0.03686082,-2.1213276
53,0.58333343,35,0,2.2066143,0.031029213,-2.1712642
54,0.65000004,39,0,3.817865,0.0361714,-2.2635567
55,0.7666666,46,0,2.0026848,0.03492756,-2.3625255
56,0.84999985,51,0,5.165368,0.034942385,-2.498846
57,0.5166668,31,0,0.81117785,0.04134033,-2.5736833
58,0.6666667,40,0,1.6609797,0.03151494,-2.523222
59,0.6666667,40,0,2.6972122,0.03905958,-2.6723468
60,0.74999994,45,0,3.0366704,0.0349492,-2.7876632
61,0.6666667,40,0,1.2257497,0.04286723,-2.909536
62,1.2666662,76,0,4.1725426,0.03838741,-3.0527444
63,0.88333315,53,0,7.547824,0.04004594,-3.2621481
64,0.58333343,35,0,1.8915709,0.045631807,-3.4313452
65,0.74999994,45,0,1.070868,0.045487132,-3.5509903
66,0.9999997,60,0,0.4688149,0.041510656,-3.7207522
67,0.7999999,48,0,1.0664238,0.03988325,-3.923655
68,1.1833329,71,0,1.1626997,0.038914885,-4.0850053
69,1.2166662,73,0,1.8927355,0.04101206,-4.2593136
70,1.0666664,64,0,2.8432043,0.03810496,-4.4900723
71,0.98333305,59,0,1.3574936,0.040583882,-4.6217246
72,0.91666645,55,0,5.868097,0.040580597,-4.8235736
73,1.3833327,83,0,8.419749,0.03857763,-4.9977875
74,1.4333327,86,0,4.429201,0.040162984,-5.2672586
75,1.2499995,75,0,1.4720749,0.036230385,-5.507381
76,0.94999975,57,0,1.3001477,0.037960418,-5.7157383
77,1.2999995,78,0,0.85553145,0.034935795,-5.8106704
78,1.0999997,66,0,1.004229,0.034849085,-6.032999
79,1.0166664,61,0,0.8618124,0.033011608,-6.1560407
80,1.1999996,72,0,1.4641721,0.03740735,-6.3220696
81,1.3999994,84,0,1.6884902,0.032390475,-6.4603496
82,1.1166663,67,0,4.3143244,0.034736764,-6.6583624
83,1.0333331,62,0,3.0737498,0.034635887,-6.720759
84,1.133333,68,0,0.4858675,0.03395715,-6.858328
85,0.9666664,58,0,8.636153,0.037350636,-6.985264
86,0.74999994,45,0,3.1664925,0.03457045,-7.093892
87,0.7,42,0,0.26397,0.034660388,-7.095048
88,1.6166658,97,0,5.1031437,0.03258257,-7.1922984
89,1.2666662,76,0,1.2776098,0.035037458,-7.3336906
90,1.0499997,63,0,0.60423917,0.03590533,-7.4847503
91,0.7999999,48,0,5.0636406,0.038764622,-7.528814
92,1.0666664,64,0,1.2609968,0.039867595,-7.5948725
93,0.9333331,56,0,4.55478,0.035052676,-7.6420507
94,0.81666654,49,0,0.46660125,0.03855931,-7.6448545
95,1.0499997,63,0,0.82928085,0.0377441,-7.690632
96,1.133333,68,0,2.753102,0.038303293,-7.765941
97,1.3333328,80,0,6.476646,0.0375711,-7.8382874
98,1.3666661,82,0,7.7135596,0.03694604,-7.923238
99,1.6333325,98,0,2.167241,0.035550065,-8.028809
100,1.133333,68,0,5.2043896,0.035188936,-8.106199
101,1.6166658,97,0,8.852984,0.032428913,-8.221081
102,1.0666664,64,0,1.9877002,0.03411058,-8.344666
103,1.3166661,79,0,15.786056,0.035982057,-8.410682
104,1.3833327,83,0,4.6216836,0.038673297,-8.55338
105,0.7666666,46,0,4.7682743,0.03647003,-8.626101
106,1.3166661,79,0,0.5667904,0.03554694,-8.600918
107,1.0166664,61,0,2.2503726,0.037300024,-8.660814
108,1.6999991,102,0,6.3585696,0.03615158,-8.709841
109,2.466665,148,0,5.5179725,0.03803489,-8.873557
110,2.3666651,142,0,2.7691689,0.037446264,-9.019239
111,0.98333305,59,0,0.700497,0.037203014,-9.021451
112,1.6499991,99,0,1.2197602,0.039073095,-9.164507
113,0.9333331,56,0,0.80957246,0.042065818,-9.17346
114,0.5000002,30,0,1.138904,0.038877748,-9.21382
115,2.033332,122,0,3.8259952,0.036841664,-9.272265
116,1.9833322,119,0,1.4860446,0.040634435,-9.397123
117,1.3999994,84,0,7.103127,0.036940183,-9.423965
118,1.1499996,69,0,1.7424841,0.04090004,-9.491237
119,1.3166661,79,0,1.5726218,0.039318386,-9.544535
120,1.083333,65,0,1.9669714,0.0383113,-9.596109
121,1.1999996,72,0,3.0076132,0.03847071,-9.616771
122,0.91666645,55,0,1.9393871,0.042130228,-9.6859255
123,0.74999994,45,0,1.0278323,0.037653483,-9.739181
124,1.9833322,119,0,11.318136,0.036947485,-9.796964
125,0.71666664,43,0,0.28700885,0.039197385,-9.830167
126,0.7333333,44,0,2.2077878,0.03489891,-9.8916645
127,0.74999994,45,0,1.2157774,0.036898244,-9.920116
128,0.61666673,37,0,1.633615,0.038600735,-9.970235
129,0.84999985,51,0,0.86439294,0.037930675,-10.017327
130,0.71666664,43,0,0.6644541,0.03906268,-10.04378
131,1.0333331,62,0,1.1836724,0.040945195,-10.113383
132,0.71666664,43,0,3.031717,0.035230175,-10.119054
133,0.55000013,33,0,0.7512538,0.041331865,-10.202327
134,0.7,42,0,5.7169247,0.040155202,-10.2285595
135,0.7,42,0,3.8460436,0.039650634,-10.260247
136,0.7,42,0,1.6296101,0.03873446,-10.339575
137,0.58333343,35,0,1.6327193,0.034413,-10.343312
138,0.6666667,40,0,0.68078244,0.034830302,-10.355417
139,0.88333315,53,0,4.9057384,0.037597414,-10.470021
140,0.7333333,44,0,0.9459639,0.0376257,-10.46425
141,0.7666666,46,0,2.4117098,0.038909163,-10.5827465
142,0.7,42,0,3.7858937,0.034046136,-10.598411
143,1.0666664,64,0,12.026152,0.038787976,-10.646424
144,1.083333,65,0,2.00364,0.03378515,-10.643366
145,1.2666662,76,0,1.6421382,0.037682947,-10.771943
146,1.2666662,76,0,8.979323,0.036158144,-10.836832
147,2.1166654,127,0,2.9909475,0.03577275,-10.902166
148,0.94999975,57,0,3.1091862,0.03616029,-10.947073
149,0.8333332,50,0,2.182745,0.034363654,-11.032696
150,0.91666645,55,0,3.6397514,0.034121346,-11.045138
151,1.6333325,98,0,6.094166,0.035172477,-11.0825615
152,0.91666645,55,0,2.3495317,0.035449922,-11.117774
153,0.84999985,51,0,3.7848146,0.035761762,-11.171921
154,1.3166661,79,0,12.552868,0.035678104,-11.239795
155,1.1833329,71,0,4.3150244,0.036643766,-11.327896
156,0.88333315,53,0,5.953704,0.036940522,-11.325234
157,1.5166659,91,0,1.6944455,0.0355967,-11.454774
158,1.0499997,63,0,1.8685105,0.033703767,-11.471971
159,1.4999993,90,0,9.433681,0.037411835,-11.5542345
160,0.94999975,57,0,0.39363572,0.037061524,-11.605576
161,1.6499991,99,0,2.3392315,0.03812915,-11.62548
162,1.849999,111,0,7.1594243,0.03811009,-11.722178
163,1.4499993,87,0,12.843148,0.037729055,-11.81435
164,1.8166656,109,0,25.141474,0.03718755,-11.85415
165,1.0666664,64,0,2.9238522,0.040465917,-11.919746
166,0.74999994,45,0,10.451684,0.04000907,-12.055169
167,1.3499994,81,0,12.904612,0.039557878,-12.140041
168,0.6333334,38,0,0.79596037,0.04134862,-12.241406
169,1.4333327,86,0,9.370864,0.038090035,-12.212369
170,1.1166663,67,0,7.538405,0.042021427,-12.442867
171,0.8666665,52,0,0.726373,0.040368084,-12.547107
172,1.6166658,97,0,28.522228,0.03895312,-12.611274
173,1.2499995,75,0,6.623181,0.039250683,-12.867611
174,0.68333334,41,0,0.80553585,0.03597106,-12.892443
175,1.1166663,67,0,7.068632,0.04151181,-12.977124
176,0.6333334,38,0,2.8878102,0.038061604,-13.11571
177,0.88333315,53,0,1.2434283,0.038696174,-13.224164
178,2.4999983,150,0,34.879993,0.04242006,-13.27298
179,1.5999992,96,0,16.526325,0.04420451,-13.497639
180,1.416666,85,0,2.7458632,0.041399796,-13.564233
181,0.65000004,39,0,2.7543657,0.042123657,-13.62771
182,1.416666,85,0,6.9912176,0.042896993,-13.744277
183,0.5666668,34,0,1.4620682,0.04130447,-13.821758
184,0.88333315,53,0,3.3513598,0.044679876,-13.897693
185,1.6166658,97,0,13.322835,0.04422532,-13.968709
186,0.74999994,45,0,2.017324,0.046270307,-14.172265
187,0.84999985,51,0,2.6287549,0.047277287,-14.188268
188,1.0333331,62,0,6.156922,0.04754646,-14.251643
189,0.8999998,54,0,6.2414403,0.044903018,-14.439876
190,0.8999998,54,0,6.076269,0.04610769,-14.637497
191,1.9999988,120,0,4.718967,0.047262393,-14.7199335
192,0.74999994,45,0,1.7387486,0.04617776,-14.87983
193,0.9333331,56,0,4.6852837,0.0477444,-14.951684
194,0.88333315,53,0,0.8797576,0.043675464,-15.076856
195,1.2333329,74,0,3.0943599,0.04390791,-15.222218
196,0.8333332,50,0,8.625049,0.043762702,-15.396633
197,0.8333332,50,0,0.779847,0.043978184,-15.389794
198,0.9666664,58,0,13.87876,0.045719296,-15.63353
199,0.9333331,56,0,4.692994,0.04252245,-15.670925
200,0.78333324,47,0,1.3034163,0.0462406,-15.942098
201,0.71666664,43,0,5.560253,0.045077525,-15.964985
202,0.68333334,41,0,2.1039293,0.043478224,-16.046448
203,0.7,42,0,2.943504,0.044925697,-16.259487
204,0.7,42,0,2.3998787,0.042613026,-16.223282
205,1.1666663,70,0,4.4842267,0.044245385,-16.4604
206,0.78333324,47,0,2.3713453,0.04539352,-16.632633
207,1.0999997,66,0,21.70389,0.050290566,-16.793978
208,0.6666667,40,0,4.48245,0.052202586,-16.987015
209,0.7333333,44,0,3.2058637,0.04760798,-17.108553
210,0.9666664,58,0,11.0880165,0.04723389,-17.250696
211,0.98333305,59,0,1.3322365,0.05055478,-17.41912
212,2.7166648,163,0,1.8496583,0.048986815,-17.73571
213,1.8166656,109,0,5.6636887,0.047175344,-18.170452
214,2.1666653,130,0,8.461789,0.048530128,-18.556814
215,0.9333331,56,0,4.615994,0.049263522,-18.826246
216,0.6333334,38,0,3.0251431,0.05032276,-18.98013
217,1.849999,111,0,3.3739882,0.048119236,-19.172674
218,0.6000001,36,0,1.0503167,0.05110899,-19.369514
219,0.7666666,46,0,2.4383645,0.05330428,-19.449871
220,0.7999999,48,0,6.3156285,0.050720096,-19.604536
221,0.61666673,37,0,5.5272956,0.05079319,-19.717796
222,1.6833324,101,0,4.5250525,0.053450204,-19.997171
223,0.8666665,52,0,3.7842019,0.053562067,-20.126925
224,0.84999985,51,0,6.942498,0.050742693,-20.335707
225,0.68333334,41,0,2.403783,0.051860772,-20.483345
226,1.0666664,64,0,5.546435,0.054399252,-20.691822
227,0.6666667,40,0,3.50309,0.05428833,-20.937473
228,1.2166662,73,0,4.450505,0.051777992,-20.998592
229,0.7333333,44,0,1.0819069,0.05107883,-21.240833
230,0.8666665,52,0,2.2877743,0.055426635,-21.460354
231,0.8333332,50,0,9.421378,0.052733243,-21.575956
232,0.81666654,49,0,1.1513729,0.050855905,-21.863865
233,0.7999999,48,0,0.96202034,0.051642705,-21.865114
234,0.78333324,47,0,1.7623404,0.047720384,-22.111921
235,0.78333324,47,0,1.2630548,0.051678497,-22.212425
236,0.81666654,49,0,4.5742936,0.051349692,-22.21229
237,0.94999975,57,0,2.301203,0.051362984,-22.344412
238,0.9333331,56,0,2.176479,0.05081198,-22.578749
239,0.8333332,50,0,7.798087,0.046757072,-22.692232
240,0.81666654,49,0,2.7706568,0.050643276,-22.975904
241,0.9666664,58,0,10.595696,0.05051801,-23.129837
242,0.91666645,55,0,5.992401,0.05040158,-23.198288
243,0.7999999,48,0,6.206099,0.05295225,-23.457363
244,0.6000001,36,0,0.9384257,0.051616997,-23.566074
245,0.8666665,52,0,4.876368,0.050598446,-23.644651
246,1.3666661,82,0,7.317163,0.052583583,-23.903362
247,1.6166658,97,0,7.202112,0.056884646,-24.146719
248,1.4999993,90,0,7.0705104,0.056088302,-24.434721
249,1.6999991,102,0,1.2589303,0.058267046,-24.788551
250,1.6833324,101,0,8.25597,0.060893122,-25.187468
251,1.4499993,87,0,8.626827,0.06264681,-25.365976
252,1.4833326,89,0,12.165907,0.06446303,-25.61259
253,0.78333324,47,0,1.5937268,0.063702464,-25.78666
254,0.8666665,52,0,5.8908105,0.06720599,-25.996572
255,1.0166664,61,0,4.669595,0.06859615,-26.00097
256,0.8333332,50,0,1.6702576,0.0699557,-26.199999
257,0.98333305,59,0,2.680752,0.06957499,-26.399956
258,1.1999996,72,0,5.338451,0.0681462,-26.549314
259,1.3833327,83,0,10.116372,0.06927001,-26.75138
260,0.7333333,44,0,1.1953148,0.070158914,-27.067312
261,0.8999998,54,0,2.1156957,0.070433855,-27.073874
262,0.7333333,44,0,5.6639714,0.06948727,-27.112461
263,1.3999994,84,0,12.35147,0.07229092,-27.351845
264,0.58333343,35,0,1.1613034,0.0747913,-27.561047
265,1.083333,65,0,1.4947189,0.07292221,-27.661434
266,0.65000004,39,0,0.9933022,0.071106635,-27.761868
267,0.7,42,0,2.5307262,0.07224601,-27.86911
268,0.5666668,34,0,1.2847278,0.06813278,-28.055925
269,0.6666667,40,0,5.06923,0.071204655,-28.151878
270,0.8333332,50,0,1.4635715,0.07293177,-28.30123
271,0.78333324,47,0,10.853199,0.073470674,-28.189121
272,1.3333328,80,0,12.063309,0.07344605,-28.410606
273,0.74999994,45,0,2.0396106,0.074760966,-28.665737
274,0.68333334,41,0,5.034528,0.07382196,-28.849237
275,0.71666664,43,0,0.921116,0.07432768,-28.929083
276,0.74999994,45,0,4.05411,0.077119686,-28.817747
277,0.6666667,40,0,2.0684652,0.07516497,-29.02894
278,0.6000001,36,0,2.359521,0.07466669,-29.085857
279,0.58333343,35,0,1.6358474,0.07518257,-29.042727
280,0.74999994,45,0,1.0361128,0.076447435,-29.276833
281,0.68333334,41,0,2.4515476,0.07715043,-29.25732
282,0.7,42,0,1.5848464,0.07406631,-29.443836
283,0.7999999,48,0,1.9309933,0.07539803,-29.600117
284,0.6666667,40,0,1.3602626,0.07621301,-29.540472
285,0.7333333,44,0,14.664661,0.07340279,-29.750187
286,1.133333,68,0,3.4471884,0.07697225,-29.685074
287,0.5666668,34,0,2.569736,0.07833714,-30.007578
288,0.65000004,39,0,2.4724367,0.0773043,-30.175804
289,0.78333324,47,0,2.8959076,0.07718314,-30.21749
290,0.91666645,55,0,4.759694,0.07854336,-30.37216
291,0.7333333,44,0,4.2739844,0.079944454,-30.264597
292,0.74999994,45,0,4.7483053,0.0764183,-30.52328
293,1.2666662,76,0,2.886461,0.07779102,-30.665956
294,0.7333333,44,0,1.6736965,0.081296034,-30.77715
295,0.7,42,0,2.754217,0.07870872,-30.769123
296,1.1666663,70,0,2.6289067,0.080929846,-31.034578
297,1.8333323,110,0,1.4389769,0.080980234,-31.22281
298,0.78333324,47,0,9.718357,0.08812446,-31.399172
299,0.71666664,43,0,1.1093595,0.0866376,-31.525602
300,0.78333324,47,0,3.5377142,0.08941683,-31.601072
301,1.083333,65,0,2.7162788,0.08701354,-31.660397
302,0.8333332,50,0,2.3466501,0.08843515,-31.824915
303,1.083333,65,0,0.72415394,0.08629363,-32.027054
304,0.7333333,44,0,0.7059897,0.08780749,-32.12087
305,1.0499997,63,0,2.9245753,0.09156473,-32.20126
306,1.133333,68,0,2.4457998,0.090221286,-32.308968
307,1.5666659,94,0,4.465174,0.09488662,-32.504223
308,1.2833328,77,0,1.511046,0.092770025,-32.843708
309,0.71666664,43,0,2.2874062,0.090044774,-32.71263
310,0.84999985,51,0,2.7397952,0.0916955,-32.95695
311,0.7666666,46,0,7.321841,0.09169006,-32.928997
312,0.68333334,41,0,0.98313016,0.087931685,-33.36728
313,0.7,42,0,2.9689255,0.092057005,-33.20384
314,0.7,42,0,1.3116429,0.09157732,-33.347126
315,0.7333333,44,0,2.8642125,0.094843805,-33.498066
316,0.8333332,50,0,5.484236,0.094635375,-33.750565
317,0.71666664,43,0,0.9479462,0.09557589,-33.611885
318,0.8666665,52,0,3.8236527,0.09414302,-33.987377
319,0.71666664,43,0,1.2272164,0.09262179,-34.02161
320,0.81666654,49,0,7.319297,0.09367096,-34.007908
321,0.7666666,46,0,4.599727,0.095171615,-34.315094
322,0.68333334,41,0,3.1289682,0.09604405,-34.223644
323,0.7333333,44,0,3.7245822,0.09479741,-34.437973
324,0.78333324,47,0,10.829365,0.09143717,-34.458878
325,1.1166663,67,0,4.134992,0.08964949,-34.603737
326,1.2333329,74,0,4.756172,0.09403365,-34.79959
327,0.98333305,59,0,17.966743,0.09289064,-34.812683
328,0.5666668,34,0,0.9254489,0.09400549,-34.964294
329,0.65000004,39,0,2.4657655,0.09711987,-35.012737
330,0.6666667,40,0,1.1842945,0.09217455,-34.960094
331,0.8999998,54,0,1.2613566,0.09316699,-35.25318
332,0.84999985,51,0,10.460711,0.093603164,-35.18277
333,0.88333315,53,0,3.3505344,0.09344468,-35.564026
334,1.5333326,92,0,5.291719,0.09162748,-35.487114
335,0.74999994,45,0,4.82997,0.09718077,-35.536915
336,0.68333334,41,0,1.6058426,0.09515716,-35.821156
337,0.6666667,40,0,6.075919,0.087632954,-35.86638
338,0.78333324,47,0,6.3598022,0.09170859,-35.928455
339,0.71666664,43,0,3.7719972,0.091590464,-35.99985
340,0.74999994,45,0,1.8805155,0.09111171,-36.157093
341,0.88333315,53,0,2.8173277,0.08857222,-36.29365
342,0.74999994,45,0,4.211513,0.09535764,-36.225834
343,0.68333334,41,0,1.0224378,0.09085786,-36.468285
344,0.6333334,38,0,0.7175005,0.09420947,-36.477703
345,0.7,42,0,6.9654074,0.089763165,-36.72068
346,0.7666666,46,0,1.9132442,0.09449782,-36.758896
347,0.58333343,35,0,3.8229868,0.08961646,-36.9178
348,0.6000001,36,0,1.830902,0.08663714,-36.710304
349,0.68333334,41,0,1.3442805,0.08903558,-37.07133
350,0.7,42,0,0.2972984,0.09261724,-37.008923
351,0.98333305,59,0,13.768424,0.09327683,-37.190197
352,0.71666664,43,0,3.7809684,0.08859321,-37.222954
353,0.6000001,36,0,4.1788125,0.088445276,-37.287094
354,0.71666664,43,0,2.2624,0.09311041,-37.513245
355,0.6333334,38,0,3.1180868,0.08716695,-37.633347
356,0.7333333,44,0,1.0815302,0.090350844,-37.377777
357,0.68333334,41,0,1.1114413,0.08294462,-37.836166
358,0.74999994,45,0,1.1460246,0.08775597,-37.604576
359,0.6000001,36,0,1.5272962,0.086497694,-37.889313
360,0.7,42,0,1.0556713,0.087062806,-37.953423
361,0.65000004,39,0,1.9907104,0.088834696,-38.162674
362,1.2999995,78,0,5.1724358,0.08363945,-38.144806
363,0.68333334,41,0,3.2768161,0.08782491,-38.31376
364,1.416666,85,0,9.062895,0.087572426,-38.336586
365,0.6666667,40,0,4.2358627,0.08472178,-38.372875
366,0.7,42,0,3.6384242,0.08629897,-38.587254
367,1.133333,68,0,10.869602,0.08607139,-38.54575
368,0.7,42,0,0.54020613,0.0790932,-38.669098
369,0.61666673,37,0,1.0261343,0.08868294,-38.82486
370,0.7,42,0,0.8306331,0.08805744,-38.99202
371,1.416666,85,0,22.53276,0.08836652,-39.034718
372,0.7,42,0,8.436313,0.08233832,-39.439003
373,0.7333333,44,0,1.8973774,0.08648495,-39.43211
374,0.68333334,41,0,0.542592,0.088564806,-39.439846
375,0.7333333,44,0,6.1587076,0.08851038,-39.357292
376,1.3166661,79,0,11.785548,0.08777311,-39.63068
377,0.7999999,48,0,8.276913,0.08898116,-39.667828
378,0.7,42,0,0.6256103,0.08661063,-39.741478
379,1.2499995,75,0,11.584998,0.08645797,-39.85496
380,0.7333333,44,0,2.2003,0.083266065,-39.91634
381,0.6000001,36,0,1.5031664,0.08554649,-40.034668
382,0.6000001,36,0,2.6855798,0.08749788,-40.13226
383,0.9999997,60,0,16.464764,0.089468084,-40.24318
384,0.68333334,41,0,1.1516088,0.09298592,-40.34627
385,0.7,42,0,1.2777258,0.09024699,-40.514217
386,0.7,42,0,1.26624,0.086670235,-40.47107
387,0.6333334,38,0,0.5266818,0.08799629,-40.66387
388,0.6666667,40,0,8.281516,0.08748883,-40.81613
389,1.849999,111,0,8.757073,0.091557056,-40.87449
390,0.7333333,44,0,2.2287755,0.093925506,-41.118298
391,0.7999999,48,0,7.0844445,0.094096795,-40.92548
392,0.71666664,43,0,3.6177375,0.091796696,-41.111492
393,1.083333,65,0,13.492087,0.0930966,-41.270283
394,0.7666666,46,0,0.9163156,0.08975515,-41.180313
395,0.74999994,45,0,3.4545567,0.0928162,-41.438522
396,0.81666654,49,0,7.0274296,0.093503475,-41.472946
397,0.61666673,37,0,2.1443486,0.09144414,-41.496468
398,0.61666673,37,0,1.0013537,0.09494161,-41.623447
399,0.84999985,51,0,4.007994,0.095331766,-41.78429
400,0.7666666,46,0,1.3613194,0.0919899,-41.77795
401,0.71666664,43,0,3.2491326,0.09193543,-41.783585
402,0.81666654,49,0,7.3382163,0.09677371,-41.977165
403,0.9333331,56,0,1.7942876,0.09443504,-41.951107
404,0.7,42,0,2.3476794,0.09318293,-42.16673
405,0.6666667,40,0,2.1786637,0.0973006,-42.371937
406,0.6666667,40,0,1.0085155,0.10157226,-42.426147
407,0.9333331,56,0,25.752817,0.0989966,-42.45634
408,0.6666667,40,0,1.0126551,0.097349904,-42.668983
409,0.74999994,45,0,2.469191,0.100888394,-42.855072
410,0.65000004,39,0,8.384258,0.09711334,-42.643883
411,0.7,42,0,2.7580051,0.09970544,-42.819977
412,0.65000004,39,0,2.3941855,0.104647376,-43.161842
413,0.6333334,38,0,1.3542868,0.09927076,-43.05977
414,0.7,42,0,2.1512172,0.09982028,-43.202545
415,0.7,42,0,6.588362,0.09957649,-43.336838
416,0.94999975,57,0,21.095528,0.100354105,-43.280563
417,0.7333333,44,0,1.8760926,0.10021485,-43.38781
418,0.88333315,53,0,10.48088,0.101695105,-43.368656
419,0.7333333,44,0,3.5465424,0.10389797,-43.643997
420,0.84999985,51,0,4.5046315,0.10243847,-43.822575
421,0.74999994,45,0,0.6116298,0.101034544,-44.003624
422,0.6000001,36,0,3.5135987,0.101415366,-44.02122
423,0.81666654,49,0,9.228169,0.09991917,-44.21025
424,0.68333334,41,0,1.5999558,0.10094442,-44.22657
425,0.78333324,47,0,1.3528306,0.10339395,-44.231995
426,0.68333334,41,0,0.780184,0.099793375,-44.446526
427,0.74999994,45,0,2.9128802,0.10374089,-44.519646
428,0.7333333,44,0,3.7238019,0.10101012,-44.47976
429,0.7,42,0,2.4143534,0.10281632,-44.573284
430,0.8333332,50,0,7.020197,0.099948995,-44.778072
431,0.94999975,57,0,4.986125,0.09890242,-45.0149
432,0.65000004,39,0,2.0104449,0.10096162,-44.952026
433,0.81666654,49,0,3.570746,0.10468177,-45.103966
434,0.7999999,48,0,3.8087885,0.10254998,-45.456703
435,0.7333333,44,0,1.8716989,0.10019736,-45.286224
436,1.0333331,62,0,15.084014,0.100888185,-45.491764
437,0.68333334,41,0,1.4567298,0.098011665,-45.65961
438,0.65000004,39,0,5.1354394,0.100652255,-45.73503
439,0.8666665,52,0,2.6453626,0.09992127,-45.72826
440,0.74999994,45,0,2.4092758,0.100622885,-45.90024
441,0.74999994,45,0,8.705154,0.0921292,-45.94503
442,0.7999999,48,0,1.751582,0.09429688,-46.12413
443,0.7333333,44,0,1.7653562,0.09941632,-46.075066
444,0.8333332,50,0,10.786355,0.09412566,-46.310867
445,0.68333334,41,0,1.3674273,0.09808596,-46.311806
446,0.8333332,50,0,3.5586593,0.09668594,-46.500477
447,1.3499994,81,0,30.868176,0.094659016,-46.66349
448,0.7666666,46,0,1.1145468,0.09362716,-46.680393
449,0.7333333,44,0,4.060031,0.09329559,-46.58721
450,0.65000004,39,0,0.6808155,0.09443853,-46.82881
451,0.7666666,46,0,1.2973956,0.09528771,-47.173374
452,1.0666664,64,0,17.480398,0.09620169,-47.073532
453,0.7666666,46,0,11.920291,0.09242043,-47.058315
454,1.2833328,77,0,8.542682,0.09698831,-47.361816
455,0.7999999,48,0,3.7907066,0.0963767,-47.498356
456,0.6000001,36,0,1.5025543,0.093063265,-47.47474
457,0.74999994,45,0,2.2669644,0.09655778,-47.540165
458,0.7999999,48,0,2.8843696,0.092575625,-47.692394
459,0.7666666,46,0,4.675515,0.09003125,-47.64512
460,0.84999985,51,0,18.046482,0.09554023,-47.990704
461,0.7999999,48,0,1.867096,0.09575288,-47.927273
462,0.5666668,34,0,1.2981032,0.090895265,-48.18541
463,0.6000001,36,0,7.770768,0.09682888,-48.12509
464,0.58333343,35,0,0.30372134,0.09496438,-48.143562
465,0.6333334,38,0,2.3631933,0.094688356,-48.52885
466,0.7,42,0,8.500025,0.0914799,-48.49731
467,0.6666667,40,0,0.3545917,0.091129705,-48.515675
468,1.2833328,77,0,25.816566,0.09343587,-48.646427
469,0.65000004,39,0,1.5205979,0.09543679,-48.60241
470,0.78333324,47,0,1.0814328,0.09467547,-48.72358
471,0.68333334,41,0,1.4007883,0.09433139,-48.86758
472,0.8999998,54,0,1.3662246,0.09553703,-49.036766
473,1.3499994,81,0,62.436104,0.0955879,-49.142326
474,0.6000001,36,0,2.7301376,0.089162245,-49.35871
475,0.5666668,34,0,1.4860383,0.09534225,-49.4071
476,0.68333334,41,0,0.96639866,0.09750719,-49.583923
477,0.7333333,44,0,2.9139588,0.093691945,-49.494442
478,1.1166663,67,0,20.612402,0.09301923,-49.577255
479,0.61666673,37,0,2.1705554,0.09830153,-49.657173
480,0.7,42,0,3.5570002,0.090734996,-49.706367
481,0.71666664,43,0,9.297377,0.090899505,-49.805576
482,0.61666673,37,0,4.634275,0.09691187,-49.98763
483,0.71666664,43,0,4.518381,0.0979101,-49.946404
484,0.78333324,47,0,18.994577,0.09467005,-50.085594
485,1.1166663,67,0,7.8262286,0.100468375,-50.170086
486,1.1166663,67,0,80.655205,0.09913998,-50.204227
487,0.74999994,45,0,6.254596,0.10016005,-50.32811
488,0.8999998,54,0,6.0057006,0.100644104,-50.51745
489,1.5833325,95,0,101.6171,0.10250904,-50.59042
490,0.71666664,43,0,0.86978126,0.09851136,-50.668465
491,0.91666645,55,0,12.398246,0.09621806,-50.7891
492,0.7,42,0,4.101742,0.09891138,-50.726322
493,0.6666667,40,0,1.8324946,0.1000868,-50.93057
494,0.84999985,51,0,5.336389,0.096579134,-51.13215
495,0.74999994,45,0,6.5791945,0.09841849,-51.35512
496,1.1499996,69,0,35.95953,0.097228415,-51.320496
497,0.61666673,37,0,0.62586504,0.096016966,-51.482197
498,0.7666666,46,0,1.8582944,0.102277614,-51.432877
499,0.91666645,55,0,21.843412,0.09788392,-51.548096
500,0.71666664,43,0,3.2397501,0.09885695,-51.793278
501,0.68333334,41,0,13.017863,0.097776435,-51.511982
502,0.7,42,0,4.6098614,0.098120265,-51.730583
503,0.8666665,52,0,6.197208,0.103017226,-51.869003
504,0.7,42,0,2.1608016,0.10085829,-51.76114
505,0.74999994,45,0,1.6660484,0.0980031,-51.943386
506,0.81666654,49,0,11.722542,0.09867777,-52.098312
507,0.7333333,44,0,1.1489366,0.09932343,-52.260365
508,0.7333333,44,0,1.3574717,0.0996007,-52.03897
509,2.2666652,136,0,183.797,0.09828278,-52.471325
510,1.0499997,63,0,37.80618,0.10244389,-52.590767
511,1.0999997,66,0,49.785706,0.102560475,-52.650944
512,0.7666666,46,0,3.196375,0.103277616,-52.816624
513,0.61666673,37,0,6.348828,0.10381616,-52.80109
514,1.1499996,69,0,66.71316,0.10139041,-53.024773
515,0.58333343,35,0,1.8834349,0.1062263,-53.1848
516,0.6333334,38,0,7.1994724,0.10525072,-53.106304
517,0.7,42,0,4.3309126,0.10369227,-53.247307
518,0.68333334,41,0,2.2725775,0.10709127,-53.267334
519,0.71666664,43,0,6.4951754,0.10595191,-53.447433
520,0.6000001,36,0,2.4150653,0.1077984,-53.396072
521,0.68333334,41,0,4.050449,0.10223462,-53.56372
522,0.7333333,44,0,1.275302,0.10598916,-53.68348
523,1.3166661,79,0,21.389837,0.103704385,-53.811813
524,0.7333333,44,0,10.512737,0.105203114,-53.96441
525,0.74999994,45,0,1.0524158,0.10223911,-54.031265
526,1.3999994,84,0,3.4596612,0.10625491,-54.147694
527,0.6666667,40,0,3.8851223,0.105648205,-54.263927
528,0.8666665,52,0,5.1518226,0.10872862,-54.394188
529,1.8166656,109,0,89.55057,0.10241224,-54.499203
530,0.7,42,0,1.9845152,0.10319431,-54.749928
531,1.5666659,94,0,24.155233,0.103436925,-54.664433
532,1.749999,105,0,90.913605,0.10415481,-54.927555
533,0.5666668,34,0,1.7315266,0.10600275,-55.148354
534,2.133332,128,0,89.40218,0.10613554,-55.154568
535,1.2499995,75,0,17.48518,0.107561864,-55.379963
536,1.4999993,90,0,56.12669,0.10550354,-55.54097
537,0.74999994,45,0,1.579453,0.10885028,-55.5731
538,1.0333331,62,0,3.7506213,0.10621514,-55.66834
539,1.4333327,86,0,17.717016,0.107441105,-55.95051
540,0.6333334,38,0,0.8763461,0.104556635,-55.9205
541,0.9666664,58,0,4.6552906,0.108421445,-56.044094
542,0.7333333,44,0,3.0670085,0.11158211,-56.190582
543,0.58333343,35,0,4.5114756,0.112320505,-56.33081
544,0.74999994,45,0,5.329943,0.10678019,-56.242477
545,0.58333343,35,0,2.2806032,0.10791903,-56.335094
546,0.94999975,57,0,15.383814,0.10748422,-56.323376
547,1.1666663,70,0,42.022488,0.1043207,-56.521637
548,1.5166659,91,0,29.94986,0.106883876,-56.622257
549,1.3999994,84,0,14.184379,0.10815873,-56.808285
550,0.74999994,45,0,9.127989,0.11153285,-56.839657
551,0.65000004,39,0,2.4899724,0.113428466,-57.14428
552,0.68333334,41,0,3.5045764,0.11034188,-57.0625
553,0.7999999,48,0,6.2170744,0.10988076,-57.135025
554,1.8166656,109,0,8.567496,0.11279634,-57.276886
555,0.84999985,51,0,18.926579,0.11598103,-57.293262
556,0.8999998,54,0,3.2154124,0.11510666,-57.338863
557,0.84999985,51,0,3.4557028,0.114316516,-57.45334
558,3.0166645,181,0,76.313354,0.119105,-57.73545
559,0.6333334,38,0,1.0111692,0.119839825,-57.86263
560,0.7333333,44,0,4.0034156,0.120383754,-57.88762
561,0.74999994,45,0,0.83832425,0.123079725,-57.95503
562,0.78333324,47,0,4.68158,0.122042134,-58.060364
563,0.7333333,44,0,5.1536875,0.11618146,-58.203205
564,2.799998,168,0,129.68619,0.12368832,-58.30508
565,0.7,42,0,3.9879694,0.123346925,-58.508453
566,0.91666645,55,0,10.934181,0.13065964,-58.51316
567,1.1999996,72,0,30.270288,0.124309026,-58.71557
568,0.7999999,48,0,5.67385,0.13266705,-58.760067
569,1.0666664,64,0,29.139946,0.13086055,-58.849403
570,0.84999985,51,0,4.8290243,0.13361673,-59.004505
571,1.6666658,100,0,41.770344,0.13544089,-59.084553
572,1.0999997,66,0,12.138401,0.13665608,-59.1734
573,1.4499993,87,0,36.37192,0.13606784,-59.31309
574,0.81666654,49,0,1.7929444,0.13237548,-59.37488
575,0.6333334,38,0,0.9134422,0.13435575,-59.565186
576,1.5833325,95,0,13.204378,0.1417715,-59.698322
577,3.0166645,181,0,278.2806,0.13799624,-59.897305
578,2.4499984,147,0,74.47994,0.14298429,-60.20375
579,0.9333331,56,0,10.503225,0.15111968,-60.420586
580,3.0166645,181,0,338.1471,0.14550821,-60.591732
581,1.7333324,104,0,49.297573,0.15145725,-60.82764
582,3.0166645,181,0,34.77402,0.15455376,-61.196743
583,0.74999994,45,0,0.9830082,0.1618645,-61.427258
584,0.7999999,48,0,1.7672329,0.16231771,-61.440945
585,3.0166645,181,0,171.22539,0.1646087,-61.65262
586,1.9499989,117,0,12.75256,0.1676126,-62.057392
587,1.5333326,92,0,21.464909,0.17073072,-62.15119
588,2.7333314,164,0,15.796478,0.17450945,-62.49362
589,2.6666648,160,0,2.524828,0.17420194,-62.796738
590,0.8333332,50,0,3.274655,0.18331708,-63.100998
591,3.0166645,181,0,130.4258,0.17849883,-63.23597
592,2.3166652,139,0,73.29505,0.17734234,-63.59686
593,0.9333331,56,0,7.2666874,0.18329744,-63.916275
594,1.5166659,91,0,21.27382,0.18054616,-63.92402
595,1.0499997,63,0,1.4102756,0.189765,-64.116165
596,1.3999994,84,0,74.60351,0.19230577,-64.32038
597,0.71666664,43,0,0.21864395,0.19442385,-64.43979
598,0.8666665,52,0,7.824562,0.19902262,-64.52354
599,0.8666665,52,0,4.235741,0.19615597,-64.65493
600,0.71666664,43,0,2.6758687,0.19257803,-64.82639
601,2.0499988,123,0,9.568214,0.2002572,-64.9086
602,0.74999994,45,0,3.000473,0.2035335,-65.09158
603,0.84999985,51,0,10.489317,0.19786192,-65.19423
604,1.9166656,115,0,55.353012,0.20766309,-65.358185
605,0.74999994,45,0,3.4095216,0.21252823,-65.497826
606,2.1166654,127,0,19.254686,0.21626578,-65.83331
607,2.033332,122,0,4.427285,0.21626012,-66.0895
608,0.7666666,46,0,2.409371,0.22616974,-66.264694
609,1.8999989,114,0,58.648296,0.22250281,-66.36392
610,1.849999,111,0,6.235269,0.22503802,-66.678055
611,1.6166658,97,0,37.727993,0.23062864,-66.92609
612,0.91666645,55,0,4.838034,0.23455822,-67.08064
613,1.4499993,87,0,1.4040041,0.23598523,-67.223526
614,1.5999992,96,0,55.89979,0.23249348,-67.42577
615,0.9333331,56,0,3.1416798,0.23397866,-67.65201
616,1.8833323,113,0,28.931581,0.23204987,-67.85586
617,0.6666667,40,0,1.4412981,0.2428436,-68.12652
618,1.799999,108,0,38.52027,0.2401228,-68.13672
619,0.94999975,57,0,7.7602777,0.24647775,-68.22585
620,1.3833327,83,0,23.00344,0.24700056,-68.568565
621,1.1833329,71,0,0.37866712,0.24537225,-68.7365
622,1.133333,68,0,5.439503,0.25692627,-68.788315
623,1.1166663,67,0,1.8335552,0.25047183,-68.877174
624,1.2166662,73,0,6.7575755,0.25940794,-69.11581
625,1.0499997,63,0,1.8326031,0.26039004,-69.26989
626,1.4999993,90,0,38.65272,0.26680553,-69.37713
627,0.7333333,44,0,0.60108954,0.26537982,-69.55871
628,1.083333,65,0,8.396243,0.26602885,-69.5531
629,0.8999998,54,0,16.045292,0.26612777,-69.835175
630,0.74999994,45,0,1.267814,0.26276648,-69.876724
631,0.5166668,31,0,0.9442486,0.25758877,-69.8215
632,0.8999998,54,0,0.6449045,0.26763088,-69.84364
633,2.466665,148,0,68.490234,0.2702233,-70.17621
634,1.0999997,66,0,28.248987,0.2751695,-70.36317
635,0.71666664,43,0,5.6707916,0.26601356,-70.44751
636,2.4999983,150,0,4.901404,0.27682218,-70.70299
637,2.466665,148,0,2.4739892,0.27848163,-70.958176
638,1.5166659,91,0,8.763863,0.27764958,-71.06392
639,1.0166664,61,0,11.876983,0.27651402,-71.08171
640,0.9333331,56,0,3.810464,0.28021216,-71.358246
641,1.5666659,94,0,1.61068,0.28702882,-71.381516
642,0.8666665,52,0,4.0612836,0.2910327,-71.5209
643,1.8333323,110,0,37.417847,0.28628805,-71.68576
644,1.0166664,61,0,5.484924,0.29429522,-71.78474
645,1.2833328,77,0,4.4690623,0.28484258,-71.90147
646,1.2166662,73,0,3.5052915,0.2878897,-71.85311
647,0.7333333,44,0,0.7129668,0.29358986,-71.852135
648,1.3333328,80,0,21.876595,0.2926373,-72.11696
649,0.78333324,47,0,0.62153345,0.29603773,-72.17314
650,0.8999998,54,0,1.1985797,0.29638353,-72.26285
651,1.1166663,67,0,10.095807,0.29023725,-72.386215
652,1.4499993,87,0,2.6325147,0.29525742,-72.419525
653,1.1166663,67,0,11.738617,0.29814285,-72.44752
654,1.2833328,77,0,7.8336954,0.30310223,-72.57517
655,0.9999997,60,0,4.2206917,0.30579197,-72.71636
656,1.2499995,75,0,9.322681,0.30847,-72.77564
657,1.5666659,94,0,33.37435,0.30701274,-72.91852
658,1.6499991,99,0,18.582903,0.322565,-73.076256
659,1.3499994,81,0,3.5006342,0.3232936,-73.04621
660,2.2833319,137,0,22.711987,0.32955432,-73.20543
661,3.0166645,181,0,45.801434,0.32992613,-73.44054
662,1.2166662,73,0,5.9674907,0.32524845,-73.63427
663,1.7333324,104,0,18.253035,0.314047,-73.76254
664,1.6333325,98,0,3.4584777,0.3180666,-73.8089
665,3.0166645,181,0,4.534402,0.31581378,-74.14598
666,3.0166645,181,0,50.80347,0.3105735,-74.25467
667,2.9666646,178,0,72.858444,0.3106327,-74.58173
668,1.5166659,91,0,15.157335,0.3071562,-74.65446
669,2.083332,125,0,0.92449707,0.3058374,-74.8075
670,2.7833314,167,0,31.420967,0.30619875,-75.07495
671,0.84999985,51,0,1.0698309,0.3021011,-75.11508
672,2.616665,157,0,78.5914,0.30588943,-75.30914
673,3.0166645,181,0,48.735825,0.30847487,-75.56012
674,2.0666654,124,0,41.41327,0.31399673,-75.7337
675,3.0166645,181,0,45.233803,0.3113187,-75.8841
676,1.6999991,102,0,34.45745,0.31511512,-76.120514
677,3.0166645,181,0,42.636105,0.3133945,-76.21206
678,1.7166657,103,0,0.83728904,0.31734833,-76.363304
679,1.5999992,96,0,1.5857095,0.3206907,-76.50004
680,3.0166645,181,0,50.144733,0.32116786,-76.59589
681,2.083332,125,0,33.61434,0.32736206,-76.75648
682,3.0166645,181,0,97.56808,0.32455343,-76.942986
683,3.0166645,181,0,71.44861,0.33003622,-77.0986
684,1.9333322,116,0,4.8642735,0.333609,-77.254814
685,3.0166645,181,0,102.30774,0.33664075,-77.497734
686,1.6166658,97,0,31.556868,0.3416548,-77.750244
687,1.8166656,109,0,8.696754,0.3347851,-77.83977
688,2.6666648,160,0,76.342224,0.3353452,-77.838264
689,1.0666664,64,0,5.5829344,0.3408521,-77.90421
690,2.8166647,169,0,3.6431944,0.34354255,-78.07016
691,2.516665,151,0,35.96191,0.34843433,-78.32923
692,2.233332,134,0,42.31809,0.35549453,-78.45507
693,3.0166645,181,0,45.43025,0.3513961,-78.6596
694,0.94999975,57,0,4.0716686,0.34678474,-78.86526
695,1.9333322,116,0,60.495995,0.3544454,-78.77532
696,2.2833319,137,0,22.157223,0.35720176,-78.8535
697,2.183332,131,0,9.026133,0.355954,-79.10623
698,3.0166645,181,0,8.99332,0.36084715,-79.2216
699,3.0166645,181,0,72.43097,0.35287634,-79.39271
700,3.0166645,181,0,214.86664,0.3598408,-79.6563
701,1.9666655,118,0,3.0928276,0.36299855,-79.92231
702,3.0166645,181,0,183.54007,0.34891096,-80.02754
703,1.8999989,114,0,34.788727,0.35683042,-80.322685
704,1.3333328,80,0,7.855351,0.35460806,-80.3384
705,1.849999,111,0,43.050625,0.36111513,-80.41482
706,1.0499997,63,0,0.5731419,0.37164885,-80.51897
707,3.0166645,181,0,171.32405,0.3624446,-80.87242
708,1.9833322,119,0,56.05124,0.35546473,-80.84776
709,3.0166645,181,0,111.227,0.36000735,-81.186676
710,2.5833316,155,0,56.411205,0.3587013,-81.27817
711,2.9333313,176,0,42.821568,0.37107396,-81.41525
712,1.849999,111,0,44.666584,0.37573904,-81.71433
713,3.0166645,181,0,101.719376,0.36063266,-81.84607
714,1.4999993,90,0,61.38562,0.37518618,-82.17893
715,1.8333323,110,0,18.245432,0.37462747,-82.30507
716,2.0666654,124,0,49.563293,0.37775376,-82.39725
717,1.2833328,77,0,33.561153,0.37183416,-82.38495
718,3.0166645,181,0,160.34715,0.3734241,-82.653046
719,3.0166645,181,0,5.832779,0.37872058,-82.94357
720,1.5999992,96,0,62.51091,0.3873276,-83.12875
721,1.6166658,97,0,29.847921,0.3872415,-83.3115
722,2.133332,128,0,144.59355,0.39015797,-83.45224
723,2.4999983,150,0,19.300987,0.39081362,-83.60205
724,2.0166655,121,0,51.156498,0.39570138,-83.83407
725,1.2166662,73,0,0.78514373,0.38842553,-83.84152
726,1.6499991,99,0,13.484939,0.39915,-83.93569
727,3.0166645,181,0,371.6825,0.39979374,-84.27949
728,1.0333331,62,0,2.2967167,0.40492,-84.31196
729,1.466666,88,0,5.0868073,0.40090108,-84.421196
730,2.2999985,138,0,5.9973383,0.40013885,-84.61086
731,2.4999983,150,0,1.4140729,0.40442172,-84.641716
732,1.2833328,77,0,5.3981924,0.4167708,-84.72634
733,3.0166645,181,0,11.982604,0.42174888,-84.99384
734,1.3333328,80,0,6.167036,0.4208842,-85.20432
735,1.4499993,87,0,5.605931,0.4177085,-85.17063
736,1.9166656,115,0,7.9710827,0.42788917,-85.3266
737,1.0166664,61,0,18.893576,0.43281984,-85.32688
738,2.1166654,127,0,19.141634,0.41393548,-85.34664
739,3.0166645,181,0,171.29001,0.43031856,-85.55678
740,3.0166645,181,0,58.239597,0.42650118,-85.57941
741,1.1666663,70,0,2.6493225,0.42964125,-85.8074
742,2.416665,145,0,97.684006,0.43557602,-85.72623
743,0.94999975,57,0,2.8482394,0.4384512,-86.12517
744,1.416666,85,0,1.7784293,0.43232328,-85.89979
745,3.0166645,181,0,15.149982,0.4394022,-86.173584
746,3.0166645,181,0,155.26471,0.44164264,-86.318245
747,2.466665,148,0,2.5012727,0.43099955,-86.53578
748,2.8166647,169,0,37.63725,0.43755904,-86.66767
749,1.849999,111,0,28.901825,0.45292902,-86.69563
750,3.0166645,181,0,250.26015,0.43902045,-86.92271
751,3.0166645,181,0,110.16436,0.449843,-87.11088
752,1.5499992,93,0,38.790302,0.44691017,-87.234634
753,2.3166652,139,0,19.27176,0.44230422,-87.30182
754,3.0166645,181,0,50.437828,0.44944414,-87.31205
755,2.1999986,132,0,7.586117,0.44893208,-87.44691
756,2.1666653,130,0,69.20795,0.45449778,-87.55319
757,2.0166655,121,0,52.187996,0.45343104,-87.620384
758,0.7666666,46,0,0.44058263,0.4694129,-87.78432
759,1.3166661,79,0,15.33582,0.4606095,-87.77387
760,3.0166645,181,0,121.77193,0.46320292,-87.63151
761,3.0166645,181,0,132.89035,0.4617285,-87.99842
762,3.0166645,181,0,302.82227,0.474762,-88.13445
763,1.5166659,91,0,3.6722121,0.4683616,-88.3305
764,3.0166645,181,0,347.89917,0.4757852,-88.3453
765,1.3166661,79,0,3.609112,0.49233577,-88.667336
766,2.5333316,152,0,6.9379478,0.48510885,-88.63865
767,3.0166645,181,0,243.56432,0.5042204,-88.93547
768,3.0166645,181,0,245.18063,0.49783581,-89.2148
769,3.0166645,181,0,163.54762,0.49715734,-89.36764
770,3.0166645,181,0,308.79236,0.50378174,-89.609985
771,3.0166645,181,0,69.96604,0.50376636,-89.84799
772,3.0166645,181,0,274.515,0.49860314,-89.99687
773,2.6833315,161,0,15.694952,0.5054983,-90.24972
774,3.0166645,181,0,343.17813,0.50817186,-90.48324
775,3.0166645,181,0,100.461624,0.51257026,-90.70895
776,0.6666667,40,0,0.7549076,0.519258,-90.72878
777,3.0166645,181,0,214.88995,0.52040654,-90.91819
778,3.0166645,181,0,242.14272,0.5247977,-91.325935
779,2.2166653,133,0,46.460873,0.5314909,-91.55833
780,3.0166645,181,0,153.32336,0.5328989,-91.57785
781,1.083333,65,0,3.3115072,0.5331449,-91.79612
782,3.0166645,181,0,207.52817,0.53895724,-92.15848
783,3.0166645,181,0,296.4202,0.5369373,-92.28962
784,3.0166645,181,0,137.14555,0.5377889,-92.5451
785,3.0166645,181,0,175.56972,0.5389891,-92.66678
786,0.7,42,0,2.485393,0.5232068,-92.943924
787,3.0166645,181,0,178.54707,0.5472148,-93.06379
788,3.0166645,181,0,157.03893,0.544257,-93.26887
789,1.1499996,69,0,1.3495475,0.5476681,-93.51871
790,3.0166645,181,0,70.38146,0.54952997,-93.598366
791,3.0166645,181,0,7.3794036,0.5551987,-93.74343
792,0.94999975,57,0,7.5783663,0.5557908,-93.93602
793,3.0166645,181,0,268.35168,0.5541051,-94.009796
794,3.0166645,181,0,75.29879,0.56109774,-94.265236
795,0.68333334,41,0,1.3550465,0.54135674,-94.331245
796,3.0166645,181,0,94.22778,0.5716303,-94.601875
797,3.0166645,181,0,73.31228,0.55380374,-94.7706
798,0.8666665,52,0,3.1135633,0.5563144,-94.933075
799,1.7666657,106,0,34.548393,0.561266,-95.017426
800,1.0166664,61,0,2.8988647,0.5720592,-94.7055
801,3.0166645,181,0,99.21115,0.5506163,-95.07879
802,1.3666661,82,0,39.504974,0.5494348,-95.07545
803,3.0166645,181,0,77.63233,0.56067336,-95.30436
804,3.0166645,181,0,200.7501,0.55690527,-95.4548
805,0.8666665,52,0,0.40449682,0.57003236,-95.47927
806,1.9333322,116,0,11.485946,0.5654223,-95.491615
807,1.3999994,84,0,2.4085193,0.57492477,-95.820915
808,1.3166661,79,0,1.6094426,0.5610475,-95.49365
809,2.416665,145,0,0.7713377,0.55494,-95.66661
810,1.1499996,69,0,19.301268,0.5519939,-95.96383
811,0.84999985,51,0,0.42199877,0.5727481,-96.00088
812,2.133332,128,0,7.2165766,0.55227613,-95.88135
813,3.0166645,181,0,193.8345,0.56357455,-96.152275
814,0.81666654,49,0,6.084018,0.5726209,-96.06439
815,0.9999997,60,0,0.9977684,0.55989385,-96.02114
816,3.0166645,181,0,31.872496,0.5676005,-96.13989
817,3.0166645,181,0,134.4538,0.5626986,-96.24164
818,1.1833329,71,0,30.017809,0.5771481,-96.27641
819,1.3166661,79,0,4.444658,0.55487776,-96.40883
820,1.083333,65,0,0.6316235,0.5585191,-96.211586
821,1.2666662,76,0,0.54153305,0.5657086,-96.4974
822,1.1999996,72,0,0.9264776,0.5645961,-96.733284
823,1.6499991,99,0,2.8575606,0.56833065,-96.55689
824,1.9999988,120,0,18.404442,0.5669726,-96.70171
825,0.81666654,49,0,2.2163732,0.56790966,-96.743614
826,1.6999991,102,0,61.722195,0.56359994,-96.72694
827,0.8666665,52,0,1.5578351,0.578893,-96.922195
828,3.0166645,181,0,6.5428762,0.5679659,-96.99406
829,0.8333332,50,0,0.88734734,0.54719514,-97.0777
830,3.0166645,181,0,259.41013,0.55879486,-97.05251
831,3.0166645,181,0,2.6071951,0.5629417,-97.213356
832,3.0166645,181,0,239.6679,0.5628667,-97.41748
833,3.0166645,181,0,255.19188,0.5608005,-97.64481
834,3.0166645,181,0,114.29468,0.56297296,-97.937035
835,1.6166658,97,0,2.8135889,0.55625933,-98.100685
836,3.0166645,181,0,190.10477,0.57291746,-98.14487
837,3.0166645,181,0,234.6051,0.57748014,-98.36841
838,1.0333331,62,0,5.913533,0.573508,-98.25744
839,3.0166645,181,0,190.89163,0.56361896,-98.59776
840,0.8666665,52,0,1.3700585,0.57728404,-98.89996
841,3.0166645,181,0,198.17505,0.5773132,-98.77645
842,3.0166645,181,0,277.21152,0.5824866,-98.83356
843,3.0166645,181,0,86.05111,0.5735715,-99.19493
844,1.0999997,66,0,1.3952497,0.5760565,-99.49664
845,3.0166645,181,0,108.40181,0.58765316,-99.58404
846,1.0999997,66,0,0.9270944,0.5794499,-99.343346
847,3.0166645,181,0,207.69278,0.5928173,-99.84241
848,1.6333325,98,0,14.957404,0.5828287,-100.11886
849,3.0166645,181,0,79.66311,0.5931717,-100.221634
850,2.4833317,149,0,63.38685,0.6037341,-100.4955
851,1.3666661,82,0,6.579959,0.6143217,-100.64762
852,3.0166645,181,0,263.51257,0.60605055,-100.53505
853,3.0166645,181,0,141.3765,0.6147701,-100.97179
854,1.2499995,75,0,3.6325154,0.5983561,-101.45919
855,3.0166645,181,0,223.23679,0.6199318,-101.39839
856,1.4333327,86,0,3.4112313,0.6338454,-101.24416
857,3.0166645,181,0,145.32735,0.6370406,-101.94285
858,3.0166645,181,0,111.58362,0.64780855,-102.12105
859,2.6833315,161,0,16.77752,0.64114743,-102.54364
860,1.1999996,72,0,0.24173756,0.6660212,-102.607635
861,3.0166645,181,0,205.9323,0.6543699,-102.871376
862,3.0166645,181,0,29.55305,0.66159517,-103.067505
863,3.0166645,181,0,42.806576,0.6628149,-103.35834
864,3.0166645,181,0,172.38332,0.68024737,-103.83639
865,2.9833312,179,0,13.583866,0.67970735,-104.1363
866,3.0166645,181,0,54.84656,0.6906992,-104.45041
867,3.0166645,181,0,238.87108,0.7022964,-104.625534
868,0.65000004,39,0,1.3916957,0.7007749,-104.78567
869,3.0166645,181,0,198.78098,0.7054724,-104.850975
870,2.5833316,155,0,44.452114,0.7147613,-105.40348
871,1.5666659,94,0,3.0820527,0.70733976,-105.45188
872,1.3166661,79,0,7.0985894,0.71352315,-105.6757
873,1.0333331,62,0,2.1511478,0.7071918,-106.01202
874,3.0166645,181,0,125.96029,0.72389305,-105.975655
875,3.0166645,181,0,169.68971,0.7219007,-106.182655
876,3.0166645,181,0,352.6044,0.74756765,-106.82283
877,3.0166645,181,0,190.9752,0.7324917,-106.81834
878,0.58333343,35,0,1.3633902,0.7413989,-107.40357
879,3.0166645,181,0,169.94658,0.7498452,-107.44034
880,3.0166645,181,0,67.351555,0.74479634,-107.94538
881,0.58333343,35,0,1.1196406,0.7339128,-107.90393
882,0.88333315,53,0,1.0473598,0.7679966,-107.80855
883,1.2166662,73,0,0.7403603,0.731687,-108.16803
884,2.4833317,149,0,31.21881,0.7586411,-108.319565
885,2.516665,151,0,65.78616,0.75935453,-108.58851
886,1.7833323,107,0,39.73019,0.7532126,-108.90222
887,3.0166645,181,0,246.44328,0.7579195,-109.19214
888,1.2833328,77,0,1.3805976,0.7888275,-109.605286
889,2.2833319,137,0,35.069855,0.76956725,-109.857574
890,1.133333,68,0,2.4912815,0.75539714,-110.09572
891,3.0166645,181,0,305.23447,0.7696395,-110.213455
892,3.0166645,181,0,245.88776,0.7617925,-110.69396
893,2.3999984,144,0,12.464195,0.7624674,-111.15521
894,1.3666661,82,0,16.176363,0.76804715,-111.34076
895,3.0166645,181,0,96.41754,0.76892996,-111.53303
896,2.8666646,172,0,13.444707,0.7745878,-111.80728
897,0.5666668,34,0,0.695125,0.78517675,-112.23998
898,3.0166645,181,0,240.46263,0.7804282,-112.46806
899,0.7,42,0,0.9194845,0.79286593,-112.35283
900,3.0166645,181,0,268.88483,0.7664696,-113.0555
901,3.0166645,181,0,406.78464,0.77373004,-113.344536
902,3.0166645,181,0,294.2091,0.7695203,-114.00969
903,2.0999987,126,0,2.6264822,0.77317077,-114.175
904,3.0166645,181,0,358.10486,0.7701179,-114.54305
905,1.2833328,77,0,4.2202625,0.7576569,-115.148544
906,3.0166645,181,0,239.97086,0.76679504,-115.35492
907,3.0166645,181,0,296.98755,0.7751768,-115.782265
908,3.0166645,181,0,91.36411,0.7726744,-116.31476
909,0.74999994,45,0,3.7272115,0.7719156,-116.89932
910,0.88333315,53,0,2.9750412,0.76219434,-116.63307
911,0.55000013,33,0,0.66928023,0.76476264,-116.55107
912,1.2666662,76,0,0.89771074,0.7689798,-116.90196
913,0.9999997,60,0,4.41701,0.8006931,-117.1564
914,3.0166645,181,0,255.64493,0.7760766,-117.440575
915,3.0166645,181,0,242.49889,0.7841775,-118.009
916,1.5499992,93,0,14.922186,0.7999769,-118.61201
917,3.0166645,181,0,210.36299,0.7921289,-118.69541
918,3.0166645,181,0,200.25313,0.7762582,-119.25903
919,1.2666662,76,0,1.0345263,0.792658,-119.51141
920,3.0166645,181,0,138.04077,0.79073,-119.93393
921,3.0166645,181,0,387.94952,0.79853565,-120.447815
922,3.0166645,181,0,299.48828,0.78677493,-121.15295
923,1.5166659,91,0,0.7523245,0.7951912,-121.62841
924,1.0333331,62,0,0.65073067,0.7915971,-121.754425
925,1.0333331,62,0,1.7058597,0.7906924,-122.197075
926,3.0166645,181,0,393.10373,0.8015569,-122.33657
927,3.0166645,181,0,318.85104,0.79177743,-123.04939
928,0.6333334,38,0,0.8654366,0.80862564,-122.9808
929,3.0166645,181,0,264.95966,0.8011255,-123.76977
930,1.6499991,99,0,0.9637731,0.8033909,-124.10572
931,3.0166645,181,0,99.7987,0.8140106,-124.44798
932,0.98333305,59,0,0.5030123,0.80734044,-124.73551
933,3.0166645,181,0,241.53217,0.82112443,-125.29878
934,1.1166663,67,0,2.7622948,0.80524975,-125.630806
935,3.0166645,181,0,226.43147,0.81860167,-125.81841
936,3.0166645,181,0,338.70483,0.80975616,-126.56428
937,3.0166645,181,0,316.11887,0.810445,-127.07009
938,3.0166645,181,0,285.81473,0.8226913,-127.46947
939,3.0166645,181,0,320.02335,0.8251288,-128.1635
940,1.3166661,79,0,1.1133313,0.8119472,-128.40895
941,1.0666664,64,0,2.6759007,0.7955548,-128.85512
942,3.0166645,181,0,310.15714,0.84385145,-129.17714
943,3.0166645,181,0,333.56183,0.82826805,-129.69127
944,0.7,42,0,0.34230477,0.8267379,-130.13873
945,3.0166645,181,0,289.77847,0.8247332,-130.26802
946,3.0166645,181,0,318.45407,0.8429464,-130.84512
947,3.0166645,181,0,348.58005,0.8428812,-131.4846
948,0.8666665,52,0,4.215264,0.8727799,-131.54778
949,3.0166645,181,0,446.01022,0.84984595,-132.2421
950,0.65000004,39,0,0.9442401,0.86627847,-132.68532
951,0.94999975,57,0,1.1976517,0.857885,-132.59085
952,3.0166645,181,0,299.39493,0.876499,-132.92987
953,3.0166645,181,0,362.588,0.87249196,-133.38808
954,3.0166645,181,0,345.88474,0.88992226,-134.12912
955,3.0166645,181,0,334.84528,0.8775956,-134.59279
956,1.1666663,70,0,6.0376863,0.9010163,-135.1939
957,1.1666663,70,0,4.8107605,0.8871246,-135.32907
958,3.0166645,181,0,297.80026,0.88341737,-135.56038
959,3.0166645,181,0,320.6589,0.90355796,-136.05693
960,3.0166645,181,0,310.35654,0.90497714,-136.75156
961,1.3999994,84,0,11.565488,0.9067635,-137.07414
962,1.3166661,79,0,2.233548,0.9080366,-137.06163
963,0.9666664,58,0,8.652928,0.922324,-137.44762
964,3.0166645,181,0,353.56772,0.9075427,-137.53763
965,1.0499997,63,0,9.127897,0.9134285,-138.22887
966,1.0166664,61,0,5.2863913,0.9512444,-138.0989
967,3.0166645,181,0,284.07034,0.9165853,-138.60664
968,3.0166645,181,0,288.15094,0.9251115,-139.08711
969,3.0166645,181,0,310.89212,0.9255129,-139.66347
970,1.0166664,61,0,1.1795331,0.94691557,-140.05391
971,3.0166645,181,0,374.50745,0.9323037,-140.53737
972,3.0166645,181,0,253.40762,0.93777883,-140.97725
973,3.0166645,181,0,197.29796,0.94426733,-141.39203
974,0.91666645,55,0,4.981704,0.95509547,-141.71446
975,0.7999999,48,0,1.1470253,0.97749597,-142.15532
976,0.7,42,0,1.2866915,0.9382969,-142.09067
977,3.0166645,181,0,295.44968,0.9605978,-142.26543
978,0.6666667,40,0,0.68243194,0.9790582,-142.83789
979,3.0166645,181,0,314.23102,0.960348,-142.86415
980,3.0166645,181,0,295.3626,0.9519574,-143.53072
981,0.8666665,52,0,7.6662226,0.9618263,-143.54784
982,0.7333333,44,0,1.5683036,0.97026914,-143.79575
983,0.8999998,54,0,1.3313897,0.9569429,-144.45943
984,1.1999996,72,0,12.051108,0.9687037,-144.38914
985,3.0166645,181,0,348.68036,0.9716083,-144.62723
986,1.133333,68,0,8.843039,0.9715278,-145.17368
987,1.0333331,62,0,4.6807485,0.95808876,-145.13081
988,3.0166645,181,0,337.241,0.9773011,-145.53586
989,0.98333305,59,0,6.0072913,0.9768715,-145.77849
990,3.0166645,181,0,289.50748,0.98070925,-146.12682
991,0.58333343,35,0,0.9442827,0.97738487,-146.58385
992,0.68333334,41,0,1.1149558,1.022063,-146.51431
993,3.0166645,181,0,336.47214,0.9786735,-146.87463
994,0.9666664,58,0,9.010184,0.9584216,-147.37935
995,0.61666673,37,0,2.3877933,0.96051013,-147.3509
996,1.133333,68,0,18.014593,0.9772291,-147.74605
997,0.8999998,54,0,2.217366,0.9829582,-147.5978
998,0.8999998,54,0,1.9197766,0.98436654,-147.89836
999,3.0166645,181,0,308.7121,0.983178,-148.35066
1000,0.61666673,37,0,2.319584,0.95030886,-148.66495
1001,3.0166645,181,0,178.55798,0.9751281,-149.04906
1002,0.6333334,38,0,4.2671447,0.961804,-149.09613
1003,0.7999999,48,0,1.8239547,0.9846628,-149.43646
1004,0.6333334,38,0,3.812721,0.95019597,-149.58551
1005,0.6666667,40,0,0.9766336,0.96273786,-149.73045
1006,0.7,42,0,2.6355832,0.93108284,-149.77458
1007,0.68333334,41,0,5.0156507,1.0209424,-149.68317
1008,0.8999998,54,0,1.1009889,0.9991059,-150.3098
1009,0.65000004,39,0,4.6440244,0.99919975,-150.29958
1010,1.2333329,74,0,48.914875,0.98656684,-150.23419
1011,0.7999999,48,0,9.5512495,0.97517306,-150.833
1012,0.61666673,37,0,1.0579973,0.9385326,-150.82779
1013,0.6666667,40,0,2.0149167,0.96768117,-151.04561
1014,1.1666663,70,0,3.067547,0.9867279,-150.89418
1015,0.5000002,30,0,0.8222632,0.99888647,-150.98764
1016,0.7333333,44,0,3.6300728,1.013923,-151.06921
1017,0.88333315,53,0,1.408742,0.980013,-151.30579
1018,0.71666664,43,0,1.3592626,0.980754,-151.629
1019,2.849998,171,0,271.0896,0.97870404,-151.78108
1020,0.7666666,46,0,2.0699213,0.9767893,-152.42279
1021,1.3499994,81,0,0.6121009,0.9868229,-152.29102
1022,0.65000004,39,0,1.099638,0.9674766,-152.66261
1023,0.65000004,39,0,6.2584076,0.93860286,-152.62491
1024,2.8833313,173,0,199.0476,0.9554728,-153.10812
1025,3.0166645,181,0,213.09464,0.9506081,-153.64072
1026,0.7,42,0,0.5956355,0.96045434,-153.771
1027,0.7666666,46,0,0.7575075,0.98806167,-154.18254
1028,0.65000004,39,0,2.9469945,0.9515646,-154.22145
1029,0.6666667,40,0,9.881782,0.9460122,-154.44041
1030,1.0166664,61,0,2.0182536,0.9477674,-154.77199
1031,0.7,42,0,1.5304121,0.975873,-154.50418
1032,0.8666665,52,0,2.7489908,0.96965814,-155.21523
1033,1.4833326,89,0,35.369904,0.9782084,-155.20216
1034,1.0666664,64,0,36.09044,0.97053117,-155.08214
1035,1.3999994,84,0,56.117336,0.95220554,-155.55536
1036,0.78333324,47,0,3.0269341,0.98364955,-155.5538
1037,0.74999994,45,0,1.9819827,0.9649078,-156.03435
1038,0.6333334,38,0,0.39144215,0.9897284,-155.69609
1039,0.71666664,43,0,2.254343,0.93581975,-155.75436
1040,3.0166645,181,0,224.50194,0.98301375,-156.29897
1041,0.8666665,52,0,0.39146477,0.9920248,-156.63136
1042,2.7833314,167,0,277.98123,0.9967063,-156.93398
1043,1.3166661,79,0,5.3547516,1.0014834,-157.09615
1044,0.8666665,52,0,0.4361984,0.9577692,-157.28365
1045,0.65000004,39,0,4.7153587,1.0132126,-157.42694
1046,0.9333331,56,0,1.007373,1.0196546,-157.43253
1047,2.566665,154,0,140.5866,1.0184557,-157.8083
1048,0.68333334,41,0,5.0772605,1.0267563,-158.23444
1049,3.0166645,181,0,263.2787,1.032992,-158.3441
1050,0.6333334,38,0,0.77946407,1.0307478,-158.71811
1051,0.61666673,37,0,3.8042517,1.0517457,-158.73482
1052,0.68333334,41,0,4.317273,1.0222236,-158.50075
1053,3.0166645,181,0,293.66077,1.0378417,-159.0991
1054,0.94999975,57,0,23.76661,1.0657443,-159.44977
1055,0.8999998,54,0,6.216802,1.0560069,-159.64334
1056,0.8999998,54,0,0.41039866,1.0924064,-159.96164
1057,3.0166645,181,0,345.38153,1.0834873,-160.035
1058,0.6333334,38,0,2.098486,1.0646036,-160.30107
1059,0.6666667,40,0,2.2934473,1.0836834,-160.7515
1060,0.6000001,36,0,3.5340848,1.1146626,-160.2795
1061,0.68333334,41,0,6.1976094,1.1465642,-160.68169
1062,3.0166645,181,0,392.12863,1.1143479,-161.00882
1063,3.0166645,181,0,420.56348,1.1225117,-161.38036
1064,0.94999975,57,0,1.7172041,1.1214178,-161.83943
1065,0.58333343,35,0,1.5015342,1.120357,-161.93608
1066,3.0166645,181,0,314.13992,1.1402274,-162.2507
1067,3.0166645,181,0,255.27533,1.1525807,-162.7861
1068,0.61666673,37,0,3.6847298,1.1565852,-162.64386
1069,0.7,42,0,3.3174007,1.1931547,-163.30019
1070,0.7,42,0,5.310311,1.1689268,-163.1625
1071,0.78333324,47,0,1.3346481,1.1764088,-163.33133
1072,0.48333353,29,0,1.3904316,1.2034135,-163.66345
1073,0.55000013,33,0,1.8501959,1.1923453,-163.49405
1074,3.0166645,181,0,413.37143,1.2119992,-163.84932
1075,3.0166645,181,0,242.02408,1.2215889,-164.3775
1076,3.0166645,181,0,264.74457,1.250083,-164.90535
1077,3.0166645,181,0,258.48364,1.2670975,-165.59172
1078,0.5666668,34,0,0.85100776,1.2293031,-165.92705
1079,1.3499994,81,0,26.13044,1.2711359,-165.80687
1080,3.0166645,181,0,236.36888,1.2763296,-166.50377
1081,1.3166661,79,0,35.809753,1.3021442,-166.94115
1082,0.5333335,32,0,6.081134,1.2630634,-167.31955
1083,3.0166645,181,0,310.4105,1.3027761,-167.23238
1084,0.5000002,30,0,2.1653254,1.3405954,-167.81404
1085,0.8333332,50,0,11.441315,1.2997215,-167.91528
1086,0.55000013,33,0,3.7164383,1.2859583,-168.01662
1087,3.0166645,181,0,320.23587,1.3245943,-168.28636
1088,0.6666667,40,0,2.6933532,1.4182117,-168.34781
1089,0.46666685,28,0,0.65855616,1.3495517,-168.93565
1090,2.0166655,121,0,70.19032,1.3027788,-168.9683
1091,0.68333334,41,0,4.9586077,1.3785926,-169.4052
1092,0.7,42,0,8.510265,1.3101219,-168.9569
1093,1.8166656,109,0,11.697177,1.3263491,-169.64877
1094,3.0166645,181,0,313.14697,1.3519986,-169.87129
1095,3.0166645,181,0,208.8049,1.3824997,-170.83783
1096,0.6666667,40,0,1.48738,1.4207516,-171.2972
1097,0.6000001,36,0,6.1012454,1.3900625,-171.44215
1098,0.48333353,29,0,0.5150768,1.459796,-171.26378
1099,1.3666661,82,0,2.6612663,1.3597424,-171.81502
1100,0.46666685,28,0,1.5098432,1.4083589,-171.70274
1101,3.0166645,181,0,182.68304,1.4014409,-171.85736
1102,0.94999975,57,0,1.6248925,1.4337966,-172.52591
1103,0.8999998,54,0,1.13338,1.4307023,-172.78146
1104,0.8333332,50,0,2.728817,1.388752,-172.98537
1105,0.7333333,44,0,0.8078858,1.420875,-173.0442
1106,0.81666654,49,0,5.069395,1.4515,-173.08536
1107,0.58333343,35,0,0.8648912,1.4253622,-173.60258
1108,1.133333,68,0,10.645757,1.5587637,-173.43573
1109,0.6666667,40,0,2.4246118,1.5676136,-173.58394
1110,1.1499996,69,0,5.106074,1.4629508,-173.857
1111,0.7,42,0,1.6673193,1.536196,-174.43445
1112,0.81666654,49,0,3.6089432,1.5444502,-174.19087
1113,0.71666664,43,0,0.7229844,1.547651,-174.70662
1114,1.1166663,67,0,11.898891,1.533184,-174.98851
1115,1.849999,111,0,60.19981,1.5047853,-174.77335
1116,0.46666685,28,0,1.132766,1.4667846,-175.27824
1117,0.7,42,0,6.7219105,1.5621097,-175.31375
1118,3.0166645,181,0,299.33658,1.5191178,-175.52266
1119,3.0166645,181,0,216.05763,1.5475532,-176.22786
1120,1.2333329,74,0,1.0138654,1.5377636,-176.70319
1121,0.9666664,58,0,5.278855,1.6250067,-176.89798
1122,1.0166664,61,0,13.88529,1.5951216,-176.76738
1123,0.58333343,35,0,3.2022684,1.6111728,-176.87231
1124,1.3333328,80,0,1.0691727,1.5983164,-177.44046
1125,0.58333343,35,0,3.6546884,1.6174517,-178.17587
1126,0.58333343,35,0,1.5689558,1.6031642,-177.67027
1127,0.8333332,50,0,3.5546396,1.5959262,-177.97829
1128,1.3833327,83,0,56.88074,1.5802996,-178.18556
1129,1.2499995,75,0,2.0202904,1.6360433,-178.43433
1130,1.2833328,77,0,19.836601,1.6278795,-178.58855
1131,1.2499995,75,0,4.185337,1.692742,-178.88763
1132,0.91666645,55,0,2.2529862,1.584495,-178.88338
1133,2.0499988,123,0,1.7789588,1.634268,-179.47145
1134,0.61666673,37,0,3.4335916,1.6464198,-179.74904
1135,0.7,42,0,1.982783,1.6656764,-179.88704
1136,0.98333305,59,0,16.247065,1.6944577,-180.12825
1137,0.5333335,32,0,0.88933146,1.5909578,-179.96857
1138,0.6666667,40,0,5.206456,1.7186321,-179.57573
1139,0.65000004,39,0,0.9931241,1.6992154,-180.71321
1140,0.5666668,34,0,8.228365,1.7633531,-179.98859
1141,1.3999994,84,0,9.396541,1.7325352,-180.65663
1142,0.55000013,33,0,2.5757947,1.6655995,-181.04851
1143,0.5166668,31,0,1.8172048,1.6637261,-180.64133
1144,1.5499992,93,0,88.71998,1.7343626,-180.99161
1145,1.6499991,99,0,19.92381,1.7086887,-181.40479
1146,0.68333334,41,0,3.293301,1.7110227,-181.57185
1147,0.6666667,40,0,8.275256,1.6987851,-181.84851
1148,1.1999996,72,0,29.458004,1.7457262,-182.08571
1149,0.98333305,59,0,4.963677,1.7743036,-182.26587
1150,1.2833328,77,0,4.4805217,1.7862754,-182.5432
1151,1.4499993,87,0,10.764118,1.8047886,-182.9713
1152,1.2499995,75,0,0.9938905,1.7865467,-183.07861
1153,0.8666665,52,0,18.844141,1.7678398,-183.5161
1154,0.5333335,32,0,2.2251213,1.8531996,-183.32887
1155,0.8999998,54,0,4.5953975,1.7895246,-183.54013
1156,0.58333343,35,0,3.3243217,1.7526766,-183.75543
1157,0.5666668,34,0,4.9873223,1.7983571,-184.28142
1158,1.3333328,80,0,10.813456,1.783101,-184.37823
1159,0.78333324,47,0,0.93968403,1.7398497,-184.42645
1160,0.61666673,37,0,2.9051442,1.9046524,-184.33005
1161,1.0166664,61,0,4.364981,1.8369695,-185.1676
1162,0.74999994,45,0,0.47106332,1.8250871,-185.08615
1163,0.7666666,46,0,0.57804865,1.8406476,-185.30507
1164,1.0333331,62,0,34.858067,1.8427604,-184.94505
1165,0.61666673,37,0,12.341426,1.8913245,-185.34592
1166,0.48333353,29,0,0.76187545,1.7958212,-185.63928
1167,0.61666673,37,0,3.8949997,1.8037255,-185.36916
1168,0.5666668,34,0,0.66477966,1.7928293,-185.49188
1169,1.9999988,120,0,54.879757,1.8616297,-186.02983
1170,2.083332,125,0,102.34784,1.8937604,-186.5182
1171,0.94999975,57,0,0.8302533,1.9014187,-187.3477
1172,0.78333324,47,0,1.7836819,1.9274926,-187.35536
1173,0.94999975,57,0,5.320793,1.8727393,-187.43263
1174,0.71666664,43,0,1.7618809,1.9032354,-187.99316
1175,1.0499997,63,0,4.2968063,1.8914036,-187.87201
1176,0.78333324,47,0,1.2145258,1.9744319,-188.19588
1177,1.6999991,102,0,47.786297,1.9525865,-188.34277
1178,1.1166663,67,0,18.117434,1.9347597,-188.51468
1179,0.6333334,38,0,1.5178527,2.020021,-188.80919
1180,0.8999998,54,0,4.290104,1.9568398,-188.81107
1181,0.78333324,47,0,1.1781914,2.0165026,-189.90668
1182,0.5666668,34,0,0.516242,1.9933347,-189.66592
1183,1.1999996,72,0,12.20482,2.0532444,-190.14844
1184,0.71666664,43,0,4.02425,1.9185125,-189.99863
1185,0.7666666,46,0,0.8218027,2.0310628,-190.48639
1186,0.5166668,31,0,2.3050644,2.090096,-190.66785
1187,0.84999985,51,0,1.0272168,1.9511154,-190.29088
1188,0.98333305,59,0,7.036484,2.0248356,-190.88164
1189,0.7666666,46,0,2.490649,2.079009,-191.61952
1190,1.3166661,79,0,22.751184,2.0534258,-191.34006
1191,0.98333305,59,0,10.950474,2.0072942,-192.1868
1192,0.91666645,55,0,0.7045972,2.0654826,-192.39616
1193,0.84999985,51,0,1.057225,2.1314003,-192.78671
1194,1.2833328,77,0,16.064892,2.0326061,-192.52687
1195,0.7333333,44,0,8.737028,2.0872014,-192.30847
1196,0.55000013,33,0,4.783742,2.049864,-193.24213
1197,0.7666666,46,0,0.7821444,2.2632632,-193.36559
1198,0.5333335,32,0,3.0135205,2.0735016,-194.33223
1199,0.68333334,41,0,2.2647388,2.140137,-193.89568
1200,0.58333343,35,0,7.2942734,2.075302,-193.78601
1201,0.58333343,35,0,1.8406475,2.1988914,-194.26585
1202,0.78333324,47,0,2.031124,2.153553,-193.90146
1203,0.8333332,50,0,4.550014,2.1328454,-194.80705
1204,0.6333334,38,0,5.099579,2.1838713,-195.15448
1205,0.6000001,36,0,10.226824,2.140321,-195.79929
1206,0.9333331,56,0,2.047642,2.2148643,-195.57819
1207,0.7333333,44,0,12.13843,2.065488,-195.40315
1208,0.8666665,52,0,0.3343887,2.155366,-196.21532
1209,0.7666666,46,0,1.8988167,2.1583555,-195.99223
1210,0.7666666,46,0,2.3721442,2.2192125,-196.08276
1211,0.7,42,0,11.700577,2.2772279,-197.54578
1212,0.81666654,49,0,4.099666,2.2084723,-197.33698
1213,0.7666666,46,0,0.64660823,2.2599695,-197.33096
1214,0.91666645,55,0,2.77731,2.2620592,-198.0369
1215,1.2999995,78,0,15.656493,2.1949747,-198.57773
1216,0.8666665,52,0,0.55393606,2.2028801,-198.83873
1217,2.3666651,142,0,145.88399,2.2060273,-198.9378
1218,1.2833328,77,0,57.25051,2.3016174,-199.68384
1219,0.81666654,49,0,2.143361,2.3233685,-200.16785
1220,0.8666665,52,0,5.8780837,2.203215,-200.3174
1221,0.7,42,0,8.713617,2.3200178,-200.55206
1222,0.6333334,38,0,1.4026767,2.290274,-201.65201
1223,1.3833327,83,0,35.06849,2.3410065,-201.393
1224,1.6166658,97,0,40.83444,2.2925687,-201.93442
1225,0.9999997,60,0,3.1492107,2.235715,-202.6522
1226,0.9333331,56,0,1.9939886,2.3246427,-202.65262
1227,0.8666665,52,0,1.4251109,2.3871582,-203.1133
1228,0.65000004,39,0,10.017072,2.3621805,-203.30609
1229,0.68333334,41,0,7.1336737,2.4042451,-203.83528
1230,0.6333334,38,0,9.847471,2.39344,-204.15227
1231,0.6333334,38,0,3.1083837,2.4093387,-204.39699
1232,0.94999975,57,0,0.62484306,2.3376155,-204.39537
1233,0.98333305,59,0,1.7442462,2.384433,-205.20969
1234,0.5666668,34,0,3.2014246,2.412753,-205.11922
1235,0.7,42,0,1.459973,2.360037,-205.37141
1236,0.94999975,57,0,2.9041524,2.4665446,-206.278
1237,0.5666668,34,0,7.722967,2.4546354,-205.80318
1238,0.94999975,57,0,1.4454087,2.3835452,-206.97375
1239,0.8999998,54,0,2.556894,2.5218277,-207.76262
1240,1.1999996,72,0,8.514769,2.4110968,-207.88078
1241,1.1999996,72,0,1.0248799,2.5029004,-208.40213
1242,0.94999975,57,0,2.4657652,2.5858104,-209.14223
1243,0.65000004,39,0,0.6476315,2.4847014,-209.28442
1244,1.2333329,74,0,2.9437895,2.565835,-209.48485
1245,1.2666662,76,0,3.033124,2.4988415,-210.7058
1246,1.0166664,61,0,1.0241977,2.5334485,-210.9934
1247,0.68333334,41,0,1.839047,2.6089826,-212.73497
1248,0.6333334,38,0,6.013135,2.5755234,-211.7575
1249,0.9666664,58,0,1.178425,2.6362078,-211.89174
1250,0.78333324,47,0,12.074735,2.6738288,-212.29944
1251,0.61666673,37,0,14.505734,2.6673467,-213.0103
1252,1.0499997,63,0,2.1135733,2.5297294,-212.86285
1253,0.74999994,45,0,4.195434,2.6389225,-213.53568
1254,0.78333324,47,0,0.6893772,2.5580955,-213.51324
1255,0.71666664,43,0,1.7904346,2.663774,-214.55002
1256,0.5333335,32,0,2.336259,2.5044649,-214.9753
1257,1.0333331,62,0,3.747342,2.6019783,-214.99718
1258,1.0999997,66,0,0.5649628,2.6675305,-215.47188
1259,0.5333335,32,0,3.7611196,2.49703,-216.7414
1260,1.4499993,87,0,16.019531,2.7299228,-216.87154
1261,1.1999996,72,0,0.6949902,2.6249847,-217.17453
1262,0.5666668,34,0,1.5809553,2.7859106,-217.00827
1263,1.3166661,79,0,14.598338,2.7716904,-218.59332
1264,0.84999985,51,0,1.1945686,2.6883879,-218.80937
1265,1.1499996,69,0,4.994267,2.767133,-219.67844
1266,0.5333335,32,0,2.7424932,2.6190064,-219.48672
1267,0.6000001,36,0,0.513127,2.6638145,-219.94855
1268,0.8999998,54,0,1.9194471,2.7557027,-221.03754
1269,1.1499996,69,0,0.6673744,2.7285502,-221.29686
1270,0.5166668,31,0,3.7672377,2.8424988,-221.12212
1271,0.55000013,33,0,2.141308,2.8212814,-221.16545
1272,1.0333331,62,0,1.6547979,2.8640897,-222.26587
1273,1.5666659,94,0,5.877016,2.926396,-222.99223
1274,1.133333,68,0,3.9407914,2.8665059,-223.94295
1275,1.1666663,70,0,1.543187,2.8764079,-224.36725
1276,0.68333334,41,0,8.80897,2.9467604,-224.10938
1277,0.7333333,44,0,2.967279,2.8762763,-224.58473
1278,1.5333326,92,0,2.7662528,2.8715854,-226.01297
1279,1.1833329,71,0,0.7221685,2.9325721,-227.49702
1280,0.9333331,56,0,1.7749213,3.0501845,-227.73737
1281,0.5000002,30,0,2.3843985,2.8831642,-228.9825
1282,1.1833329,71,0,0.69860065,2.8595052,-228.62297
1283,0.71666664,43,0,2.3312476,2.854204,-228.68
1284,1.2666662,76,0,0.38503176,2.9155097,-229.25377
1285,1.2999995,78,0,2.4374306,3.0770054,-230.42357
1286,1.4833326,89,0,0.5241206,2.9658546,-231.12148
1287,1.3999994,84,0,11.259665,2.918304,-231.25111
1288,0.74999994,45,0,4.833202,2.7500553,-232.17487
1289,1.1833329,71,0,0.94811887,2.9841762,-233.35551
1290,0.5666668,34,0,0.98992676,2.8835566,-233.75925
1291,0.68333334,41,0,4.7918262,2.9741423,-234.02899
1292,0.7666666,46,0,3.5984972,2.99988,-233.49823
1293,1.1666663,70,0,0.89051604,3.047951,-235.17517
1294,1.4499993,87,0,2.8373878,2.9591315,-235.64871
1295,0.5666668,34,0,2.0800798,2.9529376,-235.09976
1296,0.6333334,38,0,3.3958747,3.0344949,-236.22296
1297,0.74999994,45,0,1.5478445,2.9706342,-237.39513
1298,1.3833327,83,0,1.5442923,3.0215323,-237.17139
1299,1.3166661,79,0,0.72371835,3.0912442,-238.37105
1300,0.68333334,41,0,1.035375,3.0310152,-238.68407
1301,1.1166663,67,0,3.7405648,3.069897,-239.42184
1302,0.71666664,43,0,2.7011025,3.1403444,-240.95044
1303,1.3333328,80,0,0.5305858,3.0852375,-240.1437
1304,1.2499995,75,0,8.524625,3.1721632,-241.90717
1305,1.2333329,74,0,2.261105,3.016421,-242.69133
1306,0.5333335,32,0,2.0147064,3.1666675,-243.10199
1307,0.74999994,45,0,4.017,3.1470034,-243.04854
1308,0.7666666,46,0,11.45753,3.1454628,-243.75972
1309,1.2333329,74,0,2.338738,3.094745,-244.48619
1310,0.84999985,51,0,2.0966141,3.0452578,-245.16098
1311,0.6666667,40,0,8.629964,3.088163,-245.3542
1312,0.61666673,37,0,8.173162,3.2405713,-246.47386
1313,0.5666668,34,0,4.6966615,3.198044,-246.13057
1314,0.74999994,45,0,0.67166775,3.0325987,-247.28046
1315,0.65000004,39,0,2.2276542,3.1278434,-248.41649
1316,1.2333329,74,0,1.8037053,3.1504703,-248.299
1317,0.6000001,36,0,0.80547076,3.366653,-247.95349
1318,0.48333353,29,0,2.0902188,3.0098379,-249.2092
1319,1.2833328,77,0,9.97898,3.1562562,-250.33107
1320,1.3833327,83,0,4.3510585,3.080871,-250.14726
1321,1.2499995,75,0,0.2840779,3.176462,-251.54797
1322,1.2333329,74,0,5.2753363,3.3309324,-252.95334
1323,0.68333334,41,0,2.5106683,3.1482782,-253.18777
1324,0.6000001,36,0,0.8568116,3.0870738,-253.57262
1325,0.6333334,38,0,2.0665007,3.207053,-254.23587
1326,0.45000017,27,0,0.42295635,3.2815886,-255.5509
1327,0.55000013,33,0,0.6832064,3.1556082,-255.80577
1328,1.3666661,82,0,1.2190427,3.2319844,-255.38528
1329,1.083333,65,0,3.2963724,3.2498138,-256.00183
1330,0.74999994,45,0,3.823679,3.193381,-255.44193
1331,0.65000004,39,0,1.614517,3.2237136,-257.93582
1332,1.2833328,77,0,2.0923305,3.3266618,-257.37704
1333,1.3999994,84,0,2.8874583,3.231712,-259.29434
1334,0.7999999,48,0,5.3195252,3.1705568,-259.28644
1335,0.68333334,41,0,1.9770418,3.4836214,-259.88626
1336,0.8666665,52,0,1.5665954,3.2526572,-260.58273
1337,0.55000013,33,0,4.2179003,3.337148,-261.6853
1338,0.7,42,0,3.9445047,3.2943015,-261.99274
1339,0.78333324,47,0,2.5060012,3.2874234,-262.2772
1340,0.6333334,38,0,2.0821333,3.358159,-263.0361
1341,1.2499995,75,0,0.7485021,3.3036704,-263.33176
1342,0.98333305,59,0,0.7619471,3.3663018,-264.24985
1343,0.6666667,40,0,0.21992995,3.2840807,-264.24472
1344,0.9333331,56,0,0.26272455,3.4257395,-265.38797
1345,1.3833327,83,0,5.44337,3.4080577,-266.66965
1346,1.2166662,73,0,0.6726256,3.4505255,-266.88757
1347,0.5333335,32,0,1.401775,3.384356,-267.41193
1348,0.5666668,34,0,1.9359424,3.415826,-268.26144
1349,0.6333334,38,0,1.718497,3.382748,-268.1796
1350,0.65000004,39,0,1.1747559,3.4528375,-268.97162
1351,0.61666673,37,0,8.738807,3.2873702,-269.72617
1352,0.48333353,29,0,0.9468521,3.4292548,-268.46716
1353,0.68333334,41,0,0.36494097,3.39742,-270.5551
1354,0.71666664,43,0,3.142697,3.5320852,-272.5381
1355,0.65000004,39,0,5.38497,3.5358644,-271.17535
1356,1.2666662,76,0,4.958426,3.371117,-271.78442
1357,0.46666685,28,0,2.157351,3.6505089,-273.81195
1358,0.6666667,40,0,0.45796236,3.5626502,-274.1539
1359,0.5333335,32,0,2.1344478,3.478969,-273.78488
1360,0.8333332,50,0,11.326637,3.4224803,-274.6529
1361,0.7333333,44,0,1.2615169,3.589913,-274.8927
1362,0.6666667,40,0,3.0057192,3.528571,-274.06635
1363,0.98333305,59,0,1.0339172,3.5145729,-276.18692
1364,0.6333334,38,0,0.55408156,3.5678804,-276.2452
1365,0.68333334,41,0,0.7759688,3.4964223,-277.36368
1366,0.71666664,43,0,0.9036306,3.5345685,-277.36096
1367,0.55000013,33,0,1.55389,3.5586762,-277.5872
1368,0.7333333,44,0,7.5665526,3.4081101,-277.71606
1369,0.78333324,47,0,1.6113324,3.4651883,-278.4068
1370,0.68333334,41,0,1.0646337,3.5030634,-279.99887
1371,0.48333353,29,0,3.4921963,3.602086,-281.22668
1372,0.61666673,37,0,0.437899,3.5519137,-280.41934
1373,0.6666667,40,0,5.715124,3.4910567,-282.2939
1374,0.68333334,41,0,4.202918,3.6200185,-281.9298
1375,0.48333353,29,0,1.4653822,3.4107707,-282.16458
1376,0.55000013,33,0,2.0618703,3.641999,-283.4313
1377,1.3666661,82,0,1.7894017,3.7166677,-283.1614
1378,0.5666668,34,0,1.055493,3.5556884,-284.94266
1379,0.48333353,29,0,2.435281,3.5465603,-284.2759
1380,0.7,42,0,1.5260919,3.6141305,-285.1517
1381,0.7666666,46,0,9.525417,3.5112748,-285.3452
1382,0.5166668,31,0,2.311174,3.8606966,-284.5312
1383,0.5166668,31,0,1.7320567,3.491179,-287.29062
1384,0.74999994,45,0,1.6331271,3.7054458,-286.85028
1385,0.71666664,43,0,2.889423,3.7008324,-287.33557
1386,0.74999994,45,0,4.364568,3.792524,-287.73636
1387,0.5166668,31,0,6.3038235,3.6796486,-288.1756
1388,0.6000001,36,0,0.69185716,3.730902,-289.63937
1389,0.71666664,43,0,6.402299,3.683579,-289.13336
1390,0.78333324,47,0,3.171419,3.7739496,-290.27664
1391,0.45000017,27,0,0.28889105,3.8516529,-290.38095
1392,0.8333332,50,0,0.7778277,3.7029154,-289.9739
1393,0.61666673,37,0,1.2108228,3.641548,-291.54
1394,0.8999998,54,0,7.422486,3.730464,-291.83575
1395,0.6333334,38,0,0.67265457,3.573021,-291.96533
1396,0.5000002,30,0,0.6923934,3.8630824,-292.87253
1397,0.7,42,0,5.870063,3.7991073,-292.82404
1398,1.0499997,63,0,1.5490512,3.620573,-294.54492
1399,0.98333305,59,0,4.9560785,3.8451009,-295.45767
1400,0.65000004,39,0,1.2106462,3.6004248,-296.66495
1401,0.4333335,26,0,1.0064174,3.8216918,-297.75092
1402,0.9666664,58,0,4.501011,3.876932,-296.76935
1403,0.74999994,45,0,6.9554462,3.830292,-297.2533
1404,0.5000002,30,0,3.893394,3.8228164,-299.01224
1405,0.5666668,34,0,4.958054,3.6542134,-298.95978
1406,0.65000004,39,0,1.1060408,3.864819,-298.9107
1407,0.5166668,31,0,7.140886,3.780397,-299.61588
1408,1.3499994,81,0,1.3310101,3.8268201,-301.06705
1409,0.46666685,28,0,5.5061307,3.8617592,-301.86755
1410,0.5000002,30,0,2.2378752,3.7223353,-301.64896
1411,0.45000017,27,0,1.4645077,3.8730347,-301.11487
1412,0.5166668,31,0,8.480039,3.9226296,-302.90988
1413,0.74999994,45,0,6.09967,3.993971,-302.99484
1414,0.9999997,60,0,2.4102604,3.814257,-304.36658
1415,0.7,42,0,3.4200406,3.846814,-304.62286
1416,0.74999994,45,0,5.6563306,3.9601543,-305.41797
1417,1.3166661,79,0,2.181495,3.9197598,-306.15637
1418,0.9999997,60,0,2.8556602,3.9399688,-307.61575
1419,0.4333335,26,0,1.4146087,3.9093323,-307.91068
1420,0.5166668,31,0,3.9966311,3.9235346,-307.25064
1421,0.5666668,34,0,1.6436502,4.046854,-309.60345
1422,0.46666685,28,0,3.579332,3.9178367,-309.57224
1423,1.2666662,76,0,3.659401,3.9841998,-309.90454
1424,0.88333315,53,0,2.2261589,4.0830827,-310.90887
1425,1.3333328,80,0,5.05914,4.0166025,-311.32498
1426,1.0666664,64,0,6.2788024,3.9599357,-312.58832
1427,0.5000002,30,0,4.6541114,4.0813622,-313.34665
1428,0.6666667,40,0,1.9908543,3.9568064,-313.11548
1429,0.98333305,59,0,1.9342293,4.188325,-314.00674
1430,0.68333334,41,0,0.6695471,4.1470737,-315.26917
1431,0.65000004,39,0,1.0622071,4.116203,-315.19858
1432,0.7,42,0,0.5744748,4.2243147,-317.38007
1433,0.45000017,27,0,3.288049,4.2175326,-316.90482
1434,1.2333329,74,0,1.4817218,4.1237597,-318.01346
1435,0.65000004,39,0,2.4265025,4.2242327,-318.73746
1436,0.61666673,37,0,1.7323074,4.1554317,-317.9484
1437,0.46666685,28,0,1.031999,4.2564692,-319.306
1438,0.6000001,36,0,0.59008265,4.515051,-320.6041
1439,0.45000017,27,0,1.7815813,4.2807627,-321.2872
1440,0.46666685,28,0,3.1134582,4.1840696,-320.28024
1441,0.48333353,29,0,0.8838362,4.281853,-321.0707
1442,0.65000004,39,0,0.28500703,4.143633,-323.61694
1443,0.45000017,27,0,1.651368,4.110234,-322.8926
1444,0.48333353,29,0,8.154882,4.2297792,-322.8416
1445,0.5166668,31,0,3.5664535,4.2235947,-323.70773
1446,0.45000017,27,0,0.43129152,4.290663,-323.60458
1447,0.7666666,46,0,0.53691554,4.3510466,-325.41705
1448,0.6000001,36,0,2.1905837,4.200723,-325.24033
1449,0.4333335,26,0,0.95726436,4.118934,-325.96146
1450,0.6666667,40,0,6.7983127,4.0681276,-325.12323
1451,0.61666673,37,0,6.4010735,4.2660007,-326.67923
1452,0.45000017,27,0,1.0026612,4.381438,-327.72687
1453,0.48333353,29,0,3.9088967,4.30102,-326.7366
1454,0.45000017,27,0,3.1189594,4.3493977,-328.9284
1455,0.68333334,41,0,1.3293484,4.415308,-329.3502
1456,0.5666668,34,0,1.6059928,4.410474,-328.88248
1457,0.45000017,27,0,0.87075984,4.5033164,-329.9174
1458,0.46666685,28,0,1.1678059,4.183274,-330.51785
1459,0.45000017,27,0,0.9858258,4.637626,-330.72574
1460,0.4333335,26,0,0.9218561,4.309417,-330.61465
1461,0.71666664,43,0,8.343447,4.458436,-330.61346
1462,0.6333334,38,0,0.56908846,4.624309,-333.26978
1463,0.6333334,38,0,1.425603,4.687651,-331.94928
1464,0.45000017,27,0,1.1957756,4.5332484,-334.2052
1465,0.45000017,27,0,0.5360239,4.230279,-334.1812
1466,0.71666664,43,0,0.8424217,4.409938,-333.81754
1467,0.65000004,39,0,0.7113691,4.418194,-333.91486
1468,0.46666685,28,0,1.3789834,4.61329,-336.481
1469,0.46666685,28,0,1.0272845,4.740446,-337.94406
1470,0.48333353,29,0,2.2894735,4.448048,-336.69177
1471,0.48333353,29,0,2.963936,4.595234,-336.19122
1472,0.4333335,26,0,0.688012,4.3604217,-336.89868
1473,0.45000017,27,0,1.0875089,4.651763,-338.34998
1474,0.68333334,41,0,0.47249016,4.5100102,-338.05588
1475,0.8333332,50,0,1.001292,4.6233172,-338.82886
1476,0.45000017,27,0,3.9683902,4.620227,-340.0989
1477,0.6000001,36,0,2.2475135,4.518585,-340.37805
1478,1.8833323,113,0,2.704837,4.643381,-341.0366
1479,0.71666664,43,0,1.2075583,4.701349,-342.3758
1480,0.65000004,39,0,3.4337063,4.6447105,-342.7521
1481,0.68333334,41,0,1.9788499,4.7561,-342.7187
1482,0.4333335,26,0,0.60541666,5.173893,-345.7919
1483,0.4333335,26,0,0.27681938,4.4045897,-344.76962
1484,0.7,42,0,0.7847584,4.686136,-346.2271
1485,1.8833323,113,0,2.5200365,4.7204404,-346.49963
1486,0.45000017,27,0,0.6205608,4.5772305,-347.85962
1487,0.65000004,39,0,0.28294736,4.7624955,-348.3719
1488,0.46666685,28,0,0.671844,4.783237,-348.04178
1489,0.5000002,30,0,1.7613844,4.614321,-349.83936
1490,0.45000017,27,0,2.040481,4.863671,-351.00797
1491,0.45000017,27,0,1.8203377,4.8976455,-350.23218
1492,0.48333353,29,0,2.9285316,5.136901,-349.91617
1493,0.45000017,27,0,1.5273838,4.74156,-350.5665
1494,0.45000017,27,0,1.7916354,4.8353906,-352.58514
1495,0.71666664,43,0,0.7270701,4.779987,-352.24423
1496,0.4333335,26,0,0.3351661,4.814757,-352.32227
1497,0.4333335,26,0,0.7215704,4.658405,-351.3756
1498,1.0499997,63,0,1.7068627,4.646862,-353.28986
1499,0.58333343,35,0,2.325821,4.933919,-355.7805
1500,0.45000017,27,0,0.76119965,5.052336,-355.80704
1501,0.7999999,48,0,4.6162834,4.783842,-354.96494
1502,0.45000017,27,0,0.52540785,4.9242835,-356.69067
1503,0.71666664,43,0,1.2849026,5.047271,-357.1015
1504,0.45000017,27,0,1.7289075,4.865352,-356.97043
1505,1.1666663,70,0,0.2375096,4.8992395,-360.10226
1506,0.45000017,27,0,2.858712,5.0424814,-358.8274
1507,0.68333334,41,0,3.5443275,4.972786,-359.87256
1508,0.68333334,41,0,1.9543494,4.6728406,-359.55225
1509,0.4333335,26,0,2.2484827,4.701308,-360.67725
1510,0.46666685,28,0,1.4919074,4.9705715,-362.37347
1511,0.5000002,30,0,5.285002,4.9869885,-362.03442
1512,0.5000002,30,0,4.445329,4.7340074,-362.32333
1513,0.45000017,27,0,3.8588321,4.992317,-363.81848
1514,0.45000017,27,0,2.9608483,4.8085804,-364.07144
1515,0.55000013,33,0,0.6093503,5.185067,-364.05405
1516,0.7,42,0,1.2713958,4.76585,-365.03583
1517,0.45000017,27,0,0.72343886,4.8056645,-366.82516
1518,0.4333335,26,0,1.3521484,4.663137,-365.8207
1519,0.68333334,41,0,1.6629845,4.5205374,-365.99347
1520,0.7333333,44,0,0.7560732,4.7370324,-366.64215
1521,0.4333335,26,0,1.6365931,4.7849193,-368.5028
1522,0.45000017,27,0,1.528758,4.504899,-368.5909
1523,0.46666685,28,0,2.9869015,4.841024,-368.3903
1524,0.68333334,41,0,1.1292189,4.9039483,-367.2826
1525,0.6666667,40,0,0.4837593,4.769843,-369.39285
1526,0.7333333,44,0,2.6492293,4.8313084,-369.2228
1527,0.46666685,28,0,0.78701556,4.9057636,-369.65408
1528,0.46666685,28,0,2.363672,4.846071,-371.27176
1529,0.4333335,26,0,1.6214184,4.7821813,-372.7518
1530,0.45000017,27,0,0.5247946,4.7587137,-372.6628
1531,0.7,42,0,1.7210662,4.5878143,-371.45343
1532,0.68333334,41,0,1.059637,4.8832736,-375.69168
1533,0.5000002,30,0,1.3897625,4.8367653,-374.1948
1534,0.45000017,27,0,1.2338496,5.013086,-374.85632
1535,0.6666667,40,0,1.7225112,4.9473767,-375.7681
1536,0.78333324,47,0,0.97097063,4.6381617,-375.31372
1537,0.7,42,0,0.6609893,4.875399,-376.30096
1538,1.1833329,71,0,1.1334631,4.7361107,-377.41666
1539,0.58333343,35,0,6.871839,4.6644864,-378.86383
1540,0.7,42,0,0.53221154,4.4967165,-379.54828
1541,0.65000004,39,0,1.9099813,4.779434,-380.6199
1542,0.45000017,27,0,0.5755192,4.7657022,-380.7167
1543,0.71666664,43,0,2.4045496,4.825495,-381.38226
1544,0.6666667,40,0,0.8367485,4.647402,-380.67172
1545,0.45000017,27,0,0.9998364,5.1376543,-382.7108
1546,0.7,42,0,2.8652189,4.6649995,-381.45712
1547,0.7,42,0,2.9660516,4.730653,-382.83127
1548,0.45000017,27,0,0.48270565,4.4475226,-383.8837
1549,0.4333335,26,0,1.673729,4.715507,-381.9054
1550,0.4333335,26,0,1.9781998,4.5128856,-383.28787
1551,0.45000017,27,0,1.6070722,4.554328,-383.3609
1552,0.46666685,28,0,2.0490475,4.6398144,-384.3665
1553,0.4333335,26,0,1.6065398,4.6436095,-384.28036
1554,0.4333335,26,0,1.0449086,4.8508887,-384.4783
1555,0.4333335,26,0,1.1072692,4.660777,-386.35922
1556,0.6333334,38,0,1.8609071,4.6829047,-385.99234
1557,0.4333335,26,0,0.9789712,4.6316047,-385.63815
1558,0.6666667,40,0,1.4194466,4.7036705,-389.27783
1559,0.46666685,28,0,2.7420683,4.703416,-387.38995
1560,0.6333334,38,0,1.0716172,4.6661677,-390.21448
1561,0.4333335,26,0,0.7101868,4.6531863,-388.83414
1562,0.45000017,27,0,3.5505228,4.732367,-388.2853
1563,0.6666667,40,0,0.6794494,4.477575,-390.26495
1564,0.4333335,26,0,0.5720202,4.592605,-390.38284
1565,0.71666664,43,0,2.0811975,4.5381722,-391.8002
1566,0.4333335,26,0,2.5027053,4.6511345,-390.1627
1567,0.45000017,27,0,2.2397845,4.7380977,-393.84756
1568,0.45000017,27,0,1.8051033,4.7218184,-392.5226
1569,0.4333335,26,0,1.0638767,4.298113,-393.4824
1570,0.7666666,46,0,0.95672846,4.5222135,-394.36737
1571,0.4333335,26,0,0.6353326,4.518416,-393.9991
1572,0.4333335,26,0,1.7643194,4.369514,-393.038
1573,0.45000017,27,0,3.6849914,4.272602,-394.92435
1574,0.45000017,27,0,0.5727589,4.4374356,-395.98453
1575,0.6666667,40,0,1.858587,4.6283607,-396.09564
1576,0.45000017,27,0,2.96237,4.5118814,-398.1036
1577,0.6000001,36,0,3.2202823,4.538363,-396.72757
1578,0.45000017,27,0,1.7723304,4.4159517,-397.94418
1579,0.71666664,43,0,3.1273572,4.687937,-396.8494
1580,0.4333335,26,0,1.5382447,4.4912744,-399.202
1581,0.7,42,0,1.6167349,4.6238995,-399.70538
1582,0.68333334,41,0,3.3945425,4.787449,-400.163
1583,0.4333335,26,0,2.4958436,4.277267,-400.55856
1584,0.7,42,0,3.1190248,4.3424106,-401.2203
1585,0.4333335,26,0,1.4552438,4.4558434,-402.16183
1586,0.61666673,37,0,1.4208478,4.538623,-401.0443
1587,0.45000017,27,0,0.64709973,4.4429836,-402.9482
1588,0.68333334,41,0,0.78517205,4.445706,-404.23926
1589,0.6666667,40,0,5.1933026,4.4240537,-403.62137
1590,0.71666664,43,0,3.0880861,4.4085803,-404.2365
1591,0.68333334,41,0,0.9344881,4.193875,-403.65103
1592,0.4333335,26,0,0.22717017,4.2573395,-407.2327
1593,0.4333335,26,0,0.6856485,4.3086658,-405.37082
1594,0.45000017,27,0,3.1894927,4.4039454,-407.17645
1595,0.4333335,26,0,0.69852364,4.408929,-404.5829
1596,0.68333334,41,0,1.7067697,4.2000766,-406.42676
1597,0.6666667,40,0,3.055512,4.368219,-407.14783
1598,0.45000017,27,0,1.1550894,4.356932,-407.0174
1599,0.6666667,40,0,1.5061078,4.5258727,-408.69745
1600,0.45000017,27,0,1.1789191,4.254211,-409.33185
1601,0.6000001,36,0,2.7914817,4.3693285,-408.303
1602,0.46666685,28,0,1.0195277,4.3311124,-410.15018
1603,0.5333335,32,0,0.42927757,4.343048,-409.8719
1604,0.65000004,39,0,1.6779817,4.3610773,-411.5294
1605,0.6333334,38,0,4.4959583,4.2487583,-409.38
1606,0.71666664,43,0,2.3082573,4.3533707,-411.68994
1607,0.45000017,27,0,4.229974,4.3418,-412.15067
1608,0.45000017,27,0,1.6442181,4.2656484,-413.70624
1609,0.68333334,41,0,2.2547054,4.036542,-413.31012
1610,0.65000004,39,0,1.4830886,4.242354,-412.30273
1611,0.58333343,35,0,3.420842,4.2151704,-414.2258
1612,0.45000017,27,0,1.720115,4.279686,-413.21927
1613,0.7,42,0,2.7126186,4.19921,-414.62183
1614,0.5000002,30,0,0.83671373,4.1626053,-414.6102
1615,0.71666664,43,0,0.9347726,4.178622,-416.29202
1616,0.58333343,35,0,6.9819226,4.2758336,-418.31125
1617,0.71666664,43,0,2.1273544,4.0625577,-417.85138
1618,0.71666664,43,0,3.0952463,3.947563,-417.49286
1619,0.74999994,45,0,1.7605532,4.2414517,-418.44687
1620,0.8666665,52,0,1.3962238,4.112708,-418.70288
1621,0.46666685,28,0,2.3576458,4.1071362,-421.9411
1622,0.6000001,36,0,0.9918793,4.176041,-420.46695
1623,0.74999994,45,0,1.6777962,3.9605417,-418.9734
1624,0.6333334,38,0,4.089797,4.146854,-422.3009
1625,0.74999994,45,0,7.461415,4.1237044,-423.41473
1626,0.4333335,26,0,3.816155,3.8783576,-420.60034
1627,0.6666667,40,0,2.569293,3.992974,-423.9474
1628,0.4333335,26,0,3.6377969,4.202893,-423.75815
1629,0.55000013,33,0,0.7942431,3.9927945,-423.50543
1630,0.4333335,26,0,0.3509172,3.7950144,-423.95474
1631,0.65000004,39,0,1.4881347,3.9299865,-424.48203
1632,0.45000017,27,0,0.45245388,4.0020475,-425.86038
1633,0.65000004,39,0,0.9995497,3.8145554,-425.73685
1634,0.65000004,39,0,1.7871511,3.8539772,-427.04794
1635,0.45000017,27,0,0.44138598,3.7360618,-424.8235
1636,0.58333343,35,0,4.8238935,4.0075073,-426.4359
1637,0.68333334,41,0,0.5706107,4.0130916,-428.15103
1638,0.45000017,27,0,0.28601122,3.9432802,-427.01285
1639,0.61666673,37,0,3.4745347,4.0334983,-426.49448
1640,0.46666685,28,0,5.302796,3.7724402,-429.4541
1641,0.4333335,26,0,0.82808435,3.9325283,-427.2988
1642,0.6333334,38,0,2.8948066,3.8905237,-429.0695
1643,0.4333335,26,0,1.3869911,3.7607477,-430.2996
1644,0.58333343,35,0,0.5241081,4.008864,-428.41858
1645,0.45000017,27,0,0.6061707,3.888661,-431.47058
1646,0.4333335,26,0,0.7806536,4.010713,-430.6954
1647,0.48333353,29,0,0.21581732,3.865513,-431.16016
1648,0.71666664,43,0,3.7512248,3.9245753,-430.62433
1649,0.45000017,27,0,0.70582426,4.023405,-431.2172
1650,0.6333334,38,0,1.9773028,3.9101954,-431.93967
1651,0.6666667,40,0,1.8405495,3.817357,-433.01816
1652,0.58333343,35,0,4.807586,3.7767687,-435.1491
1653,0.65000004,39,0,2.8624167,3.986927,-433.92828
1654,0.6333334,38,0,6.810365,3.8121252,-435.1459
1655,0.6666667,40,0,3.1836958,3.8339245,-434.2071
1656,0.7,42,0,1.7990915,3.8615289,-436.17902
1657,0.7,42,0,1.706901,3.8245673,-437.84
1658,0.45000017,27,0,1.0421162,3.7936554,-435.83246
1659,0.78333324,47,0,2.612173,3.908211,-437.25043
1660,0.6666667,40,0,1.9609187,3.9699142,-437.70544
1661,0.5000002,30,0,0.37458357,3.7295136,-436.87802
1662,0.45000017,27,0,0.6990743,3.8741126,-439.21442
1663,0.55000013,33,0,1.2174226,4.1590667,-438.65933
1664,0.6000001,36,0,1.1386135,3.8719122,-442.34164
1665,0.4333335,26,0,0.69419026,3.6665983,-438.9631
1666,0.74999994,45,0,3.6504548,3.8540244,-441.92056
1667,0.71666664,43,0,2.2391217,3.9792562,-443.15115
1668,0.55000013,33,0,3.0979714,3.9021842,-442.7217
1669,0.6666667,40,0,4.578532,3.9967282,-442.79523
1670,0.61666673,37,0,2.1150212,3.8378654,-444.141
1671,0.45000017,27,0,1.0965186,3.9265637,-442.54813
1672,0.68333334,41,0,1.8612443,3.8035204,-444.29297
1673,0.6666667,40,0,1.349992,3.9726708,-444.29272
1674,0.6333334,38,0,4.8732967,3.8623488,-445.265
1675,0.5666668,34,0,7.792978,3.9897585,-446.87268
1676,0.71666664,43,0,9.6328745,3.981217,-445.9445
1677,0.6000001,36,0,1.3280996,3.9945598,-446.6179
1678,0.6666667,40,0,4.1138177,3.9685774,-447.6208
1679,0.61666673,37,0,9.612158,3.9733224,-448.14084
1680,0.65000004,39,0,6.0250387,3.9115188,-448.05743
1681,0.68333334,41,0,2.7753425,3.9445703,-448.60126
1682,0.61666673,37,0,5.151828,3.8734446,-450.72873
1683,0.46666685,28,0,0.7313685,3.80455,-452.05203
1684,0.61666673,37,0,0.65734977,4.001467,-453.22574
1685,0.7333333,44,0,5.106817,4.1822987,-452.5761
1686,0.5333335,32,0,2.3695114,4.1105685,-453.56348
1687,0.58333343,35,0,1.6864287,4.2314143,-453.96198
1688,0.5666668,34,0,4.904677,4.0565677,-452.66483
1689,0.6000001,36,0,4.311462,4.017741,-455.3546
1690,0.68333334,41,0,3.5963762,3.998467,-455.1647
1691,0.6333334,38,0,2.9928508,4.1613503,-456.36832
1692,0.58333343,35,0,2.5410128,4.1687903,-454.71487
1693,0.7,42,0,0.8227006,4.2918363,-456.67017
1694,0.71666664,43,0,1.0302924,4.093595,-458.3366
1695,0.7,42,0,1.3493074,4.1170483,-459.5608
1696,0.6666667,40,0,6.482239,4.126961,-459.34863
1697,0.71666664,43,0,1.5659829,4.292339,-461.1051
1698,0.6666667,40,0,2.0204844,3.9522946,-461.27734
1699,0.6000001,36,0,4.165431,4.1890173,-461.39523
1700,0.7666666,46,0,3.232149,4.171559,-463.30597
1701,0.68333334,41,0,5.2297525,4.196419,-463.44186
1702,0.6333334,38,0,1.7312934,4.0033665,-463.81787
1703,0.6666667,40,0,2.792108,4.0119843,-466.12057
1704,0.6000001,36,0,6.5330577,4.3177137,-465.52774
1705,0.65000004,39,0,0.9960911,4.314905,-468.10495
1706,0.6000001,36,0,1.35918,4.068236,-466.64978
1707,0.7333333,44,0,9.153313,4.1121836,-468.1463
1708,0.65000004,39,0,1.4876984,4.340963,-468.4171
1709,0.5000002,30,0,0.9724134,4.1835036,-468.21164
1710,0.61666673,37,0,1.3639785,4.2522407,-469.14716
1711,0.71666664,43,0,2.0849721,4.2818394,-471.31656
1712,0.71666664,43,0,0.41774258,4.1950574,-470.5214
1713,0.6666667,40,0,0.6496632,4.174814,-472.42233
1714,0.7,42,0,1.6740521,4.091857,-471.95248
1715,0.7333333,44,0,2.8776698,4.2581,-473.14203
1716,0.74999994,45,0,2.05874,4.3379135,-473.54733
1717,0.61666673,37,0,1.5496296,4.2099175,-473.23975
1718,0.58333343,35,0,1.5202602,4.0899353,-476.44382
1719,0.5666668,34,0,0.6779079,4.0848985,-475.18338
1720,0.61666673,37,0,1.6881714,4.049351,-478.35156
1721,0.6000001,36,0,1.9459476,4.252234,-478.46106
1722,0.7,42,0,3.460183,4.1396985,-477.94904
1723,0.68333334,41,0,0.3001597,4.161284,-480.36658
1724,0.61666673,37,0,1.7640435,4.0400825,-477.21545
1725,0.6666667,40,0,7.1948028,4.1330924,-482.317
1726,0.7333333,44,0,7.964158,4.347227,-482.63403
1727,0.74999994,45,0,3.425805,4.113967,-483.50793
1728,0.7333333,44,0,5.1793942,4.056912,-483.9265
1729,0.61666673,37,0,1.7656977,3.8602312,-483.658
1730,0.65000004,39,0,6.746141,4.12919,-485.25925
1731,0.58333343,35,0,0.79475844,4.3291078,-485.73126
1732,0.68333334,41,0,3.7607362,4.4421854,-486.5065
1733,0.7,42,0,0.8108944,4.3821707,-488.11786
1734,0.61666673,37,0,2.9677994,4.360785,-486.64877
1735,0.65000004,39,0,0.21073404,4.270502,-491.82706
1736,0.68333334,41,0,7.21187,4.1530323,-489.95212
1737,0.65000004,39,0,1.3098557,4.237632,-490.64664
1738,0.7333333,44,0,2.2881181,4.149745,-491.12817
1739,0.7,42,0,2.3992562,4.1979637,-493.52798
1740,0.6333334,38,0,1.6231458,4.2457232,-494.13196
1741,0.58333343,35,0,3.7592952,4.1944165,-492.42676
1742,0.71666664,43,0,0.8178194,4.188188,-496.74396
1743,0.68333334,41,0,1.0288079,4.325668,-497.59018
1744,0.68333334,41,0,1.7718228,4.3022904,-497.41205
1745,0.7,42,0,2.9128368,4.0701966,-496.93002
1746,0.65000004,39,0,1.0214105,4.2345796,-499.34866
1747,0.7333333,44,0,1.1718946,4.2347493,-501.6794
1748,0.6333334,38,0,1.9869461,4.1069837,-498.4822
1749,0.71666664,43,0,6.723125,4.2756896,-501.69177
1750,0.7,42,0,1.4537921,4.462152,-500.61948
1751,0.7333333,44,0,2.8964965,4.091302,-501.33505
1752,0.7333333,44,0,3.9031072,4.314146,-504.78882
1753,0.6333334,38,0,2.180238,4.428608,-505.1007
1754,0.74999994,45,0,5.4735446,4.421555,-507.24295
1755,0.6000001,36,0,1.8312154,4.4733415,-508.89258
1756,0.6000001,36,0,5.533012,4.2206044,-508.37012
1757,0.7,42,0,3.7467096,4.3888483,-508.78436
1758,0.61666673,37,0,1.8105057,4.4803877,-510.724
1759,0.68333334,41,0,2.5912752,4.187281,-509.47076
1760,0.68333334,41,0,1.1141179,4.3595195,-512.81976
1761,0.6000001,36,0,1.062554,4.2822967,-512.27747
1762,0.68333334,41,0,4.2116246,4.4907494,-510.56094
1763,0.5666668,34,0,2.5167,4.364785,-513.0091
1764,0.68333334,41,0,2.124414,4.30938,-514.9474
1765,0.71666664,43,0,2.9281445,4.372065,-513.65216
1766,0.68333334,41,0,1.7115175,4.543712,-516.1506
1767,0.71666664,43,0,1.1771789,4.544887,-518.3868
1768,0.6666667,40,0,2.7181172,4.7124596,-517.702
1769,0.71666664,43,0,1.9864587,4.6317506,-518.4934
1770,0.65000004,39,0,2.674178,4.4395113,-520.5473
1771,0.7333333,44,0,2.7933178,4.5063615,-521.61725
1772,0.65000004,39,0,5.641157,4.691954,-522.87305
1773,0.7333333,44,0,3.228747,4.601776,-522.27216
1774,0.74999994,45,0,1.6544594,4.7278743,-520.4848
1775,0.71666664,43,0,1.3697498,4.6461205,-524.1195
1776,0.6666667,40,0,5.109582,4.711918,-525.2502
1777,0.71666664,43,0,2.5122206,4.81523,-524.4292
1778,0.7,42,0,0.42481473,4.74039,-527.89935
1779,0.71666664,43,0,3.5280309,4.6235547,-529.1201
1780,0.7,42,0,1.6159188,4.6897597,-528.5871
1781,0.68333334,41,0,1.2917609,4.627772,-529.12415
1782,0.68333334,41,0,4.21543,4.7527037,-530.51807
1783,0.65000004,39,0,2.4502845,4.765293,-531.3908
1784,0.61666673,37,0,1.4745572,4.6041164,-533.20905
1785,0.65000004,39,0,0.7771639,4.8880906,-533.2797
1786,0.6666667,40,0,1.3353044,4.643538,-532.9306
1787,0.6666667,40,0,1.1762443,4.8751664,-537.5171
1788,0.71666664,43,0,0.4327381,4.8759036,-535.858
1789,0.71666664,43,0,1.816002,5.169723,-537.2278
1790,0.71666664,43,0,3.1229782,4.99705,-537.3036
1791,0.7333333,44,0,3.058058,5.068635,-539.85266
1792,0.6333334,38,0,1.2286388,4.990966,-543.5193
1793,0.6333334,38,0,3.7749941,5.0321617,-543.37134
1794,0.6666667,40,0,7.3937545,5.127472,-542.76697
1795,0.68333334,41,0,1.8721735,5.26577,-543.14197
1796,0.68333334,41,0,3.5207307,4.837713,-543.3068
1797,0.7,42,0,1.2613076,5.09311,-545.9453
1798,0.65000004,39,0,1.4206737,5.1157665,-544.9952
1799,0.7333333,44,0,1.1685505,5.19201,-547.83856
1800,0.68333334,41,0,1.6060307,5.1692877,-548.25555
1801,0.68333334,41,0,0.55852014,5.3232765,-546.1909
1802,0.7333333,44,0,1.6550895,5.319666,-550.42413
1803,0.7,42,0,3.4960072,5.343812,-550.65027
1804,0.7333333,44,0,2.3357828,5.4488473,-551.9966
1805,0.68333334,41,0,1.7172751,5.459591,-552.3402
1806,0.6333334,38,0,0.97835916,5.0343533,-557.0396
1807,0.6333334,38,0,0.80849355,5.6989737,-554.7746
1808,0.6666667,40,0,0.3147014,5.557498,-558.35693
1809,0.74999994,45,0,0.89348507,5.4493437,-558.2652
1810,0.65000004,39,0,8.094803,5.3752766,-558.9855
1811,0.7,42,0,1.4356658,5.4108915,-562.08527
1812,0.71666664,43,0,1.9676726,5.699101,-560.1868
1813,0.7333333,44,0,3.1220527,5.61949,-565.458
1814,0.6666667,40,0,2.2731807,5.732876,-563.6385
1815,0.68333334,41,0,2.9841747,5.3539233,-563.34344
1816,0.6666667,40,0,2.3378046,5.6336346,-562.1665
1817,0.6666667,40,0,1.151988,5.60043,-564.69556
1818,0.68333334,41,0,1.5932168,5.7789283,-568.172
1819,0.6333334,38,0,1.4235615,5.8507023,-570.13135
1820,0.71666664,43,0,5.857462,5.798426,-569.478
1821,0.65000004,39,0,1.5156528,5.8781204,-570.3704
1822,0.6666667,40,0,1.7379451,6.0442796,-571.85474
1823,0.68333334,41,0,0.868536,6.1898794,-572.7659
1824,0.65000004,39,0,1.1309015,6.0975904,-573.60724
1825,0.7333333,44,0,2.125773,5.8495374,-575.3044
1826,0.6666667,40,0,1.2191454,5.9477677,-574.94946
1827,0.6666667,40,0,1.5016055,5.9431753,-576.04584
1828,0.71666664,43,0,1.283235,5.7322617,-576.2046
1829,0.71666664,43,0,2.8191895,5.905679,-578.73065
1830,0.71666664,43,0,3.3399155,5.980736,-578.5829
1831,0.6333334,38,0,7.0291715,6.123203,-579.1545
1832,0.6666667,40,0,1.487604,6.032416,-580.38055
1833,0.68333334,41,0,1.3365179,6.156917,-583.436
1834,0.68333334,41,0,0.8471779,6.3452005,-583.6314
1835,0.65000004,39,0,3.6200626,6.4614973,-586.77313
1836,0.7,42,0,1.8610374,6.216181,-585.4647
1837,0.7333333,44,0,3.7960587,6.504356,-586.8806
1838,0.71666664,43,0,0.8783519,6.2250032,-588.9065
1839,0.6333334,38,0,1.728557,6.0609493,-587.3457
1840,0.7,42,0,1.1999476,6.1844506,-591.23975
1841,0.7,42,0,1.5977775,6.5396185,-590.65314
1842,0.65000004,39,0,3.0267355,6.2408094,-592.6203
1843,0.6666667,40,0,1.6343306,6.593849,-594.7004
1844,0.68333334,41,0,2.4425547,6.1383667,-592.50055
1845,0.68333334,41,0,4.266985,6.597229,-595.03845
1846,0.68333334,41,0,2.420752,6.74283,-597.0143
1847,0.7333333,44,0,3.3598285,6.3264136,-598.4676
1848,0.7,42,0,1.4762895,6.5035453,-600.8827
1849,0.7333333,44,0,3.6475894,6.5135384,-600.1946
1850,0.68333334,41,0,3.2683012,6.7422934,-601.042
1851,0.65000004,39,0,0.85525966,6.6492214,-599.48615
1852,0.71666664,43,0,1.0298012,6.476229,-603.389
1853,0.6666667,40,0,5.2414255,6.6881394,-603.62354
1854,0.71666664,43,0,2.2006056,6.7591567,-607.7323
1855,0.7333333,44,0,1.4384861,6.9152746,-605.353
1856,0.7333333,44,0,0.82642186,6.576945,-609.47577
1857,0.71666664,43,0,1.8894624,6.8178806,-606.56067
1858,0.7,42,0,2.1662838,6.8145394,-607.8354
1859,0.65000004,39,0,1.5926601,6.8191643,-608.93097
1860,0.7333333,44,0,2.4726484,6.8716226,-613.26416
1861,0.6666667,40,0,1.193177,7.3839498,-613.4724
1862,0.68333334,41,0,1.7522448,7.071185,-614.01843
1863,0.61666673,37,0,5.173739,7.324021,-615.2348
1864,0.6333334,38,0,1.1983961,6.6090574,-613.99536
1865,0.68333334,41,0,2.2092116,6.905377,-614.9372
1866,0.6666667,40,0,0.70239013,6.960682,-615.8549
1867,0.68333334,41,0,1.9730554,7.3214455,-619.21704
1868,0.7333333,44,0,4.7586484,7.134451,-618.095
1869,0.7333333,44,0,0.6487619,6.7258234,-618.28406
1870,0.6666667,40,0,2.1359217,7.0469375,-620.69855
1871,0.6333334,38,0,0.96063805,6.8792324,-624.5156
1872,0.6000001,36,0,1.650879,7.0984297,-622.4619
1873,0.6666667,40,0,0.67108494,7.2604556,-625.3621
1874,0.6333334,38,0,7.5522423,6.960182,-626.50366
1875,0.68333334,41,0,1.7323472,7.0024853,-624.3866
1876,0.71666664,43,0,1.1271429,7.440845,-626.6856
1877,0.68333334,41,0,0.9156191,7.3754687,-627.5024
1878,0.68333334,41,0,3.0449896,6.8616514,-629.936
1879,0.6666667,40,0,1.3437144,6.9578743,-631.1763
1880,0.65000004,39,0,2.5692718,7.204184,-630.58813
1881,0.65000004,39,0,2.1206322,7.094236,-633.74695
1882,0.65000004,39,0,4.1474657,7.049503,-631.91797
1883,0.68333334,41,0,3.6517644,7.166936,-633.35254
1884,0.6333334,38,0,2.6868439,7.335615,-634.67847
1885,0.7333333,44,0,2.6292396,7.07792,-636.7824
1886,0.7,42,0,1.045048,7.349164,-639.51404
1887,0.68333334,41,0,4.645114,7.156635,-639.78864
1888,0.6000001,36,0,1.4786433,7.2797008,-638.4434
1889,0.61666673,37,0,0.86963606,7.5937176,-640.6592
1890,0.61666673,37,0,3.5473948,7.4092207,-639.6598
1891,0.71666664,43,0,3.3725932,7.2462106,-642.09827
1892,0.71666664,43,0,2.2156947,7.4732084,-643.3578
1893,0.68333334,41,0,0.79970676,7.250982,-642.9596
1894,0.6333334,38,0,2.6377969,7.2835956,-643.45197
1895,0.71666664,43,0,1.0109953,7.0899396,-643.626
1896,0.74999994,45,0,0.5617967,7.1927347,-645.8056
1897,0.71666664,43,0,1.9854553,7.212319,-647.56494
1898,0.7333333,44,0,1.2831511,7.472669,-649.7057
1899,0.7333333,44,0,3.7658179,7.507721,-650.5581
1900,0.68333334,41,0,1.6257465,7.2972116,-649.0397
1901,0.7,42,0,1.2868857,7.377122,-651.93
1902,0.7,42,0,8.258225,7.142966,-652.33655
1903,0.6333334,38,0,3.183986,7.3366632,-653.1757
1904,0.65000004,39,0,1.9070593,7.148453,-654.5176
1905,0.71666664,43,0,1.7263675,7.307056,-656.2068
1906,0.68333334,41,0,1.2524892,7.1865964,-658.2699
1907,0.6000001,36,0,1.7688762,7.646242,-656.915
1908,0.71666664,43,0,1.7702049,7.20436,-659.94696
1909,0.71666664,43,0,5.4904695,7.055035,-658.4018
1910,0.6000001,36,0,1.9143378,6.890618,-661.0424
1911,0.6666667,40,0,7.283932,6.962004,-662.2643
1912,0.68333334,41,0,6.7322702,7.5476418,-663.441
1913,0.74999994,45,0,5.7173457,7.5443997,-664.26465
1914,0.6666667,40,0,8.030021,7.251033,-664.89136
1915,0.71666664,43,0,3.7566252,7.479942,-667.7245
1916,0.6333334,38,0,1.4387659,7.367908,-665.44525
1917,0.7,42,0,1.9323288,6.913642,-667.27466
1918,0.7,42,0,1.0755317,6.6807833,-668.11707
1919,0.7,42,0,1.417367,7.13966,-669.4315
1920,0.68333334,41,0,0.5958723,7.1832657,-669.3975
1921,0.61666673,37,0,2.5204802,6.832836,-671.85565
1922,0.65000004,39,0,3.809613,6.9686494,-671.8458
1923,0.71666664,43,0,2.7301226,7.2378182,-672.58704
1924,0.7,42,0,1.1301157,7.3800535,-674.1715
1925,0.61666673,37,0,1.3636112,7.224114,-673.36835
1926,0.7,42,0,1.229579,7.0436983,-674.23914
1927,0.7,42,0,0.8322189,6.9699135,-675.3895
1928,0.6666667,40,0,3.2850146,7.1043735,-676.82886
1929,0.6333334,38,0,0.6235917,7.1732025,-674.9006
1930,0.68333334,41,0,1.1676226,7.240361,-679.9595
1931,0.65000004,39,0,1.762649,7.537855,-679.48016
1932,0.71666664,43,0,1.4536792,7.5260487,-679.63153
1933,0.7,42,0,2.709105,6.982441,-681.22595
1934,0.65000004,39,0,3.6948009,7.196965,-681.44934
1935,0.71666664,43,0,0.83044904,7.174716,-682.1934
1936,0.71666664,43,0,3.1989067,6.645973,-686.35406
1937,0.68333334,41,0,1.6712118,7.168008,-685.45355
1938,0.68333334,41,0,1.1527444,6.9271836,-686.5122
1939,0.6333334,38,0,1.2923523,7.124159,-687.3634
1940,0.7,42,0,1.1362772,7.157183,-687.02655
1941,0.68333334,41,0,3.5667694,7.0555234,-687.99817
1942,0.7,42,0,2.3788939,7.0381217,-688.18896
1943,0.6666667,40,0,0.7213785,7.3950806,-688.5991
1944,0.68333334,41,0,7.949235,6.9339366,-690.31964
1945,0.71666664,43,0,1.472982,7.0327344,-691.4846
1946,0.6666667,40,0,3.7985141,7.230592,-692.24347
1947,0.68333334,41,0,4.029858,7.0704126,-692.0474
1948,0.61666673,37,0,0.61071223,7.1175575,-691.7673
1949,0.6666667,40,0,1.0478417,6.6533017,-693.9259
1950,0.65000004,39,0,2.129112,7.0221906,-695.63135
1951,0.6000001,36,0,1.9045346,6.5467157,-693.45557
1952,0.65000004,39,0,1.6744226,6.792684,-696.5807
1953,0.65000004,39,0,0.99980927,6.739858,-695.5588
1954,0.6666667,40,0,0.37286538,6.996055,-697.0621
1955,0.7,42,0,0.6957413,6.9371734,-697.7584
1956,0.65000004,39,0,1.2632252,6.9345207,-698.1606
1957,0.61666673,37,0,1.8283535,6.716477,-698.54834
1958,0.61666673,37,0,4.781025,7.070046,-698.9563
1959,0.7,42,0,0.7732281,7.2676826,-699.6136
1960,0.7333333,44,0,2.3998666,7.2420654,-701.387
1961,0.7,42,0,1.0560766,6.6822023,-700.41516
1962,0.61666673,37,0,1.6342188,6.4533143,-703.1202
1963,0.7,42,0,1.1130679,6.606742,-703.6283
1964,0.6666667,40,0,1.8124716,6.521188,-702.63293
1965,0.6666667,40,0,2.2904282,6.711819,-704.6458
1966,0.74999994,45,0,0.8405878,6.962899,-703.3401
1967,0.74999994,45,0,3.9705207,7.0339656,-705.7519
1968,0.74999994,45,0,0.77287096,6.8664885,-705.1349
1969,0.68333334,41,0,0.42520288,6.773494,-709.07965
1970,0.7333333,44,0,0.8293963,6.5431557,-708.3784
1971,0.6666667,40,0,1.492224,6.4218636,-709.1952
1972,0.6666667,40,0,0.94986045,6.5898376,-709.9811
1973,0.6333334,38,0,1.8559568,6.5956855,-711.8903
1974,0.68333334,41,0,0.8679602,6.664226,-708.0636
1975,0.68333334,41,0,0.52230436,6.584984,-710.48596
1976,0.7,42,0,0.63531715,6.696489,-709.3156
1977,0.65000004,39,0,2.0432274,6.747518,-712.0127
1978,0.68333334,41,0,1.5736983,6.491059,-713.19653
1979,0.7333333,44,0,0.5668313,6.2849855,-712.1296
1980,0.68333334,41,0,3.2713263,6.512687,-713.59424
1981,0.61666673,37,0,0.41089383,6.6935706,-714.2876
1982,0.6666667,40,0,5.930392,6.5156083,-714.7891
1983,0.68333334,41,0,0.7491169,6.275188,-714.7436
1984,0.6333334,38,0,2.962257,5.971505,-715.5165
1985,0.7,42,0,1.9860349,6.3676405,-717.3385
1986,0.7,42,0,0.5371079,6.2688665,-717.6153
1987,0.71666664,43,0,1.5923893,6.312369,-718.6327
1988,0.61666673,37,0,1.1980972,6.392881,-717.5733
1989,0.6333334,38,0,1.0901378,6.1071916,-717.72797
1990,0.7,42,0,1.7842321,6.3653154,-718.25085
1991,0.7,42,0,0.77797866,6.421347,-718.3944
1992,0.6666667,40,0,0.37091842,6.7380652,-719.2513
1993,0.7333333,44,0,1.2290053,6.3889523,-719.95416
1994,0.7,42,0,1.7145202,6.33134,-720.1431
1995,0.6333334,38,0,0.43162084,6.433348,-720.67993
1996,0.6333334,38,0,2.325409,6.504809,-721.20325
1997,0.6333334,38,0,5.6627874,6.2143974,-722.40576
1998,0.61666673,37,0,2.665909,6.1097245,-720.435
1999,0.65000004,39,0,1.7875042,6.352602,-723.5139
2000,0.68333334,41,0,3.8349364,5.911365,-722.5558
2001,0.65000004,39,0,3.9900784,5.814292,-723.08026
2002,0.68333334,41,0,2.2712522,6.0403557,-725.56104
2003,0.68333334,41,0,0.873284,5.8269453,-723.85657
2004,0.7333333,44,0,1.5872318,5.978357,-725.3644
2005,0.68333334,41,0,3.7350142,6.219348,-723.6054
2006,0.68333334,41,0,4.8050156,6.0916605,-723.8034
2007,0.65000004,39,0,1.4226187,5.7878256,-725.54156
2008,0.6666667,40,0,2.357256,5.9983873,-726.34326
2009,0.61666673,37,0,2.6322482,6.1408534,-724.33
2010,0.6333334,38,0,2.1630251,6.012452,-727.7252
2011,0.71666664,43,0,4.6026864,6.1359363,-725.56525
2012,0.6666667,40,0,0.7129993,6.020712,-728.57623
2013,0.7,42,0,5.7049813,5.9746246,-727.27954
2014,0.65000004,39,0,1.8006917,6.0613856,-727.4278
2015,0.68333334,41,0,1.8552313,5.9222116,-727.78455
2016,0.7,42,0,2.2071898,5.7455015,-728.09875
2017,0.6000001,36,0,1.0198791,5.623906,-728.6931
2018,0.7,42,0,1.8115139,5.69705,-728.23
2019,0.68333334,41,0,2.5534885,5.8611245,-730.29974
2020,0.7,42,0,1.4924432,6.066351,-731.0264
2021,0.71666664,43,0,1.461146,6.090373,-729.86
2022,0.61666673,37,0,1.0186242,5.8046823,-731.224
2023,0.65000004,39,0,1.5584354,5.4157424,-730.97675
2024,0.6333334,38,0,0.37768942,5.738286,-732.24805
2025,0.6666667,40,0,0.6779677,5.721918,-730.54675
2026,0.6666667,40,0,0.6220932,5.9815917,-730.5471
2027,0.68333334,41,0,0.9393195,5.5625877,-731.7506
2028,0.6666667,40,0,5.2013865,5.697641,-732.87646
2029,0.6333334,38,0,3.5508122,5.630214,-732.45526
2030,0.68333334,41,0,1.3785412,5.884858,-730.8308
2031,0.7333333,44,0,1.1351928,5.5648766,-733.2402
2032,0.6666667,40,0,1.7901284,5.6081424,-731.1655
2033,0.71666664,43,0,1.4173605,5.451133,-732.02966
2034,0.68333334,41,0,3.262395,5.8569117,-732.6162
2035,0.71666664,43,0,1.7453736,5.944005,-730.51373
2036,0.68333334,41,0,0.86303073,5.758205,-733.18036
2037,0.6666667,40,0,4.181571,5.7265205,-734.4041
2038,0.68333334,41,0,0.9654839,5.593257,-732.713
2039,0.6666667,40,0,1.0100744,5.5235763,-732.7831
2040,0.6666667,40,0,6.4120846,5.4067345,-733.63544
2041,0.65000004,39,0,1.8268179,5.474379,-734.80676
2042,0.71666664,43,0,2.3122811,5.682735,-733.8229
2043,0.65000004,39,0,3.6067045,5.2479362,-733.43097
2044,0.7333333,44,0,3.274146,5.7588882,-732.9928
2045,0.61666673,37,0,1.4690671,5.496048,-733.8739
2046,0.58333343,35,0,1.1729845,5.325798,-733.60004
2047,0.68333334,41,0,2.3846488,5.0201297,-734.6299
2048,0.68333334,41,0,0.6555651,5.4972415,-733.40076
2049,0.7,42,0,2.119592,5.320771,-734.4002
2050,0.6666667,40,0,3.4988513,5.4931364,-732.859
2051,0.6666667,40,0,1.3734425,5.5398765,-734.1196
2052,0.68333334,41,0,1.6284772,5.297521,-734.11993
2053,0.6666667,40,0,0.5390655,5.4202037,-734.44574
2054,0.68333334,41,0,0.908387,5.3078895,-733.8112
2055,0.68333334,41,0,1.1389786,5.56096,-733.957
2056,0.65000004,39,0,1.4887073,5.434567,-734.2878
2057,0.7,42,0,3.3139198,5.3970695,-732.8005
2058,0.7,42,0,1.1092352,5.155013,-732.2146
2059,0.61666673,37,0,1.3893307,5.159334,-734.4622
2060,0.6666667,40,0,2.578246,5.054289,-733.00916
2061,0.7333333,44,0,1.6487077,5.3470817,-735.6606
2062,0.65000004,39,0,1.1626184,5.145757,-733.7615
2063,0.6000001,36,0,1.3218845,5.2644615,-732.1736
2064,0.65000004,39,0,1.7433887,5.169198,-733.68024
2065,0.65000004,39,0,1.920885,5.0134144,-732.6459
2066,0.6333334,38,0,6.4092703,5.546825,-733.76465
2067,0.61666673,37,0,2.8038735,5.026312,-734.00586
2068,0.7333333,44,0,1.3990663,5.4085608,-733.78296
2069,0.58333343,35,0,1.6127104,5.273334,-733.1021
2070,0.65000004,39,0,3.3291407,5.343564,-734.1223
2071,0.7,42,0,1.1527002,5.229937,-733.5015
2072,0.71666664,43,0,6.2754292,5.18495,-731.8521
2073,0.6666667,40,0,7.0792484,5.127829,-733.0949
2074,0.58333343,35,0,0.713902,5.098,-730.92413
2075,0.6666667,40,0,1.4277463,5.4444876,-732.38794
2076,0.65000004,39,0,2.6367345,5.3543935,-731.9884
2077,0.6000001,36,0,1.676732,5.0605874,-731.77545
2078,0.6000001,36,0,5.035413,4.9916425,-732.2474
2079,0.68333334,41,0,2.5886512,5.1448674,-732.02167
2080,0.68333334,41,0,3.0946534,5.388372,-731.92035
2081,0.58333343,35,0,3.5589027,4.7425323,-731.9503
2082,0.71666664,43,0,6.8189025,5.255461,-732.19556
2083,0.68333334,41,0,0.3847317,5.2191033,-731.1832
2084,0.6333334,38,0,1.0764551,5.1117344,-731.3326
2085,0.6333334,38,0,3.1876476,4.9297204,-729.8801
2086,0.5666668,34,0,1.9375472,5.0448947,-731.2529
2087,0.6333334,38,0,6.2924366,4.948013,-732.41986
2088,0.65000004,39,0,1.1018631,5.2713614,-730.8089
2089,0.6333334,38,0,1.567047,5.3551784,-728.85376
2090,0.71666664,43,0,2.554635,5.152181,-729.9309
2091,0.58333343,35,0,0.8908295,5.517145,-729.9477
2092,0.6666667,40,0,0.5151277,5.1805816,-730.3264
2093,0.7333333,44,0,2.0189042,5.301532,-729.87665
2094,0.65000004,39,0,1.6123135,5.060862,-729.1432
2095,0.6666667,40,0,0.5518867,5.4304504,-729.35254
2096,0.68333334,41,0,2.1654449,5.135263,-728.79565
2097,0.68333334,41,0,4.6771283,5.217031,-729.20514
2098,0.65000004,39,0,2.039706,5.1892867,-729.32214
2099,0.6000001,36,0,3.0824997,5.1936817,-728.17426
2100,0.68333334,41,0,3.6848023,5.0591264,-727.3343
2101,0.6666667,40,0,1.1863456,5.080207,-728.88446
2102,0.61666673,37,0,0.697104,5.030851,-726.4938
2103,0.68333334,41,0,2.9364805,5.29014,-726.97687
2104,0.58333343,35,0,2.2949417,4.736884,-726.22363
2105,0.55000013,33,0,1.4330108,5.110346,-725.6725
2106,0.6333334,38,0,1.297162,4.685091,-725.30646
2107,0.6333334,38,0,0.7820797,5.2912145,-724.3412
2108,0.68333334,41,0,0.74192184,5.0281425,-725.96606
2109,0.6666667,40,0,1.0091542,4.9479003,-724.7212
2110,0.68333334,41,0,2.9836667,5.2367053,-724.80084
2111,0.7,42,0,0.92924,5.266286,-724.9945
2112,0.6333334,38,0,0.6448064,4.7505627,-723.8594
2113,0.74999994,45,0,1.1265925,4.982015,-723.91315
2114,0.5666668,34,0,2.5074775,5.211257,-722.31683
2115,0.6666667,40,0,1.4635304,4.6123695,-722.52325
2116,0.5666668,34,0,4.610064,5.2253127,-722.6109
2117,0.61666673,37,0,0.6489399,4.9230475,-722.1791
2118,0.7,42,0,0.3946054,4.884181,-722.35876
2119,0.65000004,39,0,1.3516401,4.772612,-721.01776
2120,0.7,42,0,0.6328854,5.1530085,-719.85944
2121,0.7,42,0,1.0830722,5.013505,-720.8917
2122,0.6666667,40,0,5.3151107,4.908021,-719.7767
2123,0.6666667,40,0,2.92483,4.7881684,-719.14557
2124,0.6000001,36,0,4.3083963,4.8013387,-721.4302
2125,0.71666664,43,0,3.8080118,4.8167,-718.59973
2126,0.68333334,41,0,1.5614458,4.8924856,-719.3439
2127,0.61666673,37,0,6.9275584,4.9260783,-718.8463
2128,0.5666668,34,0,4.043124,4.90601,-718.9798
2129,0.6666667,40,0,1.7816144,4.9167495,-718.40326
2130,0.61666673,37,0,2.8133576,4.599736,-717.69086
2131,0.61666673,37,0,5.8196135,4.710732,-716.5956
2132,0.61666673,37,0,0.9438316,4.644154,-717.52814
2133,0.68333334,41,0,2.8037767,4.781358,-715.6517
2134,0.6000001,36,0,8.933176,4.3859496,-716.64233
2135,0.6333334,38,0,1.8341767,4.5510974,-715.0066
2136,0.7,42,0,4.226393,4.567214,-714.8675
2137,0.6666667,40,0,1.7016792,4.7113605,-715.30945
2138,0.6333334,38,0,2.3761213,4.7872286,-713.35803
2139,0.5666668,34,0,2.462433,4.7920628,-715.275
2140,0.65000004,39,0,1.589764,4.677459,-712.9779
2141,0.65000004,39,0,3.2546818,4.7878737,-713.85675
2142,0.61666673,37,0,0.7428552,4.726277,-712.9279
2143,0.65000004,39,0,0.38339955,4.6913724,-713.1114
2144,0.7333333,44,0,7.295893,4.537808,-712.695
2145,0.7,42,0,2.7264552,4.5806828,-712.59686
2146,0.6000001,36,0,3.3892353,4.6546702,-711.88416
2147,0.65000004,39,0,3.8954418,4.5166383,-710.25525
2148,0.58333343,35,0,0.56257224,4.5967007,-711.20026
2149,0.61666673,37,0,0.71756375,4.3908215,-708.98914
2150,0.61666673,37,0,3.0237815,4.8514175,-708.65424
2151,0.6333334,38,0,1.3914286,4.386799,-708.09564
2152,0.68333334,41,0,0.5088379,4.6682587,-708.6119
2153,0.6666667,40,0,1.3623803,4.638775,-707.38135
2154,0.68333334,41,0,2.1496599,4.4872136,-706.3838
2155,0.7333333,44,0,1.263184,4.5199285,-706.4933
2156,0.71666664,43,0,3.5422719,4.302147,-706.106
2157,0.74999994,45,0,4.1741614,4.3811245,-704.1734
2158,0.5666668,34,0,2.098466,4.5729437,-702.44666
2159,0.6000001,36,0,3.1461515,4.473961,-703.8533
2160,0.65000004,39,0,2.4531634,4.594764,-701.73895
2161,0.74999994,45,0,1.8452874,4.6050625,-702.3372
2162,0.71666664,43,0,5.109466,4.341272,-702.26984
2163,0.6666667,40,0,1.0083543,4.3139534,-701.9604
2164,0.7,42,0,6.6681623,4.530902,-702.32654
2165,0.74999994,45,0,0.8469342,4.5609913,-700.1896
2166,0.65000004,39,0,2.1226523,4.4549894,-699.2744
2167,0.7333333,44,0,2.8135538,4.2711163,-698.13354
2168,0.65000004,39,0,2.9148016,4.395428,-698.7865
2169,0.6666667,40,0,1.350961,4.4095592,-697.7283
2170,0.55000013,33,0,2.3141437,4.3013353,-698.19995
2171,0.68333334,41,0,5.281016,4.176188,-696.79254
2172,0.58333343,35,0,2.8271668,4.430655,-693.41077
2173,0.6333334,38,0,1.1281819,4.476868,-694.4202
2174,0.68333334,41,0,5.4136114,4.3166523,-695.17053
2175,0.7,42,0,0.4720568,4.440667,-693.24866
2176,0.71666664,43,0,3.5446563,4.2504535,-692.5455
2177,0.55000013,33,0,5.077625,4.230347,-692.19977
2178,0.68333334,41,0,1.1514689,4.3622184,-692.62933
2179,0.5666668,34,0,4.2726445,4.406614,-692.2308
2180,0.65000004,39,0,0.9389155,4.4883933,-690.6912
2181,0.65000004,39,0,2.9770267,4.229744,-691.1196
2182,0.55000013,33,0,1.9422617,4.4504375,-689.4999
2183,0.6666667,40,0,1.0072862,4.3292093,-689.3416
2184,0.6666667,40,0,2.1929317,4.4114194,-688.6114
2185,0.7,42,0,5.212242,4.3403125,-688.69305
2186,0.71666664,43,0,5.13274,4.340657,-686.5703
2187,0.68333334,41,0,0.63651377,4.207915,-686.5701
2188,0.6000001,36,0,0.7020105,4.2374363,-685.3325
2189,0.58333343,35,0,2.08584,4.0770817,-685.8458
2190,0.7,42,0,3.1806417,4.2521987,-684.0805
2191,0.6333334,38,0,1.7816741,4.096277,-684.59644
2192,0.65000004,39,0,2.2729468,4.174266,-682.79004
2193,0.6333334,38,0,2.847555,4.3150525,-683.1739
2194,0.58333343,35,0,4.684609,4.1554646,-682.5534
2195,0.6666667,40,0,2.5538595,4.351066,-680.81793
2196,0.6333334,38,0,1.1789551,4.181741,-680.13794
2197,0.7,42,0,3.6381826,4.3383875,-680.3379
2198,0.6000001,36,0,8.643873,4.3358846,-679.5569
2199,0.61666673,37,0,1.2105026,4.0771437,-678.2488
2200,0.6333334,38,0,1.0242898,4.5028143,-677.57355
2201,0.7,42,0,1.4750093,4.2397327,-677.47455
2202,0.58333343,35,0,4.570775,4.3276706,-675.6086
2203,0.6333334,38,0,2.580127,4.217225,-675.0491
2204,0.5666668,34,0,0.45941323,4.363249,-674.2271
2205,0.58333343,35,0,1.9651428,4.2173905,-675.2926
2206,0.6333334,38,0,2.295803,4.3335705,-672.0666
2207,0.61666673,37,0,1.2787954,4.223879,-672.78735
2208,0.7333333,44,0,4.229519,4.43924,-671.2802
2209,0.61666673,37,0,0.6367796,4.2304974,-671.8414
2210,0.7,42,0,2.3470283,4.1530576,-672.01447
2211,0.6333334,38,0,5.1214757,4.0384574,-669.9251
2212,0.6000001,36,0,0.74203265,4.317319,-668.34595
2213,0.55000013,33,0,1.631981,4.1018586,-667.58264
2214,0.7333333,44,0,0.8363201,4.205907,-667.0822
2215,0.68333334,41,0,4.44407,4.1136265,-666.91156
2216,0.6666667,40,0,3.1951063,4.164569,-667.1612
2217,0.74999994,45,0,2.7963948,4.2604446,-665.41425
2218,0.58333343,35,0,1.4061815,4.2506943,-663.5617
2219,0.7,42,0,1.0784509,4.261674,-664.6765
2220,0.61666673,37,0,1.2187152,4.325918,-663.1709
2221,0.6666667,40,0,1.0712211,4.0643525,-662.2827
2222,0.7,42,0,1.1048452,4.2616057,-661.7326
2223,0.6666667,40,0,0.9287411,4.316653,-661.5754
2224,0.5666668,34,0,2.4250174,4.1090264,-659.524
2225,0.58333343,35,0,3.0205677,4.154982,-659.5819
2226,0.6333334,38,0,1.23358,4.2866936,-660.00946
2227,0.5666668,34,0,1.8710907,4.073269,-658.1407
2228,0.5333335,32,0,0.8784201,4.1588607,-656.9249
2229,0.74999994,45,0,2.6332545,4.1604276,-656.198
2230,0.61666673,37,0,1.1710331,4.0805936,-655.9284
2231,0.7333333,44,0,4.2117286,4.0034165,-655.9786
2232,0.61666673,37,0,1.8156886,4.093514,-655.18835
2233,0.6666667,40,0,2.690724,4.215934,-653.4878
2234,0.65000004,39,0,1.06474,4.150004,-653.04596
2235,0.71666664,43,0,0.47128245,4.344777,-652.87354
2236,0.6000001,36,0,0.8699178,4.156724,-651.7603
2237,0.71666664,43,0,3.486801,4.190094,-650.4567
2238,0.6000001,36,0,1.2771658,4.273206,-649.7777
2239,0.55000013,33,0,4.624889,4.022649,-650.4272
2240,0.74999994,45,0,0.7663249,4.115638,-648.1823
2241,0.58333343,35,0,1.4044632,4.159086,-647.67035
2242,0.71666664,43,0,2.0087457,3.9972653,-646.46906
2243,0.6333334,38,0,3.1910682,4.31745,-645.72723
2244,0.71666664,43,0,0.54798204,4.1913714,-645.55414
2245,0.6000001,36,0,1.7065558,4.056013,-644.7216
2246,0.6666667,40,0,0.7961704,4.0787554,-643.6805
2247,0.6666667,40,0,4.994061,4.153079,-641.805
2248,0.68333334,41,0,1.6296403,4.2625184,-642.1516
2249,0.71666664,43,0,0.922248,3.978391,-641.2847
2250,0.61666673,37,0,2.4130814,4.3195324,-640.4782
2251,0.6666667,40,0,2.6570897,4.101894,-639.63586
2252,0.58333343,35,0,1.142838,4.1772094,-638.7299
2253,0.7,42,0,1.6479597,4.1930394,-637.7397
2254,0.7,42,0,2.5022683,3.9686007,-637.54803
2255,0.55000013,33,0,3.6914167,4.175374,-635.4225
2256,0.68333334,41,0,8.109932,3.9903276,-635.477
2257,0.68333334,41,0,5.202948,4.236147,-635.9238
2258,0.6000001,36,0,3.0707064,4.1253643,-634.9988
2259,0.61666673,37,0,3.0315409,4.1159334,-633.5821
2260,0.65000004,39,0,7.385687,4.0025897,-633.455
2261,0.71666664,43,0,2.9679987,4.3120794,-632.62994
2262,0.61666673,37,0,1.0139028,4.2183123,-632.0469
2263,0.6333334,38,0,2.1580255,4.169624,-630.72906
2264,0.6666667,40,0,3.7541413,4.1769304,-629.86816
2265,0.58333343,35,0,2.8646739,3.925888,-629.92114
2266,0.65000004,39,0,1.367443,4.273433,-628.8803
2267,0.58333343,35,0,4.437958,4.1495614,-626.9707
2268,0.7,42,0,2.9388576,4.016845,-628.14795
2269,0.61666673,37,0,3.1491306,3.998954,-627.01697
2270,0.58333343,35,0,0.48404023,4.027776,-625.9425
2271,0.68333334,41,0,2.1292138,4.073434,-625.3146
2272,0.7,42,0,0.7979995,4.118988,-624.0295
2273,0.55000013,33,0,1.3283011,3.950309,-622.682
2274,0.6333334,38,0,2.4299018,4.1412897,-623.86523
2275,0.58333343,35,0,5.037833,4.0019374,-621.71924
2276,0.5666668,34,0,4.575381,4.38173,-621.7597
2277,0.65000004,39,0,0.25923452,4.28398,-620.2418
2278,0.65000004,39,0,5.34922,4.1966004,-619.5002
2279,0.68333334,41,0,1.6201266,4.188313,-619.61285
2280,0.68333334,41,0,8.169637,4.0831094,-618.209
2281,0.6666667,40,0,4.1193943,4.094438,-617.97833
2282,0.65000004,39,0,0.91109437,4.042186,-617.0482
2283,0.68333334,41,0,2.4097567,4.2542553,-616.98035
2284,0.55000013,33,0,7.597721,4.175055,-615.86456
2285,0.6333334,38,0,3.1792164,4.0844784,-616.08685
2286,0.61666673,37,0,1.5222273,4.2712345,-614.8978
2287,0.5666668,34,0,0.638459,4.7053766,-614.4297
2288,0.61666673,37,0,1.6039373,4.189145,-613.3146
2289,0.61666673,37,0,1.8105986,3.9917288,-611.94116
2290,0.7,42,0,0.42536855,3.9769864,-611.09393
2291,0.71666664,43,0,1.127002,4.1517773,-611.0843
2292,0.6000001,36,0,4.3813467,4.1881485,-610.2176
2293,0.7333333,44,0,0.9078071,3.8139336,-609.24896
2294,0.58333343,35,0,2.109906,4.2586784,-609.5083
2295,0.6666667,40,0,2.110583,4.0873327,-608.5487
2296,0.68333334,41,0,0.35186785,4.1810555,-606.9287
2297,0.7333333,44,0,0.7978376,4.1733747,-606.7731
2298,0.55000013,33,0,6.6264033,4.5104175,-605.6301
2299,0.65000004,39,0,4.7617955,4.2759886,-606.2889
2300,0.58333343,35,0,3.6759367,4.2268233,-605.71045
2301,0.7,42,0,1.5885729,4.0918865,-603.7396
2302,0.55000013,33,0,1.4358939,4.1579,-603.46814
2303,0.65000004,39,0,7.6418815,4.085473,-603.174
2304,0.7333333,44,0,2.2704465,4.1689324,-601.87805
2305,0.68333334,41,0,1.9483656,4.164992,-601.68225
2306,0.6666667,40,0,1.3537906,4.215051,-600.45667
2307,0.58333343,35,0,1.7878951,4.2049565,-600.217
2308,0.6333334,38,0,5.489712,4.225357,-600.3137
2309,0.6000001,36,0,3.7172105,4.2469645,-599.7628
2310,0.58333343,35,0,2.9508624,3.936116,-598.45233
2311,0.65000004,39,0,2.7340608,3.9787288,-597.595
2312,0.58333343,35,0,5.6150904,4.2782865,-597.2255
2313,0.48333353,29,0,0.7037369,3.9615734,-596.50024
2314,0.5333335,32,0,3.6006818,3.9642606,-596.31946
2315,0.6000001,36,0,6.898411,4.1588893,-595.28375
2316,0.61666673,37,0,4.0681953,4.157659,-596.58545
2317,0.61666673,37,0,0.76506555,4.2574124,-594.01263
2318,0.65000004,39,0,1.7706825,4.3337164,-594.3585
2319,0.58333343,35,0,5.499517,4.1121864,-593.72205
2320,0.6000001,36,0,5.160024,4.0844226,-592.56885
2321,0.6000001,36,0,1.4715723,4.2796597,-592.34894
2322,0.55000013,33,0,6.5204673,4.214168,-591.83405
2323,0.68333334,41,0,1.3730011,4.0233417,-590.8746
2324,0.65000004,39,0,0.25545186,4.0266504,-591.1203
2325,0.6666667,40,0,1.0890378,3.9518468,-589.3944
2326,0.71666664,43,0,0.7582324,4.360761,-588.4228
2327,0.6000001,36,0,2.3382692,4.1767883,-588.46155
2328,0.5666668,34,0,1.3129753,4.1938543,-589.0396
2329,0.58333343,35,0,2.1070008,4.3584776,-587.01807
2330,0.61666673,37,0,4.250462,4.164651,-587.4091
2331,0.6333334,38,0,0.66361487,4.1042347,-586.4273
2332,0.58333343,35,0,3.425545,4.320104,-586.31244
2333,0.68333334,41,0,0.331832,4.1230497,-586.09235
2334,0.58333343,35,0,2.7927654,3.7871761,-584.41
2335,0.6000001,36,0,4.314989,4.2058735,-584.6839
2336,0.61666673,37,0,1.0096258,4.4106803,-583.84607
2337,0.6000001,36,0,2.7433584,4.349324,-582.79126
2338,0.6666667,40,0,0.8998233,4.1048293,-581.897
2339,0.58333343,35,0,1.0329787,4.58068,-582.8865
2340,0.6000001,36,0,0.5882758,4.1177554,-581.9731
2341,0.6666667,40,0,1.322003,4.4378233,-580.7841
2342,0.65000004,39,0,3.717436,4.229223,-581.2872
2343,0.7333333,44,0,4.6404743,4.1586175,-579.7345
2344,0.58333343,35,0,2.203291,4.3201785,-579.4412
2345,0.5666668,34,0,5.285281,4.673501,-578.44183
2346,0.61666673,37,0,2.1181524,4.10362,-579.0487
2347,0.6333334,38,0,2.4510403,4.3630576,-577.33405
2348,0.7,42,0,2.9949753,4.4226713,-577.293
2349,0.5666668,34,0,2.8166547,4.3298473,-577.5355
2350,0.6000001,36,0,1.4230005,4.1995463,-576.0641
2351,0.6333334,38,0,4.086131,4.4402537,-574.8294
2352,0.71666664,43,0,0.9269871,4.151307,-574.85443
2353,0.6333334,38,0,0.74266493,4.1939487,-573.9653
2354,0.6000001,36,0,3.5729196,4.4947095,-574.1823
2355,0.5333335,32,0,2.071982,3.7895246,-573.1553
2356,0.61666673,37,0,1.1659675,4.4975686,-572.3589
2357,0.6333334,38,0,3.5036385,4.3645396,-572.59564
2358,0.68333334,41,0,3.480466,4.2947307,-571.2764
2359,0.6333334,38,0,3.3888953,4.101994,-571.5172
2360,0.5666668,34,0,1.3104448,4.1880846,-571.0096
2361,0.68333334,41,0,0.292384,4.465148,-569.9083
2362,0.74999994,45,0,0.89451975,4.31999,-568.9251
2363,0.7,42,0,0.9698952,4.3172665,-569.24066
2364,0.6666667,40,0,0.42008847,4.2093253,-568.6756
2365,0.6333334,38,0,1.5653791,4.329038,-568.4562
2366,0.65000004,39,0,5.1414742,4.216188,-566.46924
2367,0.55000013,33,0,4.9366508,4.0204673,-566.8548
2368,0.5666668,34,0,0.8921754,4.2531447,-566.9464
2369,0.5666668,34,0,0.82303846,4.225055,-565.3877
2370,0.5666668,34,0,1.6762495,4.272808,-565.30414
2371,0.7,42,0,2.1816359,4.2598886,-564.4444
2372,0.58333343,35,0,4.02797,4.1092587,-564.38074
2373,0.61666673,37,0,2.759224,4.294552,-563.43665
2374,0.6666667,40,0,2.241904,4.1991887,-563.20184
2375,0.7,42,0,0.49761832,4.2443867,-563.02203
2376,0.5666668,34,0,0.8577682,4.4342237,-562.9126
2377,0.6333334,38,0,4.0742235,4.331561,-561.54364
2378,0.68333334,41,0,4.6793647,4.222201,-561.92914
2379,0.6000001,36,0,0.6793605,4.3255396,-560.80347
2380,0.6333334,38,0,1.9596759,4.359931,-560.68036
2381,0.6333334,38,0,6.099248,4.5138555,-559.76807
2382,0.61666673,37,0,2.2123978,4.4392347,-559.524
2383,0.55000013,33,0,1.205773,4.4551063,-559.2418
2384,0.58333343,35,0,1.1394545,4.2113385,-559.4434
2385,0.7,42,0,1.5021538,4.458886,-558.1261
2386,0.65000004,39,0,2.182315,4.151919,-558.12085
2387,0.7,42,0,2.164106,4.188863,-557.8303
2388,0.6000001,36,0,6.4997683,4.3610506,-556.88007
2389,0.7333333,44,0,5.156036,4.273516,-556.6147
2390,0.6000001,36,0,0.6604273,4.2225103,-555.97186
2391,0.74999994,45,0,3.7357447,4.3543887,-555.29535
2392,0.7,42,0,4.1978893,4.484376,-555.15247
