index,episode_time,steps,noise,episode_reward,avg_critic_loss,avg_actor_loss
0,2.4499984,147,0,23.263176,0,0
1,1.9999988,120,0,0.40841657,0.208623,0.010203734
2,2.183332,131,0,0.89296967,0.14666817,-0.03002545
3,2.616665,157,0,2.4288952,0.09534393,-0.06945317
4,1.849999,111,0,2.8009117,0.06509519,-0.11272105
5,1.9166656,115,0,26.875404,0.05691539,-0.2246838
6,0.94999975,57,0,2.1173098,0.050451096,-0.32507905
7,0.78333324,47,0,2.7711902,0.040082507,-0.26079315
8,0.7,42,0,0.562539,0.032584876,-0.2736084
9,0.98333305,59,0,1.2998104,0.04246135,-0.3138209
10,0.7333333,44,0,0.518046,0.0402502,-0.48355535
11,0.78333324,47,0,2.0358956,0.037627682,-0.5858937
12,0.7333333,44,0,12.13048,0.047849536,-0.70416284
13,0.7333333,44,0,1.6466409,0.047682006,-0.77759135
14,0.71666664,43,0,6.3460875,0.042051956,-0.7988059
15,0.68333334,41,0,5.613564,0.042755444,-0.82698274
16,0.7,42,0,2.691663,0.03896428,-0.9488441
17,0.7,42,0,6.844709,0.043350108,-1.0805014
18,0.65000004,39,0,2.044165,0.04079854,-1.1824269
19,0.9666664,58,0,2.1849592,0.04259226,-1.2316235
20,0.8999998,54,0,1.6512794,0.041222207,-1.3765672
21,0.9666664,58,0,7.6906075,0.038744412,-1.5514094
22,0.98333305,59,0,4.833477,0.03990399,-1.6753514
23,1.8666656,112,0,2.3356302,0.03756226,-1.870283
24,1.7166657,103,0,4.206363,0.03621412,-2.1120071
25,2.3833318,143,0,0.3710648,0.03553345,-2.2888644
26,1.2666662,76,0,2.484095,0.034548342,-2.3925729
27,0.78333324,47,0,1.0288146,0.030544233,-2.452309
28,0.6000001,36,0,0.6778547,0.027830573,-2.4411635
29,0.7333333,44,0,7.468993,0.031463545,-2.5080662
30,0.7333333,44,0,3.1254559,0.032354172,-2.5531209
31,0.91666645,55,0,2.7019045,0.033919644,-2.5126038
32,0.68333334,41,0,0.7808735,0.03315974,-2.5103376
33,0.6666667,40,0,5.0690584,0.034410924,-2.5418522
34,0.5666668,34,0,1.5323436,0.03275645,-2.484405
35,1.6499991,99,0,2.1634252,0.029622864,-2.575071
36,0.6000001,36,0,0.9445943,0.033433832,-2.6625566
37,0.6333334,38,0,0.48232046,0.03261438,-2.6234827
38,1.133333,68,0,1.6078106,0.032389104,-2.7397127
39,1.3166661,79,0,4.760887,0.025766406,-2.8704348
40,0.7666666,46,0,5.045747,0.030335499,-2.9058387
41,0.98333305,59,0,1.1613544,0.025754053,-2.89376
42,1.749999,105,0,8.559861,0.027315594,-2.915521
43,1.3833327,83,0,9.573805,0.028723523,-3.0046947
44,0.5666668,34,0,3.3666062,0.028603442,-2.968999
45,1.2499995,75,0,2.7962048,0.028638978,-2.9843445
46,1.0333331,62,0,1.6926614,0.029750148,-3.0193443
47,1.2833328,77,0,8.92411,0.028959189,-3.041154
48,1.5666659,94,0,18.052923,0.026425317,-3.19217
49,1.0333331,62,0,2.418323,0.028785693,-3.2989423
50,1.2333329,74,0,5.186065,0.026503125,-3.348127
51,1.0333331,62,0,3.0355804,0.02800405,-3.3482451
52,1.0999997,66,0,9.425044,0.028711805,-3.3749907
53,1.6833324,101,0,2.4292912,0.029360691,-3.4671497
54,1.2499995,75,0,10.810984,0.030424625,-3.450372
55,1.9833322,119,0,13.910155,0.028447326,-3.505333
56,1.0999997,66,0,11.17105,0.02918743,-3.492251
57,0.78333324,47,0,1.9208376,0.02847576,-3.5228305
58,0.8999998,54,0,6.265542,0.027111907,-3.4480236
59,1.8666656,112,0,5.6123013,0.029743,-3.5250087
60,1.1166663,67,0,5.2782946,0.029675769,-3.6295545
61,0.9333331,56,0,3.0750246,0.029738605,-3.630707
62,0.88333315,53,0,4.8241286,0.029900772,-3.6913629
63,1.0499997,63,0,13.380687,0.034847498,-3.7639782
64,0.65000004,39,0,3.5264857,0.033384163,-3.8021455
65,0.78333324,47,0,1.969458,0.032801915,-3.7632294
66,0.68333334,41,0,1.3492875,0.040035527,-3.8471296
67,0.9666664,58,0,2.26906,0.03414603,-3.901811
68,1.1499996,69,0,3.1675985,0.03233064,-3.8434434
69,1.1666663,70,0,5.8648753,0.03439009,-3.9032938
70,1.0999997,66,0,13.712526,0.032552402,-3.882007
71,0.71666664,43,0,3.7507117,0.030204741,-3.925139
72,1.1666663,70,0,7.880579,0.034526564,-3.984852
73,1.5666659,94,0,20.927279,0.038056284,-4.039471
74,2.1166654,127,0,4.4380198,0.039641816,-4.1520667
75,1.3499994,81,0,3.4480956,0.040036894,-4.243425
76,2.0166655,121,0,2.5735915,0.038805146,-4.3474784
77,0.68333334,41,0,2.2103202,0.041922875,-4.4688025
78,1.5999992,96,0,2.5607274,0.040368233,-4.469026
79,1.3499994,81,0,2.853646,0.04126305,-4.5645323
80,1.1833329,71,0,1.4792317,0.03732903,-4.5541024
81,0.81666654,49,0,5.7480307,0.038895294,-4.6113186
82,1.4499993,87,0,14.042177,0.037581675,-4.643078
83,1.133333,68,0,6.41229,0.040669765,-4.7218337
84,1.5666659,94,0,1.1796376,0.03915065,-4.8365083
85,1.3499994,81,0,14.22486,0.043018546,-4.90544
86,1.1666663,70,0,4.4614773,0.0439947,-4.950223
87,1.6833324,101,0,0.46210232,0.04094135,-4.977045
88,1.416666,85,0,11.072653,0.040126737,-5.0396256
89,1.6499991,99,0,2.7252827,0.04238824,-5.15932
90,0.8666665,52,0,1.5036187,0.043808036,-5.230587
91,1.5833325,95,0,8.122682,0.0428262,-5.280333
92,0.81666654,49,0,1.568311,0.045458846,-5.2728176
93,1.2666662,76,0,9.957725,0.043665398,-5.336746
94,0.6666667,40,0,0.42834345,0.045533642,-5.329843
95,0.71666664,43,0,0.91103846,0.0451372,-5.449113
96,1.2166662,73,0,5.605308,0.045305703,-5.4984064
97,1.3666661,82,0,4.048203,0.04709058,-5.5579023
98,1.1833329,71,0,14.661825,0.046459287,-5.6133046
99,0.8999998,54,0,3.8979,0.048935153,-5.659378
100,0.9999997,60,0,7.6208954,0.05367051,-5.769079
101,1.6333325,98,0,6.090049,0.052932203,-5.901898
102,1.3666661,82,0,2.9749465,0.05054707,-5.922503
103,1.0333331,62,0,22.379524,0.056607313,-6.0715013
104,1.3999994,84,0,10.079717,0.057914663,-6.1950827
105,1.2166662,73,0,12.299526,0.053232662,-6.266742
106,0.7666666,46,0,1.9445012,0.054130588,-6.2918453
107,1.3333328,80,0,4.7140245,0.057689514,-6.3907185
108,1.1666663,70,0,8.342417,0.056267597,-6.423447
109,1.0166664,61,0,4.39471,0.058415633,-6.5728374
110,2.2999985,138,0,8.833757,0.05979298,-6.6041875
111,0.8666665,52,0,1.873132,0.05980196,-6.654244
112,1.2999995,78,0,3.3960443,0.060178958,-6.743913
113,0.9999997,60,0,3.115758,0.055387568,-6.7412586
114,1.133333,68,0,3.043515,0.056534197,-6.8409147
115,1.3333328,80,0,13.99067,0.056029756,-6.8436265
116,1.416666,85,0,2.8199153,0.0590465,-6.930447
117,1.5999992,96,0,20.233095,0.05852991,-7.067171
118,1.1166663,67,0,5.3909454,0.059806943,-7.1532755
119,1.1499996,69,0,17.153397,0.05821416,-7.2204447
120,0.88333315,53,0,4.166547,0.057258178,-7.2609386
121,0.98333305,59,0,7.939945,0.059322186,-7.293142
122,0.98333305,59,0,3.9479568,0.06012516,-7.4091716
123,2.033332,122,0,4.456572,0.06074729,-7.567521
124,1.7166657,103,0,29.352362,0.059401337,-7.5573378
125,0.8666665,52,0,0.86258227,0.059043575,-7.5603266
126,1.7833323,107,0,5.5261264,0.058758926,-7.781216
127,1.1666663,70,0,1.5661869,0.059876386,-7.8724213
128,1.0999997,66,0,8.21943,0.059502505,-7.9437814
129,0.88333315,53,0,2.403757,0.060859032,-8.036285
130,0.8333332,50,0,2.5532825,0.05694485,-8.013945
131,1.7333324,104,0,15.512318,0.057239167,-8.151375
132,1.0999997,66,0,9.798558,0.056920838,-8.227705
133,0.9999997,60,0,1.3092564,0.062901884,-8.369442
134,2.3833318,143,0,59.165245,0.064765066,-8.534313
135,1.416666,85,0,5.8629856,0.06489263,-8.796009
136,2.1999986,132,0,4.591384,0.06287117,-8.869843
137,1.4499993,87,0,7.132835,0.062166423,-9.086672
138,0.6000001,36,0,1.2144818,0.06664086,-9.129943
139,0.98333305,59,0,7.926553,0.06105669,-9.266086
140,0.58333343,35,0,1.0793713,0.062129606,-9.311991
141,0.7,42,0,3.3171647,0.061481964,-9.531046
142,0.7333333,44,0,5.645731,0.059885666,-9.513381
143,1.5999992,96,0,20.135183,0.058567174,-9.595626
144,0.65000004,39,0,2.852309,0.059227873,-9.754253
145,0.7999999,48,0,3.9651144,0.058453966,-9.768493
146,0.7999999,48,0,13.343133,0.060168535,-9.876227
147,0.7,42,0,1.6388627,0.0615713,-9.945738
148,1.0166664,61,0,3.942776,0.062454816,-10.032012
149,0.81666654,49,0,3.838492,0.06047294,-10.00786
150,1.083333,65,0,6.5669384,0.061882064,-10.200811
151,2.083332,125,0,113.32671,0.06874623,-10.357622
152,1.9499989,117,0,3.692476,0.07209232,-10.530413
153,0.94999975,57,0,4.677107,0.07134155,-10.733396
154,2.2833319,137,0,95.004456,0.073681995,-10.924264
155,1.7666657,106,0,26.890574,0.07305837,-11.130978
156,0.71666664,43,0,2.8052702,0.07062844,-11.218565
157,0.61666673,37,0,2.4759192,0.0731587,-11.307585
158,0.91666645,55,0,3.170083,0.07730355,-11.374036
159,1.2166662,73,0,6.1273627,0.073568806,-11.409351
160,0.68333334,41,0,0.45354035,0.07037296,-11.482576
161,1.0666664,64,0,4.1276875,0.07336985,-11.657849
162,1.1666663,70,0,2.4798486,0.07724543,-11.636708
163,1.0499997,63,0,9.819636,0.07476643,-11.696855
164,1.3333328,80,0,10.036812,0.0760675,-11.825726
165,1.2166662,73,0,2.040612,0.08078308,-11.866483
166,1.7833323,107,0,15.626531,0.080505095,-12.018286
167,1.1833329,71,0,6.722372,0.07798914,-12.097301
168,0.65000004,39,0,1.158687,0.07565552,-12.108286
169,0.9333331,56,0,4.718017,0.075732365,-12.267445
170,1.2999995,78,0,13.03545,0.07923466,-12.272328
171,0.55000013,33,0,0.41281778,0.07753601,-12.276106
172,2.2666652,136,0,53.844936,0.076260544,-12.432942
173,1.0666664,64,0,11.577026,0.07615642,-12.552541
174,0.91666645,55,0,1.0896044,0.07936271,-12.692418
175,1.5666659,94,0,11.822517,0.07479007,-12.7705
176,0.6666667,40,0,2.4650435,0.0752296,-12.830506
177,1.2499995,75,0,3.363133,0.075542,-12.800443
178,1.6833324,101,0,6.7947,0.07596706,-12.883019
179,1.9833322,119,0,12.004751,0.07478625,-13.032405
180,1.3666661,82,0,10.249001,0.07545967,-13.127375
181,0.8999998,54,0,2.1467774,0.07727296,-13.068258
182,1.8833323,113,0,11.421486,0.07481249,-13.1482725
183,0.5333335,32,0,0.9391978,0.07508039,-13.284604
184,3.0166645,181,0,72.51235,0.0772099,-13.415947
185,1.7333324,104,0,20.210695,0.08005776,-13.632952
186,1.799999,108,0,11.845758,0.08214148,-13.644838
187,1.0666664,64,0,8.798721,0.08007786,-13.854954
188,1.8666656,112,0,40.593067,0.08124416,-13.8591585
189,3.0166645,181,0,21.956064,0.08240693,-14.042199
190,0.78333324,47,0,12.687269,0.08181565,-14.3758
191,0.8333332,50,0,1.1783867,0.08592004,-14.450116
192,0.5333335,32,0,1.1294466,0.085122846,-14.264111
193,1.3666661,82,0,53.371777,0.0860233,-14.478581
194,2.0166655,121,0,2.1096735,0.08823563,-14.607067
195,0.7999999,48,0,1.6468184,0.091965646,-14.86078
196,1.0499997,63,0,24.473204,0.0905971,-14.800074
197,0.45000017,27,0,0.43979725,0.08734714,-14.970107
198,3.0166645,181,0,66.89727,0.09142755,-14.99147
199,0.7333333,44,0,2.7272763,0.089818254,-15.179648
200,3.0166645,181,0,33.691425,0.091765545,-15.381246
201,0.7,42,0,6.7581363,0.09492847,-15.605146
202,1.6833324,101,0,34.699142,0.09317276,-15.687095
203,0.65000004,39,0,4.613397,0.09015043,-15.797873
204,0.9999997,60,0,5.561315,0.093451284,-15.823388
205,2.1666653,130,0,28.08748,0.09350366,-16.009426
206,0.7666666,46,0,5.775239,0.091887236,-16.060438
207,2.2499986,135,0,65.24564,0.09296448,-16.295206
208,0.8333332,50,0,7.0778255,0.092458315,-16.44117
209,0.61666673,37,0,3.225721,0.09479565,-16.436306
210,2.233332,134,0,54.251625,0.091782846,-16.697283
211,1.6499991,99,0,27.990917,0.095706806,-16.791512
212,1.4999993,90,0,1.7452029,0.09625216,-17.01688
213,2.0999987,126,0,24.503414,0.09575002,-17.162657
214,1.5666659,94,0,6.2236133,0.096755475,-17.338957
215,1.0999997,66,0,12.14249,0.09419374,-17.49088
216,0.8333332,50,0,2.030484,0.0954578,-17.586994
217,1.5499992,93,0,11.366544,0.09513538,-17.66874
218,0.8666665,52,0,1.5079104,0.09615701,-17.839928
219,0.6333334,38,0,3.0221589,0.09731351,-17.919397
220,1.2666662,76,0,18.650078,0.0980627,-17.907192
221,1.5499992,93,0,31.87323,0.092195585,-18.041998
222,2.2166653,133,0,13.340093,0.09452492,-18.232641
223,1.8666656,112,0,5.4902496,0.09672848,-18.436953
224,0.71666664,43,0,11.584206,0.09334517,-18.49009
225,2.516665,151,0,19.906294,0.09367235,-18.632269
226,1.3999994,84,0,7.929803,0.09483157,-18.706907
227,1.2499995,75,0,3.615624,0.096139036,-18.782776
228,1.1499996,69,0,8.28236,0.09276503,-18.80093
229,0.4333335,26,0,0.5951023,0.09494099,-18.937506
230,1.4833326,89,0,11.583119,0.09217052,-18.955013
231,0.94999975,57,0,24.84596,0.08547565,-18.903225
232,0.5000002,30,0,1.5321711,0.09453446,-18.998835
233,0.9999997,60,0,2.002913,0.0959256,-19.099632
234,0.46666685,28,0,0.9548187,0.09558607,-19.003622
235,0.8333332,50,0,1.9859349,0.09406578,-19.03145
236,0.7333333,44,0,4.977757,0.09499674,-19.090292
237,1.1166663,67,0,3.3816392,0.09671071,-19.13184
238,1.466666,88,0,8.470729,0.09618474,-19.17008
239,1.5333326,92,0,31.019032,0.097866684,-19.285233
240,3.0166645,181,0,6.3583074,0.09964684,-19.403284
241,2.2499986,135,0,82.417305,0.101342335,-19.479225
242,1.1833329,71,0,8.238203,0.10364472,-19.622253
243,1.7833323,107,0,9.074528,0.10603346,-19.646608
244,0.7,42,0,1.1258392,0.10777639,-19.829285
245,1.0999997,66,0,9.200546,0.10846568,-19.840153
246,1.2666662,76,0,19.244751,0.112528585,-19.892607
247,1.2666662,76,0,32.439907,0.108116224,-19.879398
248,1.3333328,80,0,6.8168983,0.10920391,-19.969019
249,0.65000004,39,0,0.98151195,0.10879638,-19.949154
250,1.2499995,75,0,23.165249,0.11245239,-20.12436
251,1.0666664,64,0,9.258302,0.10947469,-20.024328
252,1.0999997,66,0,20.72921,0.115638636,-20.020939
253,0.74999994,45,0,1.1140176,0.11438015,-20.186142
254,1.1833329,71,0,23.558388,0.11041927,-20.215029
255,1.4999993,90,0,30.323599,0.11382041,-20.297396
256,1.4833326,89,0,10.479314,0.11064383,-20.448431
257,1.083333,65,0,25.780743,0.110373445,-20.440935
258,0.71666664,43,0,3.2170033,0.11165433,-20.532454
259,1.6499991,99,0,28.155838,0.111077346,-20.523224
260,0.7999999,48,0,0.66483223,0.11475055,-20.584837
261,1.2833328,77,0,14.275599,0.110909805,-20.606464
262,1.1666663,70,0,26.773365,0.11355594,-20.764168
263,2.8833313,173,0,12.088997,0.11713937,-20.851755
264,0.8999998,54,0,0.62127167,0.11795023,-21.167168
265,1.0499997,63,0,2.0061193,0.11854753,-21.091822
266,0.5666668,34,0,0.7878766,0.12259802,-21.044928
267,0.68333334,41,0,2.3907168,0.12082664,-21.154848
268,0.55000013,33,0,0.7539838,0.1196665,-21.14667
269,2.0999987,126,0,36.674335,0.118135735,-21.225754
270,1.4499993,87,0,4.363279,0.12222913,-21.329578
271,1.2833328,77,0,43.542084,0.122008935,-21.364752
272,1.5666659,94,0,52.756187,0.120350525,-21.533468
273,0.74999994,45,0,3.1823552,0.12203526,-21.607147
274,1.8166656,109,0,50.353897,0.120913774,-21.659948
275,0.68333334,41,0,0.9536759,0.12264263,-21.831358
276,1.7833323,107,0,13.8065,0.11973378,-21.865078
277,1.0999997,66,0,6.2819767,0.12208909,-21.894928
278,1.9666655,118,0,30.82386,0.12235927,-21.968874
279,0.88333315,53,0,4.238064,0.12464526,-22.1155
280,0.98333305,59,0,1.7820985,0.12520938,-22.190117
281,1.4999993,90,0,32.39334,0.12555724,-22.18907
282,0.65000004,39,0,1.0137391,0.119714014,-22.31008
283,1.6499991,99,0,18.292913,0.12433339,-22.347176
284,1.0333331,62,0,3.7652943,0.12413978,-22.391926
285,1.5499992,93,0,65.35403,0.124082334,-22.522324
286,1.3833327,83,0,42.797493,0.12444461,-22.523985
287,1.5999992,96,0,33.42799,0.12701188,-22.705889
288,0.6333334,38,0,1.7075107,0.1297941,-22.80711
289,1.2499995,75,0,12.186802,0.12922299,-22.870308
290,0.6666667,40,0,1.8783517,0.12506361,-22.785873
291,0.7999999,48,0,2.459579,0.12427874,-22.79056
292,1.9833322,119,0,17.021542,0.13055557,-22.985796
293,1.9833322,119,0,50.949608,0.12853178,-23.06669
294,1.8333323,110,0,21.82651,0.130029,-23.190681
295,3.0166645,181,0,91.27247,0.13001211,-23.30916
296,1.416666,85,0,37.988754,0.12805034,-23.382624
297,0.6000001,36,0,0.8652198,0.13259143,-23.443487
298,1.0333331,62,0,19.496014,0.12801576,-23.540749
299,3.0166645,181,0,133.56792,0.13477926,-23.582325
300,1.8166656,109,0,23.454414,0.13115387,-23.697357
301,2.8833313,173,0,81.28386,0.1330049,-23.867434
302,1.5333326,92,0,26.202248,0.13382728,-23.89522
303,1.1999996,72,0,26.016571,0.13638319,-24.092707
304,1.1166663,67,0,2.2956853,0.13520299,-24.124043
305,0.65000004,39,0,2.089496,0.13814984,-24.07679
306,0.8333332,50,0,7.3211904,0.1382966,-24.283417
307,1.849999,111,0,80.41535,0.13949384,-24.258865
308,3.0166645,181,0,49.275745,0.13464493,-24.329737
309,1.9999988,120,0,3.2402987,0.13486046,-24.3506
310,0.5333335,32,0,1.3805571,0.1382125,-24.34085
311,3.0166645,181,0,31.516386,0.13593984,-24.53477
312,1.1999996,72,0,2.6672988,0.1415397,-24.68703
313,3.0166645,181,0,80.85031,0.13778782,-24.72984
314,0.5333335,32,0,1.1479846,0.13667196,-24.7847
315,1.6166658,97,0,24.601662,0.13576302,-24.875486
316,3.0166645,181,0,222.3515,0.1310785,-24.889511
317,3.0166645,181,0,52.35239,0.12968282,-24.929737
318,3.0166645,181,0,35.742947,0.12768951,-25.097258
319,1.5499992,93,0,3.634377,0.12995955,-25.14377
320,3.0166645,181,0,269.17258,0.12877825,-25.212334
321,3.0166645,181,0,185.58452,0.12946744,-25.323996
322,1.4833326,89,0,2.6680157,0.12585302,-25.456116
323,0.9999997,60,0,11.159411,0.13063659,-25.357103
324,0.9999997,60,0,33.358025,0.12669091,-25.492975
325,2.4999983,150,0,52.77734,0.13110633,-25.575115
326,0.98333305,59,0,3.1087165,0.13126242,-25.569084
327,1.9999988,120,0,68.38503,0.12775491,-25.559097
328,2.2499986,135,0,55.343925,0.1317626,-25.661686
329,0.61666673,37,0,4.8164473,0.13586216,-25.739693
330,1.0666664,64,0,3.7290003,0.1364986,-25.644184
331,1.0666664,64,0,16.698315,0.13483281,-25.821278
332,1.0499997,63,0,30.280613,0.13365585,-25.744318
333,1.0333331,62,0,18.985065,0.1351404,-25.798592
334,2.9333313,176,0,76.67651,0.13201416,-25.866144
335,1.9666655,118,0,27.834803,0.13159166,-25.879677
336,3.0166645,181,0,33.194366,0.13463452,-25.958559
337,0.7666666,46,0,9.120564,0.13488711,-25.89752
338,3.0166645,181,0,96.488914,0.13590391,-26.000216
339,1.6499991,99,0,15.169489,0.13574432,-25.969152
340,0.68333334,41,0,0.90478045,0.13666613,-26.104893
341,3.0166645,181,0,58.72646,0.13369602,-26.159613
342,1.1833329,71,0,30.787737,0.13952622,-26.270414
343,0.58333343,35,0,1.5875199,0.13584645,-26.238203
344,0.6333334,38,0,0.4597239,0.14441793,-26.296877
345,1.416666,85,0,13.252154,0.13952476,-26.286129
346,1.3333328,80,0,47.950123,0.1376104,-26.389677
347,1.2166662,73,0,17.327232,0.1446841,-26.522886
348,0.8333332,50,0,3.17999,0.14126678,-26.382528
349,1.0333331,62,0,2.565395,0.13734002,-26.479671
350,0.65000004,39,0,0.59187084,0.14182249,-26.534262
351,1.3499994,81,0,70.01834,0.13937098,-26.481995
352,0.98333305,59,0,12.202597,0.13538913,-26.449097
353,3.0166645,181,0,42.580547,0.13758819,-26.57243
354,2.1166654,127,0,70.56271,0.14272207,-26.629564
355,0.8999998,54,0,5.1873465,0.14021376,-26.715149
356,1.083333,65,0,4.4516063,0.13945751,-26.683193
357,1.1833329,71,0,1.1819565,0.14320949,-26.725418
358,0.71666664,43,0,0.7658548,0.14015654,-26.724417
359,0.7,42,0,0.87609375,0.14432016,-26.729725
360,2.183332,131,0,22.031965,0.14162381,-26.76334
361,1.0166664,61,0,3.5385275,0.14310803,-26.866081
362,0.81666654,49,0,0.81014663,0.13947542,-26.78836
363,0.9666664,58,0,12.111728,0.14813903,-26.93286
364,1.2333329,74,0,13.038332,0.14190641,-26.777199
365,1.1499996,69,0,13.0149145,0.14109302,-26.871288
366,2.2833319,137,0,10.409704,0.14539164,-26.941809
367,2.0166655,121,0,81.13656,0.1406457,-26.891462
368,1.3833327,83,0,0.837652,0.14278218,-26.920727
369,1.799999,108,0,44.579567,0.145205,-26.928562
370,1.0666664,64,0,7.449626,0.15046863,-27.028334
371,2.5999982,156,0,149.01399,0.14664634,-27.01131
372,2.6333315,158,0,116.39861,0.14810948,-27.150078
373,1.3333328,80,0,21.180307,0.14877889,-27.225924
374,2.1166654,127,0,12.367384,0.14605874,-27.236408
375,1.416666,85,0,44.077312,0.14888702,-27.265978
376,1.7166657,103,0,11.865807,0.14667717,-27.254301
377,1.4333327,86,0,51.80236,0.14462113,-27.183498
378,1.2333329,74,0,18.666992,0.15075286,-27.323484
379,2.3499985,141,0,87.07045,0.1501461,-27.49981
380,1.6166658,97,0,20.985657,0.14888312,-27.439777
381,0.71666664,43,0,1.6970255,0.14921074,-27.399471
382,1.5833325,95,0,42.67473,0.15829436,-27.545353
383,1.7333324,104,0,44.359478,0.15339053,-27.562569
384,1.0999997,66,0,3.520325,0.15153734,-27.596676
385,1.133333,68,0,14.386645,0.15907454,-27.6121
386,1.5666659,94,0,1.9342055,0.1551805,-27.67523
387,1.1499996,69,0,0.9941454,0.15975173,-27.716774
388,0.88333315,53,0,14.751418,0.15716976,-27.782837
389,3.0166645,181,0,60.6305,0.15784086,-27.831799
390,1.3833327,83,0,24.87312,0.16096705,-27.84753
391,0.8666665,52,0,12.613366,0.15684573,-27.974472
392,2.2999985,138,0,29.73591,0.1614565,-27.947878
393,2.6999981,162,0,56.820908,0.15781167,-28.003147
394,0.8333332,50,0,1.0142013,0.16076288,-28.118958
395,0.9666664,58,0,20.235256,0.16187595,-28.06906
396,2.9999979,180,0,49.847713,0.16578645,-28.136705
397,0.91666645,55,0,4.9375353,0.17331323,-28.147898
398,0.65000004,39,0,1.2335608,0.16443667,-28.19195
399,1.2666662,76,0,7.3595943,0.165908,-28.254892
400,0.9333331,56,0,3.4710886,0.16619031,-28.282053
401,2.416665,145,0,105.69207,0.17012002,-28.322699
402,1.1833329,71,0,22.268295,0.16842361,-28.389063
403,1.0999997,66,0,8.529404,0.16922568,-28.406036
404,2.2833319,137,0,74.98985,0.17049696,-28.528967
405,1.7666657,106,0,23.26461,0.16949667,-28.647556
406,2.2999985,138,0,48.89102,0.17053112,-28.730087
407,1.4833326,89,0,26.042534,0.16227703,-28.671524
408,1.2999995,78,0,1.19454,0.16834636,-28.749811
409,1.2666662,76,0,5.034941,0.16827773,-28.970974
410,1.3666661,82,0,41.752666,0.17061,-28.845707
411,1.6499991,99,0,15.567824,0.1658936,-28.829039
412,0.94999975,57,0,6.6052895,0.16893677,-29.095016
413,0.9999997,60,0,2.4598374,0.17072414,-29.132616
414,1.5999992,96,0,20.918121,0.17047162,-29.155128
415,3.0166645,181,0,127.92196,0.1695434,-29.224722
416,2.9166646,175,0,106.19807,0.1696867,-29.410246
417,1.0666664,64,0,5.357428,0.17203048,-29.4524
418,1.3166661,79,0,20.878553,0.16376956,-29.520216
419,1.4833326,89,0,39.17714,0.17134088,-29.528048
420,1.2833328,77,0,14.763802,0.17563297,-29.619886
421,1.1999996,72,0,5.5122924,0.17549504,-29.69278
422,3.0166645,181,0,221.18594,0.17402053,-29.760176
423,1.5499992,93,0,54.420162,0.1702181,-29.8434
424,3.0166645,181,0,128.51947,0.1730434,-30.04324
425,1.4999993,90,0,6.1287866,0.1738516,-30.141298
426,2.2666652,136,0,61.546806,0.17332771,-30.207607
427,1.133333,68,0,5.917388,0.17719048,-30.264809
428,3.0166645,181,0,107.99715,0.17626354,-30.410707
429,0.71666664,43,0,1.8679526,0.18025947,-30.57276
430,3.0166645,181,0,284.91037,0.17759141,-30.674654
431,3.0166645,181,0,121.81237,0.18138577,-30.788357
432,3.0166645,181,0,294.28723,0.17903651,-30.971958
433,2.9166646,175,0,151.25102,0.18334779,-31.142689
434,3.0166645,181,0,157.98347,0.1841167,-31.280931
435,0.6666667,40,0,1.1873993,0.19175157,-31.777884
436,3.0166645,181,0,62.148373,0.18528573,-31.515682
437,1.3833327,83,0,8.121848,0.18663205,-31.635447
438,1.0999997,66,0,6.5549083,0.18922691,-31.702232
439,0.5333335,32,0,1.4387645,0.19527864,-31.703875
440,2.4833317,149,0,56.041264,0.19234984,-31.835638
441,1.2833328,77,0,17.8594,0.19303152,-31.872503
442,2.6999981,162,0,42.317772,0.19076441,-32.007156
443,1.799999,108,0,6.0904284,0.19152148,-31.965714
444,1.2166662,73,0,22.920824,0.19413693,-32.24689
445,0.71666664,43,0,1.0987662,0.19288294,-32.29508
446,1.8999989,114,0,11.599291,0.19620982,-32.303436
447,2.7333314,164,0,121.796684,0.19997309,-32.45428
448,1.2833328,77,0,1.3386099,0.19916876,-32.41306
449,2.0999987,126,0,42.76616,0.19738007,-32.401493
450,1.1499996,69,0,0.61446553,0.2035663,-32.568333
451,1.5833325,95,0,5.8155713,0.20492162,-32.714176
452,1.849999,111,0,35.61912,0.20412813,-32.774136
453,2.033332,122,0,35.782154,0.20114765,-32.758358
454,3.0166645,181,0,286.60574,0.20441024,-33.008564
455,1.9833322,119,0,16.082586,0.20942622,-33.062584
456,1.3333328,80,0,5.176556,0.20217936,-33.13024
457,1.7333324,104,0,12.089023,0.20590286,-33.175922
458,2.1499987,129,0,3.6928887,0.20382087,-33.425323
459,2.0666654,124,0,86.35668,0.20708619,-33.43668
460,3.0166645,181,0,291.84436,0.20699602,-33.610336
461,1.2666662,76,0,5.7234926,0.20746234,-33.78446
462,1.416666,85,0,7.6683035,0.2099582,-33.956036
463,1.1166663,67,0,15.256321,0.2126421,-33.981087
464,1.0499997,63,0,0.21587609,0.21420862,-34.015526
465,0.7999999,48,0,3.593096,0.20350656,-34.0046
466,1.8833323,113,0,50.0539,0.21352923,-34.207413
467,2.1999986,132,0,8.205235,0.21037537,-34.262657
468,2.9666646,178,0,105.44817,0.20822982,-34.465984
469,3.0166645,181,0,269.70367,0.21042089,-34.686268
470,2.8833313,173,0,56.691376,0.20971002,-34.831562
471,0.81666654,49,0,2.0981138,0.20494983,-34.77486
472,1.4333327,86,0,3.7849271,0.21043035,-34.821026
473,3.0166645,181,0,364.21216,0.20836596,-35.0543
474,1.5833325,95,0,26.758762,0.21112977,-35.25374
475,1.6499991,99,0,22.040133,0.21437362,-35.477806
476,1.1666663,70,0,2.9780936,0.21437132,-35.446262
477,3.0166645,181,0,81.65056,0.22009009,-35.540016
478,3.0166645,181,0,219.20865,0.21132389,-35.568027
479,2.183332,131,0,0.966277,0.21400748,-35.824062
480,3.0166645,181,0,300.70682,0.21335304,-35.94686
481,1.6833324,101,0,18.06356,0.20936044,-36.148575
482,1.9999988,120,0,59.038395,0.21517988,-36.209415
483,2.033332,122,0,26.643187,0.21591304,-36.30773
484,2.7666647,166,0,95.47094,0.21911941,-36.46532
485,2.133332,128,0,52.97094,0.21858284,-36.810574
486,3.0166645,181,0,254.82387,0.22114126,-36.76821
487,3.0166645,181,0,208.2243,0.21490271,-36.88998
488,2.2499986,135,0,37.457096,0.21331608,-37.025597
489,3.0166645,181,0,417.66647,0.21727033,-37.36411
490,3.0166645,181,0,153.95462,0.21950361,-37.54188
491,3.0166645,181,0,256.08026,0.21556444,-37.595566
492,1.0166664,61,0,6.3731084,0.22469781,-37.723324
493,2.3666651,142,0,169.06935,0.2203531,-37.946262
494,2.133332,128,0,63.868732,0.2238561,-38.107224
495,2.4833317,149,0,15.034246,0.22653776,-37.931587
496,2.233332,134,0,76.904175,0.22696933,-38.172085
497,1.0166664,61,0,0.42267808,0.21992624,-38.259422
498,3.0166645,181,0,22.456512,0.22842255,-38.36864
499,1.8333323,110,0,50.98514,0.23669003,-38.62551
500,1.5166659,91,0,2.6149673,0.23580956,-38.583294
501,0.98333305,59,0,61.015846,0.2305872,-38.726273
502,1.2833328,77,0,22.173393,0.23693128,-38.880383
503,1.6166658,97,0,21.655827,0.24153414,-38.707207
504,1.3333328,80,0,13.570755,0.24408123,-39.07754
505,1.6999991,102,0,8.237542,0.2444644,-38.993958
506,1.6833324,101,0,33.804264,0.23702972,-39.02325
507,1.6499991,99,0,3.423678,0.23544307,-39.004154
508,1.6833324,101,0,5.0757256,0.2425435,-39.122932
509,3.0166645,181,0,398.82074,0.24913481,-39.519974
510,3.0166645,181,0,152.23047,0.24274956,-39.593456
511,3.0166645,181,0,347.7541,0.2427902,-39.764145
512,0.7999999,48,0,2.125389,0.24027567,-39.986458
513,0.5166668,31,0,3.9825518,0.24584438,-40.179615
514,3.0166645,181,0,121.643105,0.2467941,-40.1602
515,0.5166668,31,0,1.164719,0.2514846,-39.903236
516,0.6666667,40,0,6.451271,0.25089267,-40.26625
517,1.7833323,107,0,61.58716,0.24777128,-40.277607
518,2.1166654,127,0,23.37636,0.24699113,-40.326633
519,0.8666665,52,0,14.069741,0.24987473,-40.556602
520,0.74999994,45,0,2.3758712,0.24385647,-40.591038
521,1.8999989,114,0,44.05334,0.2540223,-40.695362
522,3.0166645,181,0,304.8347,0.249984,-40.81857
523,1.6833324,101,0,24.558207,0.25018707,-41.02056
524,0.9999997,60,0,29.761736,0.2603414,-41.10311
525,3.0166645,181,0,5.193301,0.26010495,-41.333897
526,1.5833325,95,0,6.2516656,0.2557233,-41.315685
527,1.849999,111,0,38.601448,0.2599311,-41.359318
528,1.5166659,91,0,6.357304,0.25911283,-41.678185
529,2.3499985,141,0,137.48889,0.2653641,-41.628155
530,0.7666666,46,0,1.768144,0.27508137,-41.795994
531,2.1166654,127,0,58.207745,0.2680656,-41.858986
532,1.7666657,106,0,50.86984,0.26488692,-41.961857
533,0.58333343,35,0,1.4567053,0.25816754,-42.156292
534,2.2666652,136,0,131.30716,0.2669597,-42.24604
535,1.4833326,89,0,17.59926,0.2736121,-42.304466
536,1.6666658,100,0,78.930336,0.27646145,-42.37698
537,0.5166668,31,0,2.0796924,0.27729642,-42.45316
538,0.81666654,49,0,4.389355,0.26193509,-42.36803
539,1.7833323,107,0,3.3061378,0.265456,-42.474957
540,0.6333334,38,0,1.5989288,0.26426905,-42.572277
541,0.8666665,52,0,2.7161818,0.26337224,-42.87832
542,3.0166645,181,0,264.06805,0.26603186,-42.783627
543,0.7,42,0,9.548985,0.2629465,-42.784775
544,0.5666668,34,0,3.4855185,0.27483383,-43.116264
545,0.7,42,0,1.1545341,0.27619845,-43.301888
546,1.1666663,70,0,32.75604,0.28033295,-43.21065
547,3.0166645,181,0,250.88509,0.27562088,-43.289116
548,1.1833329,71,0,20.146738,0.268022,-43.259304
549,0.6000001,36,0,4.657889,0.2779803,-43.292446
550,1.0499997,63,0,22.047318,0.27311406,-43.66189
551,0.65000004,39,0,1.7904526,0.2708184,-43.686966
552,0.5333335,32,0,3.6524258,0.2782195,-43.921276
553,0.5166668,31,0,3.5617998,0.2765487,-43.859222
554,1.1999996,72,0,1.4678658,0.26743257,-43.70878
555,3.0166645,181,0,386.77313,0.2778608,-43.939857
556,0.78333324,47,0,3.659622,0.28597912,-44.180202
557,2.5833316,155,0,128.36104,0.2793995,-44.21699
558,1.799999,108,0,100.9854,0.28197464,-44.320694
559,0.46666685,28,0,0.52183425,0.28323206,-44.418514
560,0.5166668,31,0,2.8197536,0.28016177,-44.420765
561,0.6000001,36,0,1.7423991,0.2843499,-44.61112
562,0.5166668,31,0,1.7301576,0.28019696,-44.44891
563,0.55000013,33,0,3.1884751,0.29280025,-44.87928
564,3.0166645,181,0,345.0034,0.28675726,-44.836765
565,0.5166668,31,0,2.0674012,0.28311732,-44.54607
566,0.78333324,47,0,10.709701,0.27586296,-45.013786
567,1.2833328,77,0,55.869877,0.2843623,-44.98922
568,0.6666667,40,0,6.692822,0.28538132,-45.03789
569,0.9666664,58,0,38.517742,0.2938928,-45.460457
570,0.6333334,38,0,3.8208516,0.28476655,-45.081524
571,1.2666662,76,0,37.139706,0.28215405,-45.050426
572,0.9333331,56,0,14.97809,0.2847279,-45.2408
573,1.2333329,74,0,44.840183,0.28390405,-45.274223
574,0.71666664,43,0,2.36374,0.28777203,-45.545986
575,3.0166645,181,0,293.5096,0.28748304,-45.494778
576,0.61666673,37,0,2.4117916,0.28569824,-45.7535
577,1.7833323,107,0,125.413925,0.28775892,-45.837807
578,1.5999992,96,0,1.3696879,0.2837334,-45.742947
579,0.81666654,49,0,16.98869,0.28743327,-45.965824
580,1.0333331,62,0,21.319086,0.28284052,-45.932247
581,0.98333305,59,0,48.999393,0.28948677,-46.00673
582,1.133333,68,0,32.21199,0.29371786,-46.04517
583,0.48333353,29,0,0.67347896,0.28563368,-46.263374
584,0.68333334,41,0,1.7196652,0.29544845,-46.017464
585,3.0166645,181,0,359.22906,0.2879668,-46.283646
586,1.0166664,61,0,11.798405,0.287418,-46.35392
587,0.78333324,47,0,3.1307752,0.29843524,-46.54413
588,0.81666654,49,0,16.142385,0.28963074,-46.425922
589,0.7333333,44,0,1.8323498,0.2916206,-46.7248
590,0.68333334,41,0,8.859274,0.28389823,-46.294197
591,3.0166645,181,0,275.6319,0.29436642,-46.755085
592,3.0166645,181,0,259.46466,0.30037645,-46.95348
593,0.55000013,33,0,2.411091,0.2877634,-47.102875
594,0.65000004,39,0,1.0979337,0.30455992,-47.072998
595,0.8333332,50,0,4.857128,0.30696,-47.289383
596,2.1666653,130,0,115.536194,0.29825723,-47.3048
597,0.46666685,28,0,0.16222161,0.2943428,-47.414375
598,0.7666666,46,0,8.149199,0.30594695,-47.34283
599,0.74999994,45,0,7.693979,0.3078879,-47.65211
600,0.5166668,31,0,1.3403678,0.3031209,-47.395668
601,0.71666664,43,0,5.91478,0.3140957,-47.43269
602,0.55000013,33,0,1.4605917,0.30594817,-47.438477
603,0.8666665,52,0,16.488243,0.30899882,-47.366722
604,0.7999999,48,0,21.272282,0.30130702,-47.620182
605,0.58333343,35,0,1.7130033,0.30308697,-47.68666
606,1.3333328,80,0,80.71837,0.30623809,-47.626553
607,0.65000004,39,0,2.2009456,0.31149313,-47.84351
608,0.6333334,38,0,3.655569,0.31352988,-47.906868
609,3.0166645,181,0,416.90445,0.31745052,-47.91624
610,0.71666664,43,0,2.5256493,0.3087112,-48.211544
611,3.0166645,181,0,428.39258,0.31836283,-48.268513
612,0.74999994,45,0,4.5596642,0.32919374,-48.54675
613,0.7,42,0,1.5524048,0.3303836,-48.4849
614,3.0166645,181,0,277.61777,0.32273868,-48.747894
615,0.5000002,30,0,2.0725503,0.31808645,-48.794518
616,1.466666,88,0,22.740644,0.31693152,-49.046215
617,0.7,42,0,0.809284,0.32382894,-49.114433
618,3.0166645,181,0,360.8723,0.33065462,-49.29351
619,1.3666661,82,0,22.448572,0.33356634,-49.523354
620,1.1833329,71,0,15.699171,0.3349482,-49.541344
621,0.61666673,37,0,0.302487,0.34057638,-49.632507
622,0.58333343,35,0,2.0088634,0.34448054,-49.435272
623,0.7999999,48,0,3.0147212,0.32434213,-49.587116
624,0.7,42,0,1.4907233,0.33592993,-49.814514
625,3.0166645,181,0,272.64313,0.33438385,-50.001987
626,3.0166645,181,0,320.34192,0.3369717,-50.18373
627,0.5166668,31,0,0.46557432,0.3413392,-50.180267
628,0.74999994,45,0,17.062622,0.34773728,-50.358547
629,1.2166662,73,0,68.73695,0.33680493,-50.286987
630,0.5333335,32,0,1.383251,0.35136268,-50.48815
631,0.61666673,37,0,1.432864,0.33791864,-50.454895
632,0.55000013,33,0,0.7725083,0.33591875,-50.656197
633,3.0166645,181,0,262.69904,0.33590642,-50.59961
634,1.083333,65,0,58.501854,0.34152818,-50.935253
635,0.71666664,43,0,6.406536,0.34413722,-50.652653
636,0.6000001,36,0,0.6016353,0.3552922,-50.944725
637,0.7666666,46,0,1.3966904,0.34311554,-51.026184
638,0.7333333,44,0,9.001693,0.3401701,-50.90732
639,0.9666664,58,0,52.451435,0.35085672,-51.17013
640,0.7666666,46,0,1.578083,0.34326422,-51.170822
641,0.81666654,49,0,2.2214723,0.35166082,-51.122658
642,0.68333334,41,0,12.200369,0.3422577,-50.990795
643,3.0166645,181,0,308.7702,0.34721932,-51.41789
644,0.84999985,51,0,6.4609375,0.3474378,-51.217316
645,0.61666673,37,0,2.5964248,0.35496652,-51.646637
646,1.1999996,72,0,28.796116,0.34466255,-51.322998
647,0.46666685,28,0,0.24629748,0.3506429,-51.477257
648,2.2833319,137,0,85.367004,0.35368916,-51.594265
649,0.55000013,33,0,0.6643191,0.35376194,-51.682365
650,0.6666667,40,0,0.8588343,0.3492418,-51.704895
651,1.1499996,69,0,24.092167,0.3548072,-51.75204
652,1.5333326,92,0,21.959425,0.36630732,-51.786964
653,0.8333332,50,0,20.589275,0.37065902,-52.13457
654,0.81666654,49,0,2.2657151,0.35616568,-51.839294
655,1.6999991,102,0,26.545582,0.35918427,-51.944748
656,2.466665,148,0,137.79333,0.36363956,-52.05981
657,3.0166645,181,0,260.3622,0.36069798,-52.165024
658,1.2666662,76,0,27.241291,0.36189237,-52.1452
659,2.7666647,166,0,19.976873,0.36645252,-52.33829
660,3.0166645,181,0,250.17122,0.36324903,-52.450478
661,2.0999987,126,0,114.62697,0.35367316,-52.565823
662,0.7,42,0,4.095549,0.35618827,-52.478798
663,1.7833323,107,0,82.8155,0.3547332,-52.643196
664,0.68333334,41,0,9.255536,0.36133224,-52.60166
665,1.9666655,118,0,10.683657,0.36002007,-52.766647
666,3.0166645,181,0,247.7602,0.3616804,-52.87206
667,3.0166645,181,0,63.846992,0.35382017,-52.84541
668,2.0499988,123,0,101.52288,0.3551557,-52.886524
669,0.9999997,60,0,1.166003,0.35426748,-53.05021
670,0.7999999,48,0,2.3802109,0.3412921,-52.825172
671,0.84999985,51,0,0.44856918,0.35582456,-52.93412
672,2.4499984,147,0,139.76656,0.3493243,-53.133377
673,1.8333323,110,0,65.994225,0.34610227,-53.02571
674,2.2499986,135,0,138.20111,0.34501177,-53.057556
675,0.78333324,47,0,0.9871233,0.3377322,-52.92862
676,3.0166645,181,0,284.21463,0.33953875,-53.097374
677,2.899998,174,0,110.10787,0.33840573,-53.10171
678,0.5166668,31,0,0.60144526,0.3355196,-53.16858
679,0.98333305,59,0,4.1707253,0.34305537,-53.090286
680,1.799999,108,0,16.730108,0.33492607,-53.071552
681,1.6499991,99,0,57.421993,0.33014277,-53.01787
682,3.0166645,181,0,213.40865,0.33624464,-53.029903
683,1.799999,108,0,93.27587,0.33339098,-53.12324
684,0.65000004,39,0,1.290398,0.33847162,-53.129505
685,1.6333325,98,0,17.370378,0.33235496,-53.022022
686,1.4999993,90,0,65.318794,0.32766423,-52.929493
687,1.2166662,73,0,15.500686,0.33135647,-52.879387
688,2.749998,165,0,131.4132,0.3291574,-53.02931
689,1.083333,65,0,21.865305,0.32597667,-52.99464
690,2.133332,128,0,24.306997,0.32394236,-53.021206
691,3.0166645,181,0,285.97278,0.32870555,-52.89362
692,3.0166645,181,0,263.10495,0.32442382,-52.90416
693,2.799998,168,0,56.271442,0.32440192,-52.854614
694,0.5666668,34,0,2.4951475,0.32622916,-52.91477
695,1.5833325,95,0,53.525593,0.31460455,-52.768917
696,1.4333327,86,0,64.48203,0.31848398,-52.890526
697,1.2166662,73,0,8.178062,0.30751267,-52.7601
698,3.0166645,181,0,108.31422,0.31715256,-52.58851
699,1.749999,105,0,29.2893,0.31908527,-52.66491
700,3.0166645,181,0,360.50314,0.31306827,-52.540077
701,0.5666668,34,0,2.0257237,0.31166112,-52.74942
702,1.5499992,93,0,81.56874,0.31349725,-52.573654
703,1.2333329,74,0,32.76324,0.30591333,-52.529877
704,0.84999985,51,0,11.268405,0.32397965,-52.588352
705,3.0166645,181,0,411.99414,0.31649148,-52.423805
706,0.61666673,37,0,0.5656214,0.323955,-52.484985
707,1.8166656,109,0,37.18105,0.3125367,-52.436966
708,1.5499992,93,0,49.292786,0.31144246,-52.383236
709,1.2999995,78,0,12.666873,0.29897714,-52.194214
710,0.58333343,35,0,3.7867293,0.3063813,-52.33711
711,2.749998,165,0,62.24262,0.31344137,-52.261833
712,3.0166645,181,0,289.30475,0.31269544,-52.16712
713,2.0999987,126,0,69.38353,0.30969623,-52.008106
714,1.7166657,103,0,76.47771,0.31004703,-51.986412
715,0.7,42,0,6.9051275,0.31166366,-51.95111
716,1.5166659,91,0,22.701366,0.3201698,-51.97272
717,3.0166645,181,0,86.19279,0.3122383,-51.85798
718,1.1666663,70,0,24.97776,0.3173314,-51.891697
719,3.0166645,181,0,91.156364,0.31459525,-51.843395
720,3.0166645,181,0,275.8579,0.31369424,-51.799423
721,1.6999991,102,0,36.000595,0.31470308,-51.451454
722,1.6166658,97,0,109.55332,0.31196457,-51.475807
723,0.8999998,54,0,9.898741,0.31554934,-51.59782
724,2.799998,168,0,128.60834,0.3115503,-51.5357
725,1.2166662,73,0,1.2617874,0.3074593,-51.23191
726,1.5333326,92,0,25.979586,0.31625184,-51.34203
727,3.0166645,181,0,378.95316,0.31302392,-51.409176
728,0.9666664,58,0,1.7186713,0.31575686,-51.37454
729,1.6833324,101,0,41.21834,0.3137021,-51.26142
730,1.0333331,62,0,4.4760556,0.31296694,-51.272762
731,1.0166664,61,0,6.850031,0.31899613,-51.23741
732,1.3333328,80,0,3.1794949,0.31823644,-51.227364
733,0.68333334,41,0,1.2375699,0.30551788,-51.07222
734,1.0666664,64,0,2.996691,0.3109284,-51.143444
735,0.78333324,47,0,9.0123005,0.32022473,-50.918068
736,0.6666667,40,0,1.6976953,0.32582435,-51.005184
737,0.7999999,48,0,7.2671123,0.32265255,-50.873547
738,3.0166645,181,0,255.69391,0.324425,-50.947063
739,1.9333322,116,0,15.478101,0.3229278,-50.906765
740,1.4333327,86,0,65.22105,0.32668892,-50.885063
741,0.55000013,33,0,1.7962822,0.31035063,-50.94678
742,1.6666658,100,0,60.442787,0.32050097,-50.655643
743,0.8666665,52,0,11.825212,0.3227298,-50.96599
744,0.5333335,32,0,1.4070417,0.3370352,-50.891552
745,0.88333315,53,0,1.8525013,0.3219078,-50.621964
746,3.0166645,181,0,294.06558,0.3288785,-50.537067
747,1.1166663,67,0,5.471839,0.3321297,-50.380966
748,3.0166645,181,0,100.49088,0.32917342,-50.584076
749,3.0166645,181,0,278.7098,0.3290574,-50.408585
750,2.6833315,161,0,147.26973,0.32502005,-50.27821
751,3.0166645,181,0,6.819146,0.32666832,-50.318893
752,1.0999997,66,0,21.56312,0.32676417,-50.285667
753,1.2499995,75,0,6.533653,0.33520204,-50.09045
754,1.0999997,66,0,33.708595,0.330415,-50.195812
755,0.8666665,52,0,8.005974,0.34170562,-50.14922
756,1.6833324,101,0,65.22452,0.33864698,-49.963715
757,3.0166645,181,0,103.61809,0.33220086,-49.900215
758,0.94999975,57,0,3.842187,0.33488372,-49.996532
759,0.9666664,58,0,12.180894,0.33337787,-49.87559
760,3.0166645,181,0,17.474945,0.33921272,-49.82453
761,3.0166645,181,0,246.16432,0.34365103,-49.69827
762,3.0166645,181,0,410.0231,0.33843037,-49.702045
763,0.5333335,32,0,0.8447747,0.35399786,-49.65929
764,1.5166659,91,0,71.55691,0.35324427,-49.813503
765,0.58333343,35,0,2.463074,0.33706623,-49.34374
766,0.81666654,49,0,4.457722,0.344153,-49.56988
767,3.0166645,181,0,222.8318,0.34448695,-49.583134
768,3.0166645,181,0,351.8229,0.34954986,-49.66986
769,1.9666655,118,0,111.84848,0.34107268,-49.61328
770,3.0166645,181,0,337.80545,0.34962645,-49.63522
771,3.0166645,181,0,380.66806,0.35628712,-49.65294
772,1.416666,85,0,21.12985,0.34775808,-49.42766
773,1.0166664,61,0,11.952782,0.36231184,-49.431038
774,3.0166645,181,0,354.5985,0.35382986,-49.71403
775,1.9166656,115,0,39.822643,0.35055593,-49.791706
776,0.98333305,59,0,3.106883,0.3509981,-49.685745
777,3.0166645,181,0,198.9589,0.35642904,-49.83195
778,3.0166645,181,0,269.7066,0.354089,-49.79372
779,2.3166652,139,0,102.89339,0.35805863,-49.755363
780,1.1499996,69,0,3.3467658,0.35471895,-49.756752
781,1.1666663,70,0,1.581248,0.36732858,-49.767166
782,3.0166645,181,0,218.11053,0.36253744,-49.947445
783,2.9999979,180,0,138.91478,0.36073887,-49.795082
784,2.0499988,123,0,79.48685,0.36766437,-49.808083
785,0.9666664,58,0,2.5399234,0.36063695,-49.741436
786,1.0166664,61,0,2.3505573,0.35262367,-49.876186
787,1.8833323,113,0,9.430205,0.36529174,-49.971397
788,3.0166645,181,0,230.27519,0.36568132,-49.88546
789,0.74999994,45,0,0.7428177,0.3636374,-49.70931
790,0.7333333,44,0,5.434639,0.36184603,-49.82534
791,0.78333324,47,0,1.5167805,0.37314197,-50.144314
792,0.61666673,37,0,2.1898692,0.38416323,-50.092243
793,1.3999994,84,0,12.200141,0.3651657,-49.94194
794,1.2499995,75,0,0.8721108,0.36558855,-49.925144
795,0.81666654,49,0,0.94620097,0.3785932,-49.871017
796,0.74999994,45,0,1.4700139,0.37299204,-50.101913
797,2.7333314,164,0,209.49713,0.37203726,-49.932167
798,0.6666667,40,0,1.2233781,0.38148347,-50.10927
799,0.71666664,43,0,11.692818,0.38250092,-50.062904
800,0.7333333,44,0,1.8021963,0.37490183,-50.113358
801,1.0999997,66,0,62.66957,0.3721424,-50.070698
802,1.8833323,113,0,13.840189,0.3875319,-50.18729
803,2.2999985,138,0,67.059135,0.38751963,-50.13272
804,1.6333325,98,0,84.665634,0.38473967,-50.069202
805,1.1666663,70,0,0.2741311,0.39381966,-49.852257
806,0.5666668,34,0,2.2515178,0.39435363,-50.540943
807,0.94999975,57,0,1.7435989,0.40030944,-50.17831
808,1.4999993,90,0,4.661466,0.39904624,-50.246445
809,1.2999995,78,0,5.8928394,0.39717385,-50.105194
810,0.98333305,59,0,3.5649624,0.3972996,-50.531544
811,1.2666662,76,0,0.51600116,0.38620004,-50.38097
812,3.0166645,181,0,267.90802,0.38089478,-50.371006
813,3.0166645,181,0,209.58775,0.38341442,-50.353832
814,0.84999985,51,0,5.800155,0.37258503,-50.601078
815,0.61666673,37,0,0.7113423,0.37343642,-50.67605
816,1.7166657,103,0,29.355015,0.37958598,-50.639336
817,3.0166645,181,0,268.25995,0.38069132,-50.602715
818,1.2666662,76,0,15.516165,0.3742713,-50.658676
819,1.5333326,92,0,6.8585258,0.3822971,-50.718407
820,1.416666,85,0,1.3277651,0.37073046,-50.68784
821,1.2666662,76,0,1.9077795,0.38617757,-50.806175
822,0.7,42,0,1.3355738,0.38788083,-50.853718
823,0.7333333,44,0,0.91817725,0.36350113,-50.644806
824,0.78333324,47,0,14.537243,0.3784524,-50.591644
825,1.1999996,72,0,1.4451123,0.37731823,-50.917923
826,0.9333331,56,0,11.31951,0.37460053,-50.522404
827,1.8166656,109,0,6.671965,0.38312697,-50.74714
828,3.0166645,181,0,85.93564,0.38249376,-50.865234
829,0.61666673,37,0,1.1157646,0.37909645,-50.504684
830,3.0166645,181,0,198.21042,0.38919038,-50.828823
831,2.9833312,179,0,117.035995,0.37900448,-50.79513
832,3.0166645,181,0,245.99757,0.38101584,-50.837063
833,1.0499997,63,0,43.76615,0.37465155,-50.90286
834,3.0166645,181,0,326.81845,0.38435444,-50.926228
835,1.1999996,72,0,7.468285,0.38133633,-51.04584
836,1.0666664,64,0,3.694156,0.3757504,-51.11405
837,3.0166645,181,0,381.7383,0.37881362,-51.175297
838,1.7166657,103,0,22.982697,0.3930379,-51.227917
839,1.1999996,72,0,19.84089,0.38369656,-51.15112
840,0.71666664,43,0,1.1711112,0.3750652,-51.121403
841,1.5499992,93,0,22.675158,0.39436567,-51.1989
842,3.0166645,181,0,320.62656,0.38139433,-51.21024
843,1.6499991,99,0,14.312587,0.3820512,-51.22323
844,3.0166645,181,0,19.393314,0.38671875,-51.315624
845,0.7,42,0,2.5528896,0.38330406,-51.35372
846,1.133333,68,0,4.498077,0.3849821,-51.33849
847,3.0166645,181,0,448.97433,0.3857453,-51.48732
848,1.5666659,94,0,10.06786,0.39749232,-51.418888
849,3.0166645,181,0,137.03557,0.39306274,-51.607254
850,3.0166645,181,0,201.83315,0.3844675,-51.488014
851,0.7333333,44,0,3.5115552,0.36821726,-51.47846
852,3.0166645,181,0,418.2293,0.38108075,-51.61691
853,2.0666654,124,0,65.27908,0.38456544,-51.587555
854,2.3666651,142,0,11.707533,0.3785993,-51.53412
855,3.0166645,181,0,240.75563,0.37918377,-51.63457
856,0.7,42,0,3.9396036,0.37862995,-51.436577
857,1.0999997,66,0,25.860294,0.37449446,-51.43169
858,0.61666673,37,0,1.9181268,0.38370153,-51.73506
859,0.9333331,56,0,3.169785,0.39544198,-51.615852
860,2.2499986,135,0,3.031773,0.3800368,-51.558105
861,3.0166645,181,0,300.91663,0.37908024,-51.472298
862,0.58333343,35,0,1.7906518,0.38482195,-51.618378
863,1.4333327,86,0,26.639296,0.37135193,-51.674717
864,3.0166645,181,0,309.85986,0.3758446,-51.50179
865,1.5166659,91,0,9.121799,0.367938,-51.663265
866,0.65000004,39,0,3.791258,0.37224585,-51.672813
867,1.1166663,67,0,37.523636,0.37002468,-51.28947
868,1.133333,68,0,0.78599924,0.3672819,-51.45011
869,3.0166645,181,0,307.4444,0.36591956,-51.518147
870,2.516665,151,0,125.58861,0.37612128,-51.4606
871,0.78333324,47,0,3.8772411,0.38183603,-51.359993
872,1.5166659,91,0,19.700314,0.37708303,-51.439854
873,0.8666665,52,0,1.5312759,0.36111182,-51.41056
874,3.0166645,181,0,376.28137,0.3722952,-51.41121
875,2.3333318,140,0,135.44621,0.37536415,-51.217762
876,3.0166645,181,0,417.0611,0.36839217,-51.323975
877,3.0166645,181,0,385.2194,0.36099482,-51.52222
878,3.0166645,181,0,1.5984762,0.3649751,-51.388783
879,3.0166645,181,0,257.39285,0.36873585,-51.41018
880,3.0166645,181,0,266.8945,0.3728306,-51.418835
881,0.68333334,41,0,1.1352682,0.38347337,-51.516197
882,0.61666673,37,0,1.6418098,0.3802481,-51.584564
883,3.0166645,181,0,69.291916,0.37344566,-51.436203
884,3.0166645,181,0,136.22084,0.37420225,-51.284813
885,3.0166645,181,0,352.86548,0.35977557,-51.325474
886,3.0166645,181,0,351.58377,0.36769894,-51.530354
887,1.1166663,67,0,29.2674,0.36154425,-51.36932
888,3.0166645,181,0,242.32388,0.3690771,-51.364777
889,3.0166645,181,0,334.43756,0.37157065,-51.59915
890,0.9999997,60,0,2.3914003,0.37572104,-51.293118
891,1.2499995,75,0,7.2551455,0.378198,-51.503937
892,3.0166645,181,0,305.14703,0.37194932,-51.557274
893,0.8666665,52,0,8.44509,0.3791768,-51.35805
894,3.0166645,181,0,77.87079,0.3715615,-51.48881
895,3.0166645,181,0,401.5096,0.37479907,-51.52492
896,3.0166645,181,0,332.69843,0.37571725,-51.480293
897,0.9999997,60,0,1.2130561,0.36758822,-51.683483
898,1.2333329,74,0,3.157222,0.37594265,-51.574886
899,1.1666663,70,0,0.8185196,0.37885174,-51.7446
900,3.0166645,181,0,290.53314,0.3784972,-51.454113
901,3.0166645,181,0,474.2154,0.36778775,-51.688225
902,3.0166645,181,0,415.14774,0.3775636,-51.675716
903,3.0166645,181,0,231.97975,0.37447795,-51.76597
904,3.0166645,181,0,354.55597,0.37007475,-51.82578
905,0.74999994,45,0,0.7616896,0.37595704,-52.0052
906,3.0166645,181,0,379.9871,0.37840685,-51.845623
907,3.0166645,181,0,383.153,0.38079813,-52.18168
908,0.58333343,35,0,3.6433816,0.3819568,-52.225777
909,0.9333331,56,0,0.94637764,0.38065854,-52.04189
910,1.133333,68,0,0.8226699,0.3897513,-52.124535
911,1.1166663,67,0,0.9105253,0.3804345,-52.036205
912,1.2499995,75,0,5.9680204,0.39323986,-52.06806
913,0.7999999,48,0,1.77141,0.37762547,-52.20653
914,3.0166645,181,0,337.8317,0.38413632,-52.08438
915,3.0166645,181,0,387.00748,0.38353482,-52.30734
916,3.0166645,181,0,416.5841,0.38874364,-52.49539
917,0.91666645,55,0,12.910868,0.383995,-52.511036
918,3.0166645,181,0,336.2829,0.38681945,-52.714615
919,0.91666645,55,0,0.8579496,0.37806723,-52.731735
920,0.71666664,43,0,1.466144,0.38152722,-52.71535
921,3.0166645,181,0,423.4975,0.38171077,-52.629295
922,3.0166645,181,0,276.2892,0.38272935,-52.705242
923,1.5499992,93,0,7.5945287,0.37579575,-52.650482
924,3.0166645,181,0,273.36984,0.37667173,-52.815887
925,1.1833329,71,0,13.804571,0.3772202,-53.052956
926,3.0166645,181,0,469.8709,0.36873108,-53.152733
927,1.3666661,82,0,39.66308,0.3718348,-53.203827
928,0.5333335,32,0,0.7521157,0.3782612,-53.225628
929,3.0166645,181,0,321.1226,0.3744064,-53.178345
930,3.0166645,181,0,341.17184,0.37128428,-53.379982
931,3.0166645,181,0,285.34216,0.37166107,-53.100597
932,0.74999994,45,0,0.74964267,0.3786572,-53.520996
933,3.0166645,181,0,365.34454,0.3791632,-53.34928
934,1.3166661,79,0,2.371132,0.37662742,-53.329254
935,3.0166645,181,0,349.6982,0.37687406,-53.515625
936,3.0166645,181,0,367.45615,0.37094316,-53.57852
937,3.0166645,181,0,347.5792,0.37127376,-53.668766
938,3.0166645,181,0,299.71588,0.370319,-53.78602
939,3.0166645,181,0,252.64893,0.35996097,-54.121895
940,3.0166645,181,0,313.53778,0.36181152,-54.169342
941,2.9333313,176,0,4.2928104,0.3632541,-54.23659
942,3.0166645,181,0,372.42297,0.36701477,-54.1796
943,3.0166645,181,0,423.23993,0.36113104,-54.357616
944,0.6333334,38,0,0.5514254,0.3588215,-54.430553
945,3.0166645,181,0,279.8734,0.36033177,-54.599346
946,3.0166645,181,0,361.0031,0.35715285,-54.570797
947,3.0166645,181,0,387.28214,0.35928312,-54.727627
948,3.0166645,181,0,121.451385,0.35114598,-54.794926
949,3.0166645,181,0,412.48337,0.35565674,-54.72235
950,3.0166645,181,0,164.72943,0.35465196,-54.87738
951,1.0666664,64,0,1.3438557,0.35954863,-55.08467
952,3.0166645,181,0,268.74197,0.3649173,-55.11365
953,3.0166645,181,0,380.20108,0.3636211,-55.036896
954,3.0166645,181,0,368.18704,0.35936627,-55.114166
955,3.0166645,181,0,304.99045,0.35978273,-54.91558
956,3.0166645,181,0,268.72736,0.35655957,-55.21863
957,3.0166645,181,0,353.01633,0.359951,-55.412994
958,0.94999975,57,0,14.357073,0.35718268,-55.676964
959,3.0166645,181,0,367.1823,0.34951338,-55.482254
960,3.0166645,181,0,401.28366,0.36028597,-55.38159
961,0.7666666,46,0,8.784903,0.3541896,-55.660336
962,1.2333329,74,0,4.0902824,0.34609586,-55.54777
963,1.6833324,101,0,24.3318,0.3553293,-55.656837
964,3.0166645,181,0,398.64764,0.35353118,-55.817043
965,0.9999997,60,0,2.8584905,0.35306752,-55.750202
966,3.0166645,181,0,331.9747,0.35701418,-55.733234
967,3.0166645,181,0,375.9749,0.35103694,-55.92224
968,1.2166662,73,0,12.695362,0.36640072,-56.05641
969,3.0166645,181,0,293.10474,0.34968698,-56.039112
970,0.98333305,59,0,3.55027,0.3477014,-55.794563
971,3.0166645,181,0,391.98502,0.3608594,-56.064125
972,3.0166645,181,0,369.0402,0.3538074,-56.122345
973,1.0666664,64,0,9.236512,0.35021278,-56.025887
974,1.7833323,107,0,5.9061165,0.36057195,-56.16927
975,3.0166645,181,0,192.08319,0.35556558,-56.06412
976,0.8333332,50,0,2.2021003,0.35836473,-56.204132
977,3.0166645,181,0,394.08997,0.35821483,-56.175346
978,3.0166645,181,0,277.79645,0.35053945,-56.36729
979,0.9666664,58,0,23.360426,0.3546758,-56.833965
980,3.0166645,181,0,340.73288,0.35053957,-56.420757
981,1.1166663,67,0,5.1676135,0.36006394,-56.40301
982,3.0166645,181,0,201.3624,0.35303906,-56.558086
983,3.0166645,181,0,267.21652,0.35717028,-56.46143
984,0.7,42,0,4.7038155,0.35390764,-56.568237
985,3.0166645,181,0,366.20758,0.35081455,-56.64019
986,1.7333324,104,0,27.691856,0.35215864,-56.834206
987,3.0166645,181,0,299.0169,0.3504911,-56.650875
988,3.0166645,181,0,410.55643,0.34906453,-56.776455
989,3.0166645,181,0,381.99612,0.34657264,-56.899303
990,3.0166645,181,0,380.46982,0.34592688,-56.93804
991,0.8333332,50,0,1.7444308,0.34233272,-56.76237
992,0.88333315,53,0,2.1354592,0.34853044,-56.913334
993,3.0166645,181,0,421.3834,0.3437604,-57.182613
994,3.0166645,181,0,380.95676,0.33682457,-56.910286
995,1.0499997,63,0,5.2742996,0.3316197,-57.19428
996,3.0166645,181,0,423.9975,0.3361539,-57.044807
997,3.0166645,181,0,271.76022,0.33237943,-57.249607
998,3.0166645,181,0,251.36185,0.33706295,-57.71118
999,3.0166645,181,0,296.43634,0.33504304,-57.50713
1000,3.0166645,181,0,271.94547,0.3357252,-57.464226
1001,3.0166645,181,0,427.16574,0.33473033,-57.462696
1002,1.5666659,94,0,19.06202,0.33210808,-57.67651
1003,3.0166645,181,0,329.07938,0.3225026,-57.628967
1004,1.4499993,87,0,8.364323,0.331612,-57.68036
1005,3.0166645,181,0,252.89442,0.32585964,-57.766857
1006,3.0166645,181,0,323.3408,0.32296684,-57.746395
1007,3.0166645,181,0,420.8346,0.31736228,-57.597805
1008,1.5333326,92,0,2.2062638,0.31399578,-57.6847
1009,3.0166645,181,0,378.52768,0.31672424,-58.12962
1010,1.9999988,120,0,79.04558,0.3151333,-57.874058
1011,3.0166645,181,0,422.23608,0.31046385,-58.05232
1012,0.84999985,51,0,0.79876053,0.30778274,-58.021954
1013,1.1499996,69,0,1.0192932,0.31344664,-58.347607
1014,3.0166645,181,0,428.56348,0.30988237,-58.064766
1015,3.0166645,181,0,242.8489,0.30728513,-58.439426
1016,3.0166645,181,0,170.11781,0.3019049,-58.2582
1017,1.4499993,87,0,1.5856537,0.31233564,-58.0719
1018,3.0166645,181,0,316.2739,0.30994603,-58.226437
1019,3.0166645,181,0,441.67758,0.30741712,-58.297207
1020,3.0166645,181,0,257.9468,0.30202654,-58.26975
1021,3.0166645,181,0,267.97,0.3038419,-58.513504
1022,2.4333317,146,0,8.682599,0.3010422,-58.363506
1023,1.4833326,89,0,10.922737,0.30525324,-58.281666
1024,3.0166645,181,0,129.74005,0.303841,-58.270866
1025,3.0166645,181,0,418.80023,0.3052652,-58.60495
1026,3.0166645,181,0,376.83545,0.29918423,-58.4636
1027,3.0166645,181,0,200.48637,0.29894948,-58.554245
1028,1.0333331,62,0,3.849342,0.29214293,-58.664543
1029,3.0166645,181,0,19.853582,0.29852,-58.423077
1030,3.0166645,181,0,93.502556,0.2990043,-58.723644
1031,3.0166645,181,0,259.86758,0.29951757,-58.63999
1032,1.0666664,64,0,2.6623073,0.2963678,-58.49986
1033,3.0166645,181,0,345.70728,0.2978712,-58.69497
1034,3.0166645,181,0,22.676111,0.29275224,-58.65016
1035,3.0166645,181,0,156.2826,0.29656866,-58.679245
1036,3.0166645,181,0,348.522,0.29448852,-58.730267
1037,1.2666662,76,0,5.611234,0.28954762,-58.72564
1038,0.65000004,39,0,1.0845482,0.29808873,-58.61344
1039,1.8166656,109,0,4.2993503,0.29052293,-58.575073
1040,3.0166645,181,0,463.44308,0.29381356,-58.53381
1041,0.8666665,52,0,1.0615511,0.27992964,-58.925045
1042,3.0166645,181,0,497.22055,0.2889757,-58.684555
1043,2.2833319,137,0,4.22736,0.28870097,-58.84763
1044,0.7333333,44,0,0.48343223,0.28526798,-58.487194
1045,3.0166645,181,0,335.56494,0.2863637,-58.805508
1046,1.1999996,72,0,2.0507903,0.27770272,-58.85397
1047,3.0166645,181,0,396.57306,0.2856978,-58.881428
1048,3.0166645,181,0,105.36334,0.28377968,-59.12982
1049,3.0166645,181,0,407.78015,0.28569943,-58.96867
1050,2.183332,131,0,0.90843725,0.2846187,-59.086056
1051,3.0166645,181,0,2.6289215,0.28459552,-58.993633
1052,3.0166645,181,0,45.115257,0.2832077,-59.05854
1053,3.0166645,181,0,398.17615,0.2828663,-59.1168
1054,3.0166645,181,0,416.2327,0.28032008,-58.84153
1055,2.6333315,158,0,21.525732,0.2840261,-58.96513
1056,2.0166655,121,0,2.4355576,0.275732,-59.180817
1057,2.1499987,129,0,32.938396,0.28389618,-58.933514
1058,1.3499994,81,0,1.7644581,0.279735,-58.93732
1059,1.0166664,61,0,1.4604403,0.27861428,-59.14416
1060,0.7333333,44,0,7.841317,0.28458035,-58.65683
1061,3.0166645,181,0,148.25432,0.2846457,-59.0809
1062,2.949998,177,0,101.32239,0.28103107,-59.010323
1063,3.0166645,181,0,484.84232,0.281202,-59.006203
1064,1.3833327,83,0,6.32574,0.2757928,-59.129528
1065,0.55000013,33,0,2.816227,0.28913763,-59.317448
1066,3.0166645,181,0,447.46445,0.2834366,-59.24433
1067,1.9833322,119,0,6.208843,0.281184,-59.31812
1068,0.88333315,53,0,4.039596,0.28115287,-59.240196
1069,3.0166645,181,0,185.05174,0.27841464,-59.434277
1070,1.849999,111,0,13.08175,0.27812138,-59.3095
1071,1.4499993,87,0,7.8992486,0.27753052,-59.294914
1072,3.0166645,181,0,11.608266,0.2795932,-59.302116
1073,2.183332,131,0,4.5754137,0.28048095,-59.450336
1074,3.0166645,181,0,482.7254,0.2764652,-59.262337
1075,3.0166645,181,0,375.34702,0.28103125,-59.230236
1076,3.0166645,181,0,447.57053,0.2794895,-59.379387
1077,3.0166645,181,0,361.004,0.280268,-59.223694
1078,0.58333343,35,0,1.7147846,0.2819227,-59.107838
1079,3.0166645,181,0,361.04974,0.27744073,-59.273243
1080,3.0166645,181,0,404.03726,0.27858093,-59.572495
1081,3.0166645,181,0,385.40274,0.27587348,-59.479
1082,1.2499995,75,0,9.198445,0.27129352,-59.596794
1083,3.0166645,181,0,390.30453,0.27981088,-59.70125
1084,2.466665,148,0,20.280252,0.27469748,-59.50262
1085,3.0166645,181,0,137.17868,0.27669433,-59.507633
1086,1.4333327,86,0,26.571987,0.26644605,-59.48045
1087,3.0166645,181,0,200.36401,0.28083292,-59.824295
1088,3.0166645,181,0,367.27658,0.276254,-59.45047
1089,2.899998,174,0,3.7631848,0.27499285,-59.764965
1090,3.0166645,181,0,456.51276,0.27327508,-59.57979
1091,3.0166645,181,0,401.35526,0.27861694,-59.65028
1092,0.81666654,49,0,6.642706,0.28019056,-59.37128
1093,0.81666654,49,0,1.3339905,0.27164432,-59.592873
1094,3.0166645,181,0,455.56665,0.28048733,-59.5059
1095,3.0166645,181,0,423.1938,0.2701411,-59.759426
1096,2.233332,134,0,23.476242,0.27843216,-59.796703
1097,3.0166645,181,0,52.55758,0.2750772,-59.408554
1098,2.133332,128,0,13.598237,0.2766494,-59.84385
1099,3.0166645,181,0,140.85777,0.27348024,-59.85303
1100,3.0166645,181,0,82.89738,0.2814068,-59.69388
1101,3.0166645,181,0,377.98428,0.28058216,-59.76807
1102,0.7666666,46,0,4.1857586,0.27253115,-59.75792
1103,0.7,42,0,1.32645,0.2717098,-59.846832
1104,3.0166645,181,0,392.99258,0.27578476,-59.82527
1105,1.2499995,75,0,0.9990655,0.2763302,-59.967896
1106,3.0166645,181,0,457.4747,0.28054357,-59.533802
1107,1.9166656,115,0,1.8886691,0.27947146,-59.81136
1108,3.0166645,181,0,432.49234,0.28517577,-59.453205
1109,0.7,42,0,1.4305459,0.29788694,-59.940453
1110,3.0166645,181,0,385.42178,0.28823853,-59.69034
1111,3.0166645,181,0,329.12875,0.2840915,-59.59167
1112,3.0166645,181,0,394.02643,0.28101262,-59.907913
1113,3.0166645,181,0,229.5281,0.28512174,-60.19642
1114,3.0166645,181,0,359.82315,0.28423613,-60.256634
1115,3.0166645,181,0,402.68625,0.2878682,-60.1495
1116,1.2166662,73,0,20.177954,0.28898168,-59.933353
1117,3.0166645,181,0,427.6458,0.2875506,-60.19477
1118,1.6499991,99,0,48.20009,0.28652555,-60.431274
1119,3.0166645,181,0,408.12256,0.2891861,-60.255424
1120,3.0166645,181,0,277.25006,0.28556073,-60.398804
1121,3.0166645,181,0,312.37433,0.2897259,-60.6128
1122,1.3333328,80,0,34.50986,0.2830169,-60.664425
1123,3.0166645,181,0,412.17987,0.29083365,-60.601524
1124,3.0166645,181,0,315.22342,0.28777018,-60.682667
1125,3.0166645,181,0,414.383,0.2829663,-61.019897
1126,3.0166645,181,0,427.02713,0.2822004,-61.266247
1127,3.0166645,181,0,405.28806,0.28490746,-61.047573
1128,3.0166645,181,0,458.7009,0.2851599,-61.181183
1129,3.0166645,181,0,389.64377,0.28642744,-61.706
1130,3.0166645,181,0,265.81082,0.28781766,-61.447456
1131,3.0166645,181,0,326.56372,0.28830716,-61.60916
1132,3.0166645,181,0,325.75104,0.28702596,-61.74087
1133,3.0166645,181,0,401.06488,0.2851919,-61.995506
1134,3.0166645,181,0,342.23593,0.2985345,-61.78789
1135,3.0166645,181,0,7.0018635,0.28859738,-62.298393
1136,3.0166645,181,0,287.30344,0.2812393,-62.087368
1137,0.94999975,57,0,1.5065879,0.27740693,-61.85507
1138,3.0166645,181,0,431.82028,0.2898325,-62.278736
1139,1.2999995,78,0,2.2673411,0.294173,-61.861366
1140,3.0166645,181,0,353.9923,0.28606963,-62.40344
1141,3.0166645,181,0,259.87387,0.28897327,-62.464706
1142,3.0166645,181,0,316.09082,0.2937615,-62.595016
1143,1.8999989,114,0,30.711927,0.2895737,-62.635372
1144,3.0166645,181,0,437.31738,0.28965294,-62.87879
1145,3.0166645,181,0,347.01892,0.28897908,-62.89614
1146,1.0166664,61,0,2.2628922,0.29064354,-63.095123
1147,3.0166645,181,0,410.64798,0.28736216,-63.226192
1148,3.0166645,181,0,466.06125,0.2936206,-63.24149
1149,3.0166645,181,0,219.54454,0.29061612,-63.473736
1150,3.0166645,181,0,414.65234,0.2961087,-63.540672
1151,3.0166645,181,0,426.09875,0.29519513,-63.875504
1152,1.2999995,78,0,2.163222,0.28835583,-63.75881
1153,3.0166645,181,0,423.731,0.29560384,-64.002
1154,1.3333328,80,0,8.201648,0.29240686,-64.49035
1155,3.0166645,181,0,365.63635,0.28799862,-63.96478
1156,1.2333329,74,0,9.502136,0.2949647,-64.55313
1157,3.0166645,181,0,128.89261,0.29652777,-64.33869
1158,3.0166645,181,0,383.46265,0.29646716,-64.58495
1159,3.0166645,181,0,133.75583,0.29431808,-64.44629
1160,3.0166645,181,0,369.6712,0.2962568,-64.43109
1161,3.0166645,181,0,387.18732,0.29571754,-64.92933
1162,1.6833324,101,0,6.6398907,0.3018809,-65.23093
1163,3.0166645,181,0,9.016764,0.2961177,-65.04972
1164,3.0166645,181,0,444.08997,0.29738188,-65.13537
1165,3.0166645,181,0,333.29633,0.30012792,-65.35791
1166,3.0166645,181,0,197.25108,0.2996266,-65.34082
1167,1.6333325,98,0,3.9328642,0.30205908,-65.06649
1168,1.5999992,96,0,0.70516974,0.3085739,-65.30074
1169,1.5999992,96,0,0.9997688,0.31222045,-65.91842
1170,3.0166645,181,0,466.9305,0.30791968,-65.71045
1171,3.0166645,181,0,311.32092,0.30944526,-65.84161
1172,3.0166645,181,0,14.973388,0.3125631,-66.05359
1173,3.0166645,181,0,330.21088,0.31340262,-66.15892
1174,3.0166645,181,0,418.1748,0.30952144,-66.22486
1175,3.0166645,181,0,343.3685,0.31279582,-66.441505
1176,3.0166645,181,0,34.50371,0.31910223,-66.4787
1177,3.0166645,181,0,420.85275,0.31765467,-66.8702
1178,3.0166645,181,0,401.12775,0.31740665,-67.04414
1179,3.0166645,181,0,459.99072,0.32228175,-67.5415
1180,3.0166645,181,0,378.16602,0.32778168,-67.83116
1181,0.9333331,56,0,0.953048,0.33160746,-67.690056
1182,3.0166645,181,0,397.22748,0.3356105,-67.52804
1183,1.8666656,112,0,4.9958973,0.33292538,-67.70174
1184,3.0166645,181,0,339.8493,0.32985395,-67.83094
1185,0.7333333,44,0,8.575077,0.33442378,-68.255486
1186,3.0166645,181,0,319.39764,0.33697942,-67.99789
1187,3.0166645,181,0,405.56863,0.3383963,-68.288704
1188,3.0166645,181,0,303.85223,0.3359457,-68.59133
1189,3.0166645,181,0,342.5654,0.3402463,-68.76005
1190,3.0166645,181,0,382.959,0.3411195,-68.92021
1191,3.0166645,181,0,386.0718,0.34261745,-69.00715
1192,3.0166645,181,0,236.8599,0.34007162,-69.284
1193,3.0166645,181,0,358.8973,0.34441057,-69.40973
1194,0.5333335,32,0,2.1500566,0.3318156,-69.77759
1195,3.0166645,181,0,406.28683,0.33542958,-69.52797
1196,3.0166645,181,0,299.30054,0.3290863,-69.66302
1197,3.0166645,181,0,477.75735,0.32550943,-70.205246
1198,3.0166645,181,0,371.22678,0.34089416,-70.16601
1199,3.0166645,181,0,363.17505,0.33524692,-70.26671
1200,3.0166645,181,0,201.07985,0.33306214,-70.55948
1201,3.0166645,181,0,15.617293,0.33694366,-70.792076
1202,3.0166645,181,0,418.18103,0.33147982,-70.66189
1203,3.0166645,181,0,433.07053,0.32991084,-70.78473
1204,3.0166645,181,0,343.83063,0.33299032,-71.18583
1205,3.0166645,181,0,309.04642,0.32768327,-71.337265
1206,3.0166645,181,0,259.63605,0.33440328,-71.43853
1207,3.0166645,181,0,414.82858,0.3315064,-71.64794
1208,3.0166645,181,0,292.08307,0.33071983,-71.95174
1209,0.6333334,38,0,13.445045,0.32829955,-72.04355
1210,0.48333353,29,0,1.9474775,0.32838586,-72.06634
1211,3.0166645,181,0,310.56607,0.32660246,-72.11067
1212,3.0166645,181,0,288.12408,0.33214918,-72.29688
1213,3.0166645,181,0,363.1171,0.34034485,-72.31829
1214,3.0166645,181,0,299.7421,0.33693415,-72.566376
1215,1.1166663,67,0,2.2700472,0.34285483,-72.70708
1216,3.0166645,181,0,264.83813,0.3393707,-72.43226
1217,3.0166645,181,0,353.8505,0.33156392,-72.64285
1218,3.0166645,181,0,412.49768,0.32986724,-72.833885
1219,0.84999985,51,0,22.3826,0.3205758,-73.34874
1220,3.0166645,181,0,348.72836,0.32737032,-73.349
1221,3.0166645,181,0,296.14737,0.32767886,-73.26638
1222,3.0166645,181,0,162.5946,0.3261716,-73.19595
1223,0.46666685,28,0,2.7783062,0.33096108,-73.23768
1224,3.0166645,181,0,315.08716,0.32635042,-73.50204
1225,3.0166645,181,0,312.9497,0.32865095,-73.73329
1226,0.4333335,26,0,0.8600155,0.33665836,-73.57365
1227,3.0166645,181,0,397.0712,0.3250907,-73.798615
1228,3.0166645,181,0,323.99445,0.3265242,-73.856445
1229,3.0166645,181,0,334.4132,0.31830302,-74.04952
1230,3.0166645,181,0,317.4652,0.32958746,-74.33153
1231,3.0166645,181,0,272.70566,0.31994513,-74.04639
1232,3.0166645,181,0,359.03665,0.32214388,-74.365585
1233,3.0166645,181,0,352.11655,0.32038528,-74.42185
1234,3.0166645,181,0,320.46362,0.32008576,-74.58871
1235,3.0166645,181,0,337.57593,0.31841302,-74.44087
1236,3.0166645,181,0,183.13608,0.31401703,-74.78
1237,3.0166645,181,0,322.4149,0.31431097,-74.740456
1238,3.0166645,181,0,304.21063,0.31957915,-74.76914
1239,3.0166645,181,0,213.23044,0.32365677,-75.09232
1240,3.0166645,181,0,254.15921,0.3191095,-74.9668
1241,3.0166645,181,0,157.51466,0.32315263,-75.18817
1242,3.0166645,181,0,366.77942,0.32341793,-75.480576
1243,3.0166645,181,0,269.31317,0.3255979,-75.25673
1244,3.0166645,181,0,165.01999,0.3279534,-75.64177
1245,1.7833323,107,0,1.7282323,0.3186555,-75.15266
1246,3.0166645,181,0,421.27313,0.32377076,-75.6766
1247,3.0166645,181,0,359.08655,0.32211202,-76.18107
1248,3.0166645,181,0,262.60684,0.3288623,-75.7295
1249,1.799999,108,0,66.40419,0.3294393,-75.90848
1250,3.0166645,181,0,344.99884,0.33711314,-76.03235
1251,3.0166645,181,0,280.32965,0.33378762,-76.11529
1252,3.0166645,181,0,138.35315,0.33659863,-76.14353
1253,3.0166645,181,0,292.28656,0.3464371,-75.91758
1254,1.0333331,62,0,2.2210693,0.33768207,-76.21101
1255,3.0166645,181,0,275.80164,0.33680192,-76.444824
1256,3.0166645,181,0,150.83086,0.3477007,-76.3527
1257,3.0166645,181,0,248.45386,0.34115702,-76.39748
1258,3.0166645,181,0,243.84764,0.35247043,-76.68437
1259,3.0166645,181,0,210.54852,0.35434312,-76.551994
1260,3.0166645,181,0,292.5716,0.34920016,-76.37325
1261,3.0166645,181,0,342.06744,0.35349044,-76.81323
1262,3.0166645,181,0,272.84512,0.3592962,-76.74565
1263,3.0166645,181,0,314.92096,0.35168552,-76.62791
1264,1.1166663,67,0,2.983373,0.36050782,-76.6265
1265,1.1166663,67,0,18.659773,0.3572537,-76.736046
1266,3.0166645,181,0,259.32397,0.35919666,-76.815094
1267,3.0166645,181,0,279.15854,0.3633099,-77.03837
1268,3.0166645,181,0,403.44055,0.35876715,-76.7654
1269,3.0166645,181,0,228.75647,0.36388874,-76.7305
1270,3.0166645,181,0,151.30928,0.36237663,-77.09947
1271,3.0166645,181,0,195.0889,0.36606774,-76.89384
1272,3.0166645,181,0,205.50862,0.3571841,-77.151634
1273,1.1666663,70,0,5.19945,0.3645006,-76.992195
1274,1.4333327,86,0,52.04095,0.36751777,-76.80607
1275,2.133332,128,0,28.067257,0.35979986,-77.34158
1276,3.0166645,181,0,244.85173,0.36445698,-77.41252
1277,3.0166645,181,0,309.99823,0.3721874,-77.42372
1278,2.1666653,130,0,24.270498,0.37270093,-77.259514
1279,0.6333334,38,0,1.2938023,0.35521242,-77.831924
1280,3.0166645,181,0,185.57578,0.36939925,-77.37844
1281,0.68333334,41,0,3.4293633,0.3596838,-77.566216
1282,3.0166645,181,0,355.6916,0.37470236,-77.46382
1283,2.3166652,139,0,18.135536,0.37469274,-77.785515
1284,3.0166645,181,0,320.19357,0.37256318,-77.51518
1285,2.2166653,133,0,65.06472,0.3814856,-77.41753
1286,2.9166646,175,0,21.051159,0.37153682,-77.5285
1287,2.083332,125,0,53.849064,0.38563952,-77.52511
1288,3.0166645,181,0,216.93063,0.3810178,-77.23242
1289,1.6333325,98,0,28.612856,0.38499436,-77.305016
1290,1.5833325,95,0,5.3220215,0.38885126,-77.304695
1291,3.0166645,181,0,254.92697,0.39115757,-77.609024
1292,1.3333328,80,0,2.9614494,0.38503763,-77.4343
1293,0.8666665,52,0,3.2387686,0.3743328,-77.318695
1294,3.0166645,181,0,320.5769,0.38722748,-77.61806
1295,3.0166645,181,0,284.79333,0.39010265,-77.58102
1296,3.0166645,181,0,381.95587,0.39140323,-77.42702
1297,3.0166645,181,0,297.7283,0.40256917,-77.42439
1298,3.0166645,181,0,228.6026,0.39312667,-77.957726
1299,3.0166645,181,0,202.341,0.39554712,-77.72504
1300,2.183332,131,0,9.120321,0.41431826,-77.55898
1301,3.0166645,181,0,312.98956,0.405429,-77.85178
1302,1.2166662,73,0,3.0421827,0.41026613,-77.85474
1303,3.0166645,181,0,258.53702,0.41226685,-77.569496
1304,1.416666,85,0,52.64035,0.41976336,-77.82261
1305,1.3166661,79,0,17.483576,0.4070321,-77.73071
1306,3.0166645,181,0,311.08447,0.4078822,-77.75371
1307,3.0166645,181,0,341.5898,0.41168875,-77.959785
1308,3.0166645,181,0,190.42525,0.4170988,-77.53306
1309,3.0166645,181,0,338.1901,0.41617703,-77.950455
1310,3.0166645,181,0,141.62498,0.43322277,-77.98711
1311,3.0166645,181,0,307.65707,0.44351187,-77.786575
1312,3.0166645,181,0,158.5268,0.43835932,-77.82384
1313,0.8666665,52,0,4.1479,0.43467396,-77.79458
1314,3.0166645,181,0,172.30775,0.45615596,-77.85688
1315,3.0166645,181,0,231.63368,0.4461443,-77.990746
1316,2.0666654,124,0,43.831573,0.4609551,-77.922005
1317,3.0166645,181,0,190.42188,0.46114767,-77.75996
1318,3.0166645,181,0,321.40942,0.46562618,-77.98419
1319,1.3666661,82,0,45.879105,0.4732129,-77.79373
1320,3.0166645,181,0,317.299,0.46840876,-78.25834
1321,3.0166645,181,0,283.4048,0.47417578,-78.039474
1322,1.1499996,69,0,42.897144,0.477152,-77.81541
1323,3.0166645,181,0,270.24347,0.4831016,-78.27159
1324,0.65000004,39,0,2.6089473,0.49052796,-78.01614
1325,3.0166645,181,0,281.4509,0.4847604,-78.269905
1326,1.466666,88,0,27.422749,0.4962455,-78.28789
1327,3.0166645,181,0,282.3375,0.50004077,-78.1579
1328,3.0166645,181,0,166.01292,0.4911206,-78.34762
1329,1.2499995,75,0,8.985921,0.5138467,-78.3483
1330,1.2833328,77,0,13.367696,0.50943464,-78.232735
1331,3.0166645,181,0,240.0208,0.5031947,-78.29407
1332,0.8999998,54,0,1.8258715,0.5233896,-78.569405
1333,0.81666654,49,0,8.92095,0.50454175,-78.52588
1334,3.0166645,181,0,191.75114,0.51648784,-78.55724
1335,3.0166645,181,0,230.84103,0.51168776,-78.45488
1336,1.133333,68,0,7.121562,0.49858603,-78.45344
1337,3.0166645,181,0,115.46035,0.5226935,-78.44643
1338,3.0166645,181,0,122.61511,0.5418798,-78.77393
1339,3.0166645,181,0,147.53828,0.5318365,-78.86848
1340,0.8666665,52,0,3.396283,0.53721786,-78.66319
1341,3.0166645,181,0,146.9856,0.5412707,-78.88368
1342,0.68333334,41,0,1.9455785,0.5439044,-78.86907
1343,1.1499996,69,0,0.59311104,0.5467452,-78.724396
1344,0.71666664,43,0,0.54915905,0.54780316,-78.55717
1345,1.2666662,76,0,24.75509,0.55231583,-78.5366
1346,0.7,42,0,0.6725173,0.56114125,-78.79533
1347,1.1166663,67,0,16.41182,0.54369986,-78.9608
1348,3.0166645,181,0,243.60768,0.5534692,-79.00273
1349,0.7999999,48,0,2.412321,0.55649215,-78.72136
1350,1.2666662,76,0,0.661914,0.56038463,-78.97635
1351,3.0166645,181,0,122.980545,0.56370676,-79.01822
1352,3.0166645,181,0,224.81749,0.5526595,-79.23907
1353,1.0999997,66,0,0.42168808,0.56714386,-78.99522
1354,2.7666647,166,0,122.871086,0.5692718,-79.27754
1355,3.0166645,181,0,112.03497,0.57187927,-79.441315
1356,3.0166645,181,0,114.90674,0.5922605,-79.31324
1357,3.0166645,181,0,104.54535,0.5968575,-79.20108
1358,0.9333331,56,0,1.3420953,0.5881875,-79.6649
1359,3.0166645,181,0,158.84322,0.5920382,-79.28518
1360,1.0333331,62,0,3.6347702,0.60070056,-79.45845
1361,3.0166645,181,0,127.59446,0.60225964,-79.52366
1362,3.0166645,181,0,123.20808,0.6061834,-79.62969
1363,3.0166645,181,0,72.990776,0.6054225,-79.44207
1364,3.0166645,181,0,143.3532,0.61532706,-79.482574
1365,3.0166645,181,0,107.960556,0.62321216,-79.9576
1366,3.0166645,181,0,62.621727,0.62902975,-79.59233
1367,1.3499994,81,0,1.6613702,0.64549696,-79.345085
1368,2.1499987,129,0,41.37615,0.64054066,-79.700836
1369,3.0166645,181,0,56.938637,0.62959117,-79.63694
1370,3.0166645,181,0,176.23666,0.67267793,-79.948906
1371,3.0166645,181,0,210.3358,0.6842835,-80.14716
1372,2.2166653,133,0,14.341033,0.6825867,-80.25764
1373,1.9333322,116,0,33.434643,0.69876444,-80.0751
1374,3.0166645,181,0,95.03986,0.6948723,-80.15128
1375,3.0166645,181,0,131.24164,0.7069565,-80.196205
1376,0.7,42,0,3.6745226,0.70921886,-80.66051
1377,0.5000002,30,0,0.59350675,0.7055103,-80.5604
1378,0.5166668,31,0,1.1255083,0.69362724,-80.47812
1379,3.0166645,181,0,148.22656,0.7276654,-80.57543
1380,1.5333326,92,0,13.416277,0.7133957,-80.454056
1381,1.6333325,98,0,73.16835,0.7260337,-80.49294
1382,2.6999981,162,0,121.722336,0.72783434,-80.535995
1383,1.8833323,113,0,85.69409,0.71646917,-80.7845
1384,3.0166645,181,0,137.74811,0.7417961,-80.69001
1385,2.3499985,141,0,98.486115,0.7355233,-80.9281
1386,3.0166645,181,0,128.49477,0.7543783,-80.69789
1387,3.0166645,181,0,248.62256,0.7559077,-81.24247
1388,3.0166645,181,0,187.25507,0.7580015,-81.3911
1389,2.2999985,138,0,104.4917,0.76574594,-81.560936
1390,2.9833312,179,0,132.92824,0.7569146,-81.42066
1391,0.5666668,34,0,0.42339495,0.78004026,-81.61523
1392,1.0166664,61,0,4.4501753,0.7952878,-80.936424
1393,3.0166645,181,0,203.51892,0.77524674,-81.33298
1394,3.0166645,181,0,158.06172,0.79823804,-81.366066
1395,3.0166645,181,0,184.4362,0.7952596,-81.5569
1396,3.0166645,181,0,205.28445,0.7840695,-82.04725
1397,3.0166645,181,0,260.21655,0.8081688,-81.635
1398,3.0166645,181,0,171.69957,0.8360933,-82.06812
1399,0.98333305,59,0,5.5817814,0.86399275,-81.45125
1400,0.8999998,54,0,1.5191075,0.8496099,-82.274704
1401,3.0166645,181,0,229.25616,0.84138405,-81.92455
1402,0.65000004,39,0,3.5937037,0.86152667,-82.15183
1403,3.0166645,181,0,250.22757,0.8898016,-81.9988
1404,1.083333,65,0,11.884187,0.8818322,-82.79417
1405,3.0166645,181,0,225.46402,0.8997754,-82.198524
1406,3.0166645,181,0,168.16061,0.9116569,-82.20601
1407,2.7833314,167,0,46.447426,0.9110704,-82.28508
1408,0.71666664,43,0,1.8743346,0.89752614,-82.18769
1409,3.0166645,181,0,228.19241,0.91557056,-82.586365
1410,3.0166645,181,0,239.37628,0.9181909,-82.532295
1411,3.0166645,181,0,163.22404,0.96036536,-82.674095
1412,3.0166645,181,0,230.79088,0.97475505,-82.935555
1413,3.0166645,181,0,219.45374,0.9923456,-83.1054
1414,3.0166645,181,0,122.49286,1.0078013,-83.27671
1415,3.0166645,181,0,185.58594,1.0100673,-83.17429
1416,3.0166645,181,0,193.00487,1.0323838,-83.59382
1417,0.6000001,36,0,1.3391608,1.0040793,-83.72627
1418,0.98333305,59,0,2.7014873,1.0867554,-83.34793
1419,3.0166645,181,0,174.43471,1.0533555,-83.44121
1420,3.0166645,181,0,194.56473,1.0333704,-83.558815
1421,3.0166645,181,0,152.98985,1.0462829,-83.45373
1422,3.0166645,181,0,235.87436,1.0269954,-83.84111
1423,0.5000002,30,0,3.529145,0.9992672,-84.3452
1424,3.0166645,181,0,172.60721,1.0381434,-83.82412
1425,2.4833317,149,0,4.1148696,1.0061991,-84.19724
1426,3.0166645,181,0,206.73071,1.0111636,-84.00558
1427,3.0166645,181,0,164.01666,1.0076174,-84.49201
1428,3.0166645,181,0,225.99353,0.9934869,-84.39657
1429,1.083333,65,0,1.9698604,1.0533261,-84.43612
1430,3.0166645,181,0,273.15326,0.9992383,-84.615944
1431,3.0166645,181,0,275.5489,1.0088634,-84.57193
1432,3.0166645,181,0,275.05826,0.99704075,-84.5839
1433,3.0166645,181,0,251.56639,0.9951449,-84.826416
1434,1.4333327,86,0,2.8832564,0.98788154,-84.596695
1435,3.0166645,181,0,291.7082,1.0126493,-84.78287
1436,0.6000001,36,0,0.63511425,0.99840724,-85.254196
1437,1.083333,65,0,1.1710062,0.9850799,-84.606384
1438,1.2166662,73,0,0.5894746,0.9668575,-85.10733
1439,0.8999998,54,0,2.1114244,0.95653355,-85.16317
1440,3.0166645,181,0,263.46384,0.97372836,-85.124535
1441,3.0166645,181,0,250.74345,0.9845833,-85.557495
1442,1.3833327,83,0,1.001621,0.96271074,-85.29375
1443,3.0166645,181,0,248.68982,0.97114426,-85.60858
1444,3.0166645,181,0,280.6321,0.992739,-85.43002
1445,1.3833327,83,0,12.653331,0.97792166,-85.62867
1446,0.8666665,52,0,2.5609746,0.9700217,-85.72208
1447,0.68333334,41,0,1.5468569,1.0068588,-85.580574
1448,3.0166645,181,0,326.31863,1.0023715,-85.8708
1449,3.0166645,181,0,299.38806,1.0056137,-85.7199
1450,3.0166645,181,0,383.0272,1.0378458,-86.01671
1451,0.65000004,39,0,4.214947,1.0048283,-85.83103
1452,1.6499991,99,0,2.8943686,1.0335803,-85.89
1453,3.0166645,181,0,144.09747,1.0384098,-85.98285
1454,3.0166645,181,0,298.88828,1.0393032,-86.09453
1455,3.0166645,181,0,265.8864,1.0534022,-86.27978
1456,3.0166645,181,0,305.14822,1.0830095,-86.34862
1457,3.0166645,181,0,257.74387,1.10154,-86.48021
1458,3.0166645,181,0,320.7156,1.1073865,-86.55
1459,3.0166645,181,0,76.30918,1.1072265,-86.192665
1460,3.0166645,181,0,154.53261,1.1127222,-86.625465
1461,3.0166645,181,0,244.28957,1.1287996,-86.72752
1462,1.3499994,81,0,0.62300384,1.1483666,-86.77465
1463,3.0166645,181,0,257.7049,1.129279,-86.9876
1464,3.0166645,181,0,284.985,1.1438016,-86.94652
1465,1.4999993,90,0,1.5433286,1.1496063,-86.56441
1466,0.7,42,0,1.4183364,1.1097428,-86.88117
1467,0.8333332,50,0,0.7532864,1.1244435,-86.71991
1468,3.0166645,181,0,227.99783,1.1733463,-86.84278
1469,3.0166645,181,0,304.77628,1.1989677,-86.84757
1470,3.0166645,181,0,303.85797,1.1947558,-86.94659
1471,3.0166645,181,0,309.75873,1.2514911,-86.96702
1472,0.6000001,36,0,2.7247875,1.2447783,-87.305595
1473,3.0166645,181,0,325.49216,1.2079985,-87.35862
1474,3.0166645,181,0,243.3297,1.2427881,-87.17769
1475,0.6666667,40,0,1.467739,1.2488415,-87.09141
1476,0.94999975,57,0,9.849989,1.2470188,-87.26621
1477,3.0166645,181,0,263.4824,1.2568092,-87.182304
1478,0.7333333,44,0,1.9709586,1.3081934,-87.67877
1479,3.0166645,181,0,263.1701,1.2509575,-87.64916
1480,3.0166645,181,0,326.54984,1.3009245,-87.737526
1481,3.0166645,181,0,327.73868,1.3193586,-87.7912
1482,3.0166645,181,0,305.7659,1.3806468,-87.71098
1483,3.0166645,181,0,330.18848,1.3402511,-87.80402
1484,0.7,42,0,0.9032084,1.3012581,-88.147865
1485,0.7,42,0,2.179172,1.3010681,-87.83933
1486,0.9666664,58,0,4.1035776,1.3677189,-87.56866
1487,0.7666666,46,0,0.69575626,1.3236824,-87.53123
1488,1.0666664,64,0,0.7324211,1.3351614,-87.88739
1489,3.0166645,181,0,90.614685,1.3446181,-87.9349
1490,1.1833329,71,0,16.563025,1.364112,-87.79657
1491,1.0166664,61,0,10.860208,1.3458128,-88.02027
1492,0.6666667,40,0,7.0214663,1.3852907,-88.17286
1493,3.0166645,181,0,342.73407,1.3752811,-88.189064
1494,0.94999975,57,0,11.046529,1.3413982,-88.32914
1495,0.6666667,40,0,0.73296714,1.4049616,-88.16453
1496,0.68333334,41,0,1.5353258,1.4064006,-88.17252
1497,3.0166645,181,0,270.68497,1.3848126,-88.324135
1498,0.6000001,36,0,4.0941267,1.366797,-88.26663
1499,0.78333324,47,0,2.028984,1.4117818,-88.235344
1500,0.6666667,40,0,1.3174831,1.4257975,-88.387184
1501,0.65000004,39,0,5.395286,1.3632288,-88.560326
1502,3.0166645,181,0,239.35857,1.4235393,-88.584625
1503,0.68333334,41,0,1.7858533,1.3910923,-88.32673
1504,3.0166645,181,0,294.90225,1.4210403,-88.51941
1505,0.5666668,34,0,0.62581146,1.4142823,-88.49146
1506,3.0166645,181,0,267.31577,1.4390057,-88.635315
1507,3.0166645,181,0,312.11777,1.4382557,-88.82182
1508,0.8333332,50,0,2.1209276,1.4113809,-88.67036
1509,1.849999,111,0,15.178564,1.4229022,-88.292725
1510,1.4999993,90,0,0.83636314,1.4285344,-88.531334
1511,0.71666664,43,0,6.658524,1.4346836,-88.8309
1512,1.3833327,83,0,2.5937347,1.3998345,-88.80054
1513,3.0166645,181,0,385.7051,1.4041591,-88.856544
1514,3.0166645,181,0,404.3963,1.4205278,-88.76402
1515,3.0166645,181,0,287.83353,1.4218739,-88.75768
1516,1.4999993,90,0,10.433837,1.4278855,-88.41607
1517,3.0166645,181,0,351.3568,1.4283599,-89.13115
1518,1.4833326,89,0,5.609707,1.4460238,-89.09421
1519,2.6999981,162,0,145.94519,1.4441522,-88.76764
1520,0.8333332,50,0,1.803922,1.4534873,-88.98324
1521,2.2999985,138,0,93.32932,1.4249464,-89.11444
1522,0.7,42,0,2.4183908,1.4216403,-88.58751
1523,3.0166645,181,0,338.28033,1.4146582,-89.36316
1524,3.0166645,181,0,139.1962,1.440073,-89.121086
1525,3.0166645,181,0,231.47607,1.4290208,-89.70335
1526,1.5333326,92,0,19.323622,1.4410458,-89.42311
1527,0.58333343,35,0,1.5295773,1.4440708,-89.88463
1528,3.0166645,181,0,184.75517,1.4700158,-89.55749
1529,3.0166645,181,0,147.319,1.4336812,-89.65967
1530,2.616665,157,0,142.62888,1.4473467,-89.57199
1531,1.3333328,80,0,5.6021495,1.4194031,-89.39321
1532,1.4999993,90,0,1.053381,1.3924941,-89.8741
1533,0.55000013,33,0,2.9933155,1.4607457,-90.221695
1534,3.0166645,181,0,289.99112,1.4139441,-90.01319
1535,1.6333325,98,0,2.4796195,1.4205904,-89.95075
1536,0.65000004,39,0,1.3131269,1.4589537,-90.31882
1537,0.84999985,51,0,0.9508216,1.4153509,-90.24824
1538,0.6666667,40,0,1.6932764,1.4489574,-89.85565
1539,1.416666,85,0,53.021114,1.4242195,-90.02713
1540,1.2833328,77,0,1.0082476,1.3871409,-90.139984
1541,0.94999975,57,0,1.1603556,1.3798162,-89.86344
1542,1.2666662,76,0,1.9690078,1.4185941,-90.43009
1543,1.7833323,107,0,5.078466,1.3757828,-90.21234
1544,1.8666656,112,0,2.5751793,1.4034306,-90.67799
1545,1.3999994,84,0,2.2364802,1.3905319,-90.55183
1546,1.7833323,107,0,5.6266117,1.3900881,-90.48821
1547,3.0166645,181,0,279.6095,1.3790516,-90.607895
1548,2.3666651,142,0,7.5203266,1.347409,-90.58568
1549,1.3499994,81,0,3.718798,1.3502805,-90.42501
1550,1.3666661,82,0,12.705335,1.3742235,-90.395775
1551,3.0166645,181,0,290.14423,1.3520783,-90.7212
1552,1.8666656,112,0,10.489458,1.3328592,-91.03348
1553,2.9666646,178,0,106.37869,1.3271954,-90.72132
1554,2.183332,131,0,24.933025,1.3263258,-90.62744
1555,3.0166645,181,0,376.71973,1.3287318,-90.76926
1556,1.7333324,104,0,2.1090918,1.3566902,-91.06545
1557,3.0166645,181,0,299.54697,1.3357586,-90.95912
1558,1.1666663,70,0,3.3882475,1.3052983,-90.75171
1559,3.0166645,181,0,316.86005,1.3450593,-90.98677
1560,0.65000004,39,0,2.454654,1.3237653,-91.33792
1561,3.0166645,181,0,257.0517,1.3824159,-91.03222
1562,3.0166645,181,0,207.93416,1.3190742,-91.253296
1563,3.0166645,181,0,237.4741,1.3262094,-90.98495
1564,1.3666661,82,0,1.3238122,1.3528352,-90.59562
1565,2.2666652,136,0,29.327461,1.3398442,-91.120476
1566,3.0166645,181,0,214.78864,1.3580925,-91.00367
1567,3.0166645,181,0,240.79776,1.3332177,-90.91597
1568,3.0166645,181,0,189.68166,1.3408886,-90.919975
1569,1.5999992,96,0,2.165098,1.3442452,-90.7815
1570,2.9833312,179,0,23.440142,1.3230312,-90.77616
1571,1.3999994,84,0,1.2231334,1.3066775,-91.2236
1572,3.0166645,181,0,224.23006,1.312467,-90.797134
1573,3.0166645,181,0,272.81363,1.3415643,-90.83541
1574,1.466666,88,0,3.4295583,1.3428402,-90.83926
1575,1.2833328,77,0,0.97822905,1.313315,-90.54148
1576,3.0166645,181,0,283.43594,1.3400666,-90.545494
1577,3.0166645,181,0,256.67752,1.3657748,-90.5749
1578,3.0166645,181,0,268.1266,1.3437217,-90.79925
1579,3.0166645,181,0,266.68054,1.3183888,-90.79445
1580,3.0166645,181,0,207.80928,1.2954354,-90.50348
1581,3.0166645,181,0,296.51657,1.3047235,-90.45863
1582,3.0166645,181,0,323.31036,1.2972064,-90.631
1583,3.0166645,181,0,305.5407,1.316137,-90.59401
1584,3.0166645,181,0,288.8569,1.3268358,-90.53268
1585,3.0166645,181,0,285.7768,1.3022423,-90.54125
1586,3.0166645,181,0,261.98932,1.3216357,-90.60409
1587,3.0166645,181,0,259.91504,1.3043574,-90.45527
1588,1.2166662,73,0,0.47462037,1.2991173,-90.388565
1589,3.0166645,181,0,297.62408,1.2741702,-90.3717
1590,3.0166645,181,0,237.63062,1.2838459,-90.32125
1591,3.0166645,181,0,252.66603,1.2779385,-89.82379
1592,0.6666667,40,0,0.38271403,1.2271241,-90.15571
1593,3.0166645,181,0,318.48322,1.24819,-90.12582
1594,3.0166645,181,0,320.04324,1.2598853,-89.9142
1595,3.0166645,181,0,286.60184,1.2508464,-90.28736
1596,0.74999994,45,0,1.8208591,1.2149644,-90.36588
1597,3.0166645,181,0,296.6332,1.219782,-90.194725
1598,1.5166659,91,0,2.6737812,1.2245736,-90.12671
1599,1.9166656,115,0,4.9048944,1.2115934,-90.20808
1600,3.0166645,181,0,314.60486,1.2094892,-89.95771
1601,3.0166645,181,0,381.76288,1.2062011,-89.95392
1602,3.0166645,181,0,273.4853,1.164606,-90.285034
1603,3.0166645,181,0,291.1387,1.1774979,-89.91146
1604,3.0166645,181,0,324.87234,1.1919557,-89.80059
1605,3.0166645,181,0,289.05713,1.179869,-89.833626
1606,3.0166645,181,0,252.98634,1.1396974,-89.84332
1607,3.0166645,181,0,353.52927,1.1339275,-89.935
1608,3.0166645,181,0,268.2859,1.1529243,-89.62486
1609,3.0166645,181,0,295.21097,1.1372395,-89.4287
1610,0.8666665,52,0,1.4634203,1.1506943,-89.57025
1611,3.0166645,181,0,264.556,1.156368,-89.63733
1612,3.0166645,181,0,406.81396,1.135529,-89.18389
1613,0.7333333,44,0,1.7299669,1.144877,-89.36842
1614,3.0166645,181,0,337.57385,1.1605779,-89.5231
1615,3.0166645,181,0,336.5967,1.1555277,-89.19562
1616,3.0166645,181,0,356.8539,1.1608648,-89.03492
1617,3.0166645,181,0,290.84946,1.1636795,-88.99983
1618,3.0166645,181,0,357.70596,1.1506662,-89.13588
1619,3.0166645,181,0,344.65585,1.165082,-88.853
1620,3.0166645,181,0,288.72873,1.1684638,-89.03245
1621,3.0166645,181,0,323.29877,1.1585742,-88.77139
1622,1.5999992,96,0,3.0724924,1.136503,-88.49895
1623,3.0166645,181,0,292.1031,1.1329421,-89.24369
1624,3.0166645,181,0,217.15419,1.1601363,-89.04221
1625,3.0166645,181,0,349.93158,1.1415318,-88.91168
1626,3.0166645,181,0,384.9468,1.1505526,-89.06628
1627,3.0166645,181,0,376.85007,1.1305254,-88.81555
1628,3.0166645,181,0,386.11945,1.1304924,-88.98548
1629,3.0166645,181,0,347.54822,1.1555319,-88.27603
1630,3.0166645,181,0,366.98178,1.1133143,-88.682106
1631,3.0166645,181,0,108.266464,1.117679,-88.48894
1632,3.0166645,181,0,389.62338,1.1088462,-88.739815
1633,3.0166645,181,0,373.2002,1.0988193,-88.66108
1634,3.0166645,181,0,359.25052,1.094956,-88.47203
1635,1.9499989,117,0,0.5370281,1.110195,-88.524704
1636,3.0166645,181,0,231.54744,1.0728002,-88.51378
1637,0.94999975,57,0,0.43060362,1.0485278,-88.816475
1638,3.0166645,181,0,48.675816,1.0680324,-88.25807
1639,3.0166645,181,0,256.53625,1.0898528,-88.429375
1640,3.0166645,181,0,224.37743,1.0763305,-88.35885
1641,3.0166645,181,0,279.7281,1.0710496,-88.42398
1642,2.0166655,121,0,2.9511724,1.0842222,-88.358505
1643,3.0166645,181,0,388.58545,1.0627638,-88.28103
1644,3.0166645,181,0,383.67502,1.0574758,-88.125786
1645,3.0166645,181,0,174.93733,1.0516428,-88.27562
1646,3.0166645,181,0,423.35947,1.0746284,-88.211235
1647,3.0166645,181,0,267.05276,1.0540521,-88.21519
1648,3.0166645,181,0,309.70996,1.056265,-88.08747
1649,3.0166645,181,0,211.62546,1.0518084,-88.18563
1650,3.0166645,181,0,271.4184,1.0644193,-87.91784
1651,3.0166645,181,0,174.15369,1.0614434,-88.2
1652,3.0166645,181,0,404.70166,1.0486534,-88.02209
1653,3.0166645,181,0,365.0719,1.0384955,-88.277374
1654,3.0166645,181,0,341.73926,1.0400592,-88.36233
1655,0.6000001,36,0,2.7236187,1.0254941,-88.28129
1656,1.3166661,79,0,1.8232783,1.0407987,-88.12701
1657,3.0166645,181,0,310.4557,1.0478388,-88.10387
1658,3.0166645,181,0,347.4771,1.0307798,-88.20743
1659,1.4833326,89,0,2.7381082,1.0483156,-87.736824
1660,3.0166645,181,0,291.09692,1.0163409,-87.909546
1661,0.48333353,29,0,0.34459817,1.0306407,-87.5196
1662,3.0166645,181,0,379.94348,1.0351555,-87.954216
1663,3.0166645,181,0,353.03937,1.025813,-88.08796
1664,3.0166645,181,0,381.6267,1.0524532,-87.80393
1665,3.0166645,181,0,399.66678,1.0365247,-88.06998
1666,3.0166645,181,0,295.53873,1.0404345,-88.12089
1667,3.0166645,181,0,280.97958,1.0442444,-87.98519
1668,1.1833329,71,0,9.292277,1.0460343,-88.31382
1669,1.0499997,63,0,4.2104106,1.0517498,-87.92495
1670,3.0166645,181,0,252.16571,1.0348399,-87.98235
1671,3.0166645,181,0,341.9337,1.0582399,-87.80627
1672,3.0166645,181,0,272.6422,1.0559769,-88.02785
1673,3.0166645,181,0,177.23456,1.0532044,-88.116905
1674,3.0166645,181,0,407.81815,1.0663948,-88.03022
1675,3.0166645,181,0,416.94916,1.070316,-88.29286
1676,3.0166645,181,0,380.43515,1.0906199,-88.06146
1677,3.0166645,181,0,402.9235,1.0762876,-88.04267
1678,3.0166645,181,0,305.5287,1.0799801,-88.3465
1679,3.0166645,181,0,316.05328,1.070444,-88.63473
1680,3.0166645,181,0,288.57864,1.0785042,-88.39029
1681,3.0166645,181,0,347.12134,1.0724554,-88.15505
1682,3.0166645,181,0,299.56552,1.0801232,-88.26179
1683,3.0166645,181,0,212.44308,1.0845621,-88.47314
1684,3.0166645,181,0,337.91953,1.108053,-88.50627
1685,3.0166645,181,0,306.94427,1.1006716,-88.53689
1686,1.0166664,61,0,1.97227,1.0902607,-88.44059
1687,0.94999975,57,0,0.6349931,1.0891777,-88.57991
1688,3.0166645,181,0,358.1711,1.1098875,-88.74835
1689,1.5666659,94,0,23.628086,1.1193565,-88.350075
1690,3.0166645,181,0,287.60507,1.1223419,-88.50888
1691,3.0166645,181,0,384.7916,1.1381742,-88.56758
1692,1.1999996,72,0,9.056054,1.136406,-88.63061
1693,3.0166645,181,0,282.93466,1.1363971,-88.42779
1694,3.0166645,181,0,211.37027,1.1411217,-88.659836
1695,0.81666654,49,0,1.5477185,1.118307,-88.828186
1696,0.94999975,57,0,10.906249,1.1623483,-88.75745
1697,3.0166645,181,0,305.70673,1.1527607,-88.90392
1698,3.0166645,181,0,377.19272,1.153117,-88.66554
1699,3.0166645,181,0,344.32956,1.1557107,-89.01044
1700,0.81666654,49,0,2.4992294,1.1688831,-89.24387
1701,3.0166645,181,0,352.3519,1.151884,-88.98617
1702,0.7999999,48,0,3.547445,1.1439829,-88.9366
1703,3.0166645,181,0,273.05484,1.1543701,-89.27546
1704,3.0166645,181,0,315.936,1.1667391,-89.27822
1705,0.6000001,36,0,0.5888399,1.1843853,-89.04936
1706,0.98333305,59,0,2.4574368,1.1924646,-89.31515
1707,0.88333315,53,0,8.867515,1.1425743,-89.5165
1708,0.9666664,58,0,2.1087804,1.2154409,-89.463326
1709,0.8666665,52,0,2.0539193,1.1865237,-89.0295
1710,0.7333333,44,0,4.769128,1.1759675,-89.13679
1711,0.6333334,38,0,1.2896373,1.2343897,-89.30501
1712,3.0166645,181,0,260.5611,1.1904855,-89.43219
1713,1.2333329,74,0,2.134058,1.138824,-89.63537
1714,0.68333334,41,0,1.4423326,1.1415075,-89.32681
1715,1.1166663,67,0,9.017871,1.1701674,-89.1632
1716,1.9833322,119,0,6.3259883,1.1735698,-89.45472
1717,0.4333335,26,0,0.80044496,1.1761458,-89.175354
1718,0.6333334,38,0,2.138708,1.1854781,-89.17299
1719,0.5666668,34,0,0.3406658,1.1737525,-88.99808
1720,0.58333343,35,0,1.7331089,1.1596129,-89.29594
1721,0.58333343,35,0,1.7665892,1.1784214,-89.65457
1722,0.48333353,29,0,1.840349,1.1870196,-89.93295
1723,0.5333335,32,0,0.30252358,1.2073436,-90.008995
1724,0.5166668,31,0,3.4546912,1.2058316,-89.00577
1725,3.0166645,181,0,336.94604,1.1973944,-89.541245
1726,3.0166645,181,0,371.05377,1.1790586,-89.84818
1727,3.0166645,181,0,209.24442,1.1836442,-89.627464
1728,3.0166645,181,0,234.93852,1.1734827,-89.85085
1729,0.58333343,35,0,1.9481366,1.2006373,-90.03478
1730,0.8666665,52,0,5.213952,1.1850015,-89.8729
1731,1.3333328,80,0,0.8330106,1.1705062,-89.90552
1732,3.0166645,181,0,330.9257,1.1806734,-89.8097
1733,1.6833324,101,0,2.187128,1.1921959,-90.023674
1734,0.61666673,37,0,2.1779501,1.1518923,-90.04998
1735,1.1999996,72,0,3.8295968,1.1474808,-89.83533
1736,0.7666666,46,0,7.2429733,1.1474017,-89.94907
1737,0.5666668,34,0,1.4949954,1.1898711,-90.059906
1738,3.0166645,181,0,229.0029,1.1804887,-90.08202
1739,1.7166657,103,0,78.58769,1.1711317,-89.87034
1740,0.6666667,40,0,1.2239323,1.2140082,-89.76146
1741,3.0166645,181,0,400.10852,1.1865103,-90.00474
1742,3.0166645,181,0,139.27599,1.1914058,-90.11369
1743,1.5166659,91,0,1.2675695,1.179019,-90.28485
1744,0.7999999,48,0,2.4385042,1.2204536,-90.18642
1745,0.68333334,41,0,2.3112457,1.1343988,-90.72844
1746,3.0166645,181,0,251.59537,1.1738223,-90.31156
1747,1.3666661,82,0,18.186724,1.2053871,-90.34351
1748,0.9333331,56,0,0.6484036,1.1827223,-90.53038
1749,3.0166645,181,0,252.29105,1.184701,-90.428986
1750,3.0166645,181,0,305.18045,1.1705002,-90.451035
1751,3.0166645,181,0,297.5544,1.174166,-90.59457
1752,0.8999998,54,0,5.5347342,1.1578243,-90.75261
1753,3.0166645,181,0,394.5996,1.1760929,-90.968636
1754,3.0166645,181,0,323.5904,1.1644317,-90.7435
1755,0.6333334,38,0,2.4839244,1.2068028,-91.16512
1756,3.0166645,181,0,373.9784,1.172555,-91.25103
1757,0.45000017,27,0,3.7411768,1.1714182,-91.18851
1758,0.61666673,37,0,1.9244046,1.118612,-91.09557
1759,3.0166645,181,0,410.7692,1.1674706,-91.297455
1760,0.45000017,27,0,0.8330146,1.1281927,-91.77137
1761,0.48333353,29,0,0.6838414,1.1545433,-91.46564
1762,3.0166645,181,0,293.69815,1.1569777,-91.68545
1763,0.6000001,36,0,2.9030395,1.1340797,-91.57177
1764,3.0166645,181,0,370.33316,1.1581758,-91.888016
1765,0.7333333,44,0,2.9191582,1.1435162,-91.84994
1766,0.7333333,44,0,2.4363573,1.1596769,-91.654205
1767,1.5333326,92,0,2.3451543,1.1606549,-91.791435
1768,0.65000004,39,0,2.8610554,1.1331456,-92.005615
1769,0.68333334,41,0,4.0931497,1.1866168,-92.09968
1770,0.78333324,47,0,3.0866077,1.1469606,-92.05631
1771,3.0166645,181,0,391.62305,1.1402855,-92.00822
1772,3.0166645,181,0,399.5484,1.123981,-92.12999
1773,0.74999994,45,0,4.7591405,1.1028389,-92.2866
1774,0.68333334,41,0,1.8804849,1.1078277,-92.283905
1775,1.5999992,96,0,1.5821413,1.1104225,-92.383385
1776,3.0166645,181,0,388.25357,1.1150002,-92.30385
1777,0.6333334,38,0,2.059537,1.1523257,-92.61491
1778,0.6333334,38,0,0.7558645,1.1056314,-92.47167
1779,3.0166645,181,0,346.66382,1.1431137,-92.36361
1780,0.58333343,35,0,3.081884,1.1222967,-92.444
1781,0.6666667,40,0,0.3252577,1.0927556,-92.928154
1782,0.68333334,41,0,4.5899796,1.1047815,-92.544464
1783,3.0166645,181,0,375.9011,1.1083684,-92.86582
1784,0.6000001,36,0,1.2552193,1.0577565,-93.29084
1785,0.74999994,45,0,1.2591985,1.0793504,-92.68523
1786,0.6000001,36,0,1.4294118,1.0899352,-92.64277
1787,0.5333335,32,0,1.6361623,1.0594236,-92.77855
1788,1.6499991,99,0,0.72893983,1.0856345,-93.134766
1789,3.0166645,181,0,392.3031,1.0901141,-93.04482
1790,1.1166663,67,0,8.79666,1.0952533,-93.12646
1791,0.6666667,40,0,2.3596904,1.0744963,-93.06586
1792,0.5666668,34,0,1.4240252,1.0778426,-92.962715
1793,0.5666668,34,0,5.409182,1.1122522,-93.011215
1794,3.0166645,181,0,455.43405,1.0846521,-93.18318
1795,0.45000017,27,0,0.7564595,1.05589,-93.37207
1796,0.46666685,28,0,1.6489937,1.121627,-93.25057
1797,0.6000001,36,0,0.88078517,1.0809233,-93.15838
1798,0.61666673,37,0,1.922965,1.0802244,-93.111664
1799,0.68333334,41,0,0.49613836,1.0587782,-93.5337
1800,0.71666664,43,0,3.109563,1.0797507,-92.86992
1801,1.0499997,63,0,2.0242674,1.0687836,-93.576836
1802,0.6333334,38,0,4.767684,1.0570796,-93.00119
1803,0.65000004,39,0,5.230188,1.065205,-93.25415
1804,0.74999994,45,0,2.5880668,1.0726973,-93.29378
1805,0.9666664,58,0,3.2638774,1.0562989,-93.232315
1806,0.5666668,34,0,2.711284,1.0466541,-93.287025
1807,0.5333335,32,0,0.76456547,1.0358233,-93.55071
1808,1.3333328,80,0,11.677752,1.0608374,-93.2769
1809,0.65000004,39,0,0.83699375,1.0641184,-93.2322
1810,3.0166645,181,0,344.04794,1.0609907,-93.54214
1811,0.6000001,36,0,1.5575347,1.0809262,-93.4928
1812,0.68333334,41,0,0.8467469,1.0976826,-93.16999
1813,0.81666654,49,0,4.9490943,1.0390779,-93.44232
1814,0.74999994,45,0,7.591429,1.0757804,-93.01829
1815,0.7,42,0,3.0823376,1.0418379,-93.16136
1816,0.65000004,39,0,2.019543,1.0610821,-93.43952
1817,0.58333343,35,0,1.4681411,1.0399157,-93.4641
1818,0.6666667,40,0,0.84439814,1.0238453,-93.65246
1819,0.6000001,36,0,1.9237323,1.0731341,-93.48675
1820,0.7666666,46,0,7.011542,1.0640477,-93.534546
1821,0.6000001,36,0,2.0995824,1.0802915,-92.970924
1822,0.7333333,44,0,2.2653687,1.0462916,-93.583595
1823,0.61666673,37,0,1.0590478,1.0771414,-93.35206
1824,0.4333335,26,0,0.5273059,1.0589353,-93.539635
1825,0.78333324,47,0,3.4077978,1.0466604,-93.1478
1826,0.7,42,0,2.0439122,1.0499407,-93.60587
1827,3.0166645,181,0,427.72565,1.0860091,-93.52808
1828,0.7,42,0,1.9343247,1.0524386,-93.32112
1829,0.6666667,40,0,2.7665844,1.02604,-93.97656
1830,0.7333333,44,0,4.2096553,1.049959,-93.376724
1831,0.71666664,43,0,14.62377,1.0148841,-93.56051
1832,0.71666664,43,0,2.4018269,1.0530139,-93.50008
1833,0.5666668,34,0,2.279658,1.0364146,-93.76129
1834,0.71666664,43,0,1.1894284,1.0532746,-93.32201
1835,3.0166645,181,0,401.31454,1.050385,-93.7134
1836,3.0166645,181,0,365.34558,1.0539105,-93.74594
1837,2.9833312,179,0,201.52524,1.0604122,-93.68205
1838,0.7,42,0,1.0220352,1.0503182,-94.07283
1839,0.58333343,35,0,1.86878,1.0720576,-93.86738
1840,0.68333334,41,0,1.5814513,1.0550771,-93.37118
1841,3.0166645,181,0,351.4159,1.0543123,-93.39638
1842,2.4999983,150,0,176.73721,1.0656492,-93.60068
1843,0.58333343,35,0,2.0934625,1.0882418,-93.94287
1844,0.6333334,38,0,3.7589042,1.0692321,-93.42929
1845,2.2999985,138,0,161.12212,1.045325,-93.54173
1846,0.6333334,38,0,2.4528096,1.0522758,-93.63578
1847,0.7666666,46,0,6.074142,1.01836,-93.75337
1848,3.0166645,181,0,365.01935,1.0626266,-93.576294
1849,0.46666685,28,0,2.3904147,1.0486573,-93.94035
1850,0.8333332,50,0,4.607396,1.0731192,-93.33545
1851,1.9999988,120,0,68.22402,1.0413283,-93.49757
1852,0.71666664,43,0,1.1127046,1.0472894,-93.95959
1853,2.133332,128,0,152.12296,1.0680135,-93.7428
1854,0.48333353,29,0,1.5945439,1.0877169,-93.41128
1855,0.68333334,41,0,2.647355,1.088941,-93.36507
1856,0.4333335,26,0,0.56824845,0.9926514,-94.318726
1857,0.65000004,39,0,1.4695722,1.0041806,-93.47355
1858,0.68333334,41,0,3.7601287,1.0496691,-93.69056
1859,0.5666668,34,0,1.903535,1.0373979,-93.668335
1860,1.749999,105,0,63.959,1.0588021,-93.60856
1861,0.68333334,41,0,2.31483,1.0730315,-93.93671
1862,0.58333343,35,0,2.734535,1.1004646,-93.521355
1863,0.94999975,57,0,19.102655,1.055362,-93.36519
1864,0.6666667,40,0,5.249256,1.0153654,-93.62974
1865,0.7,42,0,2.3936698,1.0198203,-93.998665
1866,0.7,42,0,2.1450565,1.0455881,-93.66585
1867,0.65000004,39,0,2.4485846,1.0502503,-93.7399
1868,0.7,42,0,3.0343378,1.0797696,-94.08955
1869,0.4333335,26,0,0.5251128,1.0866278,-94.06196
1870,1.3999994,84,0,58.66922,1.0646085,-93.88481
1871,1.0499997,63,0,21.25762,1.0626956,-93.658905
1872,0.4333335,26,0,0.79309785,1.1038483,-93.91385
1873,0.6666667,40,0,0.94387347,1.0598651,-93.60963
1874,0.65000004,39,0,12.535243,1.0725055,-93.8259
1875,1.6833324,101,0,45.371685,1.0425446,-93.93908
1876,0.68333334,41,0,1.5523373,1.0624038,-93.728134
1877,0.65000004,39,0,0.59659094,1.0890892,-93.54413
1878,0.9333331,56,0,5.997857,1.0489458,-94.01372
1879,0.6333334,38,0,1.6429859,1.0498021,-93.47282
1880,0.55000013,33,0,2.0968268,1.0697354,-93.77281
1881,1.5166659,91,0,73.008286,1.0675429,-93.61929
1882,3.0166645,181,0,390.3711,1.0427822,-93.697426
1883,0.8666665,52,0,3.7492235,1.0649942,-93.75681
1884,1.2333329,74,0,25.450209,1.0541846,-93.78482
1885,0.6333334,38,0,1.9811211,1.0656892,-93.49798
1886,1.083333,65,0,4.2664194,1.0633231,-93.76417
1887,0.68333334,41,0,7.283479,1.0946528,-93.27695
1888,0.5666668,34,0,2.7017357,1.056397,-93.58487
1889,0.71666664,43,0,2.6980567,1.0605856,-93.8743
1890,1.466666,88,0,97.80132,1.0598028,-93.69841
1891,0.4333335,26,0,2.5847988,1.0511543,-93.80041
1892,0.7,42,0,2.8376186,1.0694635,-93.6658
1893,0.78333324,47,0,1.319365,1.0475792,-93.722015
1894,0.6000001,36,0,4.3320456,1.0441453,-93.83907
1895,0.6666667,40,0,0.9685199,1.0401707,-93.607895
1896,0.84999985,51,0,1.1816674,1.0584375,-93.69088
1897,0.98333305,59,0,2.0003633,1.0552872,-93.88534
1898,0.91666645,55,0,2.0059237,1.0678016,-93.54813
1899,0.7333333,44,0,5.392111,1.0449051,-93.84245
1900,0.6000001,36,0,1.7997843,1.0550548,-93.90381
1901,0.65000004,39,0,0.7456497,1.090401,-93.49328
1902,0.8999998,54,0,10.441182,1.0663646,-93.67288
1903,0.78333324,47,0,9.8847885,1.0478451,-93.7788
1904,0.65000004,39,0,3.6647468,1.0413319,-94.16119
1905,0.45000017,27,0,1.3237922,1.0521166,-93.97113
1906,3.0166645,181,0,284.96268,1.0710646,-93.70876
1907,0.5666668,34,0,1.8711593,1.0850583,-94.05062
1908,0.71666664,43,0,3.0468829,1.0640274,-93.46003
1909,0.61666673,37,0,5.2070527,1.0221056,-94.260574
1910,0.5333335,32,0,4.096664,1.0233933,-94.0787
1911,3.0166645,181,0,375.77808,1.057501,-93.758934
1912,0.88333315,53,0,11.805614,1.0913217,-93.676865
1913,0.7666666,46,0,6.1188755,1.0351459,-93.53684
1914,0.8999998,54,0,11.9823,1.0475478,-93.58618
1915,1.0166664,61,0,13.741414,1.0518633,-93.85549
1916,1.6666658,100,0,65.81177,1.0623819,-93.693054
1917,0.7999999,48,0,2.165229,1.0815595,-93.46338
1918,0.6666667,40,0,0.95074207,1.059321,-93.59015
1919,0.6000001,36,0,2.195524,1.0499122,-93.44387
1920,0.45000017,27,0,0.5922546,1.0436381,-93.5582
1921,0.5666668,34,0,5.165367,1.0750998,-93.65466
1922,2.7666647,166,0,226.44714,1.0661597,-93.52006
1923,0.8333332,50,0,1.5598081,1.0437709,-93.78628
1924,0.45000017,27,0,0.85756564,1.0704135,-93.47266
1925,0.48333353,29,0,2.3083735,1.0651988,-93.65869
1926,0.6333334,38,0,2.6997344,1.0711942,-93.57797
1927,0.45000017,27,0,1.1061692,1.0873722,-92.99672
1928,0.68333334,41,0,3.7756867,1.0390141,-93.639915
1929,1.7166657,103,0,101.0628,1.0571299,-93.438515
1930,0.7,42,0,2.014882,1.0548447,-93.57283
1931,1.0333331,62,0,2.1251562,1.0803072,-93.1146
1932,0.74999994,45,0,1.7308196,1.0766505,-93.375374
1933,0.6666667,40,0,2.3783298,1.098987,-93.33969
1934,0.55000013,33,0,1.5164801,1.0525928,-93.72677
1935,0.7333333,44,0,1.414328,1.0573894,-93.85392
1936,1.0999997,66,0,30.177666,1.0769355,-93.60293
1937,2.1999986,132,0,161.09015,1.0636653,-93.32408
1938,1.0499997,63,0,1.9133773,1.0787878,-93.354485
1939,0.65000004,39,0,4.090117,1.1052854,-93.244484
1940,0.46666685,28,0,1.8279881,1.0461643,-93.05391
1941,2.133332,128,0,211.79916,1.0769315,-93.19845
1942,1.1499996,69,0,12.853921,1.0826718,-93.0815
1943,1.083333,65,0,0.7485999,1.075164,-93.441536
1944,1.6999991,102,0,161.2953,1.051391,-93.18603
1945,0.71666664,43,0,1.3823571,1.0441266,-93.064
1946,0.68333334,41,0,3.3916714,1.1124827,-92.44854
1947,0.61666673,37,0,9.728622,1.0566037,-92.997955
1948,1.7833323,107,0,93.08989,1.0614914,-93.171844
1949,1.2499995,75,0,3.9989119,1.0818155,-93.033066
1950,0.48333353,29,0,1.8214831,1.047454,-92.76201
1951,0.5333335,32,0,3.1622045,1.0779401,-92.83949
1952,0.6000001,36,0,2.8194318,1.0655688,-93.13821
1953,1.2666662,76,0,11.812087,1.0654664,-92.72973
1954,0.45000017,27,0,0.52034837,1.0654764,-92.31215
1955,0.71666664,43,0,0.74590355,1.0966511,-92.935265
1956,0.7,42,0,3.7316823,1.0952235,-93.05867
1957,0.9999997,60,0,6.894241,1.0698092,-93.04367
1958,0.5333335,32,0,4.1886673,1.0338666,-92.91603
1959,0.65000004,39,0,0.6054582,1.0944895,-92.95335
1960,0.55000013,33,0,1.8550504,1.0646465,-93.0742
1961,0.61666673,37,0,1.9380805,1.0883222,-93.1297
1962,0.6000001,36,0,1.8576139,1.0488995,-93.376434
1963,0.4333335,26,0,0.86005867,1.0422733,-93.01244
1964,0.65000004,39,0,1.2418723,1.0980206,-92.640755
1965,1.0166664,61,0,3.6973543,1.0640363,-92.51056
1966,0.46666685,28,0,0.8048959,1.069966,-92.3431
1967,0.7,42,0,4.223222,1.0871586,-93.21292
1968,0.71666664,43,0,0.4744477,1.0473226,-92.86384
1969,0.46666685,28,0,0.6709971,1.1139293,-92.65728
1970,0.4333335,26,0,0.52105635,1.0941281,-92.751335
1971,0.61666673,37,0,2.210519,1.0987759,-92.53352
1972,0.65000004,39,0,1.9557456,1.0691555,-92.59834
1973,0.5000002,30,0,3.7307398,1.0205582,-92.41161
1974,0.5166668,31,0,0.55347,1.0468521,-92.51509
1975,0.61666673,37,0,0.35874173,1.0650766,-92.74238
1976,0.45000017,27,0,0.65289444,1.0519605,-92.876884
1977,0.65000004,39,0,3.7443047,1.0796229,-92.4279
1978,0.65000004,39,0,2.2074394,1.0536505,-92.8108
1979,0.7,42,0,0.36950436,1.0826942,-92.53719
1980,0.65000004,39,0,6.176784,1.0802916,-92.19918
1981,0.61666673,37,0,1.4804189,1.0696242,-92.08631
1982,1.749999,105,0,150.16808,1.0570881,-92.53538
1983,3.0166645,181,0,390.31384,1.0572009,-92.341576
1984,0.5166668,31,0,2.531822,1.1115141,-91.90378
1985,0.5000002,30,0,1.7028835,1.1097387,-92.24351
1986,0.5166668,31,0,0.6856442,1.0799785,-92.93263
1987,0.58333343,35,0,3.4187627,1.0647557,-92.00257
1988,0.6000001,36,0,0.97962993,1.0771029,-92.14731
1989,0.5333335,32,0,3.1972837,1.0623999,-92.34405
1990,1.1499996,69,0,4.7147465,1.0864066,-92.33196
1991,0.7333333,44,0,1.9151711,1.0801135,-92.114456
1992,0.61666673,37,0,0.7376136,1.0743097,-91.8204
1993,2.1166654,127,0,142.71799,1.0451282,-92.26811
1994,2.9833312,179,0,241.18979,1.0780088,-91.74314
1995,0.5333335,32,0,1.4131563,1.1008818,-91.14499
1996,1.2999995,78,0,6.849403,1.0543554,-92.015
1997,0.7666666,46,0,11.121245,1.0736705,-92.026054
1998,0.65000004,39,0,5.6346116,1.0697193,-91.83359
1999,1.1833329,71,0,11.082393,1.0925612,-92.02811
2000,1.466666,88,0,5.36079,1.0652717,-91.62536
2001,0.68333334,41,0,11.551799,1.0313045,-91.66823
2002,3.0166645,181,0,365.90363,1.0683999,-91.80874
2003,0.65000004,39,0,0.7891408,1.0802766,-91.432106
2004,0.5666668,34,0,0.87892663,1.095952,-91.32562
2005,0.6333334,38,0,2.158089,1.1079801,-91.283325
2006,2.6999981,162,0,215.37595,1.075225,-91.641785
2007,0.7333333,44,0,7.9313297,1.1008314,-91.48418
2008,0.46666685,28,0,0.7874454,1.0774809,-91.48007
2009,0.5166668,31,0,2.7461455,1.0583268,-91.02002
2010,0.58333343,35,0,3.030131,1.0910869,-91.9856
2011,1.0499997,63,0,5.8324203,1.0833621,-91.55378
2012,0.61666673,37,0,0.68046063,1.060061,-91.39836
2013,0.5000002,30,0,1.6320722,1.072606,-91.34525
2014,3.0166645,181,0,343.68393,1.081667,-91.35682
2015,0.48333353,29,0,0.7354403,1.1023033,-90.90494
2016,0.9333331,56,0,1.7443154,1.0696567,-90.92345
2017,0.5666668,34,0,1.2516257,1.0415052,-91.15467
2018,0.46666685,28,0,1.7195157,1.098321,-90.30732
2019,0.6666667,40,0,1.7177274,1.0832397,-90.89826
2020,0.45000017,27,0,0.79080456,1.086527,-91.145355
2021,0.68333334,41,0,2.6619904,1.0698191,-91.35111
2022,0.91666645,55,0,1.6997937,1.0514892,-90.9375
2023,0.6000001,36,0,2.643276,1.065894,-90.91366
2024,0.68333334,41,0,1.3288395,1.070098,-91.26278
2025,0.6333334,38,0,0.4347996,1.0796844,-91.19635
2026,0.58333343,35,0,1.2420655,1.07312,-91.25409
2027,0.6666667,40,0,1.062857,1.0838779,-91.24038
2028,3.0166645,181,0,386.65182,1.0775095,-90.780334
2029,0.5333335,32,0,3.1031,1.0211632,-90.56472
2030,3.0166645,181,0,335.23566,1.0648949,-90.7733
2031,0.6666667,40,0,0.6566073,1.080167,-90.46086
2032,0.74999994,45,0,7.220928,1.0755279,-90.428314
2033,0.65000004,39,0,1.2249614,1.0325298,-89.68055
2034,3.0166645,181,0,397.3818,1.066767,-90.27963
2035,0.65000004,39,0,1.5732496,1.0553887,-90.437355
2036,3.0166645,181,0,290.015,1.0835347,-89.97169
2037,0.68333334,41,0,5.0137806,1.069722,-90.02388
2038,0.6333334,38,0,0.50777996,1.0896993,-90.09755
2039,3.0166645,181,0,308.1274,1.0539604,-89.816
2040,3.0166645,181,0,330.6307,1.0581555,-89.85844
2041,3.0166645,181,0,399.1637,1.059569,-89.69848
2042,0.6666667,40,0,1.5471617,1.0579082,-89.80087
2043,3.0166645,181,0,330.95084,1.0382146,-89.55337
2044,3.0166645,181,0,303.65762,1.0611084,-89.36841
2045,0.61666673,37,0,2.954066,1.0385,-89.42663
2046,0.55000013,33,0,1.7170258,1.0466356,-89.02041
2047,3.0166645,181,0,346.24643,1.0500624,-89.24903
2048,0.6333334,38,0,0.5378663,1.0815141,-89.46388
2049,3.0166645,181,0,313.82968,1.0725367,-89.14359
2050,0.9666664,58,0,16.62838,1.051108,-89.036156
2051,3.0166645,181,0,311.4365,1.0529113,-88.95724
2052,0.7,42,0,1.7949024,1.0845344,-88.960915
2053,0.6000001,36,0,1.2782713,1.067713,-88.73661
2054,2.9333313,176,0,136.75099,1.0421168,-88.728905
2055,3.0166645,181,0,323.44223,1.0340676,-88.66818
2056,0.61666673,37,0,1.3681425,1.0275849,-88.04632
2057,0.7666666,46,0,6.519151,1.0771476,-88.30268
2058,0.61666673,37,0,1.3032192,1.0510048,-88.76848
2059,0.5666668,34,0,1.6479282,1.0334237,-88.56106
2060,3.0166645,181,0,304.71918,1.0316122,-88.52153
2061,0.65000004,39,0,2.3220403,1.0303086,-88.218956
2062,0.7333333,44,0,3.0926294,1.0335587,-88.37885
2063,0.55000013,33,0,1.5723833,1.0536857,-88.14405
2064,0.9666664,58,0,1.6902175,1.0184948,-87.96897
2065,0.7999999,48,0,3.841932,1.009522,-88.30156
2066,3.0166645,181,0,348.1262,1.0209355,-88.10856
2067,0.55000013,33,0,3.3855598,1.0140854,-87.98398
2068,3.0166645,181,0,306.93744,1.033693,-87.8986
2069,0.5666668,34,0,2.01903,1.0426975,-87.99154
2070,0.6000001,36,0,5.9547772,1.015485,-88.031494
2071,0.78333324,47,0,2.369746,1.0346502,-87.67986
2072,3.0166645,181,0,349.9505,1.0317091,-87.840324
2073,0.6333334,38,0,7.013277,1.054713,-87.808395
2074,3.0166645,181,0,298.92828,1.0370685,-87.69703
2075,0.68333334,41,0,1.3462868,1.0291226,-87.630775
2076,0.9999997,60,0,19.232525,1.0164726,-87.828064
2077,0.58333343,35,0,1.579656,1.0431229,-87.553856
2078,0.5666668,34,0,7.566879,1.0038009,-87.46183
2079,0.65000004,39,0,2.4185438,1.0099679,-87.8248
2080,0.7,42,0,2.0237725,1.0447599,-87.3505
2081,1.2333329,74,0,13.394636,1.0047928,-87.50917
2082,0.65000004,39,0,7.195478,1.0324179,-87.24812
2083,3.0166645,181,0,280.8183,1.0141771,-87.27385
2084,0.7333333,44,0,1.7554989,1.0219748,-87.29514
2085,3.0166645,181,0,320.81537,1.0021259,-87.39788
2086,1.4499993,87,0,19.421364,1.0228645,-87.39841
2087,3.0166645,181,0,377.53516,1.0022053,-87.1963
2088,0.6666667,40,0,1.3789308,1.0163504,-86.74363
2089,0.6333334,38,0,1.340685,1.0058907,-87.29176
2090,3.0166645,181,0,316.12183,1.0126681,-86.88433
2091,0.5666668,34,0,2.0121117,0.9796584,-86.79529
2092,3.0166645,181,0,294.29556,0.99062836,-86.56844
2093,3.0166645,181,0,292.3238,0.99267536,-86.79769
2094,1.466666,88,0,10.15263,1.0132325,-86.55231
2095,3.0166645,181,0,252.13663,0.9957728,-86.57435
2096,0.74999994,45,0,2.0369773,0.9963706,-86.5277
2097,3.0166645,181,0,293.23007,0.9937409,-86.29952
2098,3.0166645,181,0,294.15674,0.9737675,-86.19816
2099,3.0166645,181,0,254.84386,0.97153246,-86.24598
2100,3.0166645,181,0,335.4485,0.9627961,-86.02179
2101,3.0166645,181,0,295.27322,0.9593038,-86.04179
2102,0.61666673,37,0,0.7967156,0.9529652,-85.52316
2103,0.6666667,40,0,0.80117434,0.9555653,-85.81826
2104,0.91666645,55,0,3.0477016,0.92812353,-85.75175
2105,0.6000001,36,0,3.5013258,0.9635178,-85.955055
2106,3.0166645,181,0,213.16829,0.9522848,-85.726746
2107,3.0166645,181,0,206.39047,0.94629997,-85.64835
2108,3.0166645,181,0,240.8981,0.937023,-85.486244
2109,3.0166645,181,0,285.03568,0.9349639,-85.37215
2110,3.0166645,181,0,251.08873,0.9394053,-85.33579
2111,3.0166645,181,0,202.48868,0.92798907,-84.98659
2112,0.9333331,56,0,1.6965306,0.9391673,-84.846535
2113,0.74999994,45,0,1.0321507,0.9346016,-85.19782
2114,3.0166645,181,0,161.5873,0.9360409,-84.89398
2115,0.81666654,49,0,2.012788,0.9321577,-84.98972
2116,0.74999994,45,0,5.058488,0.9334683,-84.835625
2117,3.0166645,181,0,235.7742,0.9285433,-84.63236
2118,3.0166645,181,0,143.99495,0.91524297,-84.88285
2119,0.58333343,35,0,1.0039117,0.8992059,-84.83337
2120,0.65000004,39,0,0.5627015,0.9150778,-84.5463
2121,3.0166645,181,0,265.1298,0.9081635,-84.509926
2122,1.5999992,96,0,7.750587,0.9113569,-84.178276
2123,3.0166645,181,0,239.64436,0.9107369,-84.53722
2124,3.0166645,181,0,403.30237,0.91771805,-84.16173
2125,0.9333331,56,0,8.932268,0.9113041,-83.69877
2126,3.0166645,181,0,237.19067,0.9023176,-84.12165
2127,3.0166645,181,0,269.83423,0.9417693,-84.08328
2128,1.6833324,101,0,10.358911,0.9043122,-83.94839
2129,1.749999,105,0,2.217455,0.9236551,-83.89539
2130,1.0166664,61,0,3.2260997,0.92274374,-83.97513
2131,3.0166645,181,0,245.81267,0.9116713,-83.92891
2132,1.1999996,72,0,1.5765455,0.9314237,-83.67101
2133,1.0333331,62,0,2.944931,0.95205337,-83.517136
2134,3.0166645,181,0,287.1186,0.94178456,-83.37804
2135,0.6666667,40,0,1.2635682,0.93706626,-83.37166
2136,3.0166645,181,0,268.83936,0.94149655,-83.341606
2137,0.61666673,37,0,2.105118,0.9066352,-83.40609
2138,0.71666664,43,0,2.0171707,0.93144625,-83.42069
2139,1.3833327,83,0,2.887321,0.9357425,-83.18132
2140,3.0166645,181,0,384.92722,0.95068634,-83.11302
2141,3.0166645,181,0,257.28476,0.9415668,-82.98587
2142,1.8333323,110,0,24.086796,0.94553745,-82.88586
2143,3.0166645,181,0,164.9557,0.9388029,-83.08479
2144,3.0166645,181,0,129.5253,0.96415406,-82.964355
2145,3.0166645,181,0,249.19395,0.97511864,-82.75351
2146,0.8333332,50,0,3.5415142,0.95344067,-82.39342
2147,0.91666645,55,0,6.967452,0.9694714,-82.71954
2148,0.5666668,34,0,1.3468306,0.96939105,-82.51103
2149,0.81666654,49,0,0.83383524,0.9661637,-82.94162
2150,3.0166645,181,0,291.7869,0.9808389,-82.74496
2151,3.0166645,181,0,13.743047,0.9743089,-82.48535
2152,0.5666668,34,0,0.41725564,1.0044122,-82.21315
2153,0.78333324,47,0,1.4099149,0.9707959,-82.72522
2154,3.0166645,181,0,245.35936,1.0058324,-82.14677
2155,3.0166645,181,0,3.1274462,0.99712145,-82.21308
2156,3.0166645,181,0,49.421494,1.0107833,-82.16953
2157,3.0166645,181,0,335.0209,1.0330964,-82.068695
2158,1.1999996,72,0,5.6445494,1.0272586,-82.161545
2159,0.84999985,51,0,5.276076,1.0083263,-82.16731
2160,3.0166645,181,0,291.39337,1.0363071,-82.00225
2161,2.1999986,132,0,3.4912784,1.027827,-81.71874
2162,3.0166645,181,0,393.56976,1.0155047,-81.757225
2163,3.0166645,181,0,351.36047,1.0186087,-81.64289
2164,3.0166645,181,0,372.75058,1.0128624,-81.74313
2165,1.3999994,84,0,1.708228,1.0144588,-81.74672
2166,3.0166645,181,0,295.12643,1.0197185,-81.56829
2167,3.0166645,181,0,289.97128,1.0173929,-81.85427
2168,3.0166645,181,0,326.04004,1.0247196,-81.88422
2169,0.45000017,27,0,1.5764959,0.9994889,-81.68777
2170,0.46666685,28,0,1.1039076,1.0593019,-81.92851
2171,3.0166645,181,0,356.24194,1.0201312,-81.84169
2172,1.0166664,61,0,4.969164,1.0471287,-81.9047
2173,3.0166645,181,0,50.66864,1.019101,-81.65764
2174,3.0166645,181,0,325.02072,1.0200989,-81.40674
2175,3.0166645,181,0,221.7011,1.0244964,-81.649345
2176,3.0166645,181,0,329.86948,1.0218043,-81.45023
2177,3.0166645,181,0,210.13951,1.0325811,-81.52225
2178,0.45000017,27,0,0.89862084,1.046444,-82.04922
2179,3.0166645,181,0,393.6768,1.024992,-81.61565
2180,1.0166664,61,0,0.5947607,1.0030305,-81.8717
2181,3.0166645,181,0,376.5758,1.0211722,-81.840294
2182,0.45000017,27,0,1.261097,1.0331825,-81.706795
2183,0.48333353,29,0,0.56628144,0.9848831,-82.36158
2184,3.0166645,181,0,399.2751,1.018686,-81.69618
2185,1.3666661,82,0,13.577197,0.986942,-81.98194
2186,1.3333328,80,0,2.8691375,1.0328184,-81.79007
2187,1.7666657,106,0,1.6641835,0.9940653,-81.73131
2188,1.4333327,86,0,3.659,1.0159855,-81.37678
2189,3.0166645,181,0,326.8314,0.9900602,-81.288826
2190,1.3666661,82,0,2.1001813,0.99477684,-81.209145
2191,0.5166668,31,0,2.0504131,1.0051566,-81.6549
2192,3.0166645,181,0,7.4165955,0.9982981,-81.654045
2193,3.0166645,181,0,280.75848,0.9938628,-81.39857
2194,3.0166645,181,0,336.6529,0.9844077,-81.50292
2195,1.0999997,66,0,2.3521125,0.9867892,-81.761345
2196,1.133333,68,0,4.1992054,1.0107615,-81.65477
2197,1.3833327,83,0,2.7362483,0.98184913,-81.553986
2198,2.0499988,123,0,30.539948,0.99038476,-81.16806
2199,3.0166645,181,0,292.78253,0.9898537,-81.48672
2200,3.0166645,181,0,311.26932,0.96595705,-81.62399
2201,0.5166668,31,0,1.1456685,0.9779172,-80.78584
2202,0.94999975,57,0,36.655106,0.9774909,-81.10316
2203,1.2833328,77,0,6.964377,0.98359597,-81.18357
2204,3.0166645,181,0,91.8448,0.9867058,-81.4102
2205,1.3833327,83,0,2.0011919,0.96776646,-81.69016
2206,1.3499994,81,0,0.7692335,0.9846291,-81.0451
2207,3.0166645,181,0,334.31375,0.95933336,-81.287575
2208,3.0166645,181,0,287.72037,0.96698475,-81.25112
2209,0.98333305,59,0,0.5730029,0.9695052,-81.22722
2210,2.083332,125,0,22.86187,0.97074044,-81.115326
2211,1.3166661,79,0,9.217186,0.9981667,-81.28619
2212,3.0166645,181,0,273.85727,0.9821819,-80.790955
2213,0.55000013,33,0,2.9003165,0.97350234,-81.03906
2214,1.3499994,81,0,1.8396664,0.9901847,-80.93869
2215,3.0166645,181,0,302.16284,0.9610828,-81.038795
2216,2.4499984,147,0,24.840292,0.9791926,-80.92223
2217,3.0166645,181,0,325.06558,0.98147345,-80.7414
2218,3.0166645,181,0,291.2963,0.9571923,-80.447914
2219,3.0166645,181,0,247.80377,0.9620393,-80.68508
2220,2.6499982,159,0,5.600201,0.9521859,-80.444695
2221,0.8333332,50,0,1.6793121,0.93335086,-80.411446
2222,1.6333325,98,0,2.1359115,0.96962446,-80.50666
2223,0.6666667,40,0,0.7535093,0.9611812,-80.6876
2224,0.7999999,48,0,7.9628153,0.9908119,-80.0386
2225,3.0166645,181,0,256.22476,0.96072847,-80.39948
2226,0.71666664,43,0,1.8078794,0.9773273,-80.10549
2227,3.0166645,181,0,257.17358,0.9468851,-80.24713
2228,0.74999994,45,0,2.5558498,0.96750623,-80.063034
2229,0.5166668,31,0,1.5796623,1.0015277,-80.01761
2230,3.0166645,181,0,202.51315,0.95257115,-80.005615
2231,3.0166645,181,0,258.86203,0.9842569,-80.18452
2232,3.0166645,181,0,240.8035,0.967235,-80.130226
2233,1.849999,111,0,7.170773,0.96723336,-79.814354
2234,0.71666664,43,0,2.324536,0.96794057,-79.92773
2235,3.0166645,181,0,229.85797,0.9673178,-79.97921
2236,3.0166645,181,0,356.9772,0.9449288,-80.05684
2237,3.0166645,181,0,208.10449,0.9754128,-79.78015
2238,1.083333,65,0,1.1274705,0.95456415,-79.88171
2239,3.0166645,181,0,279.64905,0.97670996,-79.64994
2240,0.5333335,32,0,0.9934966,0.9697858,-79.65318
2241,3.0166645,181,0,334.1297,0.9763909,-79.61488
2242,0.45000017,27,0,1.3525599,0.98076487,-79.695595
2243,3.0166645,181,0,363.58337,0.9674133,-79.46177
2244,0.45000017,27,0,0.35058606,0.94147474,-80.018196
2245,0.8666665,52,0,2.008016,0.97648084,-79.39957
2246,3.0166645,181,0,170.31049,0.9633975,-79.447426
2247,1.6499991,99,0,31.550322,0.9742704,-79.35958
2248,0.55000013,33,0,2.9878857,0.9871299,-79.65479
2249,3.0166645,181,0,116.594444,0.9838782,-79.4375
2250,2.033332,122,0,9.467902,0.96054745,-79.48633
2251,0.9999997,60,0,2.9341369,0.98052853,-79.53853
2252,3.0166645,181,0,147.0803,0.98036486,-79.49936
2253,3.0166645,181,0,122.34388,1.0057595,-79.4535
2254,0.58333343,35,0,2.4802883,0.98638016,-79.457726
2255,1.4999993,90,0,7.619982,1.0125321,-79.55835
2256,3.0166645,181,0,129.09735,1.0019143,-79.468735
2257,0.55000013,33,0,4.6284375,0.9519762,-79.065216
2258,3.0166645,181,0,268.8548,1.0218341,-79.22183
2259,1.9666655,118,0,11.449278,1.0038623,-79.11473
2260,3.0166645,181,0,384.0749,1.0005918,-79.30975
2261,0.5166668,31,0,2.4249945,1.0186954,-78.97661
2262,3.0166645,181,0,225.6973,1.0053467,-79.12711
2263,1.6499991,99,0,2.4823418,1.0191406,-79.0516
2264,3.0166645,181,0,301.24887,0.99694425,-79.292
2265,3.0166645,181,0,265.59238,1.0069928,-79.23025
2266,3.0166645,181,0,291.83484,1.0301943,-79.047226
2267,3.0166645,181,0,338.98538,1.0185175,-79.364235
2268,0.71666664,43,0,29.611166,1.0023807,-79.305534
2269,2.0166655,121,0,11.086062,1.0085623,-79.042435
2270,0.8666665,52,0,0.677803,1.0280056,-79.7777
2271,0.71666664,43,0,12.796711,1.0063676,-79.421555
2272,0.9333331,56,0,0.7103465,1.0217748,-79.08843
2273,3.0166645,181,0,164.6263,1.0075345,-79.035576
2274,3.0166645,181,0,233.87479,1.0295209,-79.259605
2275,1.1833329,71,0,5.5744925,1.0139241,-79.171555
2276,3.0166645,181,0,350.93472,1.0416865,-79.42647
2277,3.0166645,181,0,261.51172,1.0297034,-79.580475
2278,3.0166645,181,0,288.05157,1.0295402,-79.375786
2279,3.0166645,181,0,296.38586,1.0312445,-79.334045
2280,3.0166645,181,0,300.19635,1.0367138,-79.54279
2281,3.0166645,181,0,330.56183,1.0271324,-79.582695
2282,0.74999994,45,0,1.0839545,1.0371573,-79.58742
2283,0.7333333,44,0,4.3732715,1.0315465,-79.869576
2284,3.0166645,181,0,305.65662,1.0529317,-79.76186
2285,1.1499996,69,0,2.708982,1.0336764,-79.975464
2286,3.0166645,181,0,289.78058,1.0451456,-79.98555
2287,3.0166645,181,0,237.14844,1.0404279,-79.97695
2288,1.133333,68,0,1.973094,1.0408278,-80.1572
2289,0.98333305,59,0,3.1384318,1.0250406,-79.79995
2290,1.1999996,72,0,1.0929071,1.05894,-80.08737
2291,0.6000001,36,0,1.5961872,1.0264685,-79.5141
2292,1.1666663,70,0,6.7725654,1.0370743,-80.30499
2293,1.0999997,66,0,2.0466967,1.0390781,-80.26341
2294,3.0166645,181,0,229.7884,1.0447552,-80.03193
2295,3.0166645,181,0,265.10596,1.05079,-80.382904
2296,1.1666663,70,0,0.6642655,1.0430031,-80.4598
2297,1.1666663,70,0,1.8759551,1.037134,-80.19817
2298,3.0166645,181,0,273.9125,1.0547575,-80.37279
2299,3.0166645,181,0,263.9379,1.0360123,-80.67336
2300,3.0166645,181,0,233.46869,1.0326272,-80.81099
2301,1.3499994,81,0,10.250687,1.0416309,-80.67983
2302,3.0166645,181,0,334.59482,1.0562843,-80.854935
2303,0.5166668,31,0,8.084197,1.055344,-81.224396
2304,1.0166664,61,0,2.0599318,1.0370767,-80.62384
2305,3.0166645,181,0,259.60526,1.0717673,-80.89933
2306,3.0166645,181,0,247.27843,1.0568746,-81.2113
2307,3.0166645,181,0,208.05405,1.0422332,-81.133835
2308,3.0166645,181,0,343.81042,1.0603064,-81.23943
2309,3.0166645,181,0,340.7563,1.0558759,-81.55614
2310,3.0166645,181,0,325.47983,1.043666,-81.51229
2311,3.0166645,181,0,182.97171,1.0380388,-81.60053
2312,3.0166645,181,0,150.68617,1.0420935,-81.855255
2313,3.0166645,181,0,247.36429,1.0440391,-81.76111
2314,3.0166645,181,0,217.53154,1.0422934,-81.76297
2315,3.0166645,181,0,367.49106,1.0092353,-81.94962
2316,3.0166645,181,0,309.75797,1.0429754,-81.992645
2317,3.0166645,181,0,250.36934,1.0242896,-82.1009
2318,1.2666662,76,0,8.640481,1.0274822,-81.802864
2319,3.0166645,181,0,261.0715,1.0135742,-82.274864
2320,3.0166645,181,0,356.63156,1.0075469,-82.23887
2321,0.5166668,31,0,0.7323934,1.0046434,-82.27229
2322,0.5166668,31,0,4.7828655,0.9876504,-82.01619
2323,1.133333,68,0,4.1274066,1.0031056,-82.20178
2324,0.5333335,32,0,0.6901934,1.0085734,-82.4265
2325,0.6000001,36,0,0.817552,1.0239036,-82.03329
2326,1.1499996,69,0,0.7042878,0.98577553,-82.37066
2327,3.0166645,181,0,319.0305,1.0022254,-82.40458
2328,0.4333335,26,0,0.69047254,0.97317123,-82.54136
2329,1.1666663,70,0,3.8711271,1.0030843,-82.56582
2330,3.0166645,181,0,325.4549,0.9908257,-82.41125
2331,0.5666668,34,0,1.2038733,0.9710039,-82.75581
2332,3.0166645,181,0,325.47217,0.9814655,-82.36708
2333,0.84999985,51,0,1.7777131,0.9701007,-82.22246
2334,0.61666673,37,0,5.9720154,1.0056937,-82.94728
2335,3.0166645,181,0,351.48172,0.96002847,-82.35913
2336,3.0166645,181,0,246.85645,0.9987607,-82.671974
2337,0.6000001,36,0,3.6594954,0.96594656,-82.955284
2338,1.8666656,112,0,1.2077229,0.97326845,-82.62066
2339,3.0166645,181,0,281.0749,0.98104405,-82.54154
2340,1.6499991,99,0,0.78645676,0.9721362,-82.4077
2341,0.98333305,59,0,2.893729,0.9601415,-82.531
2342,0.5333335,32,0,3.168201,0.9914383,-82.8422
2343,2.183332,131,0,4.9816546,0.9807551,-82.4
2344,0.45000017,27,0,1.3090461,0.94681334,-82.42913
2345,0.8999998,54,0,5.8956747,0.973849,-82.51266
2346,3.0166645,181,0,255.02885,0.966778,-82.60108
2347,0.7,42,0,2.3216147,0.9945763,-82.80361
2348,0.48333353,29,0,1.427595,0.96509695,-82.78109
2349,0.46666685,28,0,1.8476791,0.9540216,-83.2213
2350,3.0166645,181,0,294.27637,0.9573656,-82.50735
2351,1.9833322,119,0,11.002031,0.9790414,-82.77095
2352,1.8166656,109,0,0.7281326,0.9635257,-82.66838
2353,0.81666654,49,0,4.042644,0.9290388,-82.43109
2354,3.0166645,181,0,269.50464,0.95626867,-82.73093
2355,0.8333332,50,0,2.5205786,0.9732304,-82.83456
2356,1.5166659,91,0,1.6914809,0.96098447,-82.69183
2357,3.0166645,181,0,316.63895,0.95228356,-82.65043
2358,2.0666654,124,0,5.770566,0.96843386,-82.515305
2359,3.0166645,181,0,335.8048,0.95098126,-82.56475
2360,0.71666664,43,0,1.2117386,0.9547415,-82.67956
2361,2.2833319,137,0,0.7694828,0.96132755,-82.41864
2362,1.2666662,76,0,2.766799,0.9332301,-82.40037
2363,3.0166645,181,0,281.46722,0.94703853,-82.401085
2364,2.2999985,138,0,1.2702836,0.943242,-82.374084
2365,0.58333343,35,0,1.2026919,0.9347923,-82.67596
2366,3.0166645,181,0,254.01076,0.94689214,-82.44222
2367,3.0166645,181,0,290.99207,0.945112,-82.4642
2368,3.0166645,181,0,294.86353,0.9501089,-82.40201
2369,0.55000013,33,0,0.76269555,0.9758839,-82.352036
2370,3.0166645,181,0,271.76672,0.94508475,-82.47265
2371,1.2666662,76,0,3.5053277,0.9436962,-82.844505
2372,0.68333334,41,0,9.725801,0.95098096,-82.43504
2373,2.2999985,138,0,4.9142303,0.93244547,-82.36885
2374,3.0166645,181,0,302.16852,0.9389881,-82.33384
2375,2.2666652,136,0,0.73672533,0.9198237,-82.186386
2376,0.55000013,33,0,0.7870683,0.9491612,-82.25622
2377,3.0166645,181,0,304.1582,0.9300234,-82.257744
2378,2.083332,125,0,4.696889,0.93038744,-82.47586
2379,0.55000013,33,0,0.6081756,0.92880064,-82.42807
2380,0.58333343,35,0,3.5816925,0.9389666,-82.17687
2381,3.0166645,181,0,334.72842,0.9067297,-82.413795
2382,0.6000001,36,0,2.2895484,0.94647855,-82.131165
2383,3.0166645,181,0,321.7551,0.9200757,-82.311554
2384,0.58333343,35,0,2.06493,0.9590989,-82.00351
2385,0.46666685,28,0,0.7091788,0.91451156,-82.658745
2386,0.6333334,38,0,2.7523353,0.9115237,-82.50279
2387,1.0166664,61,0,3.793256,0.9027987,-82.46731
2388,0.68333334,41,0,6.1898413,0.92682415,-81.91585
2389,3.0166645,181,0,307.27307,0.93528396,-82.61741
2390,3.0166645,181,0,297.28198,0.9402448,-82.34224
2391,2.133332,128,0,1.5520518,0.9379435,-82.386246
2392,1.0333331,62,0,5.428445,0.93585217,-82.15395
2393,3.0166645,181,0,272.86792,0.9424615,-82.36422
2394,0.55000013,33,0,1.045407,0.94736236,-81.911026
2395,0.71666664,43,0,2.2344217,0.94172204,-82.235016
2396,0.58333343,35,0,1.7242517,0.9354597,-82.59394
2397,3.0166645,181,0,294.05914,0.954482,-82.471634
2398,3.0166645,181,0,267.75333,0.95878655,-82.31044
2399,3.0166645,181,0,329.52112,0.9650265,-82.62525
2400,0.5666668,34,0,1.9116473,0.9731455,-82.2583
2401,0.58333343,35,0,3.00021,0.95434076,-82.411476
2402,0.5666668,34,0,1.1910305,0.94335693,-82.51415
2403,3.0166645,181,0,299.99408,0.9523547,-82.59944
2404,0.68333334,41,0,2.0826948,0.9191992,-82.357445
2405,3.0166645,181,0,1.5512598,0.94705063,-82.46402
2406,0.55000013,33,0,0.98190445,0.95968443,-82.562294
2407,1.9499989,117,0,2.5169473,0.93755203,-82.464386
2408,0.61666673,37,0,1.6148355,0.9239327,-82.10585
2409,3.0166645,181,0,320.94193,0.952559,-82.34776
2410,3.0166645,181,0,276.48227,0.9432019,-82.335655
2411,0.55000013,33,0,2.288835,0.93611234,-82.13841
2412,3.0166645,181,0,294.25687,0.94030005,-81.95796
2413,1.0166664,61,0,4.6264687,0.9603944,-82.10661
2414,0.7,42,0,1.5136462,0.97166604,-82.11182
2415,0.46666685,28,0,0.5494891,0.9480032,-81.87556
2416,3.0166645,181,0,307.59866,0.9465453,-82.23892
2417,0.94999975,57,0,3.1966867,0.937174,-82.30276
2418,2.416665,145,0,160.80244,0.9396457,-82.054085
2419,0.61666673,37,0,0.9385021,0.96105665,-82.09526
2420,3.0166645,181,0,346.14865,0.93015414,-82.00759
2421,0.6333334,38,0,1.952606,0.92703956,-82.16623
2422,0.6666667,40,0,7.992573,0.9394497,-81.87826
2423,0.7333333,44,0,7.5703683,0.9442102,-82.11873
2424,0.68333334,41,0,3.7025268,0.9572766,-81.85301
2425,0.65000004,39,0,1.4750367,0.9442647,-82.50348
2426,0.58333343,35,0,0.8923457,0.88894635,-81.76029
2427,3.0166645,181,0,261.83414,0.9411013,-81.977165
2428,0.58333343,35,0,8.288737,0.92916775,-82.157745
2429,3.0166645,181,0,365.2377,0.9240321,-81.925316
2430,0.71666664,43,0,5.8520074,0.9040881,-82.0471
2431,0.5666668,34,0,2.8195708,0.9130143,-81.876625
2432,1.1666663,70,0,1.2612458,0.9337751,-81.708336
2433,0.65000004,39,0,0.90933055,0.88541424,-81.780464
2434,1.2499995,75,0,1.205395,0.9254189,-81.54445
2435,0.6666667,40,0,1.0298645,0.91378975,-81.64762
2436,3.0166645,181,0,358.5838,0.9260741,-81.77028
2437,3.0166645,181,0,315.83997,0.9152704,-81.63338
2438,1.0166664,61,0,0.6556687,0.9305793,-81.38915
2439,0.65000004,39,0,2.3276012,0.89744383,-81.56767
2440,0.6000001,36,0,1.7666074,0.9135776,-81.57272
2441,0.7,42,0,0.85986376,0.92723674,-81.53931
2442,0.71666664,43,0,6.6985955,0.91720814,-81.23436
2443,0.6666667,40,0,3.03146,0.9140245,-81.598854
2444,0.7999999,48,0,9.894931,0.91763014,-81.0223
2445,3.0166645,181,0,305.34872,0.9196506,-81.2688
2446,0.55000013,33,0,6.2883615,0.9098272,-81.5211
2447,3.0166645,181,0,354.93933,0.8954081,-81.27463
2448,0.65000004,39,0,2.138247,0.8850527,-81.1833
2449,0.8666665,52,0,16.929201,0.9303618,-81.16535
2450,0.5333335,32,0,1.0502013,0.9095695,-81.16648
2451,0.5166668,31,0,0.7041752,0.92004836,-80.821594
2452,0.68333334,41,0,3.0153885,0.881632,-80.77161
2453,0.6333334,38,0,3.4305723,0.8921904,-80.96763
2454,2.7333314,164,0,257.86868,0.8961344,-81.06501
2455,0.61666673,37,0,0.9500137,0.89752054,-81.51835
2456,0.6000001,36,0,0.91937643,0.9135897,-80.7951
2457,0.7,42,0,2.7920334,0.8876769,-80.79618
2458,2.0499988,123,0,134.30112,0.8929555,-80.85035
2459,0.65000004,39,0,2.9688597,0.87127787,-80.78682
2460,2.1499987,129,0,142.6474,0.885566,-80.83867
2461,0.5333335,32,0,1.6229633,0.8902709,-81.0393
2462,0.6666667,40,0,1.5071969,0.8646839,-80.72471
2463,1.8666656,112,0,105.807144,0.9004591,-80.9186
2464,3.0166645,181,0,280.35846,0.8740409,-80.79848
2465,1.5666659,94,0,45.449074,0.8860827,-80.76467
2466,0.61666673,37,0,3.7571628,0.9133712,-80.399376
2467,3.0166645,181,0,317.99823,0.8703661,-80.622894
2468,0.65000004,39,0,1.2693461,0.8847878,-81.024734
2469,0.9333331,56,0,5.5685425,0.8514075,-80.707924
2470,0.8666665,52,0,15.182494,0.85454905,-80.246155
2471,1.0999997,66,0,51.27998,0.8563893,-80.40884
2472,0.58333343,35,0,0.7613183,0.87380993,-80.84205
2473,0.61666673,37,0,4.045426,0.88693726,-80.29401
2474,0.7,42,0,7.855859,0.8997161,-80.372925
2475,3.0166645,181,0,284.77176,0.8657242,-80.141594
2476,0.7,42,0,1.2041266,0.857107,-80.194275
2477,0.58333343,35,0,5.561568,0.84830385,-80.24852
2478,0.6666667,40,0,1.6966789,0.8847508,-80.26396
2479,0.5666668,34,0,3.021137,0.8335264,-80.19905
2480,0.65000004,39,0,3.0873396,0.8456496,-79.949165
2481,0.6666667,40,0,1.3556715,0.86180127,-80.44833
2482,0.58333343,35,0,1.2857246,0.8267345,-80.42221
2483,0.6000001,36,0,2.6266465,0.8411368,-80.318436
2484,3.0166645,181,0,314.0992,0.84266245,-79.84396
2485,1.5833325,95,0,64.207886,0.833645,-79.9728
2486,2.1166654,127,0,110.84192,0.84256744,-79.725784
2487,0.58333343,35,0,2.112313,0.7927262,-79.75607
2488,0.65000004,39,0,6.0712914,0.8330478,-79.849205
2489,3.0166645,181,0,352.45618,0.8315162,-79.77157
2490,1.2999995,78,0,24.325323,0.8221224,-79.85752
2491,0.6333334,38,0,0.75733733,0.8009764,-79.33955
2492,1.4333327,86,0,56.189713,0.812592,-79.32419
2493,2.2999985,138,0,100.32364,0.8227216,-79.54103
2494,3.0166645,181,0,292.0856,0.81492513,-79.31204
2495,3.0166645,181,0,284.2796,0.80268836,-79.299644
2496,0.6666667,40,0,1.3082389,0.7730493,-79.00795
2497,1.2666662,76,0,5.266136,0.7775206,-79.13072
2498,3.0166645,181,0,335.41516,0.7839773,-78.92901
2499,0.7,42,0,2.377574,0.7980941,-78.82279
2500,0.65000004,39,0,2.8088467,0.7643752,-78.50347
2501,3.0166645,181,0,321.44223,0.76506287,-78.718124
2502,3.0166645,181,0,162.81749,0.77867806,-78.335075
2503,3.0166645,181,0,295.62433,0.77311355,-78.32909
2504,3.0166645,181,0,294.08636,0.766442,-77.990074
2505,0.58333343,35,0,1.9751081,0.77658623,-78.41715
2506,0.8666665,52,0,7.638735,0.7566777,-77.64205
2507,3.0166645,181,0,305.62158,0.7391381,-77.97659
2508,0.5666668,34,0,1.7133001,0.71644825,-77.68729
2509,0.55000013,33,0,5.5307665,0.7634278,-77.85295
2510,1.3333328,80,0,43.59773,0.725097,-77.6234
2511,0.91666645,55,0,0.7998384,0.7398239,-77.73992
2512,3.0166645,181,0,397.17545,0.7328929,-77.615456
2513,0.58333343,35,0,3.1336837,0.71482784,-77.35109
2514,0.7666666,46,0,1.8102396,0.71112263,-77.64605
2515,3.0166645,181,0,248.56006,0.7200981,-77.44092
2516,3.0166645,181,0,251.48409,0.71060246,-77.066376
2517,0.58333343,35,0,1.175153,0.70433205,-76.6635
2518,2.4833317,149,0,138.05255,0.70491076,-76.895226
2519,3.0166645,181,0,337.09286,0.70148015,-76.774826
2520,1.0666664,64,0,12.038248,0.7164876,-76.53425
2521,0.98333305,59,0,3.9277234,0.74124277,-76.69676
2522,0.94999975,57,0,3.6282883,0.7053853,-76.47618
2523,3.0166645,181,0,255.2294,0.70475924,-76.204956
2524,0.94999975,57,0,0.5712493,0.69352716,-76.4571
2525,3.0166645,181,0,363.2149,0.7031981,-76.02906
2526,3.0166645,181,0,360.8487,0.69357127,-75.72638
2527,3.0166645,181,0,175.67052,0.69206256,-75.654945
2528,0.65000004,39,0,2.5374916,0.700572,-75.27528
2529,3.0166645,181,0,333.98975,0.6761408,-75.587555
2530,3.0166645,181,0,321.84644,0.68975604,-75.49502
2531,3.0166645,181,0,323.5894,0.68361205,-75.0458
2532,3.0166645,181,0,364.6604,0.686404,-74.79916
2533,1.2166662,73,0,2.4042675,0.683035,-74.57104
2534,1.5166659,91,0,0.86107814,0.68986976,-74.8002
2535,3.0166645,181,0,331.90558,0.6814954,-74.69806
2536,3.0166645,181,0,247.23804,0.68472147,-74.41625
2537,3.0166645,181,0,414.7478,0.6736174,-74.17112
2538,0.65000004,39,0,0.9255166,0.67333436,-74.58205
2539,3.0166645,181,0,383.3795,0.6740364,-74.443855
2540,3.0166645,181,0,318.59045,0.67767954,-74.08593
2541,3.0166645,181,0,262.8944,0.66807616,-74.19028
2542,3.0166645,181,0,254.45189,0.680713,-74.01029
2543,3.0166645,181,0,288.08063,0.6798061,-73.75489
2544,1.5333326,92,0,5.3588696,0.69420457,-73.94382
2545,3.0166645,181,0,358.256,0.6855127,-73.6356
2546,2.899998,174,0,10.445926,0.6811574,-73.55181
2547,3.0166645,181,0,16.095234,0.6811436,-73.213295
2548,3.0166645,181,0,327.94867,0.6911369,-73.206085
2549,3.0166645,181,0,428.66492,0.6909188,-73.223236
2550,3.0166645,181,0,286.65247,0.69530326,-72.942474
2551,3.0166645,181,0,416.60678,0.6904327,-72.92191
2552,3.0166645,181,0,8.399767,0.6987756,-73.119415
2553,3.0166645,181,0,299.32474,0.68929374,-72.57809
2554,0.55000013,33,0,1.7015963,0.6822232,-71.91579
2555,3.0166645,181,0,263.99622,0.6884366,-72.59269
2556,3.0166645,181,0,365.55597,0.68889374,-72.73707
2557,3.0166645,181,0,24.02027,0.69835144,-72.48183
2558,3.0166645,181,0,225.8347,0.68752325,-72.2585
2559,3.0166645,181,0,0.9693893,0.7037088,-72.21132
2560,1.8333323,110,0,5.542173,0.6907805,-72.02761
2561,1.0499997,63,0,1.4814873,0.7092717,-71.97277
2562,3.0166645,181,0,362.02338,0.7098185,-71.91229
2563,3.0166645,181,0,384.70746,0.69475913,-71.786896
2564,3.0166645,181,0,315.70422,0.7026117,-72.13315
2565,3.0166645,181,0,398.6449,0.71006376,-72.015045
2566,3.0166645,181,0,288.35745,0.7090971,-71.75698
2567,3.0166645,181,0,41.402283,0.71063334,-72.00283
2568,3.0166645,181,0,325.8545,0.7047883,-71.91391
2569,3.0166645,181,0,289.5198,0.7193676,-71.85149
2570,3.0166645,181,0,271.36554,0.7151453,-71.79807
2571,3.0166645,181,0,382.83612,0.711333,-71.81592
2572,3.0166645,181,0,425.04605,0.7135903,-71.75695
2573,3.0166645,181,0,143.13771,0.7184799,-71.722435
2574,3.0166645,181,0,415.77322,0.7106432,-71.82846
2575,3.0166645,181,0,377.02432,0.7205946,-71.57296
2576,3.0166645,181,0,347.393,0.73177737,-72.03997
2577,3.0166645,181,0,387.05414,0.7194755,-71.66061
2578,3.0166645,181,0,303.1299,0.7262938,-71.53455
2579,3.0166645,181,0,420.02893,0.72802293,-71.35366
2580,3.0166645,181,0,173.36684,0.731842,-71.890915
2581,3.0166645,181,0,27.410494,0.72706366,-71.82001
2582,1.083333,65,0,3.9619813,0.7535591,-71.198685
2583,1.1499996,69,0,1.9916002,0.77065533,-71.51094
2584,3.0166645,181,0,344.43555,0.7327482,-71.33872
2585,3.0166645,181,0,351.09842,0.73713887,-71.77269
2586,3.0166645,181,0,362.99234,0.7478888,-71.601425
2587,0.6000001,36,0,3.1684675,0.7350494,-71.29984
2588,3.0166645,181,0,402.99747,0.7309641,-71.561516
2589,3.0166645,181,0,320.55472,0.7384649,-71.71269
2590,3.0166645,181,0,342.13806,0.74546176,-71.832016
2591,3.0166645,181,0,322.93863,0.7556321,-71.864876
2592,1.4333327,86,0,3.5466073,0.7608789,-71.755066
2593,3.0166645,181,0,147.64445,0.7551264,-71.85224
2594,3.0166645,181,0,376.2952,0.7464575,-71.83586
2595,3.0166645,181,0,311.59015,0.73814034,-71.969086
2596,1.3166661,79,0,1.5043983,0.7611239,-72.260956
2597,3.0166645,181,0,321.99023,0.7671508,-72.07914
2598,3.0166645,181,0,441.28784,0.7695014,-71.827675
2599,3.0166645,181,0,366.2923,0.7658804,-72.29797
2600,3.0166645,181,0,361.64148,0.7579758,-72.511154
2601,1.0333331,62,0,2.4885385,0.7810167,-72.30124
2602,3.0166645,181,0,367.30005,0.75676495,-72.042816
2603,3.0166645,181,0,382.53577,0.7587489,-72.65231
2604,3.0166645,181,0,291.52762,0.7801918,-72.44544
2605,3.0166645,181,0,282.0041,0.7756514,-72.55239
2606,3.0166645,181,0,297.0235,0.77822226,-72.68768
2607,3.0166645,181,0,375.5177,0.7845128,-72.65136
2608,3.0166645,181,0,279.7708,0.7666547,-72.730934
2609,3.0166645,181,0,345.2555,0.7795777,-72.437096
2610,3.0166645,181,0,307.67114,0.76721805,-72.65969
2611,3.0166645,181,0,253.21732,0.7836373,-72.36723
2612,0.65000004,39,0,3.1423872,0.76541024,-72.201935
2613,3.0166645,181,0,373.86688,0.77670443,-72.63357
2614,3.0166645,181,0,343.32825,0.77422816,-72.93657
2615,3.0166645,181,0,338.27908,0.7864867,-72.92295
2616,3.0166645,181,0,183.08444,0.79920024,-73.04445
2617,3.0166645,181,0,251.13158,0.79361105,-72.92998
2618,2.3333318,140,0,3.508048,0.7908922,-72.85167
2619,3.0166645,181,0,171.39896,0.787761,-72.73821
2620,0.45000017,27,0,0.8278364,0.7899525,-72.84757
2621,3.0166645,181,0,370.37857,0.7998851,-72.79668
2622,3.0166645,181,0,341.05856,0.7915766,-73.05539
2623,3.0166645,181,0,359.96857,0.79741395,-72.944214
2624,1.749999,105,0,0.36516184,0.7774408,-73.01761
2625,3.0166645,181,0,204.66396,0.7874813,-72.77206
2626,3.0166645,181,0,380.55878,0.7753253,-72.95317
2627,1.5666659,94,0,1.448403,0.7776653,-72.88179
2628,3.0166645,181,0,44.076527,0.7893946,-72.93184
2629,3.0166645,181,0,306.85675,0.7794946,-72.647964
2630,3.0166645,181,0,381.3388,0.79503846,-72.6293
2631,3.0166645,181,0,172.12892,0.7653639,-72.960335
2632,3.0166645,181,0,235.51653,0.7759931,-73.126465
2633,3.0166645,181,0,346.8382,0.78183264,-72.96057
2634,3.0166645,181,0,317.4816,0.78163767,-73.0003
2635,3.0166645,181,0,289.04453,0.7690861,-72.835144
2636,3.0166645,181,0,196.73427,0.7740104,-72.97473
2637,3.0166645,181,0,380.25357,0.77585554,-73.32979
2638,3.0166645,181,0,360.169,0.7693403,-72.840965
2639,3.0166645,181,0,389.61453,0.7598582,-73.289536
2640,3.0166645,181,0,195.02878,0.7697626,-73.32955
2641,3.0166645,181,0,347.10712,0.75420344,-73.08331
2642,3.0166645,181,0,182.85526,0.7616877,-73.22533
2643,3.0166645,181,0,331.5054,0.7653175,-72.881065
2644,3.0166645,181,0,230.59705,0.7458136,-72.88306
2645,3.0166645,181,0,227.90517,0.7601095,-72.988045
2646,3.0166645,181,0,360.9179,0.7588988,-72.77324
2647,3.0166645,181,0,239.348,0.73724586,-72.92633
2648,3.0166645,181,0,214.2921,0.7496927,-72.865364
2649,3.0166645,181,0,272.34048,0.7305823,-72.77792
2650,3.0166645,181,0,216.89136,0.7417434,-72.757095
2651,3.0166645,181,0,79.55309,0.74131894,-72.723854
2652,3.0166645,181,0,259.89563,0.7312616,-72.73386
2653,3.0166645,181,0,319.98514,0.7422401,-72.698975
2654,3.0166645,181,0,363.92786,0.73401093,-72.85771
2655,3.0166645,181,0,214.51712,0.74290925,-72.66759
2656,3.0166645,181,0,262.46902,0.7281543,-72.688416
2657,3.0166645,181,0,159.23195,0.7338946,-72.66771
2658,3.0166645,181,0,248.85823,0.7346623,-72.39441
2659,3.0166645,181,0,231.815,0.72873396,-72.426
2660,3.0166645,181,0,357.374,0.7224761,-72.535736
2661,3.0166645,181,0,382.93436,0.71161306,-72.48886
2662,3.0166645,181,0,122.58557,0.7050408,-72.318535
2663,3.0166645,181,0,79.30297,0.7122699,-72.35703
2664,3.0166645,181,0,345.18457,0.71772313,-72.44178
2665,3.0166645,181,0,236.19331,0.72949344,-72.16331
2666,3.0166645,181,0,387.06693,0.7110605,-72.509056
2667,3.0166645,181,0,336.0262,0.7196807,-72.24774
2668,3.0166645,181,0,260.62778,0.7218279,-72.33796
2669,3.0166645,181,0,319.5985,0.7221368,-72.35622
2670,3.0166645,181,0,203.8588,0.70304537,-72.45073
2671,3.0166645,181,0,304.83835,0.70242506,-72.22864
2672,3.0166645,181,0,146.56831,0.71214175,-72.31567
2673,3.0166645,181,0,263.16205,0.7035687,-72.06251
2674,3.0166645,181,0,266.67035,0.7064671,-72.32235
2675,3.0166645,181,0,277.19586,0.7074305,-72.093605
2676,3.0166645,181,0,438.2337,0.7086182,-72.37006
2677,3.0166645,181,0,348.08005,0.70711666,-72.423904
2678,3.0166645,181,0,257.224,0.7172469,-72.18089
2679,3.0166645,181,0,131.47798,0.7160403,-72.32379
2680,3.0166645,181,0,66.61797,0.71881163,-72.40119
2681,3.0166645,181,0,19.812857,0.7238633,-72.53973
2682,3.0166645,181,0,118.42942,0.74610424,-72.45368
2683,3.0166645,181,0,231.72223,0.7192187,-72.521065
2684,3.0166645,181,0,396.25226,0.73184496,-72.422226
2685,3.0166645,181,0,278.55743,0.71656585,-72.399864
2686,3.0166645,181,0,341.2843,0.74519885,-72.10297
2687,3.0166645,181,0,190.9792,0.7288963,-72.458206
2688,3.0166645,181,0,378.59937,0.7365235,-72.310844
2689,3.0166645,181,0,173.92639,0.72745657,-72.17392
2690,3.0166645,181,0,116.84312,0.7406144,-72.13429
2691,3.0166645,181,0,167.72856,0.72569317,-72.66387
2692,3.0166645,181,0,361.64297,0.7358701,-72.42127
2693,3.0166645,181,0,45.8463,0.7470081,-72.63085
2694,3.0166645,181,0,175.50438,0.7304289,-72.62137
2695,3.0166645,181,0,62.807926,0.738222,-72.855316
2696,1.3499994,81,0,3.164964,0.7487011,-72.47749
2697,3.0166645,181,0,228.87967,0.7501142,-72.371124
2698,2.6499982,159,0,0.7077847,0.73853904,-72.342064
2699,3.0166645,181,0,369.70697,0.74053067,-72.53695
2700,3.0166645,181,0,343.99557,0.7406767,-72.46399
2701,3.0166645,181,0,356.74484,0.7351215,-72.56411
2702,3.0166645,181,0,349.23972,0.7574521,-72.82639
2703,3.0166645,181,0,27.71944,0.74188745,-72.70086
2704,3.0166645,181,0,396.5856,0.75006735,-72.77397
2705,3.0166645,181,0,283.50467,0.7630665,-72.815186
2706,1.8999989,114,0,0.833764,0.7443141,-72.78118
2707,3.0166645,181,0,430.63266,0.7494627,-72.92736
2708,3.0166645,181,0,382.87622,0.7539724,-72.87855
2709,3.0166645,181,0,275.36847,0.75082064,-73.01065
2710,3.0166645,181,0,354.31873,0.75723815,-73.16103
2711,3.0166645,181,0,117.94874,0.75673485,-73.26622
2712,3.0166645,181,0,367.62378,0.75709033,-73.1442
2713,3.0166645,181,0,371.84387,0.7769815,-73.29737
2714,3.0166645,181,0,182.82985,0.7522852,-73.18591
2715,3.0166645,181,0,19.769384,0.76173836,-72.98367
2716,3.0166645,181,0,210.41516,0.7681305,-73.17594
2717,3.0166645,181,0,137.87442,0.80237484,-73.35236
2718,3.0166645,181,0,352.5149,0.7809046,-73.334335
2719,0.94999975,57,0,2.432213,0.7724536,-73.31341
2720,3.0166645,181,0,6.8270574,0.79707795,-73.330246
2721,3.0166645,181,0,382.79697,0.7924147,-73.271416
2722,3.0166645,181,0,282.56854,0.79457474,-73.168686
2723,0.8333332,50,0,0.5494922,0.80259323,-73.59565
2724,3.0166645,181,0,389.99835,0.8096542,-73.496956
2725,0.8333332,50,0,3.684841,0.7841728,-73.566185
2726,2.1499987,129,0,11.638898,0.8184209,-73.339134
2727,0.78333324,47,0,3.0613263,0.82451284,-73.292114
2728,3.0166645,181,0,29.043007,0.8229619,-73.48143
2729,3.0166645,181,0,192.20235,0.8317057,-73.66511
2730,3.0166645,181,0,248.4311,0.83824736,-73.66815
2731,3.0166645,181,0,385.10986,0.85134095,-73.81647
2732,1.5166659,91,0,2.131386,0.85095155,-73.72198
2733,3.0166645,181,0,64.78239,0.8525503,-73.44322
2734,3.0166645,181,0,350.237,0.8745858,-73.86988
2735,3.0166645,181,0,199.57016,0.8787675,-73.7704
2736,3.0166645,181,0,239.37282,0.88129497,-73.987656
2737,3.0166645,181,0,436.80505,0.88107777,-73.91996
2738,3.0166645,181,0,316.89032,0.8948215,-74.06782
2739,3.0166645,181,0,321.22284,0.90412253,-74.32061
2740,3.0166645,181,0,305.72922,0.8867122,-74.454414
2741,3.0166645,181,0,305.334,0.89101493,-74.432365
2742,0.78333324,47,0,1.0650216,0.92306244,-73.99858
2743,3.0166645,181,0,62.28645,0.91677713,-74.60594
2744,3.0166645,181,0,300.64447,0.91378564,-74.34646
2745,3.0166645,181,0,52.500385,0.92358375,-74.60421
2746,3.0166645,181,0,383.92804,0.9197394,-74.40021
2747,3.0166645,181,0,366.7917,0.92337894,-74.6694
2748,3.0166645,181,0,358.94666,0.9051813,-74.416824
2749,3.0166645,181,0,334.2209,0.89050287,-74.80279
2750,3.0166645,181,0,253.7699,0.91759485,-74.83814
2751,2.1666653,130,0,53.692516,0.9123889,-74.57678
2752,1.2666662,76,0,2.2542875,0.9188023,-74.44946
2753,3.0166645,181,0,397.26083,0.9057116,-74.79139
2754,0.7999999,48,0,3.9253323,0.9056532,-74.61409
2755,1.1499996,69,0,2.846965,0.90615,-74.80356
2756,1.7833323,107,0,32.903328,0.90179586,-74.64699
2757,2.033332,122,0,26.850393,0.92077285,-74.77028
2758,3.0166645,181,0,347.63876,0.90317976,-74.70605
2759,3.0166645,181,0,258.41147,0.9080436,-74.64054
2760,0.74999994,45,0,1.2813048,0.92409956,-74.50692
2761,0.74999994,45,0,0.894238,0.87811786,-74.819916
2762,1.1499996,69,0,19.605143,0.89731693,-74.63317
2763,3.0166645,181,0,295.21454,0.9032878,-74.582016
2764,3.0166645,181,0,223.04225,0.8933229,-74.56913
2765,3.0166645,181,0,300.9095,0.8978305,-74.587616
2766,3.0166645,181,0,362.96536,0.9074991,-74.9238
2767,3.0166645,181,0,383.88712,0.9084517,-74.92587
2768,3.0166645,181,0,321.911,0.8934137,-74.84424
2769,3.0166645,181,0,138.81111,0.8928452,-74.91566
2770,3.0166645,181,0,269.3664,0.9049546,-74.90335
2771,0.78333324,47,0,0.88823,0.8810387,-75.06245
2772,3.0166645,181,0,341.0998,0.8796081,-74.92694
2773,1.0999997,66,0,12.45764,0.8945491,-75.16351
2774,3.0166645,181,0,295.31207,0.86995,-74.97738
2775,1.0166664,61,0,3.8475158,0.87637687,-75.220566
2776,3.0166645,181,0,334.37485,0.8600628,-75.15576
2777,3.0166645,181,0,299.41135,0.8487362,-75.040504
2778,3.0166645,181,0,328.94153,0.8613751,-75.08131
2779,3.0166645,181,0,309.52222,0.851747,-75.01548
2780,3.0166645,181,0,134.00468,0.86038744,-75.34011
2781,1.5666659,94,0,6.5778923,0.8548593,-75.19703
2782,1.416666,85,0,1.3175393,0.8599382,-75.427155
2783,3.0166645,181,0,334.4225,0.8687865,-75.29999
2784,1.1666663,70,0,0.87899077,0.8389581,-75.109604
2785,1.749999,105,0,1.922378,0.8611985,-75.44883
2786,3.0166645,181,0,282.9976,0.8436319,-75.18154
2787,3.0166645,181,0,307.75952,0.849483,-75.32511
2788,1.3166661,79,0,0.5369738,0.84105456,-75.5235
2789,1.083333,65,0,3.3291576,0.86144733,-75.4424
2790,1.6166658,97,0,1.3584908,0.85350144,-75.08536
2791,3.0166645,181,0,288.41315,0.8425354,-75.333885
2792,1.2999995,78,0,0.9841173,0.8471379,-75.26789
2793,0.7666666,46,0,0.4957491,0.84503865,-75.37016
2794,1.2333329,74,0,2.0881135,0.8374922,-75.3035
2795,3.0166645,181,0,254.08484,0.84351975,-75.55468
2796,3.0166645,181,0,273.72214,0.83086985,-75.31864
2797,1.2666662,76,0,0.942574,0.8413893,-75.48089
2798,0.94999975,57,0,5.507868,0.8662657,-75.28411
2799,1.5999992,96,0,1.0571748,0.8348317,-75.230934
2800,3.0166645,181,0,212.21692,0.82670194,-75.521034
2801,3.0166645,181,0,266.063,0.83718956,-75.40036
2802,2.0499988,123,0,40.039562,0.82688534,-75.64471
2803,3.0166645,181,0,279.87003,0.8314256,-75.54875
2804,1.3666661,82,0,0.6393962,0.8335382,-75.64263
2805,3.0166645,181,0,281.7715,0.8276575,-75.3627
2806,3.0166645,181,0,208.23683,0.82206947,-75.61982
2807,1.3666661,82,0,36.612377,0.81344974,-75.60134
2808,3.0166645,181,0,305.02533,0.81653446,-75.72593
2809,3.0166645,181,0,259.2607,0.81781864,-75.94079
2810,2.6999981,162,0,24.835276,0.82387906,-75.8516
2811,2.3833318,143,0,16.65474,0.82151943,-75.71723
2812,3.0166645,181,0,370.88422,0.82019615,-75.72903
2813,2.0166655,121,0,3.0111372,0.81506246,-75.75193
2814,1.5333326,92,0,1.1070994,0.8177406,-75.69457
2815,3.0166645,181,0,368.68344,0.7946169,-75.71872
2816,1.5333326,92,0,5.377077,0.7958972,-75.70941
2817,1.8999989,114,0,3.1672418,0.81510025,-75.328804
2818,1.5833325,95,0,2.0290859,0.80575085,-75.77749
2819,3.0166645,181,0,261.18814,0.81036097,-75.52778
2820,1.749999,105,0,1.1126151,0.79847383,-75.666954
2821,3.0166645,181,0,344.61545,0.797261,-75.54819
2822,3.0166645,181,0,255.4381,0.8101523,-75.56161
2823,1.4833326,89,0,1.44054,0.8067457,-75.4885
2824,3.0166645,181,0,254.6949,0.8007684,-75.66968
2825,3.0166645,181,0,175.22302,0.8029674,-75.58776
2826,2.2499986,135,0,9.077556,0.7782906,-75.67435
2827,1.9833322,119,0,1.5858045,0.79326785,-75.39819
2828,3.0166645,181,0,310.31973,0.81087816,-75.559364
2829,3.0166645,181,0,287.453,0.7968068,-75.492195
2830,3.0166645,181,0,268.38928,0.80721414,-75.334915
2831,1.799999,108,0,19.348372,0.7977319,-75.449425
2832,2.3666651,142,0,108.44501,0.80329084,-75.453125
2833,2.5833316,155,0,9.644044,0.79612476,-75.32588
2834,1.9999988,120,0,4.655975,0.7868737,-75.2844
2835,3.0166645,181,0,203.94211,0.7962793,-75.241356
2836,0.9333331,56,0,1.8297002,0.777317,-75.2908
2837,3.0166645,181,0,197.02393,0.8049182,-75.088745
2838,3.0166645,181,0,197.71396,0.7965778,-74.86254
2839,1.5999992,96,0,1.3136023,0.7946983,-74.914795
2840,3.0166645,181,0,6.337375,0.78688246,-74.82317
2841,3.0166645,181,0,5.9206862,0.7930119,-74.74944
2842,1.9333322,116,0,1.4338529,0.79506946,-74.60798
2843,3.0166645,181,0,316.8428,0.78473103,-74.729904
2844,3.0166645,181,0,182.58789,0.772607,-74.55055
2845,3.0166645,181,0,14.713505,0.78634346,-74.53592
2846,3.0166645,181,0,286.8651,0.78450304,-74.672745
2847,3.0166645,181,0,179.55798,0.78484,-74.38577
2848,3.0166645,181,0,323.96555,0.7834489,-74.41852
2849,0.94999975,57,0,3.324685,0.8198344,-74.61953
2850,3.0166645,181,0,426.2493,0.7912739,-74.34096
2851,3.0166645,181,0,222.50624,0.7871995,-74.440704
2852,3.0166645,181,0,12.735538,0.77899927,-74.33831
2853,3.0166645,181,0,35.593998,0.7681618,-74.28178
2854,3.0166645,181,0,35.650608,0.7893791,-74.24438
2855,3.0166645,181,0,25.888407,0.7955636,-74.00206
2856,3.0166645,181,0,335.5322,0.7879326,-73.82094
2857,3.0166645,181,0,414.52975,0.7860898,-74.11073
2858,3.0166645,181,0,329.73495,0.78526145,-74.129814
2859,3.0166645,181,0,407.52484,0.7766264,-74.11266
2860,3.0166645,181,0,8.648863,0.78113705,-74.038635
2861,3.0166645,181,0,312.69934,0.78251475,-73.93898
2862,3.0166645,181,0,20.39356,0.7721026,-73.69666
2863,3.0166645,181,0,14.698031,0.77577055,-73.988396
2864,3.0166645,181,0,2.4468718,0.77136624,-73.77473
2865,3.0166645,181,0,24.118416,0.7590724,-73.57357
2866,3.0166645,181,0,308.5291,0.76042753,-73.60773
2867,3.0166645,181,0,312.5974,0.750639,-73.52394
2868,3.0166645,181,0,420.14548,0.7659504,-73.58386
2869,1.6833324,101,0,1.6905005,0.76651466,-73.515785
2870,3.0166645,181,0,249.58018,0.7573575,-73.60536
2871,3.0166645,181,0,260.61017,0.76003987,-73.21675
2872,3.0166645,181,0,8.144484,0.74514693,-73.29512
2873,1.6999991,102,0,13.281803,0.75229484,-73.13467
2874,3.0166645,181,0,328.46652,0.75055665,-73.14241
2875,1.416666,85,0,0.9895204,0.73186666,-73.39281
2876,0.5333335,32,0,1.0543351,0.7473044,-73.08291
2877,3.0166645,181,0,32.882515,0.7332488,-73.13392
2878,3.0166645,181,0,249.94147,0.729187,-72.71207
2879,3.0166645,181,0,306.1236,0.7358333,-72.96568
2880,2.6999981,162,0,10.201881,0.7250445,-72.77513
2881,3.0166645,181,0,56.28087,0.717758,-72.716125
2882,2.0666654,124,0,1.7181773,0.72288465,-72.6485
2883,3.0166645,181,0,283.46826,0.7232801,-72.55173
2884,2.1166654,127,0,7.178981,0.7160927,-72.70647
2885,2.8833313,173,0,17.174316,0.7013719,-72.52237
2886,3.0166645,181,0,351.23465,0.7131761,-72.35422
2887,3.0166645,181,0,219.89804,0.71532136,-72.333336
2888,3.0166645,181,0,372.20087,0.7146499,-72.421364
2889,3.0166645,181,0,239.77364,0.71448964,-72.449905
2890,3.0166645,181,0,290.3369,0.6870495,-72.15823
2891,3.0166645,181,0,382.33237,0.6980719,-72.24966
2892,3.0166645,181,0,252.18925,0.7041356,-71.88603
2893,3.0166645,181,0,354.0549,0.6939891,-72.45808
2894,3.0166645,181,0,356.45248,0.6906658,-72.21556
2895,3.0166645,181,0,399.80576,0.7039076,-72.33432
2896,2.4333317,146,0,2.2830822,0.69551164,-72.39213
2897,1.3999994,84,0,3.0750504,0.6885146,-72.14338
2898,3.0166645,181,0,287.90903,0.69509006,-71.99172
2899,3.0166645,181,0,381.67847,0.6849561,-72.06772
2900,3.0166645,181,0,313.22656,0.69938374,-72.1436
2901,1.133333,68,0,6.033918,0.6757706,-72.236206
2902,3.0166645,181,0,421.1704,0.6900728,-72.13152
2903,3.0166645,181,0,419.50208,0.6946805,-72.36715
2904,3.0166645,181,0,309.45718,0.69213074,-72.19224
2905,3.0166645,181,0,356.31058,0.68923485,-72.32929
2906,3.0166645,181,0,386.39224,0.6817697,-72.33028
2907,3.0166645,181,0,260.58743,0.6870598,-72.18095
2908,3.0166645,181,0,408.98077,0.6904049,-72.36321
2909,0.6000001,36,0,0.89142346,0.6806342,-71.92537
2910,3.0166645,181,0,259.75522,0.6932884,-72.58214
2911,3.0166645,181,0,141.1743,0.70498556,-72.53574
2912,0.9333331,56,0,2.3533394,0.7061358,-72.80577
2913,0.98333305,59,0,0.52190477,0.7087992,-72.66449
2914,3.0166645,181,0,18.298225,0.6921567,-72.54187
2915,3.0166645,181,0,179.79744,0.70050627,-72.519
2916,1.3499994,81,0,1.0290546,0.7120608,-72.6011
2917,3.0166645,181,0,364.11133,0.69903636,-72.15152
2918,3.0166645,181,0,367.64798,0.6994127,-72.37543
2919,3.0166645,181,0,359.03754,0.7000382,-72.45746
2920,3.0166645,181,0,359.5126,0.69617426,-72.42159
2921,3.0166645,181,0,358.451,0.7002636,-72.30873
2922,3.0166645,181,0,237.60156,0.7026784,-72.35882
2923,1.4499993,87,0,1.4892646,0.71202946,-72.39024
2924,3.0166645,181,0,274.89777,0.70731896,-72.373924
2925,3.0166645,181,0,258.12216,0.7249252,-72.20088
2926,3.0166645,181,0,56.8151,0.71050125,-72.1839
2927,3.0166645,181,0,191.71138,0.70320493,-72.33189
2928,3.0166645,181,0,265.46475,0.7113475,-72.10171
2929,1.0666664,64,0,1.8746228,0.7264552,-71.988464
2930,3.0166645,181,0,376.34137,0.7008202,-72.1154
2931,1.3333328,80,0,0.89338267,0.7190262,-72.102455
2932,3.0166645,181,0,334.81244,0.7161764,-71.98015
2933,1.2333329,74,0,0.5640696,0.7025725,-72.21242
2934,3.0166645,181,0,167.1009,0.7149448,-71.87129
2935,3.0166645,181,0,258.24832,0.7143925,-72.10578
2936,3.0166645,181,0,345.50955,0.7205216,-72.03557
2937,3.0166645,181,0,179.1408,0.70928067,-72.02781
2938,0.9333331,56,0,0.6319631,0.7308911,-71.93888
2939,3.0166645,181,0,291.4375,0.71428823,-71.8484
2940,3.0166645,181,0,199.97731,0.71329314,-71.91819
2941,1.4833326,89,0,2.2178411,0.71810883,-71.84045
2942,3.0166645,181,0,323.4891,0.72471976,-71.89109
2943,3.0166645,181,0,286.9753,0.72461545,-72.052216
2944,3.0166645,181,0,280.46213,0.72463495,-72.25598
2945,3.0166645,181,0,136.60017,0.73664206,-72.066284
2946,3.0166645,181,0,360.5532,0.7208549,-72.189
2947,3.0166645,181,0,119.724464,0.73944426,-72.228584
2948,3.0166645,181,0,211.50946,0.73579085,-72.17
2949,3.0166645,181,0,289.5007,0.72790885,-72.03698
2950,3.0166645,181,0,356.2978,0.7297584,-72.11962
2951,3.0166645,181,0,216.6229,0.7464153,-72.22253
2952,3.0166645,181,0,46.442844,0.74603546,-72.180214
2953,3.0166645,181,0,62.963303,0.74113643,-72.117775
2954,3.0166645,181,0,339.69763,0.7517354,-72.11673
2955,3.0166645,181,0,343.82312,0.7406455,-72.215576
2956,3.0166645,181,0,409.64673,0.74606675,-72.13309
2957,3.0166645,181,0,297.53934,0.74270666,-72.406624
2958,0.5666668,34,0,0.91871357,0.75356936,-71.71035
2959,0.6000001,36,0,4.897556,0.7399177,-72.12295
2960,3.0166645,181,0,352.05875,0.75264984,-72.33564
2961,3.0166645,181,0,221.40201,0.75634354,-72.264275
2962,3.0166645,181,0,273.052,0.7529423,-72.09895
2963,3.0166645,181,0,322.77206,0.76025456,-72.14535
2964,3.0166645,181,0,305.08438,0.7600724,-72.55439
2965,3.0166645,181,0,42.745304,0.75491774,-72.49925
2966,3.0166645,181,0,316.24026,0.7554382,-72.358574
2967,0.8999998,54,0,2.4365613,0.76284635,-72.55217
2968,3.0166645,181,0,323.34695,0.7679855,-72.54764
2969,3.0166645,181,0,209.72552,0.7696353,-72.590065
2970,3.0166645,181,0,317.91562,0.7647081,-72.69437
2971,3.0166645,181,0,355.04276,0.77398306,-72.80761
2972,3.0166645,181,0,185.86229,0.76966184,-72.83744
2973,3.0166645,181,0,271.79022,0.75436676,-72.83125
2974,3.0166645,181,0,308.4143,0.7664535,-72.916725
2975,3.0166645,181,0,281.86615,0.7643038,-72.952385
2976,3.0166645,181,0,284.62137,0.76431733,-72.91374
2977,3.0166645,181,0,139.6168,0.76222116,-72.865685
2978,3.0166645,181,0,225.59688,0.7582386,-73.00807
2979,3.0166645,181,0,364.8158,0.76262355,-73.04711
2980,1.7666657,106,0,0.7133799,0.7640134,-72.7414
2981,3.0166645,181,0,256.31744,0.7524303,-72.73556
2982,3.0166645,181,0,249.40923,0.75485724,-72.95262
2983,3.0166645,181,0,193.47925,0.7648737,-72.94347
2984,3.0166645,181,0,240.36908,0.7543454,-72.79389
2985,3.0166645,181,0,283.37396,0.74740726,-73.09458
2986,3.0166645,181,0,341.92795,0.7425244,-73.019684
2987,3.0166645,181,0,365.59583,0.75486773,-73.070496
2988,3.0166645,181,0,288.09482,0.7375807,-73.14057
2989,1.466666,88,0,2.5796838,0.7366774,-73.41851
2990,3.0166645,181,0,138.18608,0.75213194,-73.07677
2991,3.0166645,181,0,238.23431,0.73512095,-73.3276
2992,3.0166645,181,0,178.88403,0.7372936,-73.060616
2993,3.0166645,181,0,309.02847,0.73156834,-73.27966
2994,0.71666664,43,0,0.8656913,0.73172474,-73.01451
2995,0.68333334,41,0,0.89939046,0.7150008,-73.06311
2996,3.0166645,181,0,327.32187,0.7372446,-73.18925
2997,3.0166645,181,0,340.59616,0.74335355,-73.11426
2998,3.0166645,181,0,166.99507,0.7316095,-72.76062
2999,3.0166645,181,0,390.17978,0.73890465,-73.10702
3000,3.0166645,181,0,284.47382,0.7432313,-73.39859
3001,3.0166645,181,0,249.06792,0.72826993,-73.289955
3002,3.0166645,181,0,178.904,0.7306292,-73.39204
3003,1.749999,105,0,7.281275,0.7218861,-73.2157
3004,3.0166645,181,0,325.12296,0.72157186,-73.321075
3005,0.55000013,33,0,1.0175279,0.7218316,-72.80497
3006,3.0166645,181,0,291.59668,0.73828715,-73.41752
3007,3.0166645,181,0,198.7657,0.71892303,-73.450905
3008,3.0166645,181,0,181.00725,0.73497486,-73.2215
3009,3.0166645,181,0,192.86946,0.7242402,-73.27468
3010,3.0166645,181,0,344.66248,0.7344135,-73.43615
3011,3.0166645,181,0,341.83533,0.72915685,-73.15515
3012,3.0166645,181,0,285.608,0.7345205,-73.33863
3013,0.65000004,39,0,5.2441835,0.7449538,-73.7046
3014,3.0166645,181,0,208.1253,0.732931,-73.512695
3015,3.0166645,181,0,122.04207,0.7461708,-73.216965
3016,3.0166645,181,0,373.99472,0.7369501,-73.65551
3017,3.0166645,181,0,106.52505,0.7392303,-73.437225
3018,3.0166645,181,0,373.44263,0.7332633,-73.39203
3019,3.0166645,181,0,132.67638,0.73574466,-73.70195
3020,3.0166645,181,0,315.4611,0.7293596,-73.78187
3021,3.0166645,181,0,408.60568,0.73387694,-73.67556
3022,3.0166645,181,0,371.31537,0.732588,-73.98422
3023,3.0166645,181,0,346.47992,0.72989124,-73.79254
3024,3.0166645,181,0,352.09622,0.72327787,-74.00548
3025,3.0166645,181,0,350.21536,0.73186636,-73.79957
3026,3.0166645,181,0,256.38745,0.72788113,-73.747055
3027,3.0166645,181,0,346.55426,0.72774035,-74.087074
3028,3.0166645,181,0,393.82022,0.7302326,-74.128975
3029,3.0166645,181,0,319.272,0.73576784,-73.99215
3030,3.0166645,181,0,243.14178,0.73295575,-73.88126
3031,3.0166645,181,0,242.97607,0.73630476,-74.10531
3032,3.0166645,181,0,306.4536,0.73795325,-74.095116
3033,1.7666657,106,0,1.3153455,0.7284953,-74.33819
3034,3.0166645,181,0,173.68439,0.7436122,-74.14706
3035,3.0166645,181,0,339.13373,0.7469381,-74.04578
3036,0.55000013,33,0,4.044196,0.7586115,-74.486565
3037,3.0166645,181,0,205.65189,0.7432304,-74.273476
3038,3.0166645,181,0,204.44516,0.7408146,-74.06784
3039,3.0166645,181,0,362.21442,0.7403402,-74.0386
3040,3.0166645,181,0,195.34059,0.75274295,-74.02584
3041,3.0166645,181,0,164.01599,0.7532794,-74.172714
3042,3.0166645,181,0,232.5631,0.76175594,-74.04332
3043,3.0166645,181,0,335.2659,0.7599473,-73.96498
3044,3.0166645,181,0,268.2161,0.765559,-74.31762
3045,3.0166645,181,0,237.24944,0.7594416,-74.25316
3046,3.0166645,181,0,283.1302,0.7554535,-74.34391
3047,3.0166645,181,0,331.7977,0.77748996,-74.471725
3048,3.0166645,181,0,246.31879,0.78141236,-74.39828
3049,3.0166645,181,0,276.9445,0.78171337,-74.44915
3050,3.0166645,181,0,273.66608,0.783303,-74.2453
3051,1.5333326,92,0,2.2645903,0.79172695,-74.68123
3052,3.0166645,181,0,233.43011,0.79105896,-74.436676
3053,3.0166645,181,0,248.67079,0.79473186,-74.67224
3054,3.0166645,181,0,231.48347,0.79501265,-74.55748
3055,3.0166645,181,0,240.08856,0.8185613,-74.803345
3056,3.0166645,181,0,326.06927,0.80838394,-74.54301
3057,3.0166645,181,0,101.614105,0.8075234,-74.56975
3058,3.0166645,181,0,313.2408,0.8175072,-74.644394
3059,3.0166645,181,0,186.47104,0.81659484,-74.991104
3060,0.84999985,51,0,1.7685887,0.8366468,-74.88371
3061,3.0166645,181,0,228.41316,0.82327133,-74.84968
3062,3.0166645,181,0,286.17282,0.83806026,-74.99202
3063,3.0166645,181,0,200.24525,0.8397454,-75.23241
3064,3.0166645,181,0,224.59521,0.8482337,-74.98946
3065,3.0166645,181,0,267.24796,0.84645146,-75.19464
3066,3.0166645,181,0,224.52466,0.8559185,-75.46533
3067,3.0166645,181,0,282.0574,0.8585421,-75.37857
3068,3.0166645,181,0,298.33337,0.85435927,-75.34587
3069,3.0166645,181,0,300.64,0.8646762,-75.14113
3070,3.0166645,181,0,225.38553,0.86422074,-75.41574
3071,3.0166645,181,0,297.4138,0.8669953,-75.262695
3072,3.0166645,181,0,301.7784,0.8733431,-75.695595
3073,3.0166645,181,0,211.26257,0.88086534,-75.460686
3074,3.0166645,181,0,329.91296,0.8750064,-75.53737
3075,3.0166645,181,0,263.14987,0.87294585,-75.6283
3076,3.0166645,181,0,264.23825,0.8663235,-75.67917
3077,3.0166645,181,0,273.0681,0.8665959,-75.52277
3078,3.0166645,181,0,306.68942,0.87558454,-75.59527
3079,3.0166645,181,0,335.5995,0.8930535,-75.80628
3080,1.1999996,72,0,0.68515885,0.8799004,-76.10177
3081,3.0166645,181,0,126.92807,0.8985576,-76.0258
3082,3.0166645,181,0,204.13005,0.8977677,-75.93992
3083,3.0166645,181,0,250.28491,0.87875015,-75.92499
3084,3.0166645,181,0,201.84468,0.8815306,-75.989975
3085,3.0166645,181,0,282.73303,0.8783175,-75.89913
3086,3.0166645,181,0,248.33331,0.8892881,-76.08185
3087,3.0166645,181,0,276.05234,0.8798279,-76.089584
3088,3.0166645,181,0,241.65747,0.8811681,-76.163055
3089,3.0166645,181,0,309.64453,0.885203,-76.28282
3090,3.0166645,181,0,250.73624,0.88859993,-76.252945
3091,3.0166645,181,0,363.3794,0.87928164,-76.42592
3092,3.0166645,181,0,324.00827,0.87920904,-76.23651
3093,3.0166645,181,0,383.30646,0.87433356,-76.50016
3094,3.0166645,181,0,268.5776,0.8879242,-76.21556
3095,3.0166645,181,0,291.43582,0.8782957,-76.61182
3096,3.0166645,181,0,322.4486,0.88626283,-76.7138
3097,3.0166645,181,0,195.33527,0.88312006,-76.285446
3098,3.0166645,181,0,223.76477,0.90318966,-76.6298
3099,3.0166645,181,0,274.21198,0.894505,-76.62698
3100,3.0166645,181,0,226.39827,0.9008048,-76.496315
3101,3.0166645,181,0,284.85654,0.9072529,-76.836494
3102,3.0166645,181,0,192.19034,0.91502297,-76.705475
3103,3.0166645,181,0,270.96045,0.91789913,-76.67889
3104,3.0166645,181,0,204.86269,0.91065246,-76.74574
3105,3.0166645,181,0,214.24446,0.9160887,-76.936195
3106,3.0166645,181,0,381.7544,0.92297924,-76.78861
3107,3.0166645,181,0,311.12732,0.9278914,-77.15676
3108,0.7,42,0,19.300226,0.9051695,-77.01044
3109,3.0166645,181,0,381.2885,0.93207693,-76.918594
3110,3.0166645,181,0,124.42898,0.9231569,-77.14086
3111,3.0166645,181,0,283.8652,0.90820235,-77.126724
3112,3.0166645,181,0,242.7527,0.9386912,-77.28752
3113,3.0166645,181,0,370.63867,0.9220615,-77.40775
3114,3.0166645,181,0,340.72614,0.9314649,-77.34778
3115,1.1833329,71,0,1.4592068,0.9529446,-77.688545
3116,1.2166662,73,0,4.6937838,0.95857507,-77.39829
3117,3.0166645,181,0,140.55415,0.95581174,-77.37511
3118,3.0166645,181,0,335.71753,0.9398536,-77.5977
3119,3.0166645,181,0,260.3757,0.93750215,-77.47695
3120,3.0166645,181,0,411.95203,0.934231,-77.52159
3121,3.0166645,181,0,302.11694,0.9304614,-77.660545
3122,3.0166645,181,0,260.91776,0.95054644,-77.72259
3123,3.0166645,181,0,357.37872,0.9533232,-77.829735
3124,3.0166645,181,0,254.24718,0.9513797,-77.94346
3125,2.8166647,169,0,6.4192348,0.96094817,-77.83713
3126,1.3333328,80,0,2.7750378,0.96749604,-77.68246
3127,3.0166645,181,0,343.4233,0.9805979,-77.97247
3128,3.0166645,181,0,328.57248,0.97256947,-77.95142
3129,1.0499997,63,0,12.827979,0.97477245,-78.05911
3130,3.0166645,181,0,356.63617,0.9761916,-78.11654
3131,3.0166645,181,0,230.21484,0.98051214,-78.31433
3132,3.0166645,181,0,312.12787,0.9740696,-78.32429
3133,2.1666653,130,0,1.9802723,0.9794261,-78.39465
3134,3.0166645,181,0,180.53711,0.99574536,-78.22155
3135,3.0166645,181,0,207.56892,0.9730992,-78.24369
3136,3.0166645,181,0,231.98866,0.99097234,-78.137024
3137,3.0166645,181,0,339.80508,0.97933865,-78.325584
3138,3.0166645,181,0,371.746,0.97144467,-78.404854
3139,0.9333331,56,0,3.867741,0.97137934,-78.38494
3140,3.0166645,181,0,10.65125,0.9890713,-78.56067
3141,3.0166645,181,0,208.10855,0.99192035,-78.53761
3142,3.0166645,181,0,167.78647,0.9808768,-78.42885
3143,0.58333343,35,0,1.2450277,0.94559604,-78.498
3144,3.0166645,181,0,244.80661,0.98006713,-78.22913
3145,3.0166645,181,0,274.01434,0.9778851,-78.5471
3146,0.8666665,52,0,2.4524262,0.98072344,-78.88899
3147,3.0166645,181,0,260.89374,0.9783471,-78.30193
3148,3.0166645,181,0,194.31984,1.0016798,-78.640366
3149,3.0166645,181,0,232.94339,0.9855023,-78.66137
3150,2.7333314,164,0,20.42258,0.9913395,-78.59224
3151,3.0166645,181,0,204.34666,0.9810928,-78.41308
3152,3.0166645,181,0,302.51434,0.9812743,-78.48324
3153,3.0166645,181,0,307.64844,0.98226374,-78.403946
3154,0.88333315,53,0,1.3386216,0.9588771,-78.54209
3155,1.5666659,94,0,5.0832253,0.97170913,-78.26858
3156,3.0166645,181,0,222.10081,0.9675662,-78.27106
3157,3.0166645,181,0,229.90852,0.96381146,-78.4136
3158,2.616665,157,0,5.727374,0.9667848,-78.28037
3159,3.0166645,181,0,309.58923,0.9496386,-78.46518
3160,3.0166645,181,0,276.6875,0.94993615,-78.23003
3161,3.0166645,181,0,216.02019,0.95227194,-78.44841
3162,3.0166645,181,0,301.93683,0.9431973,-78.297264
3163,3.0166645,181,0,26.244913,0.9359916,-78.237045
3164,3.0166645,181,0,190.5881,0.9406197,-78.36677
3165,3.0166645,181,0,388.7571,0.9299384,-78.15717
3166,1.4499993,87,0,16.040203,0.93391407,-78.265686
3167,3.0166645,181,0,152.56519,0.9255417,-77.93949
3168,3.0166645,181,0,226.14343,0.93545854,-78.219055
3169,3.0166645,181,0,271.79874,0.92673814,-78.26746
3170,3.0166645,181,0,284.28217,0.9258298,-78.20005
3171,3.0166645,181,0,275.4741,0.932617,-78.025246
3172,3.0166645,181,0,146.22592,0.92463964,-78.22723
3173,3.0166645,181,0,299.11902,0.92695475,-78.201836
3174,3.0166645,181,0,6.1196213,0.9203398,-78.47707
3175,3.0166645,181,0,301.84283,0.9241379,-78.00779
3176,3.0166645,181,0,59.05971,0.9177871,-78.08321
3177,3.0166645,181,0,331.7716,0.9171106,-78.187164
3178,1.9333322,116,0,19.806278,0.91034275,-78.172386
3179,3.0166645,181,0,163.67311,0.9122641,-78.0699
3180,3.0166645,181,0,213.9888,0.92153156,-78.098625
3181,0.81666654,49,0,3.4942465,0.89367497,-78.43016
3182,3.0166645,181,0,32.716507,0.91214937,-77.97053
3183,3.0166645,181,0,239.95596,0.89989746,-78.021935
3184,3.0166645,181,0,294.79068,0.91893405,-78.034805
3185,3.0166645,181,0,337.67044,0.9000522,-78.080925
3186,3.0166645,181,0,64.34997,0.9043217,-78.21626
3187,3.0166645,181,0,301.18408,0.90630496,-78.04861
3188,3.0166645,181,0,15.893165,0.90014905,-78.09293
3189,3.0166645,181,0,317.53473,0.8939105,-77.855194
3190,3.0166645,181,0,207.62215,0.8936803,-78.07614
3191,3.0166645,181,0,76.58674,0.9024942,-77.856865
3192,3.0166645,181,0,238.37172,0.8880435,-77.95407
3193,3.0166645,181,0,212.67435,0.9000672,-77.61753
3194,3.0166645,181,0,363.64658,0.8908264,-77.96558
3195,1.5666659,94,0,6.5906477,0.8997956,-77.80056
3196,3.0166645,181,0,1.1291431,0.88833463,-77.77404
3197,0.88333315,53,0,3.9226565,0.89885414,-77.76652
3198,3.0166645,181,0,102.63642,0.87965715,-77.47949
3199,3.0166645,181,0,262.81497,0.8923516,-77.562035
3200,3.0166645,181,0,261.91095,0.8846915,-77.712524
3201,3.0166645,181,0,298.99878,0.88019645,-77.50034
3202,3.0166645,181,0,232.23824,0.8699032,-77.561646
3203,3.0166645,181,0,245.41573,0.8817702,-77.304886
3204,3.0166645,181,0,306.72842,0.8716031,-77.45862
3205,3.0166645,181,0,205.71722,0.86212707,-77.48779
3206,3.0166645,181,0,130.93188,0.87615347,-77.34688
3207,3.0166645,181,0,323.62003,0.8665677,-77.273186
3208,2.5333316,152,0,7.7195325,0.86825925,-77.45863
3209,2.2999985,138,0,47.767914,0.86284095,-77.400276
3210,3.0166645,181,0,254.254,0.85438335,-77.25357
3211,3.0166645,181,0,376.1178,0.8452868,-77.4846
3212,3.0166645,181,0,257.51624,0.84317493,-77.22723
3213,3.0166645,181,0,352.28046,0.84331876,-77.25668
3214,3.0166645,181,0,242.70428,0.8433465,-77.1265
3215,3.0166645,181,0,295.7376,0.83815956,-77.143585
3216,3.0166645,181,0,314.66708,0.8470811,-77.16769
3217,3.0166645,181,0,120.03792,0.8432588,-76.953766
3218,3.0166645,181,0,284.53354,0.84259784,-76.78819
3219,3.0166645,181,0,346.94376,0.8298112,-77.13811
3220,3.0166645,181,0,235.41606,0.85589224,-77.25093
3221,3.0166645,181,0,224.7145,0.83141696,-77.055756
3222,0.9333331,56,0,7.1162868,0.8427484,-77.21102
3223,3.0166645,181,0,342.6849,0.836317,-76.784836
3224,3.0166645,181,0,270.1278,0.8290159,-76.85636
3225,3.0166645,181,0,172.9198,0.83064526,-77.00192
3226,3.0166645,181,0,344.8012,0.82923037,-76.77929
3227,3.0166645,181,0,272.19278,0.8438576,-76.9151
3228,3.0166645,181,0,258.68445,0.8249463,-76.75882
3229,3.0166645,181,0,274.16772,0.8420028,-76.770805
3230,3.0166645,181,0,202.96292,0.844858,-76.895744
3231,3.0166645,181,0,227.59093,0.8544997,-76.64147
3232,3.0166645,181,0,226.1618,0.8453961,-76.6735
3233,3.0166645,181,0,352.41983,0.84218997,-76.8806
3234,0.78333324,47,0,1.2120832,0.86136603,-76.7601
3235,3.0166645,181,0,310.99808,0.8403104,-76.76652
3236,0.98333305,59,0,0.32202753,0.8582748,-76.56507
3237,3.0166645,181,0,334.68784,0.8507029,-76.64796
3238,3.0166645,181,0,158.25441,0.8503854,-76.565765
3239,3.0166645,181,0,186.89839,0.8503961,-76.64283
3240,3.0166645,181,0,165.27902,0.8487372,-76.65484
3241,3.0166645,181,0,259.82037,0.8401427,-76.57327
3242,3.0166645,181,0,229.89665,0.8511037,-76.857086
3243,3.0166645,181,0,37.099266,0.83288777,-76.76814
3244,1.0499997,63,0,1.362944,0.8587601,-76.578255
3245,0.71666664,43,0,2.3747864,0.85439116,-76.31673
3246,3.0166645,181,0,23.187332,0.8520694,-76.47835
3247,3.0166645,181,0,324.35983,0.8439028,-76.6
3248,3.0166645,181,0,154.17668,0.8343556,-76.4993
3249,1.0499997,63,0,5.439512,0.8369044,-76.442635
3250,3.0166645,181,0,224.53087,0.8463191,-76.48301
3251,3.0166645,181,0,216.9624,0.8284216,-76.62757
3252,3.0166645,181,0,205.44505,0.84691316,-76.62787
3253,1.133333,68,0,3.2413177,0.8458941,-76.650894
3254,3.0166645,181,0,293.22696,0.8388981,-76.49526
3255,3.0166645,181,0,315.73956,0.84021765,-76.88293
3256,3.0166645,181,0,249.08379,0.84525007,-76.593796
3257,1.1833329,71,0,8.572972,0.8505768,-76.88444
3258,3.0166645,181,0,193.96371,0.8415468,-76.708824
3259,3.0166645,181,0,223.51074,0.8516646,-76.883354
3260,3.0166645,181,0,306.55493,0.8445443,-76.781166
3261,3.0166645,181,0,159.37529,0.8625854,-76.82218
3262,3.0166645,181,0,253.51308,0.85464174,-76.57965
3263,1.8666656,112,0,85.097755,0.85211134,-76.75578
3264,3.0166645,181,0,376.01498,0.8575226,-76.67801
3265,3.0166645,181,0,8.985807,0.8777642,-76.698105
3266,3.0166645,181,0,199.20145,0.88362,-76.74426
3267,3.0166645,181,0,321.4619,0.87748957,-76.84988
3268,3.0166645,181,0,71.82168,0.8842698,-76.684975
3269,3.0166645,181,0,195.7784,0.8741716,-76.71934
3270,3.0166645,181,0,261.73514,0.890123,-76.742294
3271,3.0166645,181,0,210.08145,0.89582074,-76.95765
3272,3.0166645,181,0,178.39998,0.90803903,-76.70223
3273,0.9333331,56,0,1.134814,0.8980286,-76.641556
3274,3.0166645,181,0,309.972,0.9183797,-76.75375
3275,3.0166645,181,0,171.2707,0.91671693,-77.07975
3276,3.0166645,181,0,306.931,0.92599905,-77.077614
3277,2.2833319,137,0,10.101129,0.9218451,-77.1141
3278,3.0166645,181,0,184.10342,0.93692017,-76.839874
3279,0.94999975,57,0,4.811408,0.9330371,-76.9158
3280,3.0166645,181,0,257.87863,0.93238014,-77.04342
3281,3.0166645,181,0,288.38776,0.9237055,-76.907135
3282,3.0166645,181,0,250.78473,0.9380778,-76.89655
3283,3.0166645,181,0,330.4285,0.9429509,-77.00879
3284,2.8333313,170,0,145.8015,0.93608963,-77.005554
3285,3.0166645,181,0,190.7099,0.9535396,-76.95342
3286,3.0166645,181,0,347.55045,0.9555838,-77.07435
3287,3.0166645,181,0,198.20157,0.963258,-77.03175
3288,3.0166645,181,0,311.46454,0.9635383,-77.18587
3289,1.6499991,99,0,51.071568,0.95444113,-77.13002
3290,0.81666654,49,0,1.488981,0.96049863,-77.192024
3291,0.7,42,0,7.018781,0.9672778,-77.21898
3292,3.0166645,181,0,240.79349,0.9765183,-77.07383
3293,0.94999975,57,0,4.158861,0.9719729,-76.93863
3294,1.2833328,77,0,1.5034013,0.94505566,-77.123
3295,1.416666,85,0,34.0737,0.9690502,-77.10679
3296,3.0166645,181,0,317.5518,0.9583203,-77.29947
3297,3.0166645,181,0,253.99619,0.9633777,-77.09258
3298,3.0166645,181,0,334.8098,0.9782017,-77.20427
3299,1.416666,85,0,24.80004,0.97687954,-77.22344
3300,0.6333334,38,0,0.72362536,0.97887015,-77.11753
3301,3.0166645,181,0,369.68216,0.9806989,-77.32836
3302,1.0333331,62,0,3.882635,0.96208537,-76.98598
3303,1.7333324,104,0,20.674635,0.9785722,-77.11109
3304,3.0166645,181,0,104.01375,0.9716099,-77.32052
3305,3.0166645,181,0,233.1018,0.9730811,-77.23496
3306,3.0166645,181,0,323.13843,0.97263426,-76.985435
3307,3.0166645,181,0,195.00023,0.990678,-77.44371
3308,3.0166645,181,0,251.95457,0.99138874,-77.22772
3309,0.55000013,33,0,3.5027232,1.0127375,-77.41225
3310,3.0166645,181,0,341.89035,0.9987291,-77.24616
3311,3.0166645,181,0,219.37775,0.9890048,-77.308815
3312,3.0166645,181,0,341.19116,0.9844412,-77.16895
3313,3.0166645,181,0,245.18106,1.0016232,-77.5543
3314,3.0166645,181,0,295.51627,0.9787757,-77.47455
3315,3.0166645,181,0,249.63358,0.9878469,-77.5354
3316,3.0166645,181,0,239.89333,0.98892844,-77.52793
3317,3.0166645,181,0,246.48436,0.98388004,-77.53102
3318,3.0166645,181,0,325.63986,0.98064,-77.632195
3319,3.0166645,181,0,254.59097,0.97139823,-77.6756
3320,1.133333,68,0,2.685211,0.98849523,-77.50904
3321,3.0166645,181,0,242.60811,0.9762097,-77.37143
3322,1.1499996,69,0,29.38322,0.9609775,-77.83643
3323,3.0166645,181,0,336.55258,0.95993817,-77.4425
3324,3.0166645,181,0,250.8562,0.96944517,-77.644424
3325,3.0166645,181,0,246.92041,0.96536154,-77.62142
3326,1.1166663,67,0,2.024333,0.9523991,-77.68033
3327,3.0166645,181,0,314.19412,0.96618766,-77.67768
3328,3.0166645,181,0,227.43544,0.95580465,-77.494316
3329,3.0166645,181,0,206.82181,0.9354121,-77.59047
3330,3.0166645,181,0,261.12866,0.94709396,-77.67771
3331,3.0166645,181,0,281.3243,0.9407327,-77.50786
3332,1.4833326,89,0,3.0428092,0.9415648,-77.54799
3333,3.0166645,181,0,186.51665,0.951868,-77.79691
3334,3.0166645,181,0,110.844734,0.93604827,-77.46564
3335,3.0166645,181,0,288.7093,0.93785965,-77.72731
3336,3.0166645,181,0,182.6097,0.9491403,-77.42529
3337,0.65000004,39,0,0.82172054,0.95229125,-77.53406
3338,0.74999994,45,0,1.0941361,0.9286696,-77.316895
3339,3.0166645,181,0,258.7656,0.94493383,-77.54757
3340,3.0166645,181,0,279.96878,0.9292579,-77.71442
3341,3.0166645,181,0,200.52396,0.93455184,-77.42173
3342,1.0666664,64,0,1.0338408,0.9117885,-77.596
3343,1.6666658,100,0,6.2751637,0.9215825,-77.45916
3344,3.0166645,181,0,220.35255,0.93153524,-77.411644
3345,3.0166645,181,0,243.22649,0.9408718,-77.59063
3346,3.0166645,181,0,270.94296,0.94034094,-77.62495
3347,3.0166645,181,0,315.27594,0.94445527,-77.79317
3348,3.0166645,181,0,257.35565,0.9286101,-77.50991
3349,3.0166645,181,0,275.80917,0.9383095,-77.51652
3350,3.0166645,181,0,317.4859,0.9141721,-77.64245
3351,3.0166645,181,0,234.50085,0.9026095,-77.41187
3352,3.0166645,181,0,266.37576,0.91950196,-77.83725
3353,3.0166645,181,0,281.77768,0.9189794,-77.78276
3354,3.0166645,181,0,300.8039,0.91158384,-77.8353
3355,2.9333313,176,0,6.791158,0.90657735,-77.67617
3356,3.0166645,181,0,244.4891,0.88904625,-77.559326
3357,3.0166645,181,0,271.73923,0.90402484,-77.69777
3358,0.7333333,44,0,3.6570702,0.8709586,-77.70081
3359,3.0166645,181,0,217.4909,0.903023,-77.7258
3360,0.88333315,53,0,1.0182527,0.91381747,-77.761604
3361,3.0166645,181,0,239.62206,0.8846422,-77.7295
3362,3.0166645,181,0,363.09796,0.8769145,-77.78972
3363,3.0166645,181,0,345.49246,0.88380015,-77.86673
3364,3.0166645,181,0,282.50656,0.8793444,-78.11056
3365,3.0166645,181,0,115.343575,0.88177365,-78.11925
3366,3.0166645,181,0,197.15628,0.88136566,-77.67762
3367,0.5333335,32,0,3.0256464,0.8356279,-77.914085
3368,3.0166645,181,0,249.85533,0.8942732,-77.885826
3369,3.0166645,181,0,249.28432,0.8776403,-78.07019
3370,3.0166645,181,0,252.36905,0.90313953,-78.20491
3371,0.48333353,29,0,1.0380459,0.9038272,-78.28179
3372,0.8999998,54,0,1.7109616,0.8990202,-77.91314
3373,3.0166645,181,0,252.70773,0.8801325,-77.92078
3374,3.0166645,181,0,213.09206,0.89112,-77.84491
3375,3.0166645,181,0,263.27106,0.8666516,-77.9225
3376,3.0166645,181,0,289.04224,0.86841136,-77.75183
3377,3.0166645,181,0,293.65958,0.87570524,-77.88337
3378,3.0166645,181,0,260.7729,0.8668567,-77.8391
3379,3.0166645,181,0,298.2453,0.8770447,-77.98774
3380,3.0166645,181,0,0.78632474,0.8682853,-77.95842
3381,3.0166645,181,0,236.14496,0.8763889,-77.94652
3382,0.98333305,59,0,0.278785,0.8645515,-77.86889
3383,3.0166645,181,0,210.54445,0.8672915,-77.97207
3384,3.0166645,181,0,209.51807,0.8775104,-77.763084
3385,3.0166645,181,0,318.53702,0.873045,-77.75272
3386,3.0166645,181,0,222.75987,0.8890111,-77.82264
3387,3.0166645,181,0,260.18027,0.881675,-77.719315
3388,3.0166645,181,0,185.516,0.8842447,-77.8712
3389,3.0166645,181,0,250.63348,0.89622694,-77.99634
3390,3.0166645,181,0,197.50908,0.8811896,-77.75064
3391,3.0166645,181,0,210.59537,0.8888064,-77.82552
3392,1.2499995,75,0,2.7165194,0.8847557,-77.97619
3393,3.0166645,181,0,269.03333,0.90833664,-77.79492
3394,3.0166645,181,0,178.41388,0.9000085,-78.16935
3395,3.0166645,181,0,226.53099,0.8813913,-77.94266
3396,3.0166645,181,0,225.47131,0.86105824,-77.85836
3397,3.0166645,181,0,330.19293,0.8901009,-78.01287
3398,3.0166645,181,0,221.98146,0.867585,-77.92079
3399,3.0166645,181,0,175.47562,0.8563644,-77.98343
3400,3.0166645,181,0,245.4658,0.863415,-77.851685
3401,3.0166645,181,0,197.61299,0.8431486,-77.885284
3402,3.0166645,181,0,230.9882,0.8495513,-78.020935
3403,3.0166645,181,0,139.01938,0.8347444,-77.87493
3404,3.0166645,181,0,231.71225,0.8346567,-77.95715
3405,3.0166645,181,0,262.52307,0.8338793,-77.98161
3406,3.0166645,181,0,205.60413,0.8165844,-77.99254
3407,3.0166645,181,0,203.7391,0.82906693,-78.00373
3408,3.0166645,181,0,232.20984,0.8330997,-78.02487
3409,3.0166645,181,0,149.63445,0.81193995,-77.980865
3410,3.0166645,181,0,234.82349,0.8194354,-77.66466
3411,3.0166645,181,0,342.461,0.82069945,-77.95578
3412,3.0166645,181,0,256.1092,0.827166,-77.939316
3413,3.0166645,181,0,233.68304,0.8310973,-77.879005
3414,0.74999994,45,0,0.5056925,0.8226749,-78.36707
3415,3.0166645,181,0,268.43665,0.8242996,-77.99893
3416,3.0166645,181,0,223.23003,0.81698257,-78.16047
3417,3.0166645,181,0,261.64383,0.8080985,-78.02517
3418,1.7166657,103,0,0.8070551,0.8347132,-78.03942
3419,3.0166645,181,0,279.63028,0.83710504,-77.97643
3420,2.8666646,172,0,110.56818,0.8276809,-78.00532
3421,3.0166645,181,0,233.54065,0.8263678,-78.048454
3422,1.2666662,76,0,40.676968,0.8393284,-78.10386
3423,0.74999994,45,0,2.0764825,0.8428316,-77.805916
3424,0.7666666,46,0,1.9657332,0.81750757,-77.53161
3425,3.0166645,181,0,265.73538,0.83046806,-78.02847
3426,3.0166645,181,0,107.719864,0.83958995,-78.042595
3427,3.0166645,181,0,331.52533,0.82536095,-78.02705
3428,1.0999997,66,0,21.485743,0.84007597,-78.198586
3429,3.0166645,181,0,289.83688,0.84745115,-77.94732
3430,3.0166645,181,0,147.73953,0.83733875,-78.08578
3431,3.0166645,181,0,177.26749,0.8383805,-78.32913
3432,3.0166645,181,0,291.72464,0.8228382,-78.15088
3433,3.0166645,181,0,277.3065,0.83087987,-78.0847
3434,3.0166645,181,0,222.61606,0.83983564,-78.30148
3435,3.0166645,181,0,312.30612,0.83310294,-78.31387
3436,3.0166645,181,0,242.30573,0.8452121,-78.43099
3437,3.0166645,181,0,287.00967,0.8388603,-78.55703
3438,3.0166645,181,0,55.299065,0.83271074,-78.36745
3439,0.91666645,55,0,0.51410604,0.82450306,-78.19346
3440,3.0166645,181,0,257.92703,0.8520772,-78.33354
3441,3.0166645,181,0,315.59113,0.8480714,-78.62781
3442,3.0166645,181,0,221.78671,0.8446784,-78.40474
3443,0.8333332,50,0,11.556712,0.86401874,-78.43192
3444,3.0166645,181,0,335.02936,0.8596132,-78.61845
3445,3.0166645,181,0,316.24268,0.8529631,-78.728714
3446,3.0166645,181,0,240.25052,0.84186345,-78.60797
3447,3.0166645,181,0,311.92993,0.86383754,-78.74809
3448,3.0166645,181,0,301.69086,0.85519344,-78.731895
3449,3.0166645,181,0,303.03998,0.8499713,-78.78559
3450,3.0166645,181,0,212.73372,0.8527081,-78.84646
3451,3.0166645,181,0,259.60895,0.86024904,-78.954384
3452,1.1833329,71,0,1.651407,0.85527533,-79.01502
3453,3.0166645,181,0,263.95062,0.8674217,-78.78819
3454,1.3999994,84,0,8.293978,0.8656845,-79.32269
3455,0.84999985,51,0,0.8682971,0.8678223,-78.82341
3456,3.0166645,181,0,177.06296,0.8666901,-78.80383
3457,3.0166645,181,0,282.98196,0.86187077,-78.955734
3458,3.0166645,181,0,301.4475,0.8647756,-78.99389
3459,3.0166645,181,0,5.6881723,0.86924213,-79.236626
3460,3.0166645,181,0,295.36038,0.8616793,-79.03524
3461,2.0499988,123,0,56.14842,0.85677403,-79.25191
3462,3.0166645,181,0,99.78577,0.86933976,-79.41857
3463,3.0166645,181,0,1.1222502,0.86420727,-79.09962
3464,1.8166656,109,0,13.388419,0.8722722,-79.0732
3465,2.1499987,129,0,3.073404,0.8702491,-79.465775
3466,3.0166645,181,0,252.55437,0.884425,-79.489845
3467,3.0166645,181,0,204.84027,0.8808122,-79.43934
3468,3.0166645,181,0,152.70506,0.87197363,-79.57062
3469,3.0166645,181,0,297.81293,0.87956303,-79.64138
3470,3.0166645,181,0,258.06308,0.8766287,-79.66436
3471,3.0166645,181,0,0.92943937,0.8861056,-79.50855
3472,3.0166645,181,0,275.4743,0.8958025,-79.62202
3473,3.0166645,181,0,341.16837,0.8878788,-79.867714
3474,3.0166645,181,0,248.1931,0.8774856,-79.79305
3475,3.0166645,181,0,90.49455,0.9028164,-79.93726
3476,3.0166645,181,0,217.90639,0.8918461,-79.74469
3477,3.0166645,181,0,296.59894,0.91977936,-79.83286
3478,3.0166645,181,0,201.06142,0.91118616,-80.04439
3479,3.0166645,181,0,173.46207,0.9186617,-80.022415
3480,3.0166645,181,0,262.7482,0.93018556,-80.01765
3481,3.0166645,181,0,218.16125,0.9257804,-80.08937
3482,3.0166645,181,0,315.84183,0.9175238,-80.01184
3483,3.0166645,181,0,181.39896,0.93959796,-80.092
3484,3.0166645,181,0,218.41609,0.9323673,-80.11451
3485,3.0166645,181,0,268.21466,0.9350996,-80.11577
3486,3.0166645,181,0,167.59955,0.9471161,-80.44629
3487,3.0166645,181,0,316.08798,0.9604179,-80.29583
3488,3.0166645,181,0,261.39935,0.9776859,-80.52944
3489,3.0166645,181,0,242.07874,0.98632014,-80.58555
3490,3.0166645,181,0,183.91707,1.0003529,-80.46105
3491,3.0166645,181,0,177.38324,1.0024335,-80.56931
3492,3.0166645,181,0,176.92624,1.0137743,-80.338264
3493,3.0166645,181,0,237.94424,1.0067915,-80.39638
3494,3.0166645,181,0,217.67906,1.0301561,-80.55922
3495,3.0166645,181,0,240.1989,1.0294379,-80.5569
3496,2.5333316,152,0,13.118622,1.0306705,-80.82102
3497,3.0166645,181,0,213.4154,1.0479789,-80.602295
3498,3.0166645,181,0,230.70142,1.0532153,-80.85857
3499,2.233332,134,0,7.824999,1.0571537,-80.72041
3500,3.0166645,181,0,241.4903,1.0510027,-80.74026
3501,3.0166645,181,0,263.78186,1.0608767,-80.718124
3502,0.71666664,43,0,3.452035,1.0523347,-80.44892
3503,3.0166645,181,0,257.11957,1.0807288,-80.859
3504,3.0166645,181,0,137.34068,1.0767387,-80.85523
3505,3.0166645,181,0,266.17575,1.0862927,-80.96566
3506,3.0166645,181,0,11.278894,1.0785592,-80.752625
3507,3.0166645,181,0,176.8283,1.0998259,-80.930466
3508,3.0166645,181,0,191.78384,1.0963228,-80.74969
3509,3.0166645,181,0,289.82574,1.1136676,-80.72795
3510,3.0166645,181,0,210.15015,1.1090902,-80.75957
3511,3.0166645,181,0,104.5455,1.0884328,-80.54167
3512,3.0166645,181,0,181.03793,1.0986084,-80.82434
3513,3.0166645,181,0,284.86823,1.1032403,-80.77156
3514,3.0166645,181,0,223.09511,1.1130307,-80.60431
3515,3.0166645,181,0,295.3048,1.0853237,-80.28961
3516,3.0166645,181,0,294.79437,1.1070714,-80.39768
3517,3.0166645,181,0,147.75345,1.1072457,-80.54206
3518,3.0166645,181,0,204.09985,1.1232799,-80.32511
3519,3.0166645,181,0,195.17934,1.0955664,-80.16105
3520,3.0166645,181,0,249.5246,1.09985,-80.31239
3521,3.0166645,181,0,182.64587,1.1028535,-80.19725
3522,3.0166645,181,0,208.29126,1.1209016,-80.123344
3523,3.0166645,181,0,201.36238,1.1183596,-80.008804
3524,3.0166645,181,0,131.75325,1.1326561,-79.90877
3525,3.0166645,181,0,267.30954,1.1418943,-79.97278
3526,3.0166645,181,0,237.39525,1.1331159,-79.85419
3527,3.0166645,181,0,209.55817,1.1390189,-79.821
3528,3.0166645,181,0,290.8506,1.1466985,-79.685875
3529,3.0166645,181,0,261.535,1.1203022,-79.59229
3530,3.0166645,181,0,256.09384,1.1328028,-79.57766
3531,3.0166645,181,0,220.55885,1.1552856,-79.69055
3532,3.0166645,181,0,260.08768,1.1417142,-79.760765
3533,3.0166645,181,0,262.32944,1.1594384,-79.7341
3534,3.0166645,181,0,217.71613,1.1551913,-79.663574
3535,3.0166645,181,0,264.64487,1.1589135,-79.548874
3536,3.0166645,181,0,180.21582,1.1563274,-79.53645
3537,3.0166645,181,0,297.33292,1.1745508,-79.670906
3538,1.1999996,72,0,2.0712304,1.1854795,-79.41476
3539,3.0166645,181,0,94.8264,1.1516223,-79.3644
3540,3.0166645,181,0,227.55524,1.1696547,-79.259384
3541,2.3666651,142,0,46.609608,1.1801516,-79.468414
3542,3.0166645,181,0,247.86623,1.1648865,-79.23643
3543,3.0166645,181,0,258.39294,1.1680462,-79.309044
3544,3.0166645,181,0,210.12044,1.1717417,-79.43922
3545,2.899998,174,0,69.81972,1.1810124,-79.30493
3546,3.0166645,181,0,312.60785,1.1822056,-79.39998
3547,3.0166645,181,0,316.86826,1.1887736,-79.07185
3548,3.0166645,181,0,264.92905,1.181682,-79.21264
3549,3.0166645,181,0,137.04497,1.1945194,-79.126625
3550,3.0166645,181,0,219.75388,1.2131641,-79.22497
3551,3.0166645,181,0,278.4017,1.2059498,-79.42254
3552,3.0166645,181,0,254.53645,1.2098875,-79.067444
3553,3.0166645,181,0,279.27252,1.2201141,-79.11371
3554,3.0166645,181,0,235.80223,1.2116587,-79.12863
3555,2.466665,148,0,26.862015,1.2245804,-79.17766
3556,3.0166645,181,0,210.10727,1.1865134,-78.87844
3557,3.0166645,181,0,179.90413,1.1902694,-78.94601
3558,3.0166645,181,0,302.24594,1.16804,-79.06227
3559,3.0166645,181,0,124.48487,1.1884242,-78.913536
3560,2.2166653,133,0,64.526306,1.1832119,-79.17399
3561,3.0166645,181,0,113.66985,1.170749,-78.82139
3562,3.0166645,181,0,268.84988,1.1713207,-78.979866
3563,3.0166645,181,0,221.97446,1.1709721,-78.977646
3564,3.0166645,181,0,245.53659,1.1806628,-78.97526
3565,3.0166645,181,0,7.4015417,1.1641992,-78.8596
3566,3.0166645,181,0,258.79297,1.1639823,-79.06939
3567,3.0166645,181,0,180.22195,1.1541872,-78.92272
3568,2.1499987,129,0,1.6975473,1.1597146,-79.0494
3569,2.0499988,123,0,26.01917,1.148472,-79.05818
3570,3.0166645,181,0,249.3565,1.1682804,-78.92117
3571,3.0166645,181,0,256.30643,1.1482431,-78.696556
3572,3.0166645,181,0,99.462524,1.1640941,-78.772156
3573,3.0166645,181,0,61.434795,1.1584176,-78.67408
3574,3.0166645,181,0,225.61282,1.1475333,-78.64883
3575,3.0166645,181,0,249.0718,1.150174,-78.53695
3576,3.0166645,181,0,290.57617,1.1347936,-78.42981
3577,3.0166645,181,0,209.13174,1.1221857,-78.464066
3578,3.0166645,181,0,176.35808,1.1366946,-78.46899
3579,3.0166645,181,0,261.86166,1.1273093,-78.56847
3580,3.0166645,181,0,236.7751,1.1301982,-78.32639
3581,1.6833324,101,0,23.292864,1.1345453,-78.481316
3582,3.0166645,181,0,257.1478,1.1130106,-78.18345
3583,3.0166645,181,0,284.20425,1.1148332,-78.43843
3584,3.0166645,181,0,237.38295,1.1211646,-78.18659
3585,3.0166645,181,0,235.24194,1.0895464,-78.24012
3586,3.0166645,181,0,276.8107,1.1252153,-78.21709
3587,3.0166645,181,0,264.53418,1.1105027,-78.15461
3588,3.0166645,181,0,296.97055,1.0962176,-77.94972
3589,3.0166645,181,0,314.19638,1.103256,-78.1074
3590,3.0166645,181,0,66.37054,1.0987133,-78.016624
3591,3.0166645,181,0,231.60931,1.1091149,-77.80988
3592,3.0166645,181,0,272.70474,1.0899153,-77.94454
3593,3.0166645,181,0,31.041553,1.1026317,-77.91161
3594,3.0166645,181,0,180.95158,1.0785487,-77.89189
3595,3.0166645,181,0,266.8452,1.0817392,-77.726746
3596,3.0166645,181,0,54.382275,1.091541,-77.8723
3597,2.5999982,156,0,2.4951735,1.0923394,-77.63923
3598,3.0166645,181,0,16.472218,1.0800658,-77.6468
3599,2.1166654,127,0,36.608513,1.0943508,-77.24234
3600,3.0166645,181,0,316.04468,1.0680528,-77.33209
3601,3.0166645,181,0,47.394173,1.0669338,-77.19762
3602,3.0166645,181,0,253.23094,1.0758913,-77.008125
3603,3.0166645,181,0,336.0287,1.0623604,-77.131584
3604,3.0166645,181,0,148.81555,1.0890974,-77.01888
3605,3.0166645,181,0,206.5651,1.0781635,-76.92454
3606,3.0166645,181,0,222.9799,1.0675683,-76.78849
3607,3.0166645,181,0,279.99878,1.0560508,-76.814606
3608,3.0166645,181,0,264.77603,1.0573319,-76.80923
3609,3.0166645,181,0,229.54062,1.0685557,-76.67738
3610,3.0166645,181,0,305.97162,1.065296,-76.80957
3611,3.0166645,181,0,246.39893,1.0459373,-76.72826
3612,0.5666668,34,0,1.669676,1.0781159,-77.036194
3613,3.0166645,181,0,201.70914,1.0617765,-76.70291
3614,3.0166645,181,0,218.50757,1.039004,-76.53995
3615,1.6833324,101,0,7.4444113,1.0331302,-76.25683
3616,1.5166659,91,0,0.4772024,1.0518554,-76.40202
3617,3.0166645,181,0,304.78522,1.0494868,-76.50496
3618,3.0166645,181,0,246.89462,1.0274482,-76.32269
3619,3.0166645,181,0,113.57842,1.0295421,-76.2486
3620,3.0166645,181,0,193.85106,1.0251149,-76.273254
3621,1.7166657,103,0,2.6252227,1.0235995,-76.43542
3622,3.0166645,181,0,162.83772,1.0191796,-76.14383
3623,3.0166645,181,0,290.27826,1.0215874,-76.34105
3624,3.0166645,181,0,219.3241,1.0212195,-76.067
3625,3.0166645,181,0,239.5714,1.0127715,-75.84542
3626,0.9666664,58,0,0.90952504,1.0255047,-76.0236
3627,3.0166645,181,0,227.4034,1.006391,-75.90921
3628,1.4333327,86,0,1.6653218,1.0181874,-76.04977
3629,3.0166645,181,0,198.60619,1.0061315,-75.8744
3630,3.0166645,181,0,265.02554,0.98878723,-75.72491
3631,3.0166645,181,0,269.48676,1.015432,-75.67907
3632,3.0166645,181,0,229.34677,1.0150374,-75.56723
3633,3.0166645,181,0,93.887184,1.0040661,-75.67485
3634,3.0166645,181,0,126.506065,0.99664724,-75.4096
3635,3.0166645,181,0,271.46082,1.002385,-75.35292
3636,3.0166645,181,0,298.71436,0.9966633,-75.317986
3637,2.9999979,180,0,5.9225354,0.9637383,-75.27372
3638,3.0166645,181,0,186.83795,0.97576606,-75.171524
3639,3.0166645,181,0,245.72108,0.9343454,-75.19504
3640,3.0166645,181,0,295.5868,0.94401944,-75.07358
3641,3.0166645,181,0,110.29227,0.9616455,-75.021286
3642,3.0166645,181,0,194.8381,0.9520818,-74.794205
3643,3.0166645,181,0,321.52087,0.9368617,-74.86153
3644,0.9333331,56,0,4.1367006,0.94422954,-74.767685
3645,3.0166645,181,0,333.74432,0.94982517,-74.92169
3646,3.0166645,181,0,182.64664,0.9321541,-74.86569
3647,1.9833322,119,0,1.9302045,0.9489363,-74.49893
3648,3.0166645,181,0,261.7629,0.9330753,-74.630394
3649,3.0166645,181,0,100.79934,0.9114562,-74.71466
3650,3.0166645,181,0,337.69864,0.9145716,-74.6391
3651,3.0166645,181,0,208.18129,0.8937187,-74.5258
3652,2.083332,125,0,2.1290026,0.8977656,-74.676155
3653,3.0166645,181,0,135.78433,0.8906207,-74.38431
3654,0.88333315,53,0,2.4233272,0.892366,-74.45738
3655,3.0166645,181,0,288.65826,0.8873784,-74.531364
3656,3.0166645,181,0,165.09685,0.8886322,-74.42039
3657,3.0166645,181,0,272.12924,0.882991,-74.185555
3658,1.3999994,84,0,1.4010689,0.8906768,-74.23323
3659,2.2999985,138,0,1.3675687,0.8775393,-74.32453
3660,3.0166645,181,0,332.9323,0.8823684,-74.319855
3661,3.0166645,181,0,317.56577,0.8659872,-74.04696
3662,3.0166645,181,0,229.90309,0.86483425,-74.10795
3663,3.0166645,181,0,313.40674,0.8543982,-74.09819
3664,3.0166645,181,0,302.3052,0.8564176,-74.120026
3665,3.0166645,181,0,181.09023,0.8669345,-74.15148
3666,3.0166645,181,0,367.0777,0.8701806,-74.22743
3667,3.0166645,181,0,244.97055,0.85526323,-74.063644
3668,3.0166645,181,0,196.20251,0.84512705,-74.07986
3669,3.0166645,181,0,333.57153,0.84602594,-74.08431
3670,3.0166645,181,0,287.9558,0.85352975,-74.019325
3671,3.0166645,181,0,148.21428,0.84782225,-73.913864
3672,3.0166645,181,0,317.127,0.8645527,-73.96097
3673,3.0166645,181,0,328.51486,0.86168545,-74.01893
3674,1.2999995,78,0,3.3980284,0.8672732,-73.97324
3675,1.5333326,92,0,1.3556714,0.85444415,-74.06429
3676,3.0166645,181,0,340.96976,0.8570228,-74.10029
3677,3.0166645,181,0,249.50279,0.86479247,-73.979965
3678,3.0166645,181,0,215.76474,0.86158025,-73.86301
3679,3.0166645,181,0,226.32993,0.87335545,-73.9023
3680,3.0166645,181,0,268.5905,0.8617924,-73.85439
3681,3.0166645,181,0,305.48953,0.86192495,-73.66146
3682,3.0166645,181,0,291.33023,0.86014444,-73.82282
3683,3.0166645,181,0,215.1719,0.864756,-73.86064
3684,3.0166645,181,0,319.64273,0.8708777,-73.59326
3685,3.0166645,181,0,246.84782,0.8763373,-73.5042
3686,3.0166645,181,0,281.0595,0.85813504,-73.780594
3687,3.0166645,181,0,234.37184,0.8675202,-73.77469
3688,3.0166645,181,0,172.74652,0.8764339,-73.735344
3689,1.1166663,67,0,1.0568211,0.8779816,-73.63367
3690,3.0166645,181,0,145.21532,0.8731357,-73.759026
3691,3.0166645,181,0,153.39198,0.87423265,-73.59504
3692,3.0166645,181,0,259.2901,0.868131,-73.44687
3693,3.0166645,181,0,229.9232,0.8804931,-73.58982
3694,3.0166645,181,0,298.58408,0.8900041,-73.35237
3695,3.0166645,181,0,277.95926,0.87226754,-73.58306
3696,3.0166645,181,0,272.10864,0.8762688,-73.48414
3697,0.94999975,57,0,0.972155,0.8875826,-73.63999
3698,3.0166645,181,0,304.6605,0.8757871,-73.5735
3699,3.0166645,181,0,312.15652,0.87114036,-73.65576
3700,3.0166645,181,0,239.27435,0.88127834,-73.45974
3701,3.0166645,181,0,178.07903,0.88206893,-73.49221
3702,3.0166645,181,0,199.87871,0.8822386,-73.472496
3703,3.0166645,181,0,271.15234,0.89555436,-73.49208
3704,3.0166645,181,0,190.37584,0.86925536,-73.47821
3705,2.2833319,137,0,2.846406,0.86756265,-73.38535
3706,3.0166645,181,0,235.93181,0.8831493,-73.37605
3707,3.0166645,181,0,375.81216,0.8684915,-73.46093
3708,3.0166645,181,0,227.60283,0.88296306,-73.311035
3709,3.0166645,181,0,331.64923,0.8528343,-73.253395
3710,3.0166645,181,0,304.74243,0.86804616,-73.22346
3711,3.0166645,181,0,289.33896,0.8575461,-73.45718
3712,3.0166645,181,0,134.41573,0.87358433,-73.11582
3713,3.0166645,181,0,302.3957,0.86730283,-73.10719
3714,0.9666664,58,0,2.2597625,0.8505764,-73.53387
3715,1.133333,68,0,2.9785717,0.8459436,-73.271065
3716,1.4333327,86,0,7.1683044,0.85139626,-73.030914
3717,3.0166645,181,0,322.42654,0.85306215,-73.13793
3718,3.0166645,181,0,220.77353,0.8639948,-73.17603
3719,3.0166645,181,0,311.00098,0.8556498,-73.069664
3720,3.0166645,181,0,306.86642,0.8542429,-73.20237
3721,3.0166645,181,0,316.19287,0.85926825,-73.16285
3722,3.0166645,181,0,207.97937,0.86306185,-73.25352
3723,3.0166645,181,0,296.46518,0.8491946,-73.22577
3724,1.2499995,75,0,0.9611033,0.8757866,-73.11138
3725,3.0166645,181,0,302.51004,0.8569404,-73.12138
3726,3.0166645,181,0,256.58047,0.87052286,-73.159134
3727,3.0166645,181,0,286.084,0.8572196,-73.22188
3728,3.0166645,181,0,305.53476,0.85035324,-73.10739
3729,3.0166645,181,0,227.34654,0.8707508,-73.09692
3730,3.0166645,181,0,275.07605,0.8591598,-73.20068
3731,3.0166645,181,0,229.41437,0.85321605,-73.092415
3732,1.2999995,78,0,27.884207,0.8824741,-72.99342
3733,3.0166645,181,0,335.33,0.86340505,-73.15471
3734,3.0166645,181,0,212.28221,0.84756416,-73.22085
3735,1.133333,68,0,3.2318368,0.8637933,-73.34211
3736,3.0166645,181,0,239.681,0.8592038,-73.016396
3737,3.0166645,181,0,282.50137,0.8724315,-73.14042
3738,3.0166645,181,0,223.94055,0.8695859,-73.242455
3739,3.0166645,181,0,220.16086,0.87986517,-73.21125
3740,1.0666664,64,0,0.9710159,0.886445,-73.03652
3741,3.0166645,181,0,352.6683,0.8758082,-73.01891
3742,3.0166645,181,0,393.19965,0.88295853,-73.08377
3743,1.2333329,74,0,33.087517,0.8514712,-73.33334
3744,3.0166645,181,0,359.8605,0.8757619,-73.3286
3745,3.0166645,181,0,314.4327,0.8737518,-73.20546
3746,1.0999997,66,0,2.6894872,0.90923107,-73.17089
3747,3.0166645,181,0,280.7287,0.889885,-73.22699
3748,3.0166645,181,0,197.74307,0.87865186,-73.327484
3749,3.0166645,181,0,264.23322,0.8851931,-73.354
3750,3.0166645,181,0,261.80493,0.8845074,-73.4309
3751,1.1166663,67,0,2.1949615,0.892808,-73.14657
3752,3.0166645,181,0,262.12094,0.89367384,-73.381294
3753,1.1499996,69,0,3.1231515,0.8858203,-73.41047
3754,3.0166645,181,0,213.57368,0.8681514,-73.64769
3755,3.0166645,181,0,172.86517,0.8810851,-73.52299
3756,1.6666658,100,0,23.01249,0.8615539,-73.25753
3757,3.0166645,181,0,292.55994,0.87553287,-73.409225
3758,3.0166645,181,0,302.99496,0.8921079,-73.516136
3759,3.0166645,181,0,364.99533,0.88675785,-73.52401
3760,3.0166645,181,0,338.47296,0.8779,-73.685135
3761,3.0166645,181,0,352.45068,0.8767803,-73.70218
3762,3.0166645,181,0,293.26117,0.87829506,-73.78459
3763,3.0166645,181,0,322.87302,0.8903149,-73.70397
3764,3.0166645,181,0,342.3647,0.87500936,-73.77234
3765,3.0166645,181,0,316.0292,0.88190186,-73.76896
3766,3.0166645,181,0,250.46097,0.87996274,-73.932724
3767,0.9333331,56,0,0.8647326,0.88289905,-73.89523
3768,3.0166645,181,0,346.09427,0.8704497,-73.901726
3769,0.9333331,56,0,1.1766871,0.8750686,-74.04009
3770,3.0166645,181,0,310.8219,0.8690076,-73.97359
3771,3.0166645,181,0,254.92567,0.89897096,-73.899445
3772,3.0166645,181,0,372.66452,0.878074,-74.14945
3773,3.0166645,181,0,308.25693,0.8774925,-74.292915
3774,3.0166645,181,0,293.67535,0.8805677,-74.21348
3775,3.0166645,181,0,264.24197,0.8763828,-74.1762
3776,3.0166645,181,0,284.23328,0.88796467,-74.458206
3777,3.0166645,181,0,228.02637,0.88049614,-74.3613
3778,3.0166645,181,0,340.33118,0.88507694,-74.394684
3779,3.0166645,181,0,206.22514,0.8946791,-74.2382
3780,0.84999985,51,0,0.61555034,0.8610021,-74.70204
3781,3.0166645,181,0,212.25755,0.8774225,-74.52233
3782,3.0166645,181,0,231.50276,0.86342764,-74.363335
3783,1.0666664,64,0,17.312094,0.85092944,-74.54999
3784,3.0166645,181,0,246.39796,0.8774287,-74.57249
3785,3.0166645,181,0,273.21356,0.871504,-74.45068
3786,3.0166645,181,0,287.44495,0.8807628,-74.745346
3787,3.0166645,181,0,355.2216,0.87576354,-74.4431
3788,3.0166645,181,0,299.97748,0.8691721,-74.56341
3789,1.7833323,107,0,0.80755776,0.86745167,-74.706024
3790,3.0166645,181,0,247.6718,0.86724776,-74.47348
3791,0.61666673,37,0,1.0252581,0.86157715,-74.372505
3792,3.0166645,181,0,328.22913,0.8661332,-74.63924
3793,3.0166645,181,0,311.82413,0.8737026,-74.82549
3794,3.0166645,181,0,333.89853,0.8718333,-74.68994
3795,0.65000004,39,0,0.8692368,0.84873563,-74.5984
3796,3.0166645,181,0,323.98584,0.8616403,-74.79186
3797,1.8166656,109,0,14.156835,0.8796693,-74.9723
3798,3.0166645,181,0,388.16138,0.8582672,-74.78771
3799,0.7,42,0,1.0869735,0.86546785,-75.12532
3800,3.0166645,181,0,417.3425,0.8640692,-74.93611
3801,3.0166645,181,0,280.33975,0.8564421,-74.888275
3802,3.0166645,181,0,313.4166,0.87305546,-75.15013
3803,0.6333334,38,0,1.3224593,0.8654525,-75.14601
3804,0.6333334,38,0,1.8745672,0.84964824,-74.839874
3805,1.8999989,114,0,1.3110783,0.8687382,-75.05331
3806,1.5333326,92,0,3.9733572,0.8652836,-74.974655
3807,3.0166645,181,0,329.13843,0.86465317,-75.23027
3808,3.0166645,181,0,334.54678,0.87752426,-75.17042
3809,2.3166652,139,0,6.861878,0.8502988,-75.1314
3810,3.0166645,181,0,362.73956,0.8475015,-75.291466
3811,3.0166645,181,0,244.30919,0.8602973,-75.15017
3812,3.0166645,181,0,332.93756,0.84779334,-75.30306
3813,3.0166645,181,0,270.61386,0.8567457,-75.372856
3814,3.0166645,181,0,292.87506,0.8553992,-75.5062
3815,1.133333,68,0,29.567364,0.81378335,-75.25167
3816,3.0166645,181,0,306.3316,0.8296194,-75.37773
3817,3.0166645,181,0,201.54686,0.8255159,-75.35852
3818,3.0166645,181,0,219.93456,0.83383256,-75.3147
3819,3.0166645,181,0,341.53903,0.8177021,-75.28586
3820,3.0166645,181,0,368.2096,0.80985016,-75.55312
3821,3.0166645,181,0,253.39127,0.8296958,-75.43291
3822,3.0166645,181,0,331.0162,0.81715196,-75.50728
3823,3.0166645,181,0,359.3561,0.81820923,-75.55224
3824,3.0166645,181,0,108.68257,0.8253948,-75.601494
3825,3.0166645,181,0,358.2905,0.80713826,-75.56815
3826,3.0166645,181,0,349.21133,0.83327854,-75.51397
3827,3.0166645,181,0,350.17792,0.8139984,-75.51222
3828,2.1999986,132,0,1.2947409,0.8157579,-75.54136
3829,3.0166645,181,0,272.54813,0.8148154,-75.53131
3830,3.0166645,181,0,311.95966,0.80666476,-75.56293
3831,3.0166645,181,0,282.4744,0.82652956,-75.76313
3832,3.0166645,181,0,5.52031,0.80595493,-75.83698
3833,3.0166645,181,0,349.3224,0.7993208,-75.66846
3834,3.0166645,181,0,335.89615,0.79506934,-75.82115
3835,3.0166645,181,0,255.218,0.78617555,-75.44895
3836,3.0166645,181,0,47.970566,0.7964529,-75.70954
3837,3.0166645,181,0,366.86502,0.77438843,-75.72648
3838,2.749998,165,0,2.9225721,0.7736516,-75.616875
3839,3.0166645,181,0,1.2346954,0.76870567,-75.62099
3840,3.0166645,181,0,305.39282,0.77255964,-75.55316
3841,3.0166645,181,0,319.49475,0.7722534,-75.62834
3842,3.0166645,181,0,32.499084,0.7663113,-75.84871
3843,3.0166645,181,0,313.22528,0.7761321,-75.67543
3844,1.9666655,118,0,4.014614,0.7569757,-75.73622
3845,3.0166645,181,0,255.08792,0.7631083,-75.67438
3846,3.0166645,181,0,282.12094,0.7606525,-75.64879
3847,3.0166645,181,0,281.01654,0.7548305,-75.6567
3848,3.0166645,181,0,14.887362,0.76347077,-75.61603
3849,3.0166645,181,0,351.52988,0.7569421,-75.61367
3850,3.0166645,181,0,368.56064,0.7534943,-75.590126
3851,3.0166645,181,0,7.673787,0.7499219,-75.46684
3852,2.6666648,160,0,1.6754164,0.7442512,-75.49614
3853,3.0166645,181,0,342.42535,0.74940795,-75.33194
3854,3.0166645,181,0,310.21985,0.7438104,-75.47625
3855,3.0166645,181,0,20.683088,0.7395697,-75.54824
3856,3.0166645,181,0,333.30753,0.7483907,-75.268166
3857,3.0166645,181,0,6.63932,0.7371854,-75.4848
3858,3.0166645,181,0,237.95135,0.74406314,-75.49459
3859,3.0166645,181,0,123.39188,0.73040825,-75.33424
3860,3.0166645,181,0,375.79062,0.7464913,-75.41742
3861,3.0166645,181,0,5.6110625,0.7343133,-75.40487
3862,3.0166645,181,0,3.6129093,0.7306301,-75.172806
3863,3.0166645,181,0,254.44743,0.72524035,-75.33657
3864,3.0166645,181,0,334.7686,0.74377763,-75.3469
3865,3.0166645,181,0,239.03996,0.72858226,-75.505905
3866,3.0166645,181,0,265.67673,0.72819185,-75.42924
3867,3.0166645,181,0,290.91312,0.724688,-75.438255
3868,3.0166645,181,0,321.51865,0.7304545,-75.45507
3869,3.0166645,181,0,20.519934,0.72446644,-75.45092
3870,3.0166645,181,0,266.37195,0.7116625,-75.307465
3871,3.0166645,181,0,294.7289,0.73252517,-75.613304
3872,3.0166645,181,0,253.76886,0.7138306,-75.47056
3873,3.0166645,181,0,289.0603,0.7339559,-75.33465
3874,3.0166645,181,0,304.41064,0.743347,-75.38344
3875,3.0166645,181,0,306.5695,0.7288063,-75.471344
3876,3.0166645,181,0,334.47803,0.7348136,-75.34756
3877,3.0166645,181,0,314.66214,0.75227755,-75.45988
3878,3.0166645,181,0,307.9264,0.7474113,-75.50939
3879,3.0166645,181,0,60.706898,0.74226373,-75.46347
3880,3.0166645,181,0,0.8275204,0.74195147,-75.55005
3881,2.0166655,121,0,1.2936348,0.7534321,-75.2471
3882,3.0166645,181,0,85.514175,0.755567,-75.28413
3883,3.0166645,181,0,267.11102,0.7491531,-75.32653
3884,3.0166645,181,0,269.20737,0.76195234,-75.33997
3885,3.0166645,181,0,306.97064,0.7462469,-75.608055
3886,3.0166645,181,0,372.86108,0.7566469,-75.52349
3887,3.0166645,181,0,269.67047,0.7709172,-75.28562
3888,3.0166645,181,0,105.08356,0.7541864,-75.37114
3889,3.0166645,181,0,305.96637,0.7544585,-75.34192
3890,3.0166645,181,0,252.76277,0.77177966,-75.19468
3891,3.0166645,181,0,293.50165,0.7583496,-75.368706
3892,3.0166645,181,0,219.77007,0.76182914,-75.12289
3893,2.416665,145,0,15.326459,0.76161766,-75.262856
3894,3.0166645,181,0,337.0962,0.74880964,-75.36714
3895,2.7666647,166,0,3.8771389,0.75692207,-75.275734
3896,3.0166645,181,0,214.85109,0.7577765,-75.32995
3897,3.0166645,181,0,251.48788,0.7700623,-75.16535
3898,3.0166645,181,0,9.477295,0.75961596,-75.22077
3899,3.0166645,181,0,358.695,0.7470358,-75.18243
3900,2.2999985,138,0,24.55702,0.75064105,-75.16852
3901,3.0166645,181,0,242.6559,0.75457233,-75.20033
3902,3.0166645,181,0,339.17093,0.7508906,-75.03414
3903,3.0166645,181,0,274.91083,0.7570767,-75.08785
3904,3.0166645,181,0,338.81998,0.76588804,-75.059845
3905,3.0166645,181,0,308.29623,0.7690647,-75.251625
3906,3.0166645,181,0,10.718432,0.74649864,-74.99112
3907,2.466665,148,0,11.142603,0.7469978,-75.171455
3908,3.0166645,181,0,242.09285,0.75949514,-75.02694
3909,2.4333317,146,0,10.765314,0.72752106,-75.04692
3910,3.0166645,181,0,310.27017,0.7397239,-74.92701
3911,3.0166645,181,0,205.21515,0.74970806,-75.078255
3912,3.0166645,181,0,72.48422,0.7565959,-74.999306
3913,3.0166645,181,0,231.3427,0.74888706,-74.84264
3914,3.0166645,181,0,292.84692,0.75420725,-75.13946
3915,3.0166645,181,0,233.40508,0.74655056,-74.857025
3916,3.0166645,181,0,207.42407,0.75296164,-74.972984
3917,1.2666662,76,0,46.644558,0.7490491,-74.82578
3918,3.0166645,181,0,177.3886,0.74439937,-74.97227
3919,1.416666,85,0,4.850415,0.7352112,-74.97418
3920,0.81666654,49,0,1.5330608,0.73824334,-75.16397
3921,3.0166645,181,0,328.7297,0.75793225,-75.00451
3922,3.0166645,181,0,63.095566,0.7551599,-75.150665
3923,3.0166645,181,0,326.5792,0.7550311,-74.95346
3924,3.0166645,181,0,353.61804,0.7395454,-74.93306
3925,1.1833329,71,0,52.9029,0.745419,-74.75044
3926,2.2666652,136,0,17.533258,0.7444162,-74.82479
3927,3.0166645,181,0,183.08893,0.73838174,-74.88907
3928,3.0166645,181,0,301.8549,0.7450742,-74.99707
3929,3.0166645,181,0,307.52213,0.74739754,-74.87823
3930,3.0166645,181,0,234.60985,0.7490613,-74.69983
3931,3.0166645,181,0,333.04053,0.74322635,-75.02994
3932,3.0166645,181,0,306.55173,0.74419534,-74.817474
3933,3.0166645,181,0,260.80753,0.7418171,-74.84313
3934,3.0166645,181,0,292.42758,0.7433845,-74.80217
3935,3.0166645,181,0,348.29117,0.7465718,-74.91536
3936,3.0166645,181,0,137.57924,0.74282163,-74.87016
3937,3.0166645,181,0,316.13843,0.74771607,-74.920815
3938,3.0166645,181,0,318.6473,0.7535931,-74.86128
3939,3.0166645,181,0,240.005,0.7466008,-75.00611
3940,1.083333,65,0,1.8103285,0.74828166,-74.59122
3941,3.0166645,181,0,332.86893,0.7488948,-74.876335
3942,3.0166645,181,0,341.1296,0.7441973,-75.04119
3943,3.0166645,181,0,252.56476,0.7543174,-75.01348
3944,3.0166645,181,0,271.5942,0.7459003,-74.98934
3945,3.0166645,181,0,292.41162,0.73883545,-74.96017
3946,3.0166645,181,0,195.26564,0.75031185,-75.075775
3947,3.0166645,181,0,260.501,0.73778224,-75.08709
3948,3.0166645,181,0,308.31433,0.74177134,-75.17267
3949,3.0166645,181,0,270.03076,0.74048924,-75.19769
3950,1.7333324,104,0,6.191479,0.74009526,-75.20085
3951,3.0166645,181,0,303.1657,0.74766177,-75.12353
3952,1.133333,68,0,29.409773,0.75421214,-75.05473
3953,0.8666665,52,0,1.2623618,0.7530762,-75.09825
3954,3.0166645,181,0,300.63574,0.7470987,-75.11528
3955,3.0166645,181,0,300.22327,0.7407554,-75.088745
3956,1.2666662,76,0,44.64946,0.7445389,-74.99492
3957,2.0666654,124,0,5.494325,0.7354222,-75.04473
3958,3.0166645,181,0,377.11755,0.75601995,-75.074554
3959,1.9166656,115,0,18.873041,0.74440014,-74.97995
3960,3.0166645,181,0,289.28992,0.74875873,-75.07066
3961,3.0166645,181,0,201.65817,0.74882805,-75.055435
3962,0.91666645,55,0,1.2813857,0.7602824,-75.2581
3963,3.0166645,181,0,246.07799,0.74569666,-75.06517
3964,2.0666654,124,0,1.4243013,0.7637425,-75.20655
3965,3.0166645,181,0,368.39343,0.75763786,-75.119286
3966,2.616665,157,0,24.504137,0.76750594,-75.066154
3967,1.8333323,110,0,10.320465,0.7431815,-74.95971
3968,3.0166645,181,0,267.88492,0.7622278,-75.12588
3969,0.6333334,38,0,1.5095848,0.75911736,-74.901634
3970,2.0166655,121,0,2.9631379,0.75676215,-75.07205
3971,3.0166645,181,0,310.399,0.7463635,-75.03258
3972,3.0166645,181,0,248.45995,0.75361925,-74.94614
3973,3.0166645,181,0,166.82213,0.7494017,-74.82611
3974,3.0166645,181,0,333.9616,0.748532,-74.97606
3975,0.6666667,40,0,1.0042392,0.7410963,-75.043655
3976,3.0166645,181,0,332.89038,0.75269026,-74.97911
3977,3.0166645,181,0,186.78784,0.75472075,-75.04713
3978,3.0166645,181,0,317.28818,0.75414777,-75.205246
3979,3.0166645,181,0,297.85483,0.75168777,-74.98961
3980,3.0166645,181,0,344.12604,0.7604525,-75.215355
3981,3.0166645,181,0,320.8859,0.747919,-75.10353
3982,3.0166645,181,0,325.09778,0.7632329,-75.140366
3983,3.0166645,181,0,243.38039,0.74776304,-75.29146
3984,3.0166645,181,0,253.75066,0.7368014,-75.25059
3985,3.0166645,181,0,317.40082,0.7377056,-75.20371
3986,3.0166645,181,0,289.24268,0.7315559,-75.41597
3987,3.0166645,181,0,366.48663,0.7490825,-75.447945
3988,0.65000004,39,0,1.8880931,0.7508793,-75.50793
3989,3.0166645,181,0,356.53253,0.73208374,-75.2771
3990,3.0166645,181,0,319.8338,0.7223921,-75.25693
3991,3.0166645,181,0,211.5408,0.7242317,-75.395615
3992,3.0166645,181,0,302.66495,0.72181934,-75.546715
3993,3.0166645,181,0,250.45409,0.71713734,-75.37214
3994,1.2833328,77,0,12.298489,0.7179254,-75.39007
3995,3.0166645,181,0,326.4194,0.70564604,-75.43843
3996,3.0166645,181,0,148.33846,0.71963024,-75.48363
3997,1.0499997,63,0,1.9520167,0.72980505,-75.52207
3998,3.0166645,181,0,317.79504,0.7068836,-75.50611
3999,3.0166645,181,0,313.49136,0.70623004,-75.66366
4000,3.0166645,181,0,262.62576,0.7276009,-75.564835
4001,3.0166645,181,0,320.8302,0.71143526,-75.58949
4002,3.0166645,181,0,262.62744,0.71966594,-75.59713
4003,1.5166659,91,0,1.3278395,0.7311233,-75.56368
4004,3.0166645,181,0,301.0406,0.70667666,-75.75431
4005,3.0166645,181,0,347.1838,0.7208517,-75.65837
4006,3.0166645,181,0,377.0545,0.7165534,-75.54136
4007,1.4999993,90,0,14.33825,0.7058165,-75.53832
4008,3.0166645,181,0,74.450874,0.7181945,-75.60355
4009,0.94999975,57,0,1.0311904,0.7198015,-75.531296
4010,3.0166645,181,0,327.9602,0.7278254,-75.65382
4011,3.0166645,181,0,307.759,0.7314673,-75.61156
4012,3.0166645,181,0,254.72115,0.7247121,-75.67141
4013,3.0166645,181,0,336.86353,0.7138313,-75.731476
4014,3.0166645,181,0,57.139023,0.7128029,-75.79992
4015,3.0166645,181,0,237.04025,0.7196979,-75.59078
4016,3.0166645,181,0,188.0194,0.7254227,-75.63699
4017,3.0166645,181,0,319.88535,0.7026191,-75.665886
4018,3.0166645,181,0,307.29166,0.7147709,-75.703476
4019,0.7666666,46,0,2.270809,0.68994266,-75.54082
4020,3.0166645,181,0,295.45947,0.72241473,-75.65817
4021,3.0166645,181,0,340.15195,0.72719103,-75.6465
4022,3.0166645,181,0,273.5271,0.7036925,-75.768005
4023,1.4499993,87,0,11.174868,0.7282118,-75.49591
4024,3.0166645,181,0,291.6608,0.71295017,-75.83215
4025,2.2499986,135,0,9.537179,0.7162558,-75.695595
4026,3.0166645,181,0,318.5897,0.71286213,-75.79512
4027,1.2666662,76,0,2.6045737,0.7265415,-75.78365
4028,3.0166645,181,0,322.4896,0.7061797,-75.85555
4029,1.6166658,97,0,4.9724593,0.7182592,-75.82889
4030,3.0166645,181,0,319.13248,0.7356908,-75.814964
4031,3.0166645,181,0,218.36366,0.7117418,-75.83087
4032,1.2499995,75,0,3.236354,0.72208214,-75.333954
4033,3.0166645,181,0,287.30902,0.72061586,-75.69756
4034,3.0166645,181,0,267.23962,0.7176061,-75.746826
4035,1.1666663,70,0,1.2175512,0.7103792,-75.46672
4036,3.0166645,181,0,309.1938,0.72750443,-75.86207
4037,3.0166645,181,0,297.70627,0.7068984,-75.928375
4038,3.0166645,181,0,179.86641,0.7193986,-75.94779
4039,0.48333353,29,0,0.4583314,0.6889617,-75.90461
4040,0.94999975,57,0,1.194274,0.7309338,-75.992165
4041,1.2999995,78,0,3.7956796,0.7184414,-76.05335
4042,3.0166645,181,0,244.38622,0.71278083,-75.89363
4043,3.0166645,181,0,203.38971,0.6970615,-75.672516
4044,3.0166645,181,0,313.0189,0.71801716,-75.79301
4045,1.9333322,116,0,34.4544,0.6976835,-75.74783
4046,3.0166645,181,0,316.94617,0.7063702,-76.001175
4047,3.0166645,181,0,279.36935,0.7047258,-75.828606
4048,3.0166645,181,0,283.73477,0.6972741,-75.921585
4049,3.0166645,181,0,316.67755,0.68977535,-75.813255
4050,3.0166645,181,0,249.12503,0.7021177,-75.85624
4051,3.0166645,181,0,302.9778,0.705096,-75.66106
4052,0.48333353,29,0,0.6932693,0.7179768,-75.740295
4053,2.749998,165,0,77.47075,0.67953336,-75.801346
4054,3.0166645,181,0,266.3023,0.697327,-75.87792
4055,3.0166645,181,0,319.01712,0.6842579,-75.81485
4056,3.0166645,181,0,343.2097,0.69588584,-75.69835
4057,3.0166645,181,0,150.03593,0.68900365,-75.73847
4058,3.0166645,181,0,310.48584,0.6931876,-75.85441
4059,3.0166645,181,0,310.3604,0.70916265,-75.71263
4060,1.1166663,67,0,0.39991686,0.6797075,-76.06182
4061,1.4833326,89,0,30.08498,0.69108707,-75.675606
4062,3.0166645,181,0,220.81726,0.68585426,-75.8155
4063,2.6833315,161,0,26.297373,0.6906453,-75.84011
4064,3.0166645,181,0,292.9699,0.67298824,-75.873665
4065,3.0166645,181,0,320.5541,0.67780566,-75.74606
4066,0.46666685,28,0,0.44124165,0.676296,-75.2239
4067,3.0166645,181,0,306.89093,0.6852906,-75.81716
4068,3.0166645,181,0,77.79335,0.6839308,-75.754
4069,3.0166645,181,0,320.51245,0.68191725,-75.78977
4070,3.0166645,181,0,285.87613,0.67680997,-76.045784
4071,3.0166645,181,0,274.64172,0.6738801,-75.92559
4072,2.0166655,121,0,23.337288,0.6827123,-75.79636
4073,3.0166645,181,0,182.814,0.6688189,-75.80855
4074,3.0166645,181,0,272.80038,0.6884749,-75.88542
4075,3.0166645,181,0,281.763,0.6750843,-75.897354
4076,3.0166645,181,0,240.41327,0.67624784,-75.90097
4077,3.0166645,181,0,269.99728,0.6712213,-75.94934
4078,0.94999975,57,0,2.605919,0.67079854,-75.77156
4079,0.58333343,35,0,1.7463366,0.676145,-76.09227
4080,3.0166645,181,0,291.7933,0.6770449,-76.08749
4081,3.0166645,181,0,88.30196,0.67797875,-76.11539
4082,3.0166645,181,0,198.54414,0.6757815,-76.06599
4083,3.0166645,181,0,298.28668,0.66045004,-76.069916
4084,1.2499995,75,0,1.2214057,0.66240466,-75.96317
4085,3.0166645,181,0,325.68805,0.6597618,-75.97651
4086,1.1999996,72,0,0.7249044,0.65951425,-76.19839
4087,3.0166645,181,0,271.33862,0.67805207,-76.14673
4088,0.94999975,57,0,2.1717842,0.68232316,-76.12167
4089,3.0166645,181,0,251.63278,0.6641372,-76.1562
4090,1.4833326,89,0,5.0120354,0.6612216,-76.07701
4091,3.0166645,181,0,67.423996,0.6742381,-76.11225
4092,3.0166645,181,0,275.25656,0.6687944,-75.99276
4093,3.0166645,181,0,188.38005,0.6735027,-76.084854
4094,3.0166645,181,0,338.82617,0.66444,-76.21665
4095,3.0166645,181,0,229.7902,0.6606933,-76.27552
4096,3.0166645,181,0,248.29431,0.6608581,-76.23938
4097,3.0166645,181,0,331.57632,0.66578615,-76.33138
4098,3.0166645,181,0,250.39745,0.6552687,-76.25522
4099,3.0166645,181,0,307.62012,0.64414686,-76.34586
4100,3.0166645,181,0,303.60107,0.6620683,-76.28241
4101,3.0166645,181,0,309.8546,0.6573495,-76.26113
4102,3.0166645,181,0,208.96568,0.6540036,-76.33617
4103,1.2166662,73,0,0.8303553,0.64880675,-76.03489
4104,3.0166645,181,0,312.96396,0.6610101,-76.294304
4105,3.0166645,181,0,292.05338,0.651558,-76.282875
4106,3.0166645,181,0,266.38104,0.646138,-76.265526
4107,3.0166645,181,0,319.70557,0.6396591,-76.30927
4108,0.74999994,45,0,0.35249022,0.63966745,-76.31648
4109,3.0166645,181,0,261.65955,0.64516664,-76.32188
4110,3.0166645,181,0,89.54322,0.6352194,-76.23484
4111,1.0333331,62,0,1.4054646,0.63023365,-76.35119
4112,3.0166645,181,0,323.40146,0.62936616,-76.31582
4113,1.416666,85,0,3.653253,0.6333945,-76.41952
4114,3.0166645,181,0,254.5638,0.6377795,-76.12392
4115,3.0166645,181,0,109.18712,0.6413228,-76.291
4116,3.0166645,181,0,314.2603,0.63298625,-76.10004
4117,3.0166645,181,0,315.987,0.62547743,-76.35631
4118,3.0166645,181,0,295.20538,0.6237778,-76.20107
4119,3.0166645,181,0,323.92804,0.6258835,-76.320526
4120,3.0166645,181,0,195.67827,0.6244873,-76.33305
4121,3.0166645,181,0,307.87543,0.61544627,-76.068756
4122,0.8333332,50,0,1.7854947,0.6013877,-76.49393
4123,3.0166645,181,0,314.18323,0.61039877,-76.412
4124,3.0166645,181,0,365.17133,0.61520183,-76.34073
4125,1.6999991,102,0,8.2188015,0.61171997,-76.11483
4126,3.0166645,181,0,325.40128,0.61841047,-76.21029
4127,0.6666667,40,0,2.210378,0.58078134,-76.46942
4128,3.0166645,181,0,321.15485,0.6132418,-76.15069
4129,3.0166645,181,0,337.058,0.6115305,-76.28592
4130,3.0166645,181,0,297.42062,0.59987974,-76.186134
4131,3.0166645,181,0,262.02118,0.6099091,-76.24681
4132,3.0166645,181,0,297.80457,0.5955018,-76.45122
4133,1.6333325,98,0,5.268045,0.6037195,-76.27241
4134,3.0166645,181,0,9.932077,0.6023346,-76.11561
4135,3.0166645,181,0,366.89172,0.6038421,-76.207344
4136,3.0166645,181,0,294.49136,0.6024776,-76.363594
4137,3.0166645,181,0,335.1675,0.60462415,-76.24539
4138,3.0166645,181,0,7.2060213,0.5993418,-76.23325
4139,3.0166645,181,0,4.875219,0.5867534,-76.336464
4140,2.9666646,178,0,4.492289,0.6008107,-76.21827
4141,1.2333329,74,0,1.2038153,0.6018405,-76.19995
4142,3.0166645,181,0,198.34943,0.6099887,-76.26564
4143,3.0166645,181,0,303.71835,0.6089006,-76.22774
4144,3.0166645,181,0,332.41562,0.60051554,-76.079544
4145,2.033332,122,0,23.144241,0.6053845,-75.96682
4146,3.0166645,181,0,276.6731,0.6004891,-75.8652
4147,3.0166645,181,0,347.28284,0.58925325,-76.046326
4148,3.0166645,181,0,303.29315,0.587238,-76.05836
4149,3.0166645,181,0,347.353,0.5989794,-76.23546
4150,1.5333326,92,0,1.4157931,0.59609526,-75.97909
4151,2.7333314,164,0,42.62628,0.59945935,-75.92846
4152,3.0166645,181,0,268.99396,0.5879489,-75.94116
4153,1.7666657,106,0,4.931171,0.5816872,-75.940186
4154,1.8666656,112,0,0.9841268,0.5850465,-75.76688
4155,3.0166645,181,0,280.14438,0.59370506,-75.789955
4156,1.5999992,96,0,1.3488227,0.5774748,-75.955795
4157,2.0666654,124,0,15.14792,0.58672804,-75.67145
4158,3.0166645,181,0,300.9604,0.5840719,-75.83895
4159,3.0166645,181,0,342.67648,0.5851327,-75.62249
4160,3.0166645,181,0,257.36655,0.5748114,-75.68033
4161,3.0166645,181,0,7.817074,0.5876424,-75.7234
4162,2.2166653,133,0,10.776102,0.6011466,-75.65341
4163,1.5999992,96,0,0.6266572,0.57959396,-75.57986
4164,1.3499994,81,0,0.8871395,0.58012533,-75.66697
4165,1.5833325,95,0,2.0799344,0.5810152,-75.514336
4166,3.0166645,181,0,264.23203,0.5807813,-75.50071
4167,3.0166645,181,0,249.47636,0.5838069,-75.450264
4168,2.8833313,173,0,60.56474,0.58176327,-75.54477
4169,3.0166645,181,0,168.9676,0.57848126,-75.210335
4170,3.0166645,181,0,238.36002,0.57862633,-75.33221
4171,3.0166645,181,0,302.03043,0.5805454,-75.33056
4172,3.0166645,181,0,193.49156,0.56555736,-75.31506
4173,3.0166645,181,0,174.14859,0.5815713,-75.32622
4174,3.0166645,181,0,254.75868,0.57305026,-75.339806
4175,2.7333314,164,0,6.724235,0.5702607,-75.354164
4176,1.9333322,116,0,19.23753,0.56636935,-75.2681
4177,2.566665,154,0,35.793068,0.5686405,-74.99874
4178,3.0166645,181,0,324.28305,0.58214235,-75.1225
4179,2.416665,145,0,6.772409,0.5853641,-74.91176
4180,3.0166645,181,0,1.7455227,0.5680463,-75.015526
4181,3.0166645,181,0,303.40164,0.5756946,-74.94745
4182,3.0166645,181,0,309.7349,0.57352006,-74.814125
4183,3.0166645,181,0,223.80136,0.5577199,-74.80183
4184,2.616665,157,0,2.503385,0.56314397,-74.553856
4185,3.0166645,181,0,304.9677,0.55817926,-74.49946
4186,3.0166645,181,0,195.43977,0.55698514,-74.5837
4187,3.0166645,181,0,218.67654,0.5637024,-74.71809
4188,3.0166645,181,0,271.5707,0.5599588,-74.58237
4189,3.0166645,181,0,227.55466,0.5485809,-74.49982
4190,3.0166645,181,0,163.0975,0.55486155,-74.51326
4191,3.0166645,181,0,287.95953,0.54684937,-74.628494
4192,3.0166645,181,0,228.14049,0.5453992,-74.34432
4193,3.0166645,181,0,233.01462,0.5420006,-74.42379
4194,3.0166645,181,0,217.87753,0.5407063,-74.348564
4195,3.0166645,181,0,327.7369,0.5457267,-74.357155
4196,3.0166645,181,0,267.39645,0.5414133,-74.264084
4197,3.0166645,181,0,174.8838,0.5438524,-74.202065
4198,3.0166645,181,0,341.3145,0.53634655,-74.23408
4199,3.0166645,181,0,262.78305,0.5356645,-74.07554
4200,3.0166645,181,0,253.38867,0.55009764,-73.94752
4201,3.0166645,181,0,328.35864,0.5495132,-74.02324
4202,3.0166645,181,0,185.20789,0.5371109,-73.922
4203,3.0166645,181,0,310.35385,0.5337876,-73.75389
4204,3.0166645,181,0,10.678291,0.5377626,-73.58174
4205,3.0166645,181,0,184.97754,0.5458979,-73.6748
4206,3.0166645,181,0,138.23688,0.5369289,-73.31086
4207,1.4833326,89,0,5.411506,0.5534557,-73.43941
4208,3.0166645,181,0,210.51,0.5466877,-73.35678
4209,3.0166645,181,0,313.43765,0.5414959,-73.48405
4210,3.0166645,181,0,290.18335,0.5530676,-73.36562
4211,3.0166645,181,0,196.37373,0.5518448,-73.36426
4212,3.0166645,181,0,341.1244,0.551304,-73.15375
4213,3.0166645,181,0,312.00937,0.5522528,-72.952736
4214,3.0166645,181,0,264.49924,0.55103534,-73.132034
4215,3.0166645,181,0,316.50165,0.5543262,-73.19523
4216,3.0166645,181,0,315.96045,0.5639278,-73.16009
4217,3.0166645,181,0,342.60364,0.56833863,-72.63164
4218,3.0166645,181,0,341.92062,0.5771074,-72.75112
4219,3.0166645,181,0,266.59274,0.5642952,-72.94423
4220,3.0166645,181,0,243.43745,0.56652737,-72.869774
4221,3.0166645,181,0,349.79117,0.5610656,-72.989685
4222,3.0166645,181,0,152.63606,0.56753415,-72.83548
4223,3.0166645,181,0,139.50075,0.56959015,-72.76592
4224,3.0166645,181,0,305.64673,0.5573045,-72.97983
4225,3.0166645,181,0,180.8652,0.5586989,-72.78028
4226,3.0166645,181,0,168.86484,0.5660344,-72.77054
4227,3.0166645,181,0,292.11154,0.5659835,-72.713844
4228,3.0166645,181,0,195.90872,0.56261396,-72.98854
4229,3.0166645,181,0,305.26337,0.55622625,-72.88125
4230,3.0166645,181,0,246.47537,0.55670774,-72.876884
4231,3.0166645,181,0,217.32225,0.5599849,-72.58633
4232,3.0166645,181,0,265.74744,0.5543788,-72.69351
4233,3.0166645,181,0,333.61023,0.5667754,-72.60027
4234,3.0166645,181,0,294.9802,0.5688544,-72.575806
4235,1.799999,108,0,26.991978,0.57236457,-72.68954
4236,3.0166645,181,0,321.50607,0.5774669,-72.69863
4237,1.5333326,92,0,1.7029562,0.5895713,-72.55969
4238,3.0166645,181,0,319.83203,0.58996034,-72.424126
4239,3.0166645,181,0,179.87949,0.5941162,-72.73344
4240,3.0166645,181,0,206.97275,0.5906099,-72.80291
4241,3.0166645,181,0,261.85764,0.60193014,-72.641884
4242,3.0166645,181,0,186.07814,0.6043996,-72.65273
4243,3.0166645,181,0,362.39517,0.6009232,-72.55127
4244,3.0166645,181,0,311.3854,0.61297476,-72.72639
4245,3.0166645,181,0,324.84048,0.60177827,-72.73521
4246,3.0166645,181,0,65.51719,0.5963783,-72.58858
4247,3.0166645,181,0,36.439598,0.59650224,-72.53539
4248,3.0166645,181,0,266.84674,0.60695136,-72.52504
4249,3.0166645,181,0,306.4242,0.60388255,-72.65355
4250,3.0166645,181,0,279.62753,0.59501326,-72.68041
4251,3.0166645,181,0,288.6872,0.59556997,-72.69765
4252,3.0166645,181,0,14.807111,0.59708875,-72.587654
4253,3.0166645,181,0,227.66087,0.603108,-72.58237
4254,3.0166645,181,0,205.06282,0.605363,-72.5585
4255,3.0166645,181,0,320.24402,0.6056808,-72.53807
4256,3.0166645,181,0,246.92262,0.5919925,-72.6393
4257,0.5333335,32,0,0.9826597,0.5957572,-72.99883
4258,3.0166645,181,0,196.44662,0.5961132,-72.574
4259,1.1166663,67,0,2.8254857,0.6021764,-72.8376
4260,3.0166645,181,0,104.748856,0.58700186,-72.541985
4261,3.0166645,181,0,194.538,0.5980221,-72.559814
4262,3.0166645,181,0,308.3565,0.58958024,-72.66722
4263,3.0166645,181,0,244.51248,0.6013066,-72.53469
4264,3.0166645,181,0,306.88385,0.59879625,-72.73544
4265,3.0166645,181,0,259.11386,0.59019256,-72.632034
4266,0.9666664,58,0,15.093942,0.6131683,-72.654366
4267,3.0166645,181,0,302.84836,0.5859421,-72.80117
4268,3.0166645,181,0,326.18137,0.60005885,-72.46125
4269,3.0166645,181,0,183.6971,0.5929092,-72.732635
4270,3.0166645,181,0,293.17105,0.5808618,-72.464165
4271,3.0166645,181,0,240.58641,0.578505,-72.7436
4272,3.0166645,181,0,105.24124,0.58198315,-72.77581
4273,3.0166645,181,0,374.51572,0.5735403,-72.689445
4274,3.0166645,181,0,236.86429,0.57050234,-72.7263
4275,1.3999994,84,0,40.530766,0.5698918,-72.73155
4276,0.84999985,51,0,1.587209,0.588088,-72.82548
4277,3.0166645,181,0,364.59277,0.56625015,-72.883545
4278,3.0166645,181,0,239.8704,0.5636579,-72.72913
4279,3.0166645,181,0,269.64648,0.55602735,-72.9395
4280,3.0166645,181,0,75.30306,0.57861114,-72.89416
4281,3.0166645,181,0,274.00574,0.55811644,-72.84506
4282,3.0166645,181,0,323.84305,0.5534959,-72.85575
4283,3.0166645,181,0,360.4966,0.5632868,-72.73202
4284,3.0166645,181,0,343.8335,0.5648668,-72.78046
4285,3.0166645,181,0,341.99503,0.56140697,-72.70505
4286,1.1499996,69,0,0.9144944,0.5411704,-72.84905
4287,3.0166645,181,0,196.83978,0.5457791,-72.78126
4288,3.0166645,181,0,341.90765,0.55789965,-72.6676
4289,3.0166645,181,0,9.428988,0.55420697,-72.65642
4290,3.0166645,181,0,348.75735,0.5451613,-72.524925
4291,3.0166645,181,0,314.46533,0.5397973,-72.57736
4292,2.516665,151,0,9.698189,0.5512997,-72.88365
4293,2.8666646,172,0,22.173428,0.5479825,-72.71035
4294,3.0166645,181,0,278.5684,0.5390412,-72.47724
4295,2.4333317,146,0,51.606667,0.54884946,-72.5478
4296,3.0166645,181,0,11.903087,0.53781706,-72.38693
4297,3.0166645,181,0,280.28348,0.5303765,-72.51027
4298,3.0166645,181,0,260.47952,0.54006785,-72.51389
4299,3.0166645,181,0,324.9654,0.5357701,-72.424255
4300,0.65000004,39,0,2.683463,0.5085914,-72.20849
4301,3.0166645,181,0,271.05093,0.5251,-72.52406
4302,3.0166645,181,0,331.3563,0.52429086,-72.61798
4303,2.899998,174,0,30.107805,0.5147353,-72.43727
4304,3.0166645,181,0,240.20363,0.51466775,-72.311264
4305,2.5333316,152,0,19.335835,0.5224309,-72.41367
4306,3.0166645,181,0,2.913937,0.5169848,-72.24472
4307,3.0166645,181,0,341.76648,0.52047116,-72.13367
4308,3.0166645,181,0,318.865,0.51877505,-72.24256
4309,3.0166645,181,0,193.82195,0.5119618,-72.4085
4310,3.0166645,181,0,239.472,0.5107615,-72.43379
4311,3.0166645,181,0,391.7186,0.5140099,-72.18289
4312,3.0166645,181,0,281.4536,0.52211696,-72.39431
4313,3.0166645,181,0,33.613476,0.51265657,-72.39636
4314,3.0166645,181,0,280.26474,0.50113374,-72.33728
4315,3.0166645,181,0,364.65408,0.5098065,-72.33598
4316,3.0166645,181,0,326.38635,0.50587296,-72.38322
4317,3.0166645,181,0,316.86008,0.5095456,-72.41957
4318,3.0166645,181,0,307.33707,0.5070489,-72.45534
4319,3.0166645,181,0,197.95862,0.50586486,-72.249855
4320,3.0166645,181,0,291.68515,0.51222056,-72.33974
4321,3.0166645,181,0,344.19888,0.50191456,-72.36194
4322,3.0166645,181,0,203.98965,0.5110125,-72.18613
4323,3.0166645,181,0,273.50162,0.5006177,-72.33464
4324,3.0166645,181,0,342.39673,0.49999514,-72.18033
4325,3.0166645,181,0,252.44019,0.49595198,-72.52918
4326,3.0166645,181,0,298.635,0.49313495,-72.35243
4327,3.0166645,181,0,7.319635,0.50219566,-72.3101
4328,3.0166645,181,0,269.18802,0.49725845,-72.53268
4329,3.0166645,181,0,373.90024,0.49840027,-72.20084
4330,3.0166645,181,0,12.352375,0.50086236,-72.40542
4331,3.0166645,181,0,214.21237,0.50478107,-72.47048
4332,3.0166645,181,0,294.58945,0.50537884,-72.48886
4333,3.0166645,181,0,273.1533,0.51452583,-72.40141
4334,3.0166645,181,0,319.8489,0.51146287,-72.317085
4335,3.0166645,181,0,331.47043,0.49916878,-72.58663
4336,3.0166645,181,0,287.5699,0.521992,-72.297745
4337,3.0166645,181,0,276.73267,0.5203533,-72.352646
4338,3.0166645,181,0,337.49838,0.5229671,-72.47182
4339,3.0166645,181,0,355.91568,0.51695454,-72.44041
4340,3.0166645,181,0,48.772697,0.5325274,-72.61062
4341,3.0166645,181,0,339.85678,0.5133188,-72.56459
4342,3.0166645,181,0,174.43636,0.5250583,-72.74768
4343,3.0166645,181,0,5.695466,0.5284137,-72.64
4344,3.0166645,181,0,1.5209124,0.5257522,-72.72591
4345,3.0166645,181,0,307.1519,0.5287604,-72.63355
4346,3.0166645,181,0,348.01123,0.52613306,-72.52092
4347,3.0166645,181,0,313.85626,0.51324207,-72.62765
4348,3.0166645,181,0,333.30148,0.51830393,-72.69396
4349,3.0166645,181,0,14.113561,0.5079802,-72.580185
4350,2.6333315,158,0,26.54257,0.5142107,-72.4088
4351,3.0166645,181,0,209.35994,0.5120331,-72.388275
4352,3.0166645,181,0,390.62286,0.51296884,-72.32879
4353,3.0166645,181,0,360.97104,0.5130045,-72.55644
4354,3.0166645,181,0,355.63776,0.50796753,-72.56031
4355,3.0166645,181,0,309.8565,0.49705076,-72.809456
4356,3.0166645,181,0,358.3906,0.5029847,-72.70539
4357,3.0166645,181,0,366.06735,0.49196127,-72.63146
4358,3.0166645,181,0,301.9778,0.49781156,-72.63729
4359,3.0166645,181,0,310.74304,0.48722956,-72.63948
4360,3.0166645,181,0,330.3785,0.5015355,-72.70756
4361,3.0166645,181,0,364.08856,0.48239395,-73.00565
4362,3.0166645,181,0,315.69135,0.48524898,-72.691414
4363,3.0166645,181,0,328.83304,0.48516756,-72.83408
4364,3.0166645,181,0,386.2866,0.47954154,-72.722725
4365,3.0166645,181,0,272.98724,0.48982167,-72.9102
4366,3.0166645,181,0,307.31235,0.47266418,-73.01041
4367,3.0166645,181,0,323.41827,0.47565225,-73.122
4368,2.3833318,143,0,3.6943243,0.4690514,-73.078705
4369,3.0166645,181,0,270.34503,0.47244066,-73.027145
4370,3.0166645,181,0,272.98877,0.4795456,-72.95045
4371,0.88333315,53,0,3.0998678,0.45912948,-72.87332
4372,0.5000002,30,0,0.47463116,0.4854857,-72.92061
4373,3.0166645,181,0,373.87384,0.46812195,-72.91896
4374,3.0166645,181,0,268.25168,0.464589,-72.93867
4375,3.0166645,181,0,286.16498,0.4696376,-73.208015
4376,3.0166645,181,0,368.74997,0.47221377,-72.954216
4377,3.0166645,181,0,256.90048,0.4696701,-73.17241
4378,3.0166645,181,0,31.254398,0.46067718,-72.9291
4379,3.0166645,181,0,352.03677,0.46642056,-73.22363
4380,3.0166645,181,0,367.01825,0.46180665,-73.071365
4381,3.0166645,181,0,337.07693,0.45543453,-73.2032
4382,3.0166645,181,0,356.69797,0.4611546,-73.20575
4383,3.0166645,181,0,157.57977,0.44739094,-73.1799
4384,3.0166645,181,0,334.1075,0.46647316,-73.15889
4385,3.0166645,181,0,314.76898,0.46421686,-73.273926
4386,3.0166645,181,0,367.55145,0.45703697,-73.09958
4387,3.0166645,181,0,336.37082,0.45032617,-73.398796
4388,3.0166645,181,0,242.58879,0.45933747,-73.13908
4389,2.1666653,130,0,6.391745,0.46295,-73.24207
4390,3.0166645,181,0,400.97382,0.45421237,-73.21311
4391,3.0166645,181,0,301.21027,0.4587289,-73.09055
4392,1.7166657,103,0,1.9811612,0.46244052,-73.23986
4393,3.0166645,181,0,199.0248,0.45710945,-73.25045
4394,3.0166645,181,0,10.886836,0.45595613,-73.34853
4395,3.0166645,181,0,80.830956,0.45669782,-73.08571
4396,3.0166645,181,0,150.83496,0.45631257,-73.315125
4397,3.0166645,181,0,301.0513,0.4538282,-73.29118
4398,3.0166645,181,0,328.98618,0.45030114,-73.14233
4399,3.0166645,181,0,242.28021,0.45388833,-73.406105
4400,3.0166645,181,0,363.38287,0.45216182,-73.36211
4401,3.0166645,181,0,291.70282,0.45103076,-73.11988
4402,3.0166645,181,0,321.24652,0.45982412,-73.492516
4403,3.0166645,181,0,305.02682,0.45277026,-73.45056
4404,3.0166645,181,0,323.65643,0.44856736,-73.49233
4405,3.0166645,181,0,306.42294,0.45207977,-73.38891
4406,2.8166647,169,0,31.65446,0.45968533,-73.35955
4407,3.0166645,181,0,5.539896,0.45428604,-73.41756
4408,3.0166645,181,0,192.75226,0.4591044,-73.19217
4409,3.0166645,181,0,316.3845,0.46072793,-73.100815
4410,3.0166645,181,0,281.53482,0.46019548,-73.265656
4411,3.0166645,181,0,234.34254,0.45793578,-73.27538
4412,3.0166645,181,0,126.191376,0.46433076,-73.25612
4413,2.0666654,124,0,21.170729,0.4636827,-73.35863
4414,1.6333325,98,0,6.0787773,0.46134368,-73.06141
4415,3.0166645,181,0,135.25801,0.462311,-73.037025
4416,3.0166645,181,0,340.507,0.47602862,-72.98998
4417,3.0166645,181,0,298.4074,0.4726401,-73.195305
4418,3.0166645,181,0,286.80002,0.4722512,-73.34472
4419,1.4499993,87,0,52.323597,0.4681186,-73.258
4420,3.0166645,181,0,292.1726,0.47188064,-73.431175
4421,3.0166645,181,0,296.62192,0.469012,-73.47156
4422,3.0166645,181,0,227.85854,0.46945667,-73.3241
4423,3.0166645,181,0,278.11038,0.4660481,-73.22516
4424,3.0166645,181,0,304.31393,0.47831607,-73.20769
4425,3.0166645,181,0,136.54521,0.47705433,-73.142746
4426,3.0166645,181,0,314.9596,0.47606444,-73.34967
4427,3.0166645,181,0,240.19978,0.48650774,-73.47946
4428,3.0166645,181,0,319.98584,0.500636,-73.05448
4429,3.0166645,181,0,290.92313,0.49361372,-73.1265
4430,3.0166645,181,0,327.28458,0.49178186,-73.190956
4431,1.8833323,113,0,3.1483738,0.4970497,-73.20385
4432,3.0166645,181,0,229.33212,0.5134813,-73.08149
4433,3.0166645,181,0,207.70169,0.5035395,-72.97477
4434,3.0166645,181,0,214.57657,0.52160144,-73.07014
4435,0.5166668,31,0,2.511906,0.5103796,-73.175
4436,1.2166662,73,0,3.4732692,0.51861495,-73.11242
4437,3.0166645,181,0,258.81094,0.52178407,-73.02373
4438,3.0166645,181,0,222.40082,0.53064644,-73.15789
4439,0.48333353,29,0,0.27043292,0.5347705,-73.53315
4440,3.0166645,181,0,276.4352,0.5463163,-73.044106
4441,0.48333353,29,0,0.51023406,0.5383512,-72.89127
4442,0.5333335,32,0,1.5128928,0.53004825,-73.33532
4443,3.0166645,181,0,247.24863,0.53687876,-73.05675
4444,1.9833322,119,0,3.0042846,0.5413633,-73.42152
4445,3.0166645,181,0,211.5148,0.5471482,-73.2404
4446,3.0166645,181,0,249.18112,0.54494965,-73.07953
4447,3.0166645,181,0,222.56245,0.5537439,-73.29221
4448,3.0166645,181,0,305.33676,0.56051755,-73.15409
4449,3.0166645,181,0,248.96178,0.55223167,-73.40538
4450,3.0166645,181,0,257.8074,0.56957006,-73.204346
4451,3.0166645,181,0,253.72722,0.54942685,-73.25966
4452,0.61666673,37,0,3.4277923,0.54417515,-73.19637
4453,3.0166645,181,0,338.48984,0.5518877,-73.242615
4454,1.5999992,96,0,0.40484467,0.57247764,-73.40488
4455,3.0166645,181,0,270.48016,0.5696068,-73.56584
4456,3.0166645,181,0,245.03528,0.5707262,-73.650925
4457,3.0166645,181,0,179.02501,0.5697119,-73.65178
4458,3.0166645,181,0,241.8358,0.5707221,-73.55755
4459,3.0166645,181,0,305.75406,0.5730195,-73.48614
4460,3.0166645,181,0,285.4155,0.5827489,-73.65736
4461,3.0166645,181,0,280.29428,0.5816922,-73.6273
4462,3.0166645,181,0,206.68071,0.5786579,-73.68413
4463,3.0166645,181,0,249.961,0.582149,-73.75146
4464,3.0166645,181,0,133.47778,0.5824713,-73.89238
4465,3.0166645,181,0,206.01813,0.580585,-73.770096
4466,3.0166645,181,0,231.35643,0.5875956,-73.84263
4467,3.0166645,181,0,242.33904,0.5977126,-74.098114
4468,3.0166645,181,0,164.43117,0.6099754,-73.98264
4469,2.7666647,166,0,6.566597,0.6187455,-73.8114
4470,3.0166645,181,0,275.9888,0.6331124,-73.90441
4471,3.0166645,181,0,274.38422,0.61636555,-74.06296
4472,3.0166645,181,0,171.99689,0.6336002,-73.86598
4473,3.0166645,181,0,210.85974,0.64056516,-74.123436
4474,3.0166645,181,0,193.24399,0.63891125,-74.18976
4475,3.0166645,181,0,229.64891,0.64970547,-74.13392
4476,3.0166645,181,0,168.8595,0.6649318,-74.11178
4477,3.0166645,181,0,206.17912,0.6604441,-74.18933
4478,3.0166645,181,0,160.85808,0.6774055,-74.40414
4479,3.0166645,181,0,234.33534,0.6870046,-74.338005
4480,3.0166645,181,0,254.85898,0.69591624,-74.197624
4481,3.0166645,181,0,179.04283,0.6977164,-74.212845
4482,3.0166645,181,0,207.22446,0.69678557,-74.51943
4483,3.0166645,181,0,193.95605,0.72264254,-74.1378
4484,3.0166645,181,0,165.09607,0.7273411,-74.29305
4485,1.6999991,102,0,3.347022,0.7348074,-74.30471
4486,3.0166645,181,0,70.698105,0.74737847,-74.16232
4487,3.0166645,181,0,206.43674,0.73928136,-74.04049
4488,3.0166645,181,0,184.3212,0.74719036,-74.42118
4489,3.0166645,181,0,237.20264,0.769369,-74.118866
4490,3.0166645,181,0,242.06657,0.78274363,-74.24138
4491,3.0166645,181,0,2.488713,0.7943851,-74.1864
4492,3.0166645,181,0,186.07695,0.80557907,-74.135605
4493,3.0166645,181,0,133.36403,0.82706565,-74.115875
4494,3.0166645,181,0,169.60641,0.8295349,-74.09064
4495,3.0166645,181,0,187.72403,0.849521,-74.25545
4496,3.0166645,181,0,125.398094,0.85808635,-74.13603
4497,3.0166645,181,0,255.02266,0.8739616,-74.48109
4498,3.0166645,181,0,62.82422,0.8826096,-74.26369
4499,3.0166645,181,0,142.6525,0.89962596,-74.24214
4500,3.0166645,181,0,160.9096,0.88155717,-74.16393
4501,3.0166645,181,0,172.6627,0.8888217,-74.14763
4502,0.71666664,43,0,1.5101664,0.88586116,-74.16328
4503,3.0166645,181,0,227.3734,0.91047984,-74.21578
4504,3.0166645,181,0,174.89,0.92839587,-74.29072
4505,3.0166645,181,0,281.46487,0.92626166,-74.48067
4506,3.0166645,181,0,246.16304,0.9354593,-74.25718
4507,3.0166645,181,0,3.9312174,0.9484167,-74.08231
4508,3.0166645,181,0,313.7314,0.96012765,-74.52598
4509,3.0166645,181,0,267.6708,0.9571519,-74.21558
4510,3.0166645,181,0,206.15016,0.97266424,-74.43655
4511,1.749999,105,0,2.1222038,0.99056846,-74.50587
4512,3.0166645,181,0,297.9787,0.95865303,-74.63985
4513,3.0166645,181,0,252.55789,0.95578897,-74.66936
4514,3.0166645,181,0,252.64883,0.9566474,-74.76453
4515,3.0166645,181,0,201.86525,0.972883,-74.84619
4516,3.0166645,181,0,258.45282,0.963345,-74.6514
4517,3.0166645,181,0,260.47675,0.9594057,-74.863464
4518,3.0166645,181,0,239.51357,0.9386789,-74.80765
4519,3.0166645,181,0,292.25903,0.9301938,-74.80113
4520,3.0166645,181,0,286.52963,0.92899793,-74.72548
4521,3.0166645,181,0,122.72789,0.92483336,-74.7543
4522,3.0166645,181,0,315.1512,0.92883354,-74.66822
4523,3.0166645,181,0,191.17726,0.91379577,-74.741356
4524,3.0166645,181,0,342.75208,0.9215515,-74.80397
4525,3.0166645,181,0,248.06226,0.90152013,-75.02881
4526,3.0166645,181,0,300.52496,0.8914495,-74.88727
4527,3.0166645,181,0,171.1479,0.8804979,-74.98355
4528,3.0166645,181,0,289.0949,0.87174654,-74.912125
4529,1.2333329,74,0,1.6430261,0.89054555,-75.06017
4530,3.0166645,181,0,264.83954,0.8788211,-74.845924
4531,3.0166645,181,0,340.54584,0.8520952,-74.93049
4532,3.0166645,181,0,288.05212,0.8670929,-74.8969
4533,3.0166645,181,0,224.8459,0.8688275,-74.77653
4534,2.1499987,129,0,6.3295846,0.8500046,-74.92999
4535,3.0166645,181,0,188.84953,0.84683996,-74.824066
4536,3.0166645,181,0,360.56128,0.84636456,-74.75845
4537,3.0166645,181,0,311.92053,0.86291045,-75.169556
4538,3.0166645,181,0,276.17923,0.8321067,-74.84348
4539,3.0166645,181,0,215.90744,0.8200832,-75.013016
4540,2.033332,122,0,1.7557892,0.82233745,-75.11551
4541,3.0166645,181,0,238.76036,0.8352087,-75.040665
4542,2.8166647,169,0,53.022,0.8174989,-74.97457
4543,2.1499987,129,0,1.9931135,0.8156056,-74.7748
4544,3.0166645,181,0,73.80732,0.8128121,-74.68615
4545,3.0166645,181,0,272.73108,0.82476276,-74.82633
4546,3.0166645,181,0,226.71704,0.8144688,-74.858345
4547,3.0166645,181,0,217.47612,0.81019646,-74.67513
4548,3.0166645,181,0,230.21494,0.8108368,-74.67504
4549,3.0166645,181,0,212.2414,0.79648,-74.71988
4550,3.0166645,181,0,228.72855,0.7982667,-74.66118
4551,3.0166645,181,0,202.56,0.7913757,-74.64524
4552,3.0166645,181,0,309.4109,0.78542304,-74.77531
4553,2.3333318,140,0,4.4377847,0.78360784,-74.46839
4554,3.0166645,181,0,272.1097,0.7614606,-74.73434
4555,2.1166654,127,0,4.5681763,0.7690723,-74.455246
4556,3.0166645,181,0,246.08063,0.7646391,-74.50608
4557,2.033332,122,0,3.0317879,0.761503,-74.57809
4558,3.0166645,181,0,235.97597,0.7749226,-74.31159
4559,3.0166645,181,0,251.3111,0.77483076,-74.31527
4560,3.0166645,181,0,275.46912,0.7755097,-74.25089
4561,3.0166645,181,0,298.23068,0.76046395,-74.28039
4562,3.0166645,181,0,285.80194,0.76297176,-74.26784
4563,3.0166645,181,0,308.67285,0.7447593,-74.04936
4564,1.8333323,110,0,0.5092325,0.76142114,-74.42391
4565,3.0166645,181,0,238.3159,0.74794716,-74.16427
4566,3.0166645,181,0,243.95007,0.74435896,-74.028656
4567,3.0166645,181,0,293.68335,0.7360657,-74.29012
4568,3.0166645,181,0,190.41634,0.75796175,-74.21863
4569,3.0166645,181,0,158.8702,0.74390745,-74.10749
4570,3.0166645,181,0,256.49487,0.7553281,-74.08096
4571,3.0166645,181,0,259.5583,0.74282265,-74.07323
4572,2.0499988,123,0,3.2479022,0.7607526,-74.1067
4573,3.0166645,181,0,224.7922,0.74069136,-74.13402
4574,3.0166645,181,0,220.74736,0.7626827,-74.03651
4575,3.0166645,181,0,236.79825,0.7531609,-74.13604
4576,3.0166645,181,0,266.87006,0.74353766,-74.23972
4577,0.8999998,54,0,5.794237,0.75198627,-74.05788
4578,3.0166645,181,0,177.98087,0.72856,-73.95502
4579,3.0166645,181,0,140.63211,0.73301,-74.13162
4580,3.0166645,181,0,277.42276,0.738874,-74.20133
4581,3.0166645,181,0,174.06978,0.7468846,-74.111755
4582,3.0166645,181,0,151.16908,0.7333946,-74.209785
4583,1.2166662,73,0,9.982953,0.7140522,-74.32239
4584,3.0166645,181,0,44.224903,0.7377563,-73.89497
4585,3.0166645,181,0,267.69095,0.7331664,-73.86898
4586,3.0166645,181,0,177.68109,0.7415435,-73.83681
4587,3.0166645,181,0,201.44646,0.7520485,-73.90741
4588,3.0166645,181,0,192.3865,0.7409833,-73.618095
4589,3.0166645,181,0,231.30603,0.7339562,-73.75183
4590,3.0166645,181,0,222.47437,0.7546619,-73.83883
4591,3.0166645,181,0,249.33238,0.7427306,-73.827156
4592,3.0166645,181,0,254.8048,0.7542652,-73.72734
4593,3.0166645,181,0,144.7085,0.7596852,-73.511185
4594,3.0166645,181,0,307.30356,0.74117374,-73.470856
4595,3.0166645,181,0,281.3647,0.7466876,-73.57482
4596,3.0166645,181,0,221.27986,0.746591,-73.48606
4597,3.0166645,181,0,270.58032,0.74855316,-73.5605
4598,3.0166645,181,0,228.1199,0.7485203,-73.3432
4599,3.0166645,181,0,235.35991,0.7649631,-73.48634
4600,3.0166645,181,0,266.78796,0.75409096,-73.47946
4601,3.0166645,181,0,114.90172,0.7682416,-73.3621
4602,3.0166645,181,0,197.14,0.76062006,-73.300735
4603,3.0166645,181,0,205.68546,0.7672967,-73.453156
4604,3.0166645,181,0,236.47125,0.76637816,-73.16786
4605,3.0166645,181,0,269.3155,0.77032,-73.19999
4606,3.0166645,181,0,259.46536,0.77680945,-73.161156
4607,3.0166645,181,0,178.81885,0.78185695,-73.29055
4608,1.7166657,103,0,3.0800116,0.799152,-73.110794
4609,3.0166645,181,0,152.28291,0.7813304,-73.096596
4610,3.0166645,181,0,190.93684,0.7790938,-73.067924
4611,3.0166645,181,0,167.56406,0.7734147,-73.106094
4612,3.0166645,181,0,151.02927,0.7830551,-73.0662
4613,3.0166645,181,0,229.3989,0.8010789,-72.97811
4614,3.0166645,181,0,207.35822,0.78946006,-73.09964
4615,3.0166645,181,0,4.9755526,0.79063296,-73.048935
4616,3.0166645,181,0,243.4564,0.7923655,-72.871544
4617,3.0166645,181,0,259.727,0.81073797,-72.95137
4618,3.0166645,181,0,247.97685,0.8148265,-72.83883
4619,3.0166645,181,0,295.21686,0.8020271,-72.865974
4620,3.0166645,181,0,237.94743,0.812159,-72.96075
4621,3.0166645,181,0,23.974106,0.81600225,-72.96581
4622,3.0166645,181,0,283.7107,0.8093432,-72.96815
4623,3.0166645,181,0,277.6607,0.8170509,-72.928604
4624,3.0166645,181,0,213.87672,0.8160937,-72.65103
4625,3.0166645,181,0,326.8886,0.81749314,-72.90914
4626,3.0166645,181,0,295.50546,0.79797304,-72.74727
4627,3.0166645,181,0,180.4669,0.82815915,-72.716354
4628,3.0166645,181,0,235.94064,0.81957495,-72.59952
4629,3.0166645,181,0,4.583537,0.82550925,-72.62592
4630,3.0166645,181,0,193.46725,0.82669973,-72.84147
4631,3.0166645,181,0,260.8403,0.84186155,-72.78888
4632,3.0166645,181,0,221.95654,0.8249494,-72.682144
4633,3.0166645,181,0,313.4961,0.82192147,-72.74539
4634,3.0166645,181,0,228.77089,0.83437204,-72.73297
4635,3.0166645,181,0,224.59532,0.82140833,-72.46919
4636,3.0166645,181,0,223.60167,0.8257326,-72.65906
4637,3.0166645,181,0,239.94647,0.8302612,-72.64654
4638,3.0166645,181,0,315.6461,0.82338333,-72.54868
4639,3.0166645,181,0,224.5564,0.82493615,-72.5798
4640,3.0166645,181,0,332.7064,0.81205946,-72.57525
4641,3.0166645,181,0,281.09506,0.8080969,-72.602425
4642,3.0166645,181,0,343.40485,0.8174165,-72.61619
4643,3.0166645,181,0,308.09888,0.8228736,-72.75928
4644,3.0166645,181,0,290.25616,0.8127668,-72.6184
4645,3.0166645,181,0,240.29909,0.81633466,-72.68065
4646,3.0166645,181,0,256.0069,0.80270046,-72.76398
4647,3.0166645,181,0,257.2108,0.80041766,-72.66181
4648,3.0166645,181,0,318.26718,0.8110534,-72.7108
4649,3.0166645,181,0,253.16148,0.8127246,-72.469734
4650,3.0166645,181,0,198.99588,0.7859204,-72.66081
4651,3.0166645,181,0,274.00876,0.811372,-72.548134
4652,3.0166645,181,0,12.981749,0.79808426,-72.460915
4653,3.0166645,181,0,206.21382,0.78711313,-72.52649
4654,3.0166645,181,0,223.07925,0.7812068,-72.52952
4655,1.7833323,107,0,0.7549343,0.7844612,-72.18146
4656,3.0166645,181,0,175.22252,0.78088325,-72.51401
4657,3.0166645,181,0,311.06107,0.7729359,-72.321266
4658,3.0166645,181,0,190.97064,0.77199185,-72.50315
4659,3.0166645,181,0,255.1462,0.76934195,-72.26129
4660,1.466666,88,0,7.513405,0.7828351,-72.360886
4661,3.0166645,181,0,253.53976,0.75681704,-72.23418
4662,3.0166645,181,0,249.28996,0.7577091,-72.16993
4663,1.4333327,86,0,18.246252,0.77206105,-72.18834
4664,3.0166645,181,0,304.35663,0.74451935,-72.34314
4665,1.7666657,106,0,7.2697806,0.76157975,-72.272995
4666,3.0166645,181,0,282.68588,0.75334173,-72.28781
4667,3.0166645,181,0,194.93277,0.7450639,-72.244576
4668,3.0166645,181,0,274.07632,0.74557096,-72.24201
4669,3.0166645,181,0,180.8361,0.7495331,-72.13074
4670,3.0166645,181,0,205.2097,0.7503443,-72.17863
4671,3.0166645,181,0,243.60774,0.73755205,-72.03786
4672,3.0166645,181,0,318.44608,0.7416324,-72.05958
4673,3.0166645,181,0,290.59662,0.75238043,-72.05141
4674,3.0166645,181,0,185.90103,0.7478006,-72.02915
4675,3.0166645,181,0,290.33813,0.74613935,-72.04437
4676,3.0166645,181,0,294.5997,0.73929983,-72.006905
4677,3.0166645,181,0,249.32532,0.74454427,-72.04164
4678,0.71666664,43,0,1.1152344,0.7447943,-72.08809
4679,3.0166645,181,0,282.80353,0.74498045,-72.06296
4680,3.0166645,181,0,244.51517,0.74242014,-72.05249
4681,3.0166645,181,0,340.48193,0.728839,-71.92219
4682,3.0166645,181,0,315.67908,0.7379793,-71.99809
4683,3.0166645,181,0,189.0161,0.7365304,-72.12218
4684,3.0166645,181,0,362.6512,0.73463106,-72.038475
4685,1.3499994,81,0,8.471374,0.7458901,-71.91938
4686,3.0166645,181,0,297.77518,0.734167,-71.96623
4687,3.0166645,181,0,189.61746,0.73461735,-71.97782
4688,3.0166645,181,0,200.08212,0.7360911,-71.951164
4689,3.0166645,181,0,241.85735,0.71923333,-72.0609
4690,3.0166645,181,0,269.74423,0.7320749,-72.03347
4691,3.0166645,181,0,264.76102,0.7299469,-72.082695
4692,3.0166645,181,0,210.76064,0.7217429,-72.12944
4693,3.0166645,181,0,296.13538,0.715143,-72.08691
4694,3.0166645,181,0,278.2069,0.710891,-71.926926
4695,3.0166645,181,0,254.96892,0.72230965,-71.92326
4696,3.0166645,181,0,236.05267,0.7172392,-71.88551
4697,3.0166645,181,0,256.1047,0.7125827,-71.960815
4698,3.0166645,181,0,258.7406,0.7089215,-71.84179
4699,3.0166645,181,0,255.89857,0.70327973,-72.027664
4700,3.0166645,181,0,299.83017,0.7099357,-71.98433
4701,0.5000002,30,0,1.1535461,0.71947825,-71.86232
4702,3.0166645,181,0,240.38905,0.7047042,-72.04203
4703,3.0166645,181,0,291.3281,0.71803147,-71.979454
4704,3.0166645,181,0,231.51402,0.72071207,-71.94064
4705,3.0166645,181,0,294.69214,0.71648866,-71.92399
4706,3.0166645,181,0,228.30232,0.71760714,-71.9726
4707,3.0166645,181,0,165.39287,0.7161272,-71.81081
4708,3.0166645,181,0,166.93277,0.7050421,-71.95221
4709,1.2833328,77,0,4.553504,0.7166536,-71.86425
4710,3.0166645,181,0,159.12546,0.728338,-71.79348
4711,3.0166645,181,0,94.86204,0.7196612,-71.68626
4712,3.0166645,181,0,151.40741,0.72721726,-71.81527
4713,3.0166645,181,0,245.95355,0.72753316,-71.79486
4714,3.0166645,181,0,280.68442,0.7306647,-71.899284
4715,3.0166645,181,0,174.41557,0.7242848,-71.63324
4716,3.0166645,181,0,283.98553,0.73806995,-71.74978
4717,3.0166645,181,0,336.8659,0.7430477,-71.86622
4718,3.0166645,181,0,239.2083,0.74841404,-71.724525
4719,3.0166645,181,0,278.8596,0.73880476,-71.79371
4720,3.0166645,181,0,277.69675,0.7360006,-71.76728
4721,3.0166645,181,0,315.4363,0.7507348,-71.77858
4722,3.0166645,181,0,303.0827,0.74889463,-71.82207
4723,3.0166645,181,0,311.55524,0.7518866,-71.69846
4724,3.0166645,181,0,225.67221,0.7499705,-71.8137
4725,1.2999995,78,0,7.8973646,0.76884824,-71.74103
4726,3.0166645,181,0,175.20499,0.75494367,-71.91068
4727,3.0166645,181,0,262.6488,0.7591227,-71.89277
4728,1.6333325,98,0,1.643648,0.75346476,-71.95983
4729,3.0166645,181,0,204.89125,0.7545517,-71.75022
4730,3.0166645,181,0,0.55442667,0.77808684,-71.764946
4731,3.0166645,181,0,306.48868,0.75179297,-71.59638
4732,3.0166645,181,0,258.89807,0.7530512,-71.90865
4733,3.0166645,181,0,239.00372,0.7516485,-71.894875
4734,1.3499994,81,0,8.775739,0.77323776,-72.01301
4735,3.0166645,181,0,269.87173,0.7668689,-71.94523
4736,3.0166645,181,0,288.72488,0.7646765,-71.9065
4737,2.2999985,138,0,83.552795,0.7470478,-72.07888
4738,3.0166645,181,0,348.01852,0.7640052,-71.95407
4739,3.0166645,181,0,317.9468,0.77414817,-71.99683
4740,2.6999981,162,0,55.963825,0.768736,-72.00941
4741,3.0166645,181,0,296.85913,0.76727724,-71.95903
4742,3.0166645,181,0,205.12213,0.77291495,-71.90399
4743,3.0166645,181,0,324.56305,0.7648464,-71.780266
4744,3.0166645,181,0,337.41223,0.76173633,-71.9845
4745,3.0166645,181,0,327.9926,0.75490564,-72.04466
4746,3.0166645,181,0,303.1288,0.7553508,-72.138
4747,3.0166645,181,0,345.2527,0.7545445,-72.14523
4748,3.0166645,181,0,315.71268,0.7533884,-72.20095
4749,3.0166645,181,0,255.37804,0.7620415,-72.28479
4750,3.0166645,181,0,329.81012,0.754386,-72.26041
4751,3.0166645,181,0,152.6604,0.7526846,-72.45281
4752,3.0166645,181,0,305.32346,0.7417329,-72.324745
4753,3.0166645,181,0,284.41046,0.74768835,-72.33784
4754,3.0166645,181,0,330.46503,0.73304987,-72.55648
4755,3.0166645,181,0,166.41188,0.73944074,-72.37614
4756,3.0166645,181,0,48.477222,0.75560546,-72.613014
4757,3.0166645,181,0,277.799,0.74361306,-72.51749
4758,3.0166645,181,0,312.6851,0.7444553,-72.559044
4759,3.0166645,181,0,314.05615,0.7374716,-72.635925
4760,3.0166645,181,0,312.73767,0.74094397,-72.61289
4761,3.0166645,181,0,270.6848,0.74421114,-72.92083
4762,3.0166645,181,0,130.08844,0.7382894,-72.713135
4763,3.0166645,181,0,256.85474,0.73463833,-72.608925
4764,3.0166645,181,0,35.73984,0.7414109,-72.835815
4765,3.0166645,181,0,257.85852,0.74007064,-72.81799
4766,3.0166645,181,0,272.37488,0.75407463,-72.826355
4767,3.0166645,181,0,300.2047,0.7339064,-72.8583
4768,1.0666664,64,0,7.7304754,0.74660563,-72.86229
4769,3.0166645,181,0,212.51775,0.7357973,-73.05414
4770,3.0166645,181,0,276.81537,0.7319706,-72.920815
4771,3.0166645,181,0,222.3138,0.7443895,-73.100784
4772,3.0166645,181,0,252.60318,0.747737,-73.05178
4773,3.0166645,181,0,267.03018,0.74113446,-73.08459
4774,3.0166645,181,0,251.84338,0.7394727,-73.25117
4775,3.0166645,181,0,256.0314,0.7429918,-73.27532
4776,3.0166645,181,0,238.76863,0.7466873,-73.26704
4777,3.0166645,181,0,262.29916,0.7525191,-73.29804
4778,3.0166645,181,0,236.04121,0.737789,-73.27348
4779,3.0166645,181,0,190.65256,0.7442356,-73.22749
4780,3.0166645,181,0,235.80199,0.7385928,-73.46405
4781,3.0166645,181,0,55.360527,0.73483,-73.4008
4782,3.0166645,181,0,290.62607,0.75348336,-73.44761
4783,3.0166645,181,0,302.702,0.7405859,-73.649185
4784,3.0166645,181,0,235.41774,0.7449052,-73.57337
4785,3.0166645,181,0,253.1969,0.7514797,-73.46922
4786,3.0166645,181,0,303.3592,0.7491988,-73.520515
4787,3.0166645,181,0,278.30005,0.7452407,-73.514595
4788,3.0166645,181,0,57.413986,0.75640994,-73.66809
4789,3.0166645,181,0,222.56017,0.7486395,-73.45329
4790,2.7333314,164,0,0.2749991,0.73629797,-73.54376
4791,3.0166645,181,0,287.8522,0.7547568,-73.58109
4792,3.0166645,181,0,327.82462,0.7544805,-73.66242
4793,3.0166645,181,0,247.90959,0.7510293,-73.60039
4794,3.0166645,181,0,166.51878,0.7611833,-73.60117
4795,2.9166646,175,0,7.3589807,0.74752915,-73.7231
4796,3.0166645,181,0,276.61774,0.74303544,-73.66417
4797,3.0166645,181,0,258.42825,0.7451146,-73.697235
4798,3.0166645,181,0,229.75337,0.7437929,-73.77504
4799,3.0166645,181,0,238.43599,0.7479542,-73.74623
4800,3.0166645,181,0,312.16116,0.74550724,-73.82686
4801,3.0166645,181,0,203.75427,0.76255673,-73.76262
4802,3.0166645,181,0,88.93986,0.78130174,-73.88643
4803,3.0166645,181,0,31.861359,0.7688528,-73.630165
4804,3.0166645,181,0,284.8671,0.751971,-73.841225
4805,3.0166645,181,0,258.18356,0.7522629,-73.557014
4806,0.5000002,30,0,0.49665403,0.76561415,-73.786705
4807,3.0166645,181,0,265.28854,0.76427126,-73.663994
4808,3.0166645,181,0,186.84676,0.7615884,-73.71323
4809,3.0166645,181,0,249.88094,0.76306117,-73.81998
4810,3.0166645,181,0,332.4656,0.75272775,-73.758255
4811,3.0166645,181,0,20.654018,0.77198553,-73.67574
4812,3.0166645,181,0,5.053294,0.7713266,-73.69402
4813,3.0166645,181,0,234.8366,0.76511234,-73.66852
4814,3.0166645,181,0,282.2983,0.7625829,-73.6123
4815,3.0166645,181,0,278.1616,0.75721025,-73.614586
4816,3.0166645,181,0,262.88474,0.7736945,-73.62687
4817,3.0166645,181,0,251.38788,0.76868963,-73.5636
4818,3.0166645,181,0,114.15667,0.77081096,-73.8905
4819,3.0166645,181,0,228.41322,0.77088034,-73.702286
4820,3.0166645,181,0,8.571478,0.76769465,-73.62817
4821,3.0166645,181,0,271.0322,0.7549504,-73.798935
4822,3.0166645,181,0,262.59293,0.7796986,-73.65811
4823,3.0166645,181,0,203.34206,0.7844531,-73.74732
4824,3.0166645,181,0,184.36308,0.7687972,-73.69654
4825,3.0166645,181,0,169.08217,0.76308167,-73.5596
4826,3.0166645,181,0,285.93347,0.7722791,-73.68614
4827,3.0166645,181,0,20.050303,0.771988,-73.548
4828,3.0166645,181,0,54.866707,0.764653,-73.51289
4829,3.0166645,181,0,318.4354,0.7700861,-73.51527
4830,3.0166645,181,0,344.06155,0.755482,-73.54262
4831,3.0166645,181,0,8.161704,0.7688088,-73.6346
4832,3.0166645,181,0,221.9759,0.75402856,-73.45298
4833,3.0166645,181,0,48.04042,0.7606062,-73.51393
4834,3.0166645,181,0,269.19287,0.76969904,-73.64218
4835,3.0166645,181,0,218.95338,0.76822054,-73.5493
4836,3.0166645,181,0,322.78525,0.7659147,-73.538414
4837,3.0166645,181,0,227.51302,0.7647681,-73.67403
4838,3.0166645,181,0,231.6479,0.75641525,-73.55355
4839,3.0166645,181,0,191.23466,0.7595883,-73.70481
4840,3.0166645,181,0,273.23557,0.7577703,-73.6455
4841,3.0166645,181,0,27.107075,0.76457095,-73.60433
4842,3.0166645,181,0,245.0778,0.749713,-73.527374
4843,3.0166645,181,0,257.55087,0.75177085,-73.62057
4844,3.0166645,181,0,172.90034,0.7714172,-73.540245
4845,3.0166645,181,0,227.773,0.7704036,-73.570015
4846,3.0166645,181,0,202.77357,0.76515025,-73.71926
4847,0.88333315,53,0,0.82243806,0.7498166,-73.75033
4848,3.0166645,181,0,351.8091,0.7632175,-73.583755
4849,3.0166645,181,0,306.31525,0.75762635,-73.638306
4850,3.0166645,181,0,276.94247,0.75683755,-73.747536
4851,3.0166645,181,0,266.74228,0.7500313,-73.70669
4852,3.0166645,181,0,215.5821,0.7429206,-73.69212
4853,3.0166645,181,0,301.9751,0.7467877,-73.664055
4854,3.0166645,181,0,323.7085,0.74119204,-73.811134
4855,3.0166645,181,0,320.1379,0.7379039,-73.658165
4856,3.0166645,181,0,311.67526,0.748074,-73.78718
4857,1.2333329,74,0,1.5060067,0.7390551,-73.77786
4858,3.0166645,181,0,275.39355,0.7312545,-73.74064
4859,3.0166645,181,0,246.45082,0.72655773,-73.71698
4860,3.0166645,181,0,82.35202,0.7257745,-73.76122
4861,3.0166645,181,0,277.6438,0.720561,-73.792076
4862,3.0166645,181,0,267.4135,0.7295665,-73.75306
4863,3.0166645,181,0,310.0207,0.71047324,-73.70427
4864,3.0166645,181,0,263.7675,0.70526487,-73.796234
4865,3.0166645,181,0,329.6718,0.70627713,-73.879456
4866,0.8999998,54,0,1.221734,0.71596706,-73.65778
4867,3.0166645,181,0,264.63614,0.70409715,-73.75947
4868,3.0166645,181,0,220.348,0.6972905,-73.70159
4869,3.0166645,181,0,218.94786,0.6914124,-73.891884
4870,3.0166645,181,0,312.5815,0.69580024,-73.90056
4871,1.6666658,100,0,2.2930872,0.6934608,-73.669846
4872,3.0166645,181,0,235.95837,0.68493104,-73.7919
4873,3.0166645,181,0,270.04633,0.6711429,-73.8584
4874,3.0166645,181,0,229.91856,0.6813159,-73.964935
4875,3.0166645,181,0,68.30586,0.66781,-74.045845
4876,3.0166645,181,0,191.17328,0.67394674,-73.79997
4877,3.0166645,181,0,255.48169,0.67164123,-73.84433
4878,3.0166645,181,0,256.71692,0.6654622,-73.83649
4879,3.0166645,181,0,146.78616,0.6663777,-73.84059
4880,3.0166645,181,0,256.92505,0.6644876,-73.821144
4881,3.0166645,181,0,299.88806,0.66578263,-74.044334
4882,3.0166645,181,0,293.16364,0.65730184,-73.972084
4883,3.0166645,181,0,256.8488,0.6608502,-73.98425
4884,3.0166645,181,0,256.81274,0.6495273,-74.17474
4885,3.0166645,181,0,247.81572,0.63692325,-74.17008
4886,3.0166645,181,0,227.29356,0.64067906,-74.17964
4887,3.0166645,181,0,244.66821,0.65100044,-74.08662
4888,3.0166645,181,0,132.83513,0.6330113,-74.114265
4889,3.0166645,181,0,116.26165,0.65870374,-73.99782
4890,3.0166645,181,0,169.56152,0.64021593,-74.161354
4891,3.0166645,181,0,298.92624,0.641061,-74.11424
4892,3.0166645,181,0,109.8503,0.6344574,-74.33579
4893,2.1999986,132,0,3.243938,0.6477021,-74.276505
4894,3.0166645,181,0,362.04657,0.63837844,-74.247826
4895,3.0166645,181,0,236.62402,0.62893033,-74.287346
4896,3.0166645,181,0,220.25743,0.6267583,-74.22605
4897,3.0166645,181,0,258.47974,0.62600607,-74.28373
4898,3.0166645,181,0,243.57056,0.6292323,-74.02791
4899,3.0166645,181,0,186.14532,0.64158607,-74.03547
4900,3.0166645,181,0,238.69894,0.6265173,-74.16218
4901,3.0166645,181,0,278.4463,0.63456243,-74.201454
4902,3.0166645,181,0,232.02956,0.62601304,-74.27899
4903,3.0166645,181,0,203.53989,0.6331375,-74.170616
4904,3.0166645,181,0,217.0736,0.62342286,-74.21292
4905,3.0166645,181,0,188.98547,0.63006705,-74.16829
4906,0.81666654,49,0,1.1427057,0.6349754,-73.99976
4907,3.0166645,181,0,236.46405,0.62306535,-73.99518
4908,3.0166645,181,0,296.11154,0.6336234,-74.00053
4909,3.0166645,181,0,254.17328,0.6292505,-74.032776
4910,3.0166645,181,0,209.68332,0.6384054,-73.98998
4911,3.0166645,181,0,209.89984,0.6316577,-74.061134
4912,3.0166645,181,0,259.61505,0.63997436,-73.90398
4913,3.0166645,181,0,160.95949,0.6329351,-73.88016
4914,3.0166645,181,0,216.2241,0.64353204,-73.994225
4915,3.0166645,181,0,141.84972,0.6392835,-73.780914
4916,3.0166645,181,0,303.97665,0.6316572,-73.80206
4917,3.0166645,181,0,285.60736,0.6359886,-73.700356
4918,3.0166645,181,0,257.48236,0.6322819,-73.78851
4919,3.0166645,181,0,345.60452,0.64599,-73.79283
4920,3.0166645,181,0,243.62216,0.6299769,-73.72075
4921,3.0166645,181,0,230.59003,0.6367219,-73.69943
4922,3.0166645,181,0,307.44858,0.6493676,-73.62454
4923,3.0166645,181,0,239.62572,0.6398439,-73.70024
4924,3.0166645,181,0,200.4488,0.6425929,-73.71091
4925,3.0166645,181,0,312.68,0.6332256,-73.53771
4926,3.0166645,181,0,311.1852,0.6382356,-73.66525
4927,3.0166645,181,0,226.49777,0.63780624,-73.615974
4928,0.58333343,35,0,2.3402402,0.66477525,-73.473526
4929,1.3833327,83,0,0.91712075,0.6518871,-73.704346
4930,3.0166645,181,0,275.09964,0.63575715,-73.57769
4931,0.65000004,39,0,1.1231745,0.6459196,-73.40215
4932,3.0166645,181,0,134.68396,0.63695824,-73.63726
4933,3.0166645,181,0,298.3226,0.64947325,-73.48498
4934,3.0166645,181,0,324.98373,0.6503916,-73.58587
4935,3.0166645,181,0,321.66507,0.6546105,-73.45798
4936,3.0166645,181,0,284.46155,0.6495223,-73.65756
4937,3.0166645,181,0,121.994156,0.66021734,-73.511154
4938,1.0166664,61,0,1.7811586,0.66512775,-73.47315
4939,2.4833317,149,0,18.045618,0.64792985,-73.57449
4940,3.0166645,181,0,315.50943,0.6608059,-73.46564
4941,3.0166645,181,0,246.10501,0.65808576,-73.55797
4942,3.0166645,181,0,258.72815,0.6616932,-73.534485
4943,3.0166645,181,0,325.23273,0.65444726,-73.37552
4944,3.0166645,181,0,259.79926,0.6582014,-73.423454
4945,1.5666659,94,0,2.6484284,0.67688245,-73.42384
4946,3.0166645,181,0,318.9446,0.6717534,-73.384315
4947,3.0166645,181,0,313.17972,0.6759645,-73.19366
4948,3.0166645,181,0,332.84628,0.6680486,-73.37811
4949,3.0166645,181,0,271.44345,0.67037135,-73.23608
4950,3.0166645,181,0,200.28003,0.659679,-73.33739
4951,3.0166645,181,0,299.17838,0.669899,-73.24813
4952,3.0166645,181,0,1.6282722,0.6611179,-73.04467
4953,3.0166645,181,0,166.47849,0.67078453,-73.07173
4954,1.6166658,97,0,6.280649,0.6744794,-73.02105
4955,3.0166645,181,0,309.8333,0.6778874,-73.0519
4956,0.7666666,46,0,5.085749,0.6760282,-72.84192
4957,3.0166645,181,0,246.00854,0.67097306,-73.04392
4958,3.0166645,181,0,290.73798,0.67185086,-72.926346
4959,3.0166645,181,0,310.70563,0.6820541,-72.825226
4960,3.0166645,181,0,293.3608,0.6774479,-72.939186
4961,3.0166645,181,0,315.9402,0.67723215,-72.85996
4962,3.0166645,181,0,163.99829,0.6821393,-72.96678
4963,0.45000017,27,0,0.9278845,0.7007125,-73.10321
4964,3.0166645,181,0,254.05496,0.67725736,-72.83331
4965,3.0166645,181,0,347.11566,0.6747854,-73.06829
4966,3.0166645,181,0,259.31158,0.6858942,-72.82446
4967,2.033332,122,0,1.4480554,0.6913735,-72.75758
4968,3.0166645,181,0,265.818,0.6896507,-72.77529
4969,3.0166645,181,0,254.22041,0.6973483,-72.87252
4970,3.0166645,181,0,251.39133,0.70256007,-72.68711
4971,3.0166645,181,0,212.97997,0.6985461,-72.73747
4972,3.0166645,181,0,306.1795,0.70991224,-72.72879
4973,3.0166645,181,0,236.22737,0.72196406,-72.723526
4974,3.0166645,181,0,233.88268,0.7099409,-72.67995
4975,3.0166645,181,0,219.85652,0.7166361,-72.83262
4976,3.0166645,181,0,290.92532,0.71821886,-72.75073
4977,3.0166645,181,0,305.71475,0.7346535,-72.56965
4978,0.45000017,27,0,0.41038427,0.70270765,-72.87166
4979,0.6666667,40,0,0.5636427,0.7097535,-72.970505
4980,0.7,42,0,1.2469455,0.71247923,-72.74026
4981,3.0166645,181,0,152.42505,0.72474676,-72.75233
4982,3.0166645,181,0,251.7452,0.7288606,-72.831436
4983,0.8666665,52,0,1.246714,0.75131696,-72.801605
4984,1.1666663,70,0,12.939547,0.7309647,-72.868774
4985,3.0166645,181,0,261.1979,0.73867583,-72.703445
4986,1.2999995,78,0,1.3186008,0.75114286,-72.8244
4987,1.5666659,94,0,71.441025,0.74041796,-72.888435
4988,3.0166645,181,0,288.43478,0.7384075,-72.93293
4989,0.71666664,43,0,1.482623,0.76001984,-72.834236
4990,0.81666654,49,0,1.266684,0.73564917,-72.7063
4991,0.55000013,33,0,0.9827577,0.7790465,-72.78265
4992,2.0666654,124,0,108.63431,0.75541264,-72.824104
4993,2.233332,134,0,43.271435,0.75992584,-73.00838
4994,1.0666664,64,0,2.9313052,0.7302053,-72.77254
4995,3.0166645,181,0,252.0474,0.74444085,-72.93839
4996,1.0666664,64,0,2.052245,0.7537089,-73.26175
4997,0.58333343,35,0,0.8829203,0.71343184,-72.65158
4998,0.6666667,40,0,3.7990441,0.73024195,-73.04564
4999,1.4499993,87,0,32.363266,0.7574871,-72.75387
5000,0.58333343,35,0,1.6445802,0.7158833,-73.04706
5001,0.8333332,50,0,9.301233,0.7430234,-72.89127
5002,0.58333343,35,0,1.9608182,0.7408448,-72.6049
5003,2.8333313,170,0,164.72122,0.7539534,-72.82877
5004,0.71666664,43,0,1.1186343,0.7591756,-72.90549
5005,3.0166645,181,0,124.26335,0.7587339,-73.060875
5006,3.0166645,181,0,146.65555,0.7597337,-72.96324
5007,3.0166645,181,0,307.9017,0.76037544,-72.81243
5008,0.9666664,58,0,0.9997783,0.7407292,-73.254005
5009,0.8333332,50,0,3.8008392,0.78129935,-73.02986
5010,1.083333,65,0,4.8874946,0.7072901,-72.974724
5011,1.3166661,79,0,3.4782007,0.73645705,-73.03898
5012,2.9333313,176,0,133.76186,0.7477214,-72.8509
5013,0.8999998,54,0,3.421827,0.76363754,-72.92693
5014,0.9666664,58,0,4.3191686,0.74661165,-73.02782
5015,3.0166645,181,0,335.4661,0.74278504,-72.9672
5016,1.2166662,73,0,51.34085,0.74538964,-72.95265
5017,3.0166645,181,0,306.08307,0.7538597,-72.98354
5018,0.7,42,0,0.7466195,0.7404789,-73.147736
5019,0.6666667,40,0,1.7662332,0.72761667,-73.29624
5020,2.3333318,140,0,37.674107,0.74447197,-73.17755
5021,0.9666664,58,0,1.1979599,0.77301663,-73.282974
5022,3.0166645,181,0,271.71103,0.7403672,-73.00376
5023,1.1166663,67,0,1.5260826,0.74553674,-72.91275
5024,3.0166645,181,0,262.53033,0.74715316,-72.96902
5025,3.0166645,181,0,267.08353,0.73958576,-72.944244
5026,0.98333305,59,0,12.7665,0.7451942,-73.027954
5027,0.88333315,53,0,3.3413565,0.72585714,-73.11402
5028,0.9999997,60,0,7.33439,0.7372558,-73.205986
5029,3.0166645,181,0,268.86298,0.7470695,-73.12742
5030,2.0166655,121,0,87.638916,0.7348169,-73.10999
5031,0.98333305,59,0,11.267757,0.72290146,-72.98215
5032,0.6666667,40,0,0.52046,0.7370617,-73.25605
5033,3.0166645,181,0,313.93784,0.7399807,-73.201324
5034,1.9666655,118,0,57.643448,0.7377215,-73.19586
5035,0.61666673,37,0,2.2235682,0.76919585,-73.25908
5036,0.84999985,51,0,1.6659709,0.73821104,-73.20422
5037,3.0166645,181,0,166.14708,0.74820745,-73.30912
5038,3.0166645,181,0,266.2642,0.74670094,-73.28147
5039,2.8833313,173,0,168.24252,0.74577457,-73.337776
5040,1.2333329,74,0,30.024313,0.730718,-73.41995
5041,0.6666667,40,0,0.8285252,0.71809846,-73.11602
5042,3.0166645,181,0,255.27425,0.7334573,-73.26393
5043,0.7,42,0,0.939728,0.72292763,-73.42677
5044,3.0166645,181,0,292.1084,0.7332467,-73.34302
5045,1.1999996,72,0,2.6828172,0.75162756,-73.48259
5046,0.78333324,47,0,4.342662,0.70736134,-73.41634
5047,0.7,42,0,0.96687543,0.7265596,-73.55398
5048,1.4999993,90,0,86.76321,0.7387237,-73.316605
5049,2.9166646,175,0,181.48488,0.7355368,-73.28831
5050,3.0166645,181,0,245.00024,0.7387686,-73.2758
5051,3.0166645,181,0,183.07672,0.7121518,-73.42379
5052,3.0166645,181,0,240.04253,0.7235403,-73.29744
5053,3.0166645,181,0,239.88322,0.7219228,-73.4517
5054,3.0166645,181,0,109.6993,0.7276249,-73.46277
5055,3.0166645,181,0,192.16678,0.7206056,-73.421425
5056,0.5666668,34,0,1.1955801,0.71164703,-73.30399
5057,0.9666664,58,0,3.8134856,0.72081834,-73.627396
5058,2.083332,125,0,113.31328,0.7315661,-73.35727
5059,0.61666673,37,0,0.2428496,0.7516235,-73.519264
5060,0.7333333,44,0,1.0921077,0.71522206,-73.16805
5061,3.0166645,181,0,253.11101,0.7228281,-73.31169
5062,0.7,42,0,3.5101125,0.725917,-73.4334
5063,0.68333334,41,0,0.73941207,0.75539416,-73.50565
5064,3.0166645,181,0,106.756424,0.73780423,-73.51569
5065,1.083333,65,0,4.0028653,0.7244503,-73.327286
5066,3.0166645,181,0,166.07454,0.7309812,-73.24603
5067,3.0166645,181,0,234.20992,0.71809065,-73.30421
5068,0.78333324,47,0,2.291604,0.71083635,-73.39099
5069,1.0666664,64,0,4.7318983,0.7372757,-73.335236
5070,0.9666664,58,0,2.5752656,0.72976476,-73.29303
5071,3.0166645,181,0,174.67343,0.71197885,-73.388336
5072,0.5166668,31,0,1.1315029,0.72807777,-73.16074
5073,0.6666667,40,0,6.071269,0.74193954,-73.37989
5074,3.0166645,181,0,258.13556,0.72112024,-73.25321
5075,1.2666662,76,0,0.6714104,0.7254721,-73.27605
5076,3.0166645,181,0,171.69879,0.7345329,-73.357086
5077,1.2333329,74,0,9.859355,0.71493894,-73.107994
5078,0.74999994,45,0,1.802218,0.7683855,-73.26948
5079,3.0166645,181,0,248.47379,0.7262359,-73.099174
5080,3.0166645,181,0,195.96426,0.7332012,-73.18288
5081,0.94999975,57,0,0.9246422,0.7434414,-73.02688
5082,1.9999988,120,0,107.4259,0.736495,-73.214066
5083,3.0166645,181,0,226.47473,0.7397813,-73.05007
5084,0.78333324,47,0,13.125862,0.73904014,-73.38641
5085,3.0166645,181,0,275.19553,0.7334195,-72.99633
5086,3.0166645,181,0,245.94775,0.7477808,-73.15147
5087,2.5499983,153,0,173.5104,0.7319419,-73.10998
5088,3.0166645,181,0,245.32452,0.74136406,-72.82357
5089,2.1999986,132,0,131.21318,0.7476795,-72.999306
5090,0.88333315,53,0,10.750207,0.73784554,-72.79675
5091,1.0166664,61,0,2.0291042,0.7350646,-72.84483
5092,0.94999975,57,0,4.0656695,0.7353992,-72.81582
5093,0.9666664,58,0,1.3596025,0.7404108,-72.877525
5094,3.0166645,181,0,230.07683,0.7518642,-72.84663
5095,1.0666664,64,0,4.1726117,0.744219,-72.72469
5096,3.0166645,181,0,245.26253,0.7301715,-72.73515
5097,3.0166645,181,0,154.51326,0.74226326,-72.694466
5098,1.7833323,107,0,81.18125,0.74710983,-72.857315
5099,0.8999998,54,0,1.167139,0.7506112,-72.53609
5100,0.9666664,58,0,1.3309699,0.7248887,-72.538536
5101,3.0166645,181,0,227.8467,0.742905,-72.58985
5102,0.9999997,60,0,0.7971152,0.73960066,-72.3852
5103,1.083333,65,0,10.631371,0.74032295,-72.65077
5104,0.91666645,55,0,1.5303518,0.7446149,-72.76918
5105,1.5666659,94,0,56.43346,0.7470928,-72.664406
5106,3.0166645,181,0,189.0157,0.7456453,-72.51792
5107,0.8666665,52,0,9.247214,0.7366428,-72.50617
5108,3.0166645,181,0,229.8498,0.74082386,-72.38403
5109,2.566665,154,0,120.06218,0.7476881,-72.40118
5110,0.7,42,0,7.369041,0.7052876,-72.34275
5111,3.0166645,181,0,226.46806,0.730919,-72.415306
5112,1.0333331,62,0,1.3499761,0.73918283,-72.48024
5113,3.0166645,181,0,172.67397,0.7361093,-72.26431
5114,0.91666645,55,0,1.6035473,0.7328648,-72.42168
5115,3.0166645,181,0,213.394,0.73935795,-72.25239
5116,3.0166645,181,0,207.26738,0.7511835,-72.27134
5117,0.9666664,58,0,2.0600314,0.7663322,-72.25631
5118,2.4499984,147,0,144.72649,0.76421267,-71.882164
5119,3.0166645,181,0,232.23553,0.7512441,-71.99395
5120,3.0166645,181,0,241.10143,0.72914046,-72.01435
5121,0.9999997,60,0,5.227361,0.7213951,-72.03875
5122,1.083333,65,0,2.0852706,0.7147416,-72.044365
5123,3.0166645,181,0,242.13667,0.74296683,-71.957344
5124,3.0166645,181,0,199.57181,0.7376211,-71.85261
5125,1.3333328,80,0,32.576717,0.7435342,-71.9902
5126,3.0166645,181,0,242.67587,0.7326771,-71.758736
5127,3.0166645,181,0,153.34392,0.73806036,-71.76789
5128,3.0166645,181,0,227.18721,0.7435501,-71.718666
5129,3.0166645,181,0,203.78102,0.7372375,-71.66709
5130,3.0166645,181,0,203.61392,0.7375125,-71.64043
5131,3.0166645,181,0,272.69772,0.7386292,-71.60161
5132,3.0166645,181,0,264.75446,0.7506143,-71.447235
5133,3.0166645,181,0,237.01094,0.73363125,-71.55652
5134,1.3499994,81,0,1.9171431,0.7485498,-71.42144
5135,3.0166645,181,0,198.89629,0.7368976,-71.54221
5136,3.0166645,181,0,291.35004,0.72418535,-71.40475
5137,1.0166664,61,0,6.3800445,0.7286716,-71.41702
5138,3.0166645,181,0,220.38814,0.74555176,-71.42258
5139,3.0166645,181,0,257.1151,0.7502283,-71.3993
5140,3.0166645,181,0,223.53873,0.73885477,-71.29892
5141,3.0166645,181,0,235.37654,0.72159326,-71.40141
5142,3.0166645,181,0,209.17375,0.7401583,-71.32071
5143,3.0166645,181,0,233.32437,0.72509927,-71.36593
5144,3.0166645,181,0,216.5855,0.7334442,-71.24897
5145,3.0166645,181,0,191.53772,0.73698133,-71.18916
5146,3.0166645,181,0,220.46063,0.7422567,-71.113304
5147,1.7666657,106,0,1.255891,0.7489696,-71.079666
5148,0.71666664,43,0,0.29528457,0.7445461,-71.30392
5149,3.0166645,181,0,196.45985,0.7545998,-71.10453
5150,1.2499995,75,0,1.6105188,0.7528625,-70.990974
5151,3.0166645,181,0,215.39479,0.7396627,-70.98635
5152,3.0166645,181,0,225.63715,0.74501777,-70.886215
5153,3.0166645,181,0,202.51463,0.74637157,-70.92652
5154,3.0166645,181,0,251.12625,0.74725705,-70.800964
5155,3.0166645,181,0,299.8633,0.763783,-70.85999
5156,3.0166645,181,0,192.75613,0.75261277,-70.78937
5157,3.0166645,181,0,243.76282,0.7532487,-70.84488
5158,3.0166645,181,0,245.78656,0.7581742,-70.71998
5159,3.0166645,181,0,237.89886,0.7601829,-70.74637
5160,3.0166645,181,0,175.27287,0.7611163,-70.80604
5161,0.88333315,53,0,2.7164402,0.7776445,-70.66122
5162,0.84999985,51,0,1.300087,0.7718326,-70.510056
5163,3.0166645,181,0,220.99385,0.7979414,-70.701324
5164,3.0166645,181,0,215.31938,0.7715288,-70.52659
5165,3.0166645,181,0,250.80717,0.7758482,-70.624626
5166,3.0166645,181,0,201.23581,0.78752095,-70.52525
5167,3.0166645,181,0,222.12047,0.7754971,-70.6189
5168,3.0166645,181,0,206.09583,0.7823267,-70.749016
5169,3.0166645,181,0,210.134,0.7920844,-70.63688
5170,1.4499993,87,0,1.3893927,0.78691965,-70.640495
5171,0.81666654,49,0,1.400115,0.801242,-70.41688
5172,3.0166645,181,0,230.91322,0.78718406,-70.53872
5173,3.0166645,181,0,195.06067,0.78029066,-70.55423
5174,0.5333335,32,0,3.433547,0.7989161,-70.59143
5175,3.0166645,181,0,249.41423,0.79065084,-70.501076
5176,3.0166645,181,0,271.22403,0.7972049,-70.5581
5177,1.0999997,66,0,0.7795597,0.8061442,-70.47161
5178,3.0166645,181,0,189.49332,0.79534376,-70.561264
5179,3.0166645,181,0,295.9893,0.79890823,-70.65515
5180,3.0166645,181,0,254.16405,0.8094814,-70.615875
5181,2.133332,128,0,5.3683553,0.8112786,-70.650444
5182,3.0166645,181,0,216.25539,0.8108421,-70.655945
5183,3.0166645,181,0,244.51903,0.7995627,-70.59301
5184,3.0166645,181,0,296.7708,0.8013419,-70.571205
5185,3.0166645,181,0,143.36629,0.8097137,-70.59746
5186,3.0166645,181,0,267.8182,0.80554295,-70.54504
5187,3.0166645,181,0,277.76126,0.8239043,-70.56205
5188,2.9833312,179,0,37.481285,0.8241391,-70.679054
5189,3.0166645,181,0,167.37126,0.8284337,-70.63069
5190,3.0166645,181,0,302.97794,0.80928224,-70.68066
5191,0.4333335,26,0,0.59517485,0.8404158,-70.508545
5192,3.0166645,181,0,220.25371,0.81881773,-70.70465
5193,1.1666663,70,0,0.6172727,0.8193301,-70.81889
5194,3.0166645,181,0,228.59119,0.8259953,-70.644424
5195,0.65000004,39,0,4.048534,0.8076986,-70.456184
5196,3.0166645,181,0,227.4291,0.8281837,-70.56653
5197,0.5166668,31,0,0.69758093,0.787657,-70.82074
5198,3.0166645,181,0,167.42651,0.8174427,-70.63609
5199,3.0166645,181,0,210.63013,0.813947,-70.54208
5200,3.0166645,181,0,162.95413,0.82300955,-70.49173
5201,3.0166645,181,0,238.85919,0.8054918,-70.48431
5202,1.6666658,100,0,0.886326,0.7897801,-70.4697
5203,1.133333,68,0,1.7817322,0.7995637,-70.65468
5204,0.8666665,52,0,0.9533471,0.7927002,-70.45795
5205,3.0166645,181,0,250.58972,0.8088094,-70.51278
5206,3.0166645,181,0,257.33044,0.805921,-70.488556
5207,3.0166645,181,0,289.17294,0.8048437,-70.602554
5208,1.2666662,76,0,0.7159689,0.8062296,-70.45955
5209,1.2333329,74,0,0.6245877,0.8032237,-70.50477
5210,0.48333353,29,0,0.74260086,0.8150728,-70.509094
5211,1.0999997,66,0,0.89026135,0.80342907,-70.558586
5212,3.0166645,181,0,275.68414,0.7907964,-70.382645
5213,3.0166645,181,0,293.08884,0.8217222,-70.28945
5214,3.0166645,181,0,246.1446,0.80963135,-70.37698
5215,1.5666659,94,0,4.592678,0.81847864,-70.2689
5216,3.0166645,181,0,282.7352,0.7996162,-70.1891
5217,3.0166645,181,0,272.39316,0.8089268,-70.20617
5218,3.0166645,181,0,159.76321,0.80691683,-70.30504
5219,3.0166645,181,0,243.4125,0.79989547,-70.265785
5220,3.0166645,181,0,279.00943,0.7930599,-70.1054
5221,3.0166645,181,0,272.23157,0.78970104,-70.12185
5222,3.0166645,181,0,291.62888,0.80356747,-70.23283
5223,3.0166645,181,0,196.5414,0.79958904,-70.13464
5224,3.0166645,181,0,268.4658,0.80374706,-70.00009
5225,3.0166645,181,0,249.6522,0.79785776,-70.15949
5226,0.7333333,44,0,0.73114926,0.8056379,-69.66422
5227,3.0166645,181,0,192.92375,0.80027294,-70.10655
5228,3.0166645,181,0,139.62186,0.7837279,-70.02995
5229,3.0166645,181,0,298.522,0.7835025,-69.91612
5230,1.3166661,79,0,1.262578,0.82078934,-70.065704
5231,3.0166645,181,0,119.0761,0.79457426,-69.76343
5232,3.0166645,181,0,265.09113,0.7993816,-69.763855
5233,1.2666662,76,0,6.553002,0.8078449,-69.55399
5234,3.0166645,181,0,232.85747,0.804173,-69.73227
5235,3.0166645,181,0,237.6597,0.80034226,-69.62317
5236,0.71666664,43,0,0.83459944,0.8041923,-69.62587
5237,1.3999994,84,0,5.1362004,0.82318103,-69.67396
5238,3.0166645,181,0,117.35929,0.8022445,-69.5729
5239,3.0166645,181,0,189.71693,0.7994613,-69.444954
5240,3.0166645,181,0,296.1618,0.8073826,-69.495895
5241,3.0166645,181,0,200.83633,0.7968435,-69.47024
5242,3.0166645,181,0,182.3405,0.8060388,-69.282745
5243,3.0166645,181,0,258.77414,0.8074062,-69.53284
5244,3.0166645,181,0,231.99811,0.7948965,-69.313484
5245,3.0166645,181,0,275.7243,0.79592043,-69.17856
5246,3.0166645,181,0,175.77841,0.80310553,-69.318695
5247,3.0166645,181,0,295.13025,0.81171566,-69.12696
5248,3.0166645,181,0,184.9249,0.81410927,-68.93517
5249,3.0166645,181,0,222.53204,0.8067883,-69.18586
5250,3.0166645,181,0,156.08687,0.80123484,-69.18689
5251,3.0166645,181,0,125.38006,0.8158815,-68.95738
5252,3.0166645,181,0,145.29988,0.8187321,-68.87801
5253,0.8666665,52,0,5.5992956,0.806885,-68.98484
5254,3.0166645,181,0,327.4592,0.79564434,-68.940636
5255,1.2333329,74,0,9.866325,0.8135955,-68.75063
5256,3.0166645,181,0,199.5275,0.7896387,-68.76535
5257,3.0166645,181,0,165.99709,0.8113352,-68.82366
5258,3.0166645,181,0,170.19756,0.81414795,-68.65464
5259,1.083333,65,0,1.398854,0.82531816,-68.83187
5260,3.0166645,181,0,259.86795,0.80833316,-68.73548
5261,3.0166645,181,0,247.21118,0.7991256,-68.59748
5262,3.0166645,181,0,175.68187,0.8174013,-68.59177
5263,3.0166645,181,0,117.61721,0.83531255,-68.50241
5264,3.0166645,181,0,320.04172,0.8242439,-68.474106
5265,3.0166645,181,0,161.28154,0.8144972,-68.527565
5266,3.0166645,181,0,218.65746,0.81491524,-68.42847
5267,3.0166645,181,0,187.41489,0.8290946,-68.385185
5268,3.0166645,181,0,227.04953,0.83096486,-68.3642
5269,3.0166645,181,0,300.04047,0.83541864,-68.30504
5270,3.0166645,181,0,142.3645,0.83247155,-68.222244
5271,3.0166645,181,0,237.37668,0.82933843,-68.28029
5272,3.0166645,181,0,184.13268,0.8296644,-68.30476
5273,3.0166645,181,0,180.91968,0.8419261,-68.38043
5274,3.0166645,181,0,287.99506,0.844773,-68.302
5275,3.0166645,181,0,181.01538,0.84560996,-68.12167
5276,3.0166645,181,0,159.1834,0.8476099,-68.051254
5277,3.0166645,181,0,282.8486,0.8558717,-68.04016
5278,1.133333,68,0,3.0478168,0.83893526,-68.02827
5279,0.9999997,60,0,5.9971685,0.8726222,-67.950325
5280,3.0166645,181,0,164.94194,0.8561727,-67.96714
5281,3.0166645,181,0,201.23337,0.842765,-67.91541
5282,3.0166645,181,0,317.02872,0.85918695,-67.954094
5283,3.0166645,181,0,222.70943,0.860285,-67.836174
5284,3.0166645,181,0,114.981514,0.8509313,-67.760544
5285,3.0166645,181,0,219.39091,0.85286784,-67.71566
5286,3.0166645,181,0,146.7814,0.8431325,-67.6369
5287,3.0166645,181,0,297.38657,0.8526124,-67.729904
5288,3.0166645,181,0,193.31114,0.84840053,-67.76094
5289,3.0166645,181,0,215.12822,0.8530408,-67.638664
5290,3.0166645,181,0,251.07468,0.85793173,-67.63943
5291,3.0166645,181,0,248.48265,0.8472631,-67.529495
5292,3.0166645,181,0,216.94962,0.8403388,-67.556335
5293,3.0166645,181,0,254.01636,0.86131686,-67.534134
5294,3.0166645,181,0,170.7736,0.8519023,-67.51039
5295,3.0166645,181,0,193.91739,0.85681385,-67.637405
5296,3.0166645,181,0,163.5188,0.8475159,-67.49898
5297,3.0166645,181,0,265.09348,0.8473675,-67.60171
5298,3.0166645,181,0,223.97093,0.8512686,-67.58579
5299,3.0166645,181,0,156.33195,0.8428331,-67.43998
5300,3.0166645,181,0,264.96878,0.8475268,-67.42642
5301,3.0166645,181,0,230.65053,0.8481265,-67.511536
5302,3.0166645,181,0,250.63368,0.85298973,-67.472824
5303,3.0166645,181,0,289.3101,0.85434,-67.59177
5304,0.6666667,40,0,1.0081594,0.82412845,-67.90205
5305,3.0166645,181,0,224.79764,0.8497709,-67.29084
5306,3.0166645,181,0,203.30183,0.84862864,-67.51138
5307,3.0166645,181,0,238.15575,0.83499813,-67.47293
5308,3.0166645,181,0,287.30588,0.8360657,-67.55468
5309,3.0166645,181,0,245.87807,0.8348613,-67.368645
5310,3.0166645,181,0,237.82732,0.85062814,-67.37483
5311,3.0166645,181,0,204.66777,0.8242181,-67.40881
5312,3.0166645,181,0,273.20297,0.8215078,-67.4325
5313,3.0166645,181,0,221.79684,0.8340046,-67.48204
5314,3.0166645,181,0,259.30234,0.82453465,-67.50363
5315,3.0166645,181,0,244.97946,0.836832,-67.45408
5316,3.0166645,181,0,167.70175,0.8488837,-67.53383
5317,3.0166645,181,0,267.22516,0.8430966,-67.45549
5318,3.0166645,181,0,213.62,0.8481753,-67.617134
5319,3.0166645,181,0,301.03964,0.8478193,-67.56291
5320,3.0166645,181,0,172.25171,0.854,-67.57185
5321,0.88333315,53,0,1.1300001,0.8410161,-67.59842
5322,3.0166645,181,0,213.32799,0.8458995,-67.62558
5323,3.0166645,181,0,234.82433,0.8675082,-67.70012
5324,3.0166645,181,0,258.45593,0.8435564,-67.56791
5325,1.749999,105,0,0.41838422,0.85707545,-67.54613
5326,3.0166645,181,0,225.72461,0.8611059,-67.58931
5327,3.0166645,181,0,255.2536,0.838969,-67.633934
5328,3.0166645,181,0,225.18623,0.8426672,-67.67495
5329,3.0166645,181,0,228.25916,0.84345233,-67.617195
5330,3.0166645,181,0,150.96948,0.86278963,-67.56082
5331,3.0166645,181,0,262.77914,0.8545605,-67.59845
5332,3.0166645,181,0,233.63695,0.8439169,-67.59089
5333,3.0166645,181,0,8.89199,0.8531664,-67.676956
5334,3.0166645,181,0,246.18224,0.83174294,-67.64762
5335,3.0166645,181,0,19.962492,0.8312568,-67.59783
5336,3.0166645,181,0,220.81293,0.82633305,-67.537025
5337,3.0166645,181,0,244.69623,0.83283895,-67.65498
5338,3.0166645,181,0,228.57622,0.8236898,-67.53538
5339,3.0166645,181,0,116.25956,0.8304533,-67.586754
5340,3.0166645,181,0,234.5593,0.83046657,-67.631134
5341,0.84999985,51,0,1.5377297,0.84832615,-67.49512
5342,3.0166645,181,0,195.66559,0.8389621,-67.58005
5343,3.0166645,181,0,248.40259,0.81994945,-67.52831
5344,3.0166645,181,0,203.3061,0.835709,-67.547554
5345,3.0166645,181,0,280.0653,0.8340654,-67.726654
5346,3.0166645,181,0,244.23582,0.8247587,-67.62302
5347,3.0166645,181,0,271.18713,0.8181594,-67.55029
5348,3.0166645,181,0,254.70035,0.8181501,-67.596596
5349,3.0166645,181,0,238.95882,0.8079233,-67.57775
5350,3.0166645,181,0,235.26462,0.8121689,-67.62949
5351,3.0166645,181,0,215.26045,0.8095746,-67.55944
5352,3.0166645,181,0,111.47347,0.8339242,-67.51897
5353,3.0166645,181,0,193.51341,0.82684684,-67.6069
5354,2.0999987,126,0,0.95703804,0.8096512,-67.65129
5355,3.0166645,181,0,161.27972,0.82114506,-67.342766
5356,3.0166645,181,0,258.7745,0.8219949,-67.39051
5357,3.0166645,181,0,151.15176,0.8205769,-67.37629
5358,3.0166645,181,0,32.824863,0.81626,-67.36499
5359,3.0166645,181,0,207.68112,0.828531,-67.31896
5360,3.0166645,181,0,118.80076,0.8422467,-67.33794
5361,3.0166645,181,0,240.25458,0.83895063,-67.490295
5362,3.0166645,181,0,270.25113,0.83435935,-67.213394
5363,3.0166645,181,0,258.25366,0.8444779,-67.30854
5364,3.0166645,181,0,303.3994,0.84452146,-67.25912
5365,3.0166645,181,0,255.92299,0.8542894,-67.33853
5366,3.0166645,181,0,291.37732,0.8485883,-67.43864
5367,3.0166645,181,0,235.05304,0.8390347,-67.28836
5368,3.0166645,181,0,227.80176,0.8458302,-67.32374
5369,3.0166645,181,0,1.0519763,0.8594079,-67.31856
5370,3.0166645,181,0,224.74171,0.8420884,-67.15812
5371,3.0166645,181,0,229.90347,0.84633845,-67.33635
5372,3.0166645,181,0,263.60776,0.8592444,-67.3005
5373,3.0166645,181,0,236.03976,0.8375639,-67.30392
5374,3.0166645,181,0,292.44656,0.84175867,-67.28414
5375,3.0166645,181,0,252.08693,0.8468725,-67.30827
5376,3.0166645,181,0,265.54715,0.8456317,-67.142204
5377,3.0166645,181,0,205.67142,0.8456534,-67.0439
5378,3.0166645,181,0,283.2956,0.8485686,-67.15386
5379,3.0166645,181,0,137.06146,0.84671,-66.9831
5380,3.0166645,181,0,212.55534,0.8394672,-67.12264
5381,3.0166645,181,0,69.65386,0.85467434,-66.952034
5382,3.0166645,181,0,167.38606,0.84697133,-66.95958
5383,3.0166645,181,0,232.48709,0.84699017,-66.927895
5384,3.0166645,181,0,261.77383,0.8425103,-66.9187
5385,3.0166645,181,0,275.26917,0.8337377,-66.96012
5386,3.0166645,181,0,245.17252,0.84558403,-67.06313
5387,3.0166645,181,0,5.0503573,0.8285378,-67.049385
5388,3.0166645,181,0,249.03368,0.84397966,-67.09887
5389,3.0166645,181,0,190.04,0.83354306,-66.828575
5390,3.0166645,181,0,234.21577,0.8430473,-66.88688
5391,3.0166645,181,0,219.64586,0.8424453,-67.01058
5392,3.0166645,181,0,272.019,0.845312,-66.93223
5393,3.0166645,181,0,297.0917,0.84083694,-67.0462
5394,3.0166645,181,0,247.49232,0.84461355,-67.04862
5395,3.0166645,181,0,212.67282,0.8484254,-66.87772
5396,3.0166645,181,0,308.91046,0.8449031,-67.080986
5397,2.4833317,149,0,1.6401722,0.8511001,-66.88308
5398,3.0166645,181,0,286.7762,0.82862085,-66.94986
5399,3.0166645,181,0,172.47537,0.8463704,-66.93295
5400,3.0166645,181,0,219.82288,0.84381306,-66.911964
5401,3.0166645,181,0,303.80557,0.84801805,-66.93692
5402,3.0166645,181,0,238.2132,0.8369277,-66.92068
5403,3.0166645,181,0,287.51904,0.8237527,-66.856834
5404,3.0166645,181,0,235.62842,0.8431384,-66.807175
5405,3.0166645,181,0,187.51527,0.837893,-66.94363
5406,0.68333334,41,0,0.31664026,0.83208483,-66.7898
5407,3.0166645,181,0,212.39102,0.8389415,-66.80076
5408,3.0166645,181,0,218.60913,0.86184025,-66.71662
5409,3.0166645,181,0,266.46753,0.8563113,-66.78431
5410,3.0166645,181,0,209.49323,0.84345895,-66.87064
5411,3.0166645,181,0,264.15485,0.8442955,-66.79844
5412,3.0166645,181,0,352.6531,0.85543823,-66.802574
5413,3.0166645,181,0,270.66232,0.85684884,-66.65988
5414,3.0166645,181,0,178.79968,0.8535437,-66.90871
5415,3.0166645,181,0,237.4041,0.8631332,-66.92721
5416,3.0166645,181,0,5.300524,0.8456501,-66.76797
5417,1.799999,108,0,1.2429339,0.8576722,-66.85341
5418,3.0166645,181,0,243.21608,0.8323892,-66.83927
5419,3.0166645,181,0,293.86093,0.8524703,-66.87899
5420,3.0166645,181,0,256.86588,0.8576698,-66.86597
5421,3.0166645,181,0,193.14473,0.84400487,-66.91538
5422,3.0166645,181,0,299.80292,0.86278737,-66.73873
5423,3.0166645,181,0,278.38608,0.8619284,-66.76612
5424,3.0166645,181,0,182.97836,0.87297696,-66.75968
5425,3.0166645,181,0,253.92525,0.8545219,-66.844696
5426,3.0166645,181,0,270.99368,0.86849636,-66.8415
5427,3.0166645,181,0,190.20023,0.86098665,-66.90173
5428,3.0166645,181,0,305.3619,0.8564968,-66.85612
5429,3.0166645,181,0,245.40874,0.8737647,-66.93658
5430,3.0166645,181,0,304.08902,0.8629878,-66.994156
5431,3.0166645,181,0,241.08214,0.8630573,-66.90101
5432,3.0166645,181,0,288.28174,0.88055384,-67.013405
5433,3.0166645,181,0,241.61986,0.87438416,-66.976494
5434,3.0166645,181,0,247.4335,0.88484275,-66.933876
5435,3.0166645,181,0,332.83896,0.88938904,-67.045166
5436,3.0166645,181,0,193.14716,0.89435685,-66.912544
5437,3.0166645,181,0,142.66324,0.8848776,-67.1248
5438,3.0166645,181,0,244.38634,0.8974926,-66.968895
5439,3.0166645,181,0,206.09442,0.885637,-66.92798
5440,3.0166645,181,0,274.9852,0.90056825,-67.14724
5441,3.0166645,181,0,293.18896,0.91303873,-67.11271
5442,3.0166645,181,0,313.31146,0.89985794,-67.115715
5443,3.0166645,181,0,193.6,0.89508885,-67.112144
5444,3.0166645,181,0,317.72458,0.8869011,-67.209755
5445,3.0166645,181,0,173.39932,0.90280664,-67.21066
5446,3.0166645,181,0,208.26204,0.8910748,-67.31404
5447,2.949998,177,0,3.5089872,0.87558943,-67.22312
5448,3.0166645,181,0,179.37439,0.8967388,-67.23937
5449,3.0166645,181,0,309.3037,0.900786,-67.14042
5450,3.0166645,181,0,299.82178,0.8795687,-67.23445
5451,0.71666664,43,0,0.96563447,0.90806615,-67.12554
5452,3.0166645,181,0,219.62254,0.8752207,-67.36685
5453,3.0166645,181,0,242.86728,0.88311297,-67.39572
5454,3.0166645,181,0,236.02872,0.88795906,-67.364395
5455,3.0166645,181,0,240.70012,0.88954484,-67.34476
5456,3.0166645,181,0,278.6334,0.896894,-67.19858
5457,3.0166645,181,0,180.59007,0.8849567,-67.31389
5458,3.0166645,181,0,207.297,0.89358974,-67.33564
5459,3.0166645,181,0,302.8998,0.8837703,-67.256935
5460,3.0166645,181,0,283.35342,0.8827559,-67.39346
5461,3.0166645,181,0,305.09805,0.89321065,-67.40281
5462,3.0166645,181,0,325.55624,0.90081966,-67.50125
5463,3.0166645,181,0,148.83434,0.893866,-67.45772
5464,3.0166645,181,0,331.16644,0.8905561,-67.40362
5465,3.0166645,181,0,330.8901,0.88838136,-67.44783
5466,3.0166645,181,0,341.7694,0.88445216,-67.38788
5467,2.5499983,153,0,1.0911903,0.8921981,-67.53835
5468,3.0166645,181,0,269.59818,0.88312674,-67.486435
5469,3.0166645,181,0,204.64058,0.8782719,-67.52473
5470,3.0166645,181,0,283.10403,0.88152754,-67.44078
5471,3.0166645,181,0,189.22823,0.8765817,-67.4754
5472,0.6666667,40,0,3.677126,0.8931899,-67.73533
5473,3.0166645,181,0,263.26508,0.89188296,-67.54711
5474,2.4999983,150,0,80.86634,0.90269655,-67.4421
5475,0.6666667,40,0,1.3674364,0.88278466,-67.364746
5476,1.6833324,101,0,7.537945,0.87528694,-67.47381
5477,3.0166645,181,0,312.8911,0.8863306,-67.48002
5478,0.98333305,59,0,4.7569237,0.8925551,-67.36083
5479,3.0166645,181,0,262.66217,0.88090515,-67.47743
5480,0.65000004,39,0,1.4040711,0.88856167,-67.66209
5481,3.0166645,181,0,236.6692,0.88223463,-67.497696
5482,3.0166645,181,0,202.74062,0.8907056,-67.46202
5483,3.0166645,181,0,285.58865,0.8837498,-67.52187
5484,0.91666645,55,0,1.0515568,0.89359486,-67.75206
5485,0.94999975,57,0,15.694633,0.8964735,-67.787346
5486,3.0166645,181,0,285.31436,0.8905885,-67.51734
5487,2.6333315,158,0,55.385216,0.89443713,-67.58539
5488,2.9166646,175,0,10.252997,0.88150644,-67.605415
5489,3.0166645,181,0,279.84073,0.89058125,-67.625206
5490,3.0166645,181,0,241.47963,0.8974358,-67.55345
5491,3.0166645,181,0,295.38794,0.88698643,-67.76337
5492,3.0166645,181,0,249.89458,0.8820402,-67.59902
5493,1.9166656,115,0,15.357334,0.8920727,-67.590385
5494,2.0166655,121,0,3.8619645,0.88845915,-67.644005
5495,3.0166645,181,0,218.01263,0.8763422,-67.66108
5496,3.0166645,181,0,319.62793,0.89263207,-67.60979
5497,3.0166645,181,0,306.71252,0.8810712,-67.65554
5498,3.0166645,181,0,258.69302,0.8814941,-67.69695
5499,3.0166645,181,0,289.47565,0.8749776,-67.76587
5500,3.0166645,181,0,262.13016,0.87775,-67.72553
5501,3.0166645,181,0,310.24542,0.8817692,-67.716484
5502,3.0166645,181,0,304.49518,0.86228204,-67.78364
5503,1.2166662,73,0,2.0769882,0.85422516,-67.85239
5504,3.0166645,181,0,142.97057,0.86604005,-67.96716
5505,3.0166645,181,0,138.75519,0.8589642,-67.87786
5506,3.0166645,181,0,274.7313,0.8768223,-67.865906
5507,3.0166645,181,0,281.3272,0.86374074,-67.82833
5508,3.0166645,181,0,199.78032,0.8856288,-67.92564
5509,1.7333324,104,0,9.17711,0.8664865,-68.09675
5510,3.0166645,181,0,266.61047,0.8744636,-67.96557
5511,3.0166645,181,0,287.41623,0.8556608,-67.9757
5512,3.0166645,181,0,251.46898,0.8685532,-67.994255
5513,3.0166645,181,0,329.27127,0.8644334,-68.02934
5514,3.0166645,181,0,244.56421,0.8711231,-68.043205
5515,1.4833326,89,0,36.178467,0.87520355,-67.92754
5516,3.0166645,181,0,303.43115,0.8652949,-68.00616
5517,3.0166645,181,0,213.41295,0.8479626,-67.968124
5518,3.0166645,181,0,189.88737,0.84533507,-68.04011
5519,3.0166645,181,0,206.60417,0.85848856,-68.050255
5520,1.133333,68,0,0.78262645,0.8523944,-68.183815
5521,3.0166645,181,0,344.6896,0.85851395,-68.10651
5522,0.5666668,34,0,1.4748687,0.8571473,-67.784836
5523,3.0166645,181,0,218.15608,0.8500251,-68.12116
5524,3.0166645,181,0,293.1049,0.85229784,-68.00942
5525,3.0166645,181,0,277.24905,0.85259014,-68.14619
5526,2.6999981,162,0,46.55165,0.838034,-68.15246
5527,3.0166645,181,0,231.52313,0.8669437,-68.137924
5528,3.0166645,181,0,340.03394,0.8409457,-68.155365
5529,3.0166645,181,0,332.47003,0.86220694,-68.08402
5530,3.0166645,181,0,205.38979,0.8534363,-68.22605
5531,3.0166645,181,0,356.90942,0.8558599,-67.936646
5532,3.0166645,181,0,276.4858,0.8519192,-68.14028
5533,3.0166645,181,0,258.7496,0.8538173,-68.21989
5534,3.0166645,181,0,43.265938,0.8492416,-68.11944
5535,2.4999983,150,0,48.192505,0.8596427,-68.10332
5536,3.0166645,181,0,280.4296,0.8486941,-68.07264
5537,1.133333,68,0,11.056034,0.8296883,-68.21246
5538,2.1166654,127,0,4.801903,0.8457365,-68.24199
5539,3.0166645,181,0,207.16425,0.84410495,-68.22186
5540,3.0166645,181,0,133.08145,0.84437525,-68.11871
5541,3.0166645,181,0,184.36696,0.8583855,-68.099594
5542,3.0166645,181,0,226.50226,0.8416532,-68.07582
5543,3.0166645,181,0,2.9339168,0.84939855,-68.28113
5544,3.0166645,181,0,284.74246,0.857912,-67.93709
5545,3.0166645,181,0,160.72653,0.8591226,-68.139336
5546,3.0166645,181,0,128.26865,0.8573288,-67.874016
5547,3.0166645,181,0,249.80034,0.8597034,-68.00736
5548,3.0166645,181,0,221.99818,0.8584299,-68.01108
5549,1.2666662,76,0,7.483194,0.84682196,-68.09963
5550,0.6333334,38,0,5.744396,0.8654457,-68.00523
5551,3.0166645,181,0,120.6291,0.85725856,-67.94542
5552,0.5166668,31,0,1.3373802,0.86293685,-67.8159
5553,0.7666666,46,0,5.797606,0.8405144,-67.750374
5554,3.0166645,181,0,200.39703,0.85187227,-67.75442
5555,3.0166645,181,0,347.85495,0.8316639,-67.93792
5556,3.0166645,181,0,329.59085,0.8516075,-67.9004
5557,3.0166645,181,0,274.67184,0.83876556,-67.884735
5558,3.0166645,181,0,299.16064,0.8312007,-67.796364
5559,3.0166645,181,0,288.16196,0.8412753,-67.93418
5560,1.3666661,82,0,2.3379424,0.8293928,-67.76817
5561,3.0166645,181,0,182.74806,0.8424031,-67.89787
5562,3.0166645,181,0,8.649802,0.82710975,-67.852104
5563,3.0166645,181,0,3.9843695,0.83077705,-67.80388
5564,3.0166645,181,0,64.65036,0.8325279,-67.70817
5565,3.0166645,181,0,7.4019294,0.8157428,-67.67112
5566,1.6166658,97,0,4.2256737,0.83671266,-67.53735
5567,3.0166645,181,0,237.91832,0.82252735,-67.632576
5568,3.0166645,181,0,65.365555,0.83012265,-67.59439
5569,1.749999,105,0,6.9106007,0.83417517,-67.545204
5570,3.0166645,181,0,390.7711,0.82903385,-67.44101
5571,1.8666656,112,0,15.949277,0.839391,-67.38448
5572,3.0166645,181,0,224.56853,0.83735895,-67.40385
