index,episode_time,steps,noise,episode_reward,avg_critic_loss,avg_actor_loss
0,2.466665,148,0,23.212133,0,0
1,2.0166655,121,0,0.40855718,0.21656589,0.030740237
2,2.0499988,123,0,0.8752425,0.16108993,0.011985424
3,2.0166655,121,0,1.4629174,0.11669921,-0.015254681
4,1.7333324,104,0,2.0695333,0.09198749,-0.03091583
5,1.749999,105,0,17.86619,0.12516378,-0.048289467
6,1.5166659,91,0,2.322693,0.09922172,-0.06726431
7,1.2333329,74,0,6.13091,0.09322334,-0.08274568
8,1.1499996,69,0,0.81954694,0.07750239,-0.094536595
9,0.8666665,52,0,2.7063818,0.089659005,-0.105230294
10,0.9333331,56,0,0.809715,0.07550326,-0.11609793
11,0.98333305,59,0,2.4837086,0.06767366,-0.12971386
12,1.1166663,67,0,12.575971,0.08650496,-0.15437903
13,0.91666645,55,0,1.755207,0.079850316,-0.18904892
14,1.083333,65,0,5.003777,0.07614735,-0.23673043
15,0.81666654,49,0,5.581299,0.0776971,-0.29098204
16,0.8666665,52,0,2.7586274,0.07528055,-0.33533823
17,0.68333334,41,0,8.784148,0.07576494,-0.3777077
18,0.7,42,0,1.6424464,0.07898693,-0.42474538
19,0.7666666,46,0,4.4265924,0.06442756,-0.45428628
20,0.6000001,36,0,2.0598958,0.06069657,-0.48955137
21,0.68333334,41,0,9.838354,0.073636,-0.5228741
22,0.6000001,36,0,4.0203876,0.074672095,-0.5590918
23,0.6666667,40,0,3.6046617,0.06859936,-0.60408974
24,0.6666667,40,0,3.11983,0.064070284,-0.63499373
25,0.58333343,35,0,0.32047865,0.06577125,-0.6772037
26,0.68333334,41,0,2.7147987,0.07476273,-0.7102304
27,0.65000004,39,0,0.9570258,0.06299258,-0.7217628
28,0.58333343,35,0,0.63847965,0.066474125,-0.72961664
29,0.55000013,33,0,6.6693215,0.07845756,-0.76887935
30,0.61666673,37,0,2.8659055,0.07328724,-0.7670561
31,0.58333343,35,0,2.3546057,0.07295314,-0.777587
32,0.5666668,34,0,0.56651604,0.0698177,-0.77169067
33,0.7,42,0,3.2322211,0.06726387,-0.7855686
34,0.61666673,37,0,1.3591594,0.0618889,-0.7737141
35,0.58333343,35,0,1.6545087,0.05724305,-0.7620896
36,0.71666664,43,0,0.8752088,0.059880186,-0.7702648
37,0.6000001,36,0,0.52904165,0.06505451,-0.7953762
38,0.6666667,40,0,2.1155865,0.058815945,-0.81016546
39,0.6333334,38,0,1.5680401,0.06634297,-0.8238499
40,0.7666666,46,0,1.6448256,0.061801434,-0.8612717
41,0.7,42,0,1.1844816,0.066823676,-0.8648733
42,0.71666664,43,0,4.78615,0.050171863,-0.8402292
43,0.71666664,43,0,3.2979226,0.049214527,-0.8422753
44,0.7666666,46,0,1.8778641,0.05369472,-0.8586255
45,0.7666666,46,0,0.96571594,0.053813066,-0.85619205
46,0.7666666,46,0,0.48952225,0.056830645,-0.86570334
47,0.74999994,45,0,2.0950074,0.047822677,-0.8366688
48,0.7666666,46,0,3.574518,0.050631605,-0.85887206
49,0.7666666,46,0,0.8124428,0.044357263,-0.8588282
50,0.7666666,46,0,1.1359415,0.042178262,-0.85767764
51,0.71666664,43,0,1.5587488,0.04152254,-0.84687907
52,0.7333333,44,0,2.1968203,0.035470493,-0.8940438
53,0.74999994,45,0,1.5340236,0.04117019,-0.94727093
54,0.68333334,41,0,2.2022064,0.037486237,-1.0222933
55,0.58333343,35,0,1.7671721,0.03787583,-1.0812943
56,0.6000001,36,0,2.2723696,0.045078102,-1.1205618
57,0.5666668,34,0,0.95068705,0.04248108,-1.1398829
58,0.6000001,36,0,1.4599736,0.0405534,-1.189451
59,0.6333334,38,0,1.8359994,0.044372402,-1.2165352
60,0.6333334,38,0,2.6615047,0.039131146,-1.2677281
61,0.5666668,34,0,1.0368788,0.048089124,-1.3312466
62,0.65000004,39,0,6.2411532,0.04166427,-1.3484514
63,0.6333334,38,0,2.9592214,0.039339334,-1.3687394
64,0.6666667,40,0,2.7047536,0.03498599,-1.3992046
65,0.6666667,40,0,1.3128525,0.037861615,-1.4387375
66,0.5666668,34,0,0.5158024,0.040197037,-1.4545141
67,0.6333334,38,0,1.9983227,0.03704843,-1.4861897
68,0.55000013,33,0,1.3967779,0.040847417,-1.5067639
69,0.5666668,34,0,1.9171331,0.04066719,-1.5107406
70,0.58333343,35,0,3.7507875,0.045207303,-1.5562038
71,0.55000013,33,0,1.417681,0.039003402,-1.5875916
72,0.65000004,39,0,3.2374337,0.040133394,-1.6160929
73,0.5666668,34,0,4.8105426,0.047512084,-1.6297302
74,0.6333334,38,0,1.5390382,0.047508225,-1.6848066
75,0.5333335,32,0,1.1783494,0.041412123,-1.7059177
76,0.58333343,35,0,1.2724442,0.039092284,-1.6910233
77,0.5666668,34,0,0.6758255,0.045937907,-1.7327248
78,0.7,42,0,1.0540676,0.050744563,-1.7700207
79,0.5666668,34,0,1.1077572,0.044450782,-1.775474
80,0.65000004,39,0,1.1924039,0.04234363,-1.8121519
81,0.6000001,36,0,1.4580489,0.044437915,-1.8256851
82,0.7666666,46,0,2.4275532,0.041791618,-1.8584301
83,0.68333334,41,0,3.4880803,0.04170153,-1.894577
84,0.6666667,40,0,0.6655125,0.040949848,-1.90258
85,0.74999994,45,0,5.067106,0.042259276,-1.9205021
86,0.6333334,38,0,4.5083613,0.043737646,-1.9422584
87,0.74999994,45,0,0.34716436,0.048932653,-1.9774232
88,0.81666654,49,0,4.264,0.04431303,-1.9983517
89,0.7333333,44,0,1.8892967,0.038210634,-2.000713
90,0.78333324,47,0,1.819887,0.04171957,-2.04467
91,0.61666673,37,0,3.985026,0.043039188,-2.0933313
92,0.71666664,43,0,1.4747629,0.046756446,-2.108918
93,0.65000004,39,0,3.7823176,0.046365563,-2.120963
94,0.58333343,35,0,0.43959942,0.051180534,-2.1286829
95,0.71666664,43,0,1.0678229,0.04770583,-2.192628
96,0.6666667,40,0,2.3595974,0.054272603,-2.2482598
97,0.6333334,38,0,4.889038,0.051066328,-2.3031652
98,0.61666673,37,0,5.798426,0.04897108,-2.3440702
99,0.74999994,45,0,2.2015135,0.046273254,-2.3735895
100,0.68333334,41,0,1.5641599,0.04476877,-2.4819198
101,0.65000004,39,0,1.637849,0.04682695,-2.499085
102,0.65000004,39,0,2.1819744,0.044382263,-2.5593755
103,0.6666667,40,0,9.574713,0.050613392,-2.6326613
104,0.68333334,41,0,2.7014534,0.040299952,-2.7020297
105,0.5666668,34,0,4.533297,0.055244543,-2.8041475
106,0.65000004,39,0,0.52324665,0.044704307,-2.8611398
107,0.65000004,39,0,2.0605347,0.051024333,-2.949021
108,0.58333343,35,0,2.7980587,0.05205336,-3.0427322
109,0.6333334,38,0,2.584912,0.047773834,-3.0974257
110,0.58333343,35,0,2.146645,0.04583221,-3.1245935
111,0.6000001,36,0,1.080254,0.05207637,-3.2502105
112,0.6666667,40,0,1.664385,0.042275622,-3.238912
113,0.5666668,34,0,1.5050274,0.04024809,-3.2889605
114,0.5666668,34,0,0.94528323,0.046962056,-3.3869965
115,0.5666668,34,0,4.0194445,0.049265243,-3.4604676
116,0.61666673,37,0,1.5695888,0.049623344,-3.520625
117,0.68333334,41,0,6.666062,0.047262818,-3.6184447
118,0.58333343,35,0,2.1186209,0.045285463,-3.5889347
119,0.55000013,33,0,2.078737,0.048261195,-3.6115851
120,0.6666667,40,0,2.3796911,0.049145352,-3.7623572
121,0.6333334,38,0,2.7497487,0.049961735,-3.79382
122,0.6666667,40,0,2.760245,0.05191446,-3.836738
123,0.58333343,35,0,1.2220998,0.050230093,-3.9529233
124,0.6000001,36,0,5.5442247,0.056368656,-3.913856
125,0.6333334,38,0,0.42981455,0.04640852,-4.015468
126,0.6333334,38,0,1.7783439,0.049446817,-4.047283
127,0.7,42,0,2.2048006,0.049948256,-4.0315337
128,0.5666668,34,0,2.9724267,0.05805675,-4.0629473
129,0.58333343,35,0,1.0694436,0.047203626,-4.129782
130,0.65000004,39,0,1.0096219,0.047707323,-4.1691403
131,0.58333343,35,0,1.6491536,0.04945369,-4.15657
132,0.68333334,41,0,6.10224,0.049007375,-4.3078403
133,0.6666667,40,0,0.83281636,0.0519673,-4.348749
134,0.6000001,36,0,7.0430527,0.041032027,-4.3754926
135,0.68333334,41,0,5.2809515,0.048141096,-4.4269266
136,0.6666667,40,0,1.9016058,0.050862197,-4.5122924
137,0.61666673,37,0,1.8154111,0.054912437,-4.5786843
138,0.68333334,41,0,1.0144572,0.043001223,-4.5896683
139,0.61666673,37,0,3.788978,0.042153046,-4.6507573
140,0.6666667,40,0,0.4863923,0.045220587,-4.7303934
141,0.6333334,38,0,1.2447479,0.046082817,-4.7661815
142,0.6666667,40,0,2.628295,0.0451825,-4.8092284
143,0.61666673,37,0,6.641025,0.048690423,-4.842211
144,0.61666673,37,0,1.6331136,0.043570273,-4.9281654
145,0.5666668,34,0,1.4782844,0.047402643,-5.030772
146,0.6333334,38,0,6.5009813,0.048382655,-5.0413923
147,0.5666668,34,0,2.3396258,0.046595808,-5.083398
148,0.61666673,37,0,2.261945,0.044077687,-5.1574783
149,0.61666673,37,0,1.8100301,0.04278602,-5.185102
150,0.58333343,35,0,2.3550498,0.044303894,-5.2304893
151,0.6000001,36,0,3.612688,0.045984842,-5.244995
152,0.6333334,38,0,1.8831384,0.04810191,-5.306598
153,0.6666667,40,0,3.445204,0.04288823,-5.2947774
154,0.6333334,38,0,6.0807734,0.0531743,-5.4270906
155,0.6000001,36,0,2.1215503,0.044399623,-5.4650874
156,0.6333334,38,0,1.4935058,0.039878443,-5.476988
157,0.5666668,34,0,0.8198234,0.04171751,-5.5475874
158,0.7,42,0,2.0304854,0.0452984,-5.5820193
159,0.6333334,38,0,1.5493582,0.045304187,-5.603875
160,0.58333343,35,0,0.3568225,0.050732415,-5.662452
161,0.6000001,36,0,1.0807878,0.058881506,-5.7234507
162,0.6666667,40,0,1.3285273,0.055934787,-5.709581
163,0.68333334,41,0,3.1095283,0.053927347,-5.843529
164,0.61666673,37,0,4.861487,0.055642612,-5.909371
165,0.7,42,0,0.6500417,0.060454983,-5.914663
166,0.7999999,48,0,2.2740395,0.06421333,-6.026613
167,1.1166663,67,0,1.8986629,0.06952087,-6.0971904
168,0.91666645,55,0,0.57851255,0.06976286,-6.110604
169,1.0499997,63,0,2.4189246,0.07449564,-6.153815
170,1.1499996,69,0,6.283019,0.07553496,-6.2801723
171,1.1499996,69,0,0.36672515,0.06900182,-6.3522134
172,1.1666663,70,0,7.6170425,0.06703697,-6.4038496
173,1.0999997,66,0,2.2867897,0.067666374,-6.489505
174,1.2499995,75,0,0.46493572,0.065504305,-6.5551314
175,1.2166662,73,0,2.6761956,0.062051956,-6.595768
176,1.2333329,74,0,1.1491982,0.062236886,-6.61526
177,1.0166664,61,0,1.1223707,0.062303826,-6.7007976
178,1.3833327,83,0,3.5139034,0.061127644,-6.788437
179,1.3499994,81,0,1.5837566,0.06317871,-6.9012413
180,1.3166661,79,0,1.0386088,0.060411733,-6.9667764
181,1.2833328,77,0,2.6082177,0.05824878,-6.9861865
182,1.3999994,84,0,1.4759337,0.061119825,-7.110536
183,1.2166662,73,0,0.71072286,0.0609598,-7.1712475
184,1.1999996,72,0,0.8152508,0.060001824,-7.263772
185,1.3333328,80,0,3.3129432,0.059375446,-7.3083253
186,0.9666664,58,0,1.8842696,0.05893967,-7.349917
187,0.8666665,52,0,3.2920227,0.061827134,-7.3677135
188,1.0333331,62,0,2.9628282,0.060617726,-7.4401116
189,0.9999997,60,0,2.135671,0.056906413,-7.4932537
190,0.7333333,44,0,3.257236,0.057761677,-7.511153
191,0.88333315,53,0,0.48141053,0.05985534,-7.543495
192,0.81666654,49,0,1.5669266,0.058831654,-7.6115813
193,0.7,42,0,0.99043363,0.059653543,-7.6109924
194,0.7999999,48,0,0.39884797,0.06120447,-7.620159
195,0.78333324,47,0,1.2973521,0.058532525,-7.6267233
196,0.74999994,45,0,2.7736049,0.061336014,-7.7202325
197,0.65000004,39,0,0.50571775,0.063267946,-7.7297983
198,1.0499997,63,0,7.6493535,0.06534357,-7.7688184
199,0.7666666,46,0,2.0639408,0.06448579,-7.769255
200,0.94999975,57,0,0.6855437,0.059144426,-7.7785025
201,0.78333324,47,0,2.7981389,0.06683901,-7.8013864
202,0.7,42,0,0.6787747,0.063321784,-7.8174376
203,0.68333334,41,0,1.3267078,0.062617354,-7.882472
204,0.61666673,37,0,0.9698314,0.06269697,-7.8694067
205,0.78333324,47,0,1.1296217,0.062376577,-7.86575
206,0.68333334,41,0,1.9264557,0.061088752,-7.909431
207,0.9333331,56,0,3.3359663,0.06349384,-7.857885
208,0.6666667,40,0,1.919261,0.06337185,-7.838008
209,0.68333334,41,0,1.6792327,0.05945622,-7.8672814
210,0.98333305,59,0,5.138308,0.06461164,-7.8651614
211,0.7666666,46,0,1.1919662,0.063651726,-7.906995
212,1.083333,65,0,0.97476643,0.0649276,-7.8708396
213,0.84999985,51,0,3.8578935,0.06419857,-7.9163146
214,0.81666654,49,0,4.223318,0.06611388,-7.9688416
215,0.98333305,59,0,2.9427087,0.06700035,-7.9303865
216,0.7,42,0,0.9689081,0.06106772,-7.905693
217,1.0333331,62,0,1.7299329,0.06811813,-7.959688
218,0.81666654,49,0,0.5149241,0.06710095,-8.022496
219,0.8999998,54,0,2.0795383,0.065307975,-8.103205
220,0.9666664,58,0,4.032075,0.06431911,-8.069855
221,0.88333315,53,0,2.7908545,0.064462,-8.131982
222,0.91666645,55,0,2.9236748,0.06635124,-8.105787
223,0.8666665,52,0,2.444363,0.06599596,-8.169419
224,0.81666654,49,0,6.212326,0.06228054,-8.196019
225,0.8999998,54,0,0.884319,0.06445227,-8.179893
226,1.0499997,63,0,4.6676416,0.06861904,-8.263403
227,0.98333305,59,0,2.104204,0.06973769,-8.247008
228,1.1499996,69,0,5.749041,0.06701321,-8.330662
229,0.7333333,44,0,0.7820685,0.06827332,-8.295278
230,0.9999997,60,0,3.807227,0.0649299,-8.311801
231,0.8333332,50,0,4.4593,0.06879482,-8.393975
232,0.74999994,45,0,0.83419013,0.06762497,-8.394424
233,0.78333324,47,0,0.6338177,0.064550884,-8.39232
234,0.7333333,44,0,1.0922995,0.0653445,-8.35839
235,0.9666664,58,0,1.8129452,0.06908866,-8.399242
236,0.71666664,43,0,1.9837276,0.058840107,-8.377437
237,1.0666664,64,0,5.5749373,0.06422089,-8.365154
238,1.0666664,64,0,6.3574805,0.061286837,-8.412706
239,0.8333332,50,0,3.9517283,0.06370797,-8.402236
240,0.91666645,55,0,2.7280095,0.063297875,-8.398313
241,0.98333305,59,0,4.974315,0.061005723,-8.353121
242,0.9666664,58,0,4.514087,0.06279189,-8.376127
243,0.98333305,59,0,8.646073,0.0598953,-8.358733
244,0.8666665,52,0,0.6644737,0.058018785,-8.401471
245,0.71666664,43,0,2.8293684,0.056725055,-8.352239
246,0.8666665,52,0,5.6977763,0.057407197,-8.342193
247,1.0166664,61,0,9.33344,0.059187572,-8.339641
248,0.78333324,47,0,4.109055,0.06023136,-8.272352
249,0.91666645,55,0,1.8728046,0.059916567,-8.25576
250,0.8333332,50,0,8.310936,0.05829845,-8.257889
251,0.78333324,47,0,7.899094,0.062235855,-8.259689
252,0.7666666,46,0,7.6178927,0.060824204,-8.249286
253,0.8333332,50,0,1.3351628,0.059564847,-8.247886
254,0.8999998,54,0,3.496551,0.057659905,-8.222387
255,0.8666665,52,0,3.6414344,0.06218323,-8.188628
256,0.8666665,52,0,2.0725508,0.059065007,-8.251841
257,0.88333315,53,0,8.8027115,0.05825481,-8.215406
258,0.9333331,56,0,4.6214848,0.056795936,-8.188033
259,0.9999997,60,0,7.5918064,0.0599981,-8.170672
260,0.78333324,47,0,1.0512094,0.057580404,-8.131398
261,0.98333305,59,0,4.2797847,0.056398947,-8.106285
262,0.7333333,44,0,2.8105032,0.0614751,-8.160862
263,0.88333315,53,0,10.207712,0.056167115,-8.113276
264,0.74999994,45,0,0.67924076,0.0550609,-8.095364
265,0.8666665,52,0,1.491724,0.057922147,-8.132387
266,0.7999999,48,0,1.3033352,0.059927877,-8.107246
267,0.6333334,38,0,1.7708929,0.062432274,-8.09654
268,0.61666673,37,0,0.79045117,0.060398974,-8.13565
269,0.7,42,0,1.9687717,0.061455864,-8.135618
270,0.78333324,47,0,1.3725446,0.059573315,-8.07992
271,0.7666666,46,0,6.5960264,0.05575975,-8.02447
272,0.81666654,49,0,7.388822,0.055776417,-8.040196
273,0.7333333,44,0,2.2722855,0.059436843,-8.070732
274,0.88333315,53,0,3.4946594,0.058700323,-8.019151
275,0.6666667,40,0,0.6649173,0.05365732,-8.067487
276,0.78333324,47,0,3.1655245,0.054624252,-8.141251
277,0.71666664,43,0,0.94605917,0.051375378,-8.057863
278,0.7333333,44,0,1.2408632,0.057927508,-8.088722
279,0.7333333,44,0,0.5141951,0.058729094,-8.096035
280,0.81666654,49,0,1.6639841,0.05651139,-8.077917
281,0.6666667,40,0,1.3196272,0.05447275,-8.042885
282,0.68333334,41,0,1.0061468,0.05184017,-8.089653
283,0.84999985,51,0,1.9652317,0.055955913,-8.05697
284,0.8333332,50,0,1.5889663,0.055033147,-8.102679
285,0.78333324,47,0,7.6861644,0.053595882,-8.139675
286,0.7,42,0,2.6823518,0.05347932,-8.105421
287,0.71666664,43,0,1.1749507,0.051908117,-8.10723
288,0.81666654,49,0,2.2793536,0.05267104,-8.121723
289,0.6333334,38,0,1.0645038,0.05136104,-8.090088
290,0.91666645,55,0,4.39398,0.05250265,-8.117844
291,0.9666664,58,0,4.046306,0.054878425,-8.11746
292,0.78333324,47,0,2.582568,0.05239414,-8.139901
293,0.7666666,46,0,2.2383485,0.054248568,-8.216373
294,0.7999999,48,0,1.7815425,0.055590075,-8.2014065
295,0.68333334,41,0,1.210917,0.050996166,-8.239781
296,0.7,42,0,2.7442746,0.05185644,-8.166294
297,0.7999999,48,0,1.9659176,0.052582726,-8.237539
298,0.7,42,0,7.9826994,0.049953833,-8.270606
299,0.5666668,34,0,0.6796843,0.049757574,-8.2839985
300,0.6333334,38,0,1.1487163,0.0538471,-8.343659
301,0.88333315,53,0,3.4880757,0.05144311,-8.346665
302,0.6666667,40,0,1.6952677,0.050546493,-8.369362
303,0.68333334,41,0,1.0581496,0.050414428,-8.425317
304,0.71666664,43,0,0.700563,0.04872369,-8.442799
305,0.71666664,43,0,4.807111,0.05108887,-8.504983
306,0.6666667,40,0,5.4624896,0.051391937,-8.500733
307,0.7666666,46,0,6.2021866,0.050298247,-8.532327
308,0.6333334,38,0,1.7242122,0.051655337,-8.528429
309,0.71666664,43,0,1.3415378,0.05022713,-8.559302
310,0.68333334,41,0,2.4281852,0.049881887,-8.620525
311,0.65000004,39,0,2.2298014,0.05201016,-8.61527
312,0.5666668,34,0,0.62869704,0.04692096,-8.624303
313,0.74999994,45,0,2.1306458,0.0475403,-8.670183
314,0.68333334,41,0,0.93266296,0.04664036,-8.70618
315,0.7999999,48,0,1.6179677,0.04627154,-8.770661
316,0.74999994,45,0,8.434419,0.048150122,-8.813133
317,0.74999994,45,0,2.0496209,0.0489963,-8.821896
318,0.6666667,40,0,2.8459983,0.044232093,-8.916263
319,0.61666673,37,0,1.5168914,0.04718879,-8.829847
320,0.65000004,39,0,4.4035864,0.044546522,-8.924635
321,0.68333334,41,0,2.8011863,0.045782775,-8.884095
322,0.8333332,50,0,3.1441112,0.04558511,-9.0190115
323,0.55000013,33,0,1.667533,0.04218288,-8.984352
324,0.68333334,41,0,5.425389,0.04164719,-8.98408
325,0.65000004,39,0,8.649561,0.043424148,-9.024104
326,0.74999994,45,0,3.047893,0.04354822,-9.056719
327,0.7999999,48,0,12.700698,0.04815898,-9.163484
328,0.71666664,43,0,1.7628896,0.042112093,-9.190727
329,0.78333324,47,0,2.3594203,0.04524857,-9.246703
330,0.5666668,34,0,0.7515772,0.046283893,-9.29485
331,0.74999994,45,0,5.7259707,0.043964304,-9.25688
332,0.7333333,44,0,7.2870545,0.041837383,-9.352672
333,0.7,42,0,3.1390448,0.043765016,-9.367259
334,0.58333343,35,0,1.1920255,0.04383181,-9.392825
335,0.61666673,37,0,2.05949,0.045332275,-9.337581
336,0.71666664,43,0,1.6758304,0.044819932,-9.435469
337,0.6333334,38,0,2.8920946,0.044934332,-9.483236
338,0.7333333,44,0,5.879574,0.04428314,-9.464729
339,0.61666673,37,0,1.0404814,0.045433495,-9.5394335
340,0.8999998,54,0,0.91819334,0.043641113,-9.585669
341,0.55000013,33,0,1.501785,0.044434592,-9.599195
342,0.7333333,44,0,2.7708008,0.044033807,-9.703316
343,0.7666666,46,0,1.088286,0.044704035,-9.644682
344,0.65000004,39,0,0.47424603,0.04496337,-9.687872
345,0.5333335,32,0,1.7055637,0.043188095,-9.784319
346,0.5166668,31,0,1.3345608,0.045229953,-9.78659
347,0.61666673,37,0,3.714477,0.044773452,-9.805952
348,0.58333343,35,0,1.0876224,0.044477027,-9.793437
349,0.48333353,29,0,1.3145916,0.049319647,-9.8947525
350,0.45000017,27,0,0.40355927,0.045641303,-9.86188
351,0.6666667,40,0,8.217685,0.04660381,-9.922127
352,0.6000001,36,0,2.449288,0.04722499,-9.934822
353,0.7,42,0,1.7918324,0.046176355,-9.957874
354,0.55000013,33,0,1.2704892,0.048378635,-10.007198
355,0.6000001,36,0,2.7949991,0.045797992,-9.970585
356,0.61666673,37,0,0.9442425,0.046067245,-10.100852
357,0.5166668,31,0,0.48869383,0.04736091,-10.086253
358,0.7999999,48,0,0.7372689,0.044213217,-10.134893
359,0.71666664,43,0,0.79580593,0.046921317,-10.168941
360,0.55000013,33,0,0.9117555,0.049721595,-10.11538
361,0.8333332,50,0,6.6018176,0.047856655,-10.1777525
362,0.8666665,52,0,0.9668804,0.049460866,-10.227977
363,0.68333334,41,0,1.0024993,0.04868754,-10.276243
364,0.74999994,45,0,2.2574315,0.04620519,-10.277333
365,0.6000001,36,0,3.1591344,0.049232855,-10.281883
366,0.71666664,43,0,5.29651,0.046860624,-10.321908
367,0.7,42,0,2.5709956,0.046302073,-10.332959
368,0.5166668,31,0,0.414071,0.047976796,-10.413217
369,0.74999994,45,0,1.198684,0.044435807,-10.431989
370,0.71666664,43,0,0.90287805,0.0448554,-10.464323
371,0.78333324,47,0,7.7425723,0.04673684,-10.452046
372,0.6000001,36,0,3.9922183,0.044704232,-10.483008
373,0.7,42,0,1.1052217,0.04357217,-10.53919
374,0.61666673,37,0,0.5170284,0.04382653,-10.55601
375,0.65000004,39,0,4.3679624,0.043744434,-10.527668
376,0.8999998,54,0,3.1191454,0.04472005,-10.536564
377,0.58333343,35,0,2.1470504,0.045975514,-10.5849695
378,0.6666667,40,0,0.9686497,0.04227974,-10.590349
379,0.74999994,45,0,2.8397603,0.042699445,-10.561625
380,0.68333334,41,0,4.104239,0.04317852,-10.573863
381,0.74999994,45,0,1.1913625,0.043648895,-10.634823
382,0.7999999,48,0,1.7380728,0.04343161,-10.620274
383,0.74999994,45,0,5.3038325,0.04198867,-10.614442
384,0.8333332,50,0,1.4726453,0.04345147,-10.648764
385,0.7666666,46,0,5.284108,0.04188587,-10.665129
386,0.6666667,40,0,2.4665828,0.041240133,-10.691754
387,0.7333333,44,0,0.758051,0.041568443,-10.746719
388,0.94999975,57,0,5.8702817,0.041463234,-10.725316
389,0.9333331,56,0,5.1688704,0.04006451,-10.733977
390,0.68333334,41,0,3.0480957,0.038370468,-10.670941
391,1.0666664,64,0,7.0393276,0.03877009,-10.758811
392,0.78333324,47,0,2.5903757,0.03968202,-10.76879
393,0.7666666,46,0,7.0050015,0.037601266,-10.744262
394,0.7666666,46,0,0.8563437,0.03956488,-10.74684
395,0.7,42,0,2.1090145,0.04015914,-10.798229
396,0.7333333,44,0,2.9490454,0.038473323,-10.792765
397,1.2499995,75,0,1.8461665,0.03597973,-10.812165
398,0.7333333,44,0,0.8133376,0.037878472,-10.922026
399,0.81666654,49,0,2.9170802,0.0385975,-10.86893
400,0.7999999,48,0,1.7418205,0.040134802,-10.86202
401,0.8333332,50,0,5.431063,0.037731584,-10.855229
402,0.8999998,54,0,8.006241,0.037946563,-10.823663
403,0.8666665,52,0,4.205086,0.039082084,-10.882625
404,0.91666645,55,0,2.076868,0.035938945,-10.86587
405,0.7,42,0,2.934418,0.036883257,-10.919103
406,0.7666666,46,0,1.5908722,0.03700401,-10.899146
407,1.083333,65,0,6.9968457,0.037410144,-10.937535
408,0.68333334,41,0,1.2142985,0.034922194,-10.912641
409,1.083333,65,0,2.64295,0.03724735,-10.901162
410,0.84999985,51,0,10.644463,0.03849775,-10.974967
411,1.0166664,61,0,1.2822722,0.035489913,-10.89106
412,0.7333333,44,0,2.4161825,0.034849785,-10.940745
413,1.0999997,66,0,1.2017404,0.03628391,-10.921225
414,0.8333332,50,0,3.2152367,0.036872912,-10.962785
415,0.9666664,58,0,3.9712384,0.0361428,-10.947233
416,0.8333332,50,0,4.8339434,0.034571912,-10.944347
417,0.7666666,46,0,2.3331635,0.034967367,-10.916624
418,0.9333331,56,0,17.492966,0.035487466,-10.950196
419,0.7999999,48,0,6.208728,0.038843375,-11.004747
420,0.91666645,55,0,4.911743,0.035436895,-10.989326
421,0.6666667,40,0,0.6781018,0.035632703,-10.974392
422,0.8999998,54,0,2.2041838,0.034740932,-11.0041485
423,0.8666665,52,0,13.796926,0.035591412,-11.017494
424,0.7999999,48,0,3.0203133,0.037710223,-11.062216
425,0.7333333,44,0,0.7711505,0.03556386,-11.060592
426,0.7999999,48,0,0.9348017,0.033103086,-11.018582
427,0.68333334,41,0,1.0668979,0.039110284,-11.048642
428,0.7,42,0,2.394003,0.035531063,-11.033731
429,0.88333315,53,0,3.1844666,0.035574406,-11.1124
430,1.0666664,64,0,6.283973,0.03766057,-11.066352
431,0.8999998,54,0,5.641978,0.035396375,-11.109609
432,0.9999997,60,0,14.846388,0.038193613,-11.119299
433,0.7999999,48,0,2.3278463,0.03480036,-11.031623
434,0.7999999,48,0,9.527145,0.036318008,-11.104805
435,0.78333324,47,0,1.2935671,0.035648096,-11.090165
436,0.81666654,49,0,8.316326,0.03553773,-11.093201
437,0.9333331,56,0,1.0899702,0.035575073,-11.103676
438,1.3166661,79,0,5.43185,0.03395511,-11.1295185
439,0.84999985,51,0,5.313052,0.034621388,-11.130777
440,0.9333331,56,0,5.551599,0.03486976,-11.097455
441,0.8666665,52,0,8.236004,0.035379335,-11.079059
442,0.6333334,38,0,1.6865048,0.03600772,-11.119963
443,0.71666664,43,0,3.2940419,0.037880704,-11.07312
444,0.98333305,59,0,6.5355687,0.03306934,-11.07562
445,0.81666654,49,0,0.623487,0.036905747,-11.089259
446,0.68333334,41,0,1.5127347,0.035439603,-11.146343
447,0.9999997,60,0,7.8206196,0.035033308,-11.075845
448,0.61666673,37,0,1.1108338,0.03399435,-11.165092
449,0.71666664,43,0,2.341293,0.03402974,-11.114014
450,0.7,42,0,0.5380019,0.03352261,-11.130805
451,0.7,42,0,1.2830256,0.03569476,-11.211608
452,0.74999994,45,0,12.24391,0.033553842,-11.162867
453,0.7,42,0,16.036411,0.03650998,-11.128576
454,0.74999994,45,0,2.954273,0.03320298,-11.155248
455,0.7999999,48,0,3.2668488,0.036750425,-11.12343
456,1.0333331,62,0,2.9208293,0.033895142,-11.168333
457,0.81666654,49,0,2.273502,0.03461876,-11.128058
458,0.68333334,41,0,1.390821,0.03443615,-11.131929
459,0.7666666,46,0,1.9154819,0.035898324,-11.141363
460,0.78333324,47,0,7.4580503,0.036628354,-11.134275
461,0.7,42,0,5.222711,0.035061598,-11.166287
462,0.78333324,47,0,2.0403912,0.035206642,-11.15415
463,0.88333315,53,0,6.1007776,0.034207195,-11.158293
464,0.7333333,44,0,0.26761267,0.032457273,-11.140497
465,0.7,42,0,2.3234358,0.034340296,-11.172949
466,0.8999998,54,0,11.23969,0.03513697,-11.160216
467,0.78333324,47,0,0.27653286,0.03552156,-11.198128
468,0.74999994,45,0,8.108562,0.03580222,-11.15809
469,0.68333334,41,0,1.998628,0.03669913,-11.15779
470,0.5666668,34,0,1.3746771,0.036159497,-11.141005
471,0.65000004,39,0,1.1099721,0.03309849,-11.178695
472,0.7,42,0,2.8642411,0.0322719,-11.152802
473,0.78333324,47,0,5.013841,0.03542883,-11.190287
474,0.7333333,44,0,2.3761628,0.034211613,-11.168709
475,0.7333333,44,0,1.264821,0.03345097,-11.156768
476,0.68333334,41,0,0.9496965,0.03547585,-11.158925
477,0.5666668,34,0,1.552898,0.036328126,-11.184501
478,0.71666664,43,0,10.297594,0.036416057,-11.232976
479,0.71666664,43,0,0.94840485,0.033492807,-11.215796
480,0.61666673,37,0,2.7272248,0.033100303,-11.151692
481,0.7,42,0,10.385807,0.035109103,-11.18849
482,0.6666667,40,0,2.0625072,0.034315363,-11.222215
483,0.65000004,39,0,2.7218876,0.034665883,-11.196579
484,0.7,42,0,5.82106,0.03550182,-11.1905775
485,0.6333334,38,0,4.1948547,0.035052743,-11.200158
486,0.7666666,46,0,17.347431,0.037690993,-11.231215
487,0.6000001,36,0,2.3452256,0.035460122,-11.189572
488,0.5666668,34,0,6.9858584,0.03746208,-11.199258
489,0.7,42,0,13.365229,0.039169498,-11.231835
490,0.78333324,47,0,0.73662585,0.039237715,-11.263337
491,0.68333334,41,0,3.0730233,0.036869124,-11.275059
492,0.65000004,39,0,2.6687455,0.037591245,-11.300983
493,0.7,42,0,1.335037,0.03990149,-11.287081
494,0.58333343,35,0,3.488563,0.04070691,-11.306208
495,0.6000001,36,0,4.3052588,0.03661613,-11.267021
496,0.74999994,45,0,1.3798933,0.035963047,-11.281881
497,0.5000002,30,0,0.31192896,0.037503056,-11.230494
498,0.68333334,41,0,1.125078,0.037194736,-11.298936
499,0.58333343,35,0,11.511862,0.03578947,-11.326697
500,0.6666667,40,0,2.4023042,0.036279332,-11.280539
501,0.71666664,43,0,6.465942,0.037770584,-11.301914
502,0.58333343,35,0,1.8778043,0.036794934,-11.276515
503,0.58333343,35,0,6.2677894,0.039134968,-11.323426
504,0.7333333,44,0,1.7494473,0.03887081,-11.3049
505,0.5666668,34,0,2.2731094,0.03909746,-11.300511
506,0.55000013,33,0,1.3789909,0.04040556,-11.346455
507,0.55000013,33,0,1.4222428,0.040349063,-11.335781
508,0.58333343,35,0,2.1400368,0.03964308,-11.332336
509,0.7666666,46,0,19.013266,0.039849684,-11.334741
510,0.65000004,39,0,9.324583,0.044140685,-11.373026
511,0.8666665,52,0,10.463062,0.040773794,-11.33149
512,0.65000004,39,0,1.90072,0.043095715,-11.322786
513,1.0499997,63,0,3.5862079,0.04119212,-11.316797
514,0.7,42,0,11.335879,0.04183329,-11.343222
515,1.0333331,62,0,1.2406049,0.041043952,-11.3447275
516,0.8999998,54,0,6.4972796,0.04280893,-11.35899
517,0.98333305,59,0,5.2126307,0.044651974,-11.375503
518,1.2999995,78,0,0.9123276,0.04613395,-11.395973
519,1.6166658,97,0,5.6016154,0.0460135,-11.383814
520,0.94999975,57,0,3.3945343,0.044109724,-11.418472
521,1.2166662,73,0,1.9520745,0.042614963,-11.420868
522,1.5833325,95,0,0.91841197,0.04538491,-11.426519
523,0.8666665,52,0,5.9001865,0.043694664,-11.432391
524,1.4999993,90,0,6.8756766,0.045001503,-11.462821
525,0.7999999,48,0,0.7729295,0.046006877,-11.493104
526,1.4499993,87,0,1.9375608,0.04489759,-11.516513
527,1.3166661,79,0,1.0912067,0.044900425,-11.519712
528,1.5333326,92,0,3.1317127,0.047137074,-11.553284
529,1.7833323,107,0,2.8037906,0.045230806,-11.556529
530,1.3666661,82,0,2.2404325,0.0446975,-11.606997
531,1.2333329,74,0,9.700255,0.043638006,-11.600745
532,1.0333331,62,0,4.583816,0.046835613,-11.644628
533,1.3499994,81,0,2.590577,0.046096087,-11.63375
534,1.2166662,73,0,8.987278,0.04377564,-11.63723
535,0.8999998,54,0,2.4119778,0.04659576,-11.652433
536,1.0666664,64,0,5.8848557,0.042835213,-11.632297
537,1.3499994,81,0,1.8895283,0.04491331,-11.686332
538,0.98333305,59,0,2.5557191,0.04417964,-11.6732025
539,1.0666664,64,0,2.2885888,0.043665864,-11.697018
540,1.2833328,77,0,0.5009142,0.04353823,-11.671409
541,0.7333333,44,0,0.608632,0.04523,-11.638799
542,1.7333324,104,0,5.6505013,0.04242359,-11.635099
543,1.5333326,92,0,8.33199,0.04394209,-11.630834
544,1.3166661,79,0,2.407246,0.042609736,-11.632795
545,1.3999994,84,0,1.6802086,0.042748038,-11.614527
546,1.2666662,76,0,7.8532677,0.045129005,-11.577236
547,1.0499997,63,0,2.4420667,0.044301957,-11.552362
548,1.083333,65,0,3.7330499,0.041210826,-11.582386
549,1.1999996,72,0,2.6914375,0.04413993,-11.553245
550,1.6166658,97,0,10.147254,0.042879984,-11.517712
551,1.4833326,89,0,1.467661,0.0433886,-11.500732
552,1.3999994,84,0,3.4811766,0.044170003,-11.455208
553,0.98333305,59,0,3.1141658,0.04061222,-11.474769
554,1.1666663,70,0,2.9767718,0.042012922,-11.450405
555,1.5999992,96,0,3.9505038,0.041521125,-11.409846
556,0.98333305,59,0,1.8077263,0.042312622,-11.380233
557,1.466666,88,0,3.5750282,0.043563113,-11.366528
558,1.8166656,109,0,4.409358,0.043989513,-11.344141
559,1.2833328,77,0,0.46329668,0.041425,-11.307298
560,1.3166661,79,0,2.1731386,0.040753182,-11.253927
561,1.3833327,83,0,1.2540717,0.04159294,-11.22626
562,1.3333328,80,0,3.5766816,0.04095195,-11.1989565
563,1.416666,85,0,4.4708214,0.042850226,-11.1798525
564,1.5999992,96,0,5.929842,0.040050376,-11.119302
565,1.3999994,84,0,3.1178164,0.043169513,-11.129665
566,0.94999975,57,0,9.841319,0.04216247,-11.041361
567,1.799999,108,0,4.87398,0.042628508,-11.037643
568,1.3666661,82,0,3.2011166,0.04273912,-10.994177
569,1.0666664,64,0,6.6710835,0.04401995,-10.952509
570,0.84999985,51,0,3.3759525,0.04484369,-10.960651
571,2.033332,122,0,8.094793,0.043369453,-10.895084
572,1.0999997,66,0,8.695973,0.04205851,-10.876665
573,1.083333,65,0,0.5837825,0.044247966,-10.842524
574,0.8333332,50,0,0.8260202,0.04443288,-10.813052
575,1.1166663,67,0,0.51751375,0.04298537,-10.8179865
576,1.5166659,91,0,5.0839767,0.04547997,-10.7740135
577,1.3833327,83,0,11.8693905,0.044428032,-10.765357
578,1.4999993,90,0,0.5310782,0.04404894,-10.707261
579,0.9999997,60,0,4.3623266,0.044127848,-10.687203
580,1.0166664,61,0,2.4624615,0.044281688,-10.671025
581,0.88333315,53,0,5.6477313,0.039253514,-10.604312
582,0.58333343,35,0,1.1116307,0.047764953,-10.668475
583,1.2333329,74,0,0.6322823,0.045563385,-10.614903
584,0.74999994,45,0,1.8376466,0.044700496,-10.595772
585,1.8833323,113,0,12.978756,0.045294005,-10.570039
586,0.9666664,58,0,5.9429736,0.04672296,-10.571591
587,1.083333,65,0,1.1870904,0.045496147,-10.487909
588,0.91666645,55,0,9.035512,0.044945557,-10.466991
589,0.6000001,36,0,2.0444329,0.046982035,-10.460833
590,1.4333327,86,0,2.770204,0.044982515,-10.437122
591,0.68333334,41,0,1.6349843,0.04740631,-10.404967
592,0.8666665,52,0,1.3805252,0.047249347,-10.364367
593,1.0166664,61,0,1.5902331,0.04533124,-10.370634
594,1.3333328,80,0,0.31794816,0.047092184,-10.332679
595,0.8666665,52,0,5.018714,0.04530842,-10.280201
596,2.033332,122,0,17.082447,0.045703385,-10.277127
597,1.1166663,67,0,0.15211709,0.047405876,-10.192498
598,1.466666,88,0,11.521392,0.04759345,-10.168186
599,1.466666,88,0,5.9240904,0.045544494,-10.137222
600,1.2833328,77,0,5.373622,0.046964113,-10.128221
601,0.81666654,49,0,3.8362224,0.047436163,-10.057069
602,1.3166661,79,0,3.1351526,0.043778803,-10.036675
603,1.2999995,78,0,10.873231,0.047099795,-10.03471
604,1.466666,88,0,19.038244,0.045762092,-9.974396
605,1.3166661,79,0,1.639624,0.044811822,-9.920284
606,1.466666,88,0,12.767513,0.045945205,-9.919566
607,0.78333324,47,0,2.016739,0.046586365,-9.91361
608,1.4333327,86,0,4.450296,0.043494374,-9.80908
609,1.5999992,96,0,4.252648,0.047527906,-9.846425
610,0.9666664,58,0,1.2844764,0.04357177,-9.766067
611,1.8833323,113,0,5.9291415,0.047021035,-9.736703
612,1.3499994,81,0,3.3114789,0.04428884,-9.719475
613,0.65000004,39,0,0.5027386,0.04410235,-9.668036
614,1.6833324,101,0,11.011793,0.048552167,-9.678612
615,1.3333328,80,0,3.2275314,0.042438738,-9.667753
616,1.083333,65,0,0.5322517,0.042957466,-9.567477
617,1.3666661,82,0,0.895057,0.04381863,-9.533837
618,1.8166656,109,0,3.4851816,0.04338723,-9.49195
619,1.1833329,71,0,0.5708279,0.04258172,-9.490519
620,1.416666,85,0,3.6104665,0.044197932,-9.464999
621,0.7666666,46,0,0.28639486,0.043833032,-9.441016
622,0.74999994,45,0,0.76923996,0.046116553,-9.472217
623,1.5499992,93,0,3.0041065,0.045460872,-9.374223
624,1.3666661,82,0,2.1789339,0.044967685,-9.345281
625,1.8999989,114,0,2.6355903,0.045771834,-9.308263
626,1.4999993,90,0,3.5802677,0.044181652,-9.258407
627,1.2499995,75,0,0.5035172,0.044840742,-9.22902
628,1.3166661,79,0,2.0989473,0.042726252,-9.160224
629,1.7166657,103,0,2.354847,0.04457121,-9.148419
630,1.3999994,84,0,1.2224611,0.043463234,-9.098499
631,1.8666656,112,0,0.6651368,0.043711323,-9.039207
632,1.3499994,81,0,0.44586766,0.045250814,-9.076975
633,1.6666658,100,0,3.0476007,0.04299397,-8.967476
634,1.7333324,104,0,13.00503,0.044450894,-8.969477
635,1.6166658,97,0,3.510524,0.044867087,-8.919137
636,1.749999,105,0,0.58053917,0.045355726,-8.890707
637,1.6166658,97,0,0.8692259,0.046210047,-8.852245
638,1.4499993,87,0,2.5369885,0.045022935,-8.821309
639,0.84999985,51,0,9.11574,0.047257785,-8.783448
640,1.3999994,84,0,1.8249786,0.04582227,-8.76624
641,0.6666667,40,0,1.4051147,0.04130615,-8.704319
642,1.5999992,96,0,3.1920955,0.045674995,-8.7031765
643,2.1999986,132,0,10.07186,0.045432877,-8.677866
644,1.2333329,74,0,5.993224,0.047733758,-8.653845
645,1.9833322,119,0,1.2656,0.046241418,-8.584114
646,2.2833319,137,0,2.643792,0.04601016,-8.559202
647,1.2333329,74,0,0.2593716,0.047336996,-8.526569
648,1.8333323,110,0,3.3968346,0.048673954,-8.521081
649,1.2833328,77,0,0.67768013,0.048787884,-8.405984
650,1.2166662,73,0,1.0769504,0.049770065,-8.424621
651,1.133333,68,0,7.071266,0.046200424,-8.4006195
652,2.1166654,127,0,1.3948026,0.048975807,-8.412475
653,1.9833322,119,0,2.9749334,0.04861975,-8.345568
654,0.98333305,59,0,2.1611974,0.05188451,-8.342417
655,2.0999987,126,0,1.7592661,0.04998161,-8.354128
656,0.9666664,58,0,3.7345996,0.05258589,-8.275889
657,2.0499988,123,0,3.2067058,0.05081816,-8.297123
658,1.0999997,66,0,2.513287,0.050576925,-8.280178
659,1.1999996,72,0,2.1065745,0.0506458,-8.260301
660,0.9999997,60,0,2.9491966,0.051939167,-8.265503
661,1.2833328,77,0,5.084294,0.050662525,-8.283632
662,1.1166663,67,0,2.2650077,0.052704524,-8.257341
663,1.2499995,75,0,9.136841,0.051536083,-8.318651
664,2.133332,128,0,6.142777,0.051487412,-8.277823
665,1.0333331,62,0,1.9329032,0.049903594,-8.284835
666,1.0333331,62,0,3.1615667,0.051733144,-8.271451
667,1.1166663,67,0,14.784116,0.049795087,-8.2886505
668,2.0499988,123,0,5.6476254,0.05307345,-8.284979
669,2.2999985,138,0,0.9245238,0.053672194,-8.245381
670,2.1999986,132,0,2.513483,0.053535145,-8.247654
671,1.0166664,61,0,1.3820918,0.053573195,-8.223621
672,1.1666663,70,0,4.0913267,0.05265001,-8.20849
673,2.1666653,130,0,3.0974715,0.055078298,-8.261733
674,2.083332,125,0,4.7278314,0.054957483,-8.21845
675,2.0999987,126,0,1.3502854,0.054568194,-8.224787
676,2.033332,122,0,1.6435686,0.05589671,-8.17707
677,1.1999996,72,0,1.1201767,0.055291705,-8.182744
678,1.2499995,75,0,0.65142184,0.05732479,-8.192131
679,1.0999997,66,0,5.0581656,0.056554195,-8.155708
680,2.183332,131,0,2.9079542,0.056380346,-8.184221
681,1.9999988,120,0,6.925406,0.056247618,-8.1772
682,1.2333329,74,0,1.1607239,0.057719905,-8.179842
683,1.1666663,70,0,14.983788,0.05513183,-8.132819
684,2.0166655,121,0,2.6479633,0.056058098,-8.164071
685,1.0166664,61,0,1.8184745,0.055372097,-8.106268
686,1.8166656,109,0,2.924914,0.053739987,-8.089518
687,1.0499997,63,0,4.606852,0.056217246,-8.120322
688,2.133332,128,0,6.4912386,0.055624813,-8.11166
689,1.0999997,66,0,4.2466793,0.053853296,-8.0834
690,1.3499994,81,0,0.99722266,0.054186024,-7.995821
691,2.133332,128,0,2.0173628,0.054243453,-8.041218
692,2.1666653,130,0,4.39096,0.054255273,-8.044513
693,2.1666653,130,0,0.5618014,0.05508609,-8.029145
694,1.1999996,72,0,2.396562,0.054267637,-8.00241
695,1.9666655,118,0,2.274635,0.056470867,-7.9643497
696,1.2666662,76,0,13.268001,0.055071168,-7.947514
697,2.3499985,141,0,3.2386215,0.05412882,-7.9515715
698,0.7999999,48,0,0.8999601,0.05609959,-7.9773765
699,2.0999987,126,0,9.588105,0.055270888,-7.9290943
700,2.2166653,133,0,25.430605,0.05416119,-7.9275236
701,0.8999998,54,0,1.848432,0.055483222,-7.928321
702,2.183332,131,0,16.106768,0.055116408,-7.9409275
703,2.3666651,142,0,22.435192,0.0533157,-7.89032
704,0.78333324,47,0,3.9821968,0.055187754,-7.9018493
705,1.6166658,97,0,19.260178,0.0559196,-7.912562
706,3.0166645,181,0,2.4575615,0.05566265,-7.8841805
707,0.88333315,53,0,1.5389717,0.05097555,-7.8205776
708,0.8999998,54,0,1.53301,0.053747237,-7.8227634
709,2.0499988,123,0,8.19981,0.05251055,-7.721058
710,3.0166645,181,0,12.374673,0.053216156,-7.7375865
711,2.183332,131,0,17.66638,0.052553806,-7.7266154
712,0.7999999,48,0,2.9688463,0.05174897,-7.7031827
713,3.0166645,181,0,35.81422,0.052258328,-7.7273474
714,0.88333315,53,0,2.7780888,0.0516648,-7.714856
715,1.1499996,69,0,6.2946963,0.054882973,-7.697763
716,2.3833318,143,0,8.108592,0.05390965,-7.7176003
717,3.0166645,181,0,19.489674,0.054198537,-7.6991124
718,1.416666,85,0,4.9084225,0.055216946,-7.663867
719,3.0166645,181,0,0.96141607,0.054101434,-7.6751156
720,2.7833314,167,0,18.714787,0.054588635,-7.7111535
721,2.8666646,172,0,22.281462,0.05553429,-7.695494
722,2.4499984,147,0,7.6386847,0.055444703,-7.699936
723,1.3333328,80,0,1.591794,0.05508834,-7.7280884
724,1.0333331,62,0,1.6901875,0.057984933,-7.7132573
725,1.2166662,73,0,0.4092873,0.05676057,-7.7444577
726,1.3666661,82,0,4.4833946,0.05988135,-7.7842727
727,1.749999,105,0,1.3623279,0.059304796,-7.794773
728,0.68333334,41,0,1.1722832,0.057907373,-7.826084
729,1.0666664,64,0,1.2957499,0.060814437,-7.818119
730,1.133333,68,0,3.7017696,0.06005242,-7.8313894
731,1.0666664,64,0,2.2375977,0.061768033,-7.809494
732,1.1666663,70,0,2.3567443,0.061953098,-7.8938956
733,0.58333343,35,0,0.41525173,0.059470814,-7.866457
734,0.71666664,43,0,2.7376192,0.066703014,-7.907252
735,1.6166658,97,0,1.8985962,0.06356395,-7.8594985
736,0.6000001,36,0,0.70000744,0.06441825,-7.9003105
737,0.5000002,30,0,2.7101207,0.060318206,-8.016401
738,1.133333,68,0,2.4421015,0.06257355,-7.977172
739,1.6833324,101,0,4.451525,0.064290695,-7.9388266
740,0.8999998,54,0,11.255104,0.06487214,-7.9048834
741,2.033332,122,0,1.1619477,0.066318765,-7.929019
742,0.9333331,56,0,5.4011025,0.06950484,-8.084733
743,2.566665,154,0,1.3302763,0.06859584,-7.9997044
744,0.55000013,33,0,1.7962584,0.07323032,-8.102555
745,3.0166645,181,0,13.138505,0.070200264,-8.081026
746,3.0166645,181,0,16.884964,0.06998088,-8.163673
747,1.5666659,94,0,1.3687438,0.072169416,-8.170391
748,3.0166645,181,0,0.48702106,0.07200571,-8.296869
749,3.0166645,181,0,6.6759634,0.07245889,-8.313802
750,0.5000002,30,0,4.9713697,0.0724178,-8.302648
751,3.0166645,181,0,5.7241035,0.0734372,-8.402146
752,3.0166645,181,0,6.531266,0.07235702,-8.438866
753,3.0166645,181,0,1.2953519,0.07398762,-8.5191765
754,0.7,42,0,3.6582482,0.073560804,-8.5828085
755,3.0166645,181,0,1.7940216,0.07334332,-8.573304
756,3.0166645,181,0,2.6045067,0.074776284,-8.672802
757,3.0166645,181,0,3.7238157,0.07517124,-8.754295
758,2.516665,151,0,0.9894883,0.07538125,-8.824444
759,0.5166668,31,0,7.3265986,0.07638279,-8.783608
760,3.0166645,181,0,11.886483,0.07421028,-8.848291
761,0.46666685,28,0,1.8200814,0.074586585,-8.945027
762,3.0166645,181,0,15.822926,0.076232485,-8.984032
763,1.466666,88,0,0.97118276,0.07595829,-8.97124
764,3.0166645,181,0,2.989296,0.07318137,-9.02352
765,3.0166645,181,0,1.5917667,0.074497595,-9.134832
766,1.3833327,83,0,6.9770045,0.07478706,-9.15841
767,3.0166645,181,0,5.1021857,0.07390203,-9.218542
768,3.0166645,181,0,10.886287,0.07308047,-9.267452
769,0.7,42,0,3.7157414,0.07195971,-9.31175
770,0.48333353,29,0,2.6149118,0.07269845,-9.451066
771,0.81666654,49,0,9.806433,0.07474478,-9.4276495
772,1.6999991,102,0,0.5816181,0.07431785,-9.493771
773,3.0166645,181,0,1.2178613,0.073708974,-9.435759
774,3.0166645,181,0,53.836555,0.07495382,-9.531744
775,3.0166645,181,0,1.5509846,0.07224735,-9.584234
776,0.45000017,27,0,0.84835124,0.0724663,-9.666137
777,1.1999996,72,0,9.119154,0.07267875,-9.6168375
778,3.0166645,181,0,4.4104705,0.07231604,-9.723921
779,0.9333331,56,0,1.8520688,0.07157795,-9.769042
780,0.61666673,37,0,6.1046324,0.07529703,-9.823035
781,0.4333335,26,0,0.5632292,0.07130751,-9.791167
782,1.1999996,72,0,5.582071,0.07304338,-9.88593
783,0.9999997,60,0,14.112852,0.071578905,-9.942857
784,0.8999998,54,0,2.160495,0.068361126,-9.967907
785,0.7,42,0,2.6033504,0.07129465,-9.918649
786,0.4333335,26,0,0.726367,0.07124507,-9.911851
787,0.7666666,46,0,13.990499,0.071155004,-10.005143
788,3.0166645,181,0,7.552672,0.07249237,-10.052656
789,0.78333324,47,0,3.5109384,0.07464803,-10.091214
790,2.4833317,149,0,11.395788,0.07091038,-10.115331
791,0.7666666,46,0,5.5089436,0.07058179,-10.217906
792,1.0499997,63,0,3.4495296,0.07304798,-10.208695
793,0.7333333,44,0,13.941535,0.070008755,-10.26965
794,2.4499984,147,0,5.8197684,0.06846386,-10.236826
795,0.55000013,33,0,2.800653,0.07027729,-10.397392
796,0.7,42,0,1.3761365,0.07259389,-10.232454
797,2.1166654,127,0,16.83813,0.07232971,-10.326333
798,0.98333305,59,0,1.7474803,0.07284905,-10.374241
799,1.416666,85,0,5.954888,0.071365274,-10.40927
800,0.6000001,36,0,1.5655454,0.07208118,-10.563026
801,1.6333325,98,0,4.908188,0.06927663,-10.52546
802,0.55000013,33,0,8.23478,0.0710923,-10.465563
803,1.6666658,100,0,10.372576,0.06960917,-10.618311
804,1.4833326,89,0,9.527492,0.06946449,-10.648196
805,0.7666666,46,0,1.2393973,0.06762291,-10.575761
806,2.7833314,167,0,2.3982098,0.069218986,-10.691695
807,0.5000002,30,0,1.8519866,0.066726156,-10.668071
808,0.68333334,41,0,4.1023746,0.07221224,-10.9515915
809,0.78333324,47,0,3.4768727,0.0676279,-10.756654
810,0.5000002,30,0,3.7278757,0.07024699,-10.888062
811,0.81666654,49,0,0.8769664,0.06936729,-10.839753
812,1.7333324,104,0,15.765381,0.06995424,-10.795332
813,1.1833329,71,0,4.356309,0.06873849,-10.915472
814,0.6000001,36,0,6.9879284,0.06926442,-10.9812975
815,3.0166645,181,0,0.30700722,0.06904352,-10.967083
816,0.7333333,44,0,15.855316,0.07029406,-11.062279
817,1.1499996,69,0,8.912777,0.06938697,-11.072674
818,0.7,42,0,18.781612,0.07189428,-11.098431
819,0.61666673,37,0,3.811471,0.07392076,-11.061806
820,1.2833328,77,0,2.3106937,0.07125486,-11.145613
821,0.74999994,45,0,3.5576541,0.06970111,-11.002616
822,0.6333334,38,0,3.2293646,0.07058212,-11.164404
823,1.1999996,72,0,2.7154343,0.073795095,-11.163575
824,2.0666654,124,0,9.633286,0.07208867,-11.306231
825,0.68333334,41,0,2.0020149,0.07689167,-11.341839
826,1.5499992,93,0,5.479816,0.07716342,-11.474329
827,0.6666667,40,0,2.7665555,0.07400503,-11.432443
828,2.3166652,139,0,54.65418,0.07378747,-11.466447
829,0.5000002,30,0,1.4634551,0.069956526,-11.532945
830,0.88333315,53,0,15.838357,0.07237223,-11.622544
831,0.7,42,0,3.8362203,0.07157012,-11.557661
832,1.4833326,89,0,4.3512945,0.07317283,-11.674477
833,1.9833322,119,0,8.905456,0.07382522,-11.698264
834,3.0166645,181,0,134.26631,0.07427906,-11.752736
835,1.6166658,97,0,9.8434,0.072312504,-11.846066
836,1.5333326,92,0,11.6562,0.074180685,-11.866127
837,3.0166645,181,0,128.48605,0.074997835,-11.962214
838,3.0166645,181,0,19.796015,0.07448148,-12.07394
839,3.0166645,181,0,95.792046,0.07571484,-12.203064
840,1.3333328,80,0,1.3656361,0.07693536,-12.306162
841,1.6666658,100,0,23.643362,0.07523729,-12.284315
842,3.0166645,181,0,41.402817,0.07714619,-12.372739
843,3.0166645,181,0,4.0128827,0.07750425,-12.456872
844,0.74999994,45,0,1.537975,0.07628018,-12.579719
845,1.9333322,116,0,20.21454,0.07711202,-12.499034
846,1.0166664,61,0,8.009274,0.07926195,-12.629595
847,3.0166645,181,0,79.07855,0.07693195,-12.687275
848,3.0166645,181,0,23.142794,0.07843355,-12.760344
849,3.0166645,181,0,24.108809,0.07714126,-12.800674
850,3.0166645,181,0,38.498882,0.077752315,-12.911024
851,0.6666667,40,0,3.3635952,0.07635681,-12.896869
852,3.0166645,181,0,84.99629,0.07598427,-12.956771
853,3.0166645,181,0,43.811382,0.074281044,-12.963589
854,3.0166645,181,0,9.379903,0.07308918,-13.022841
855,3.0166645,181,0,30.336199,0.070475675,-13.044614
856,0.7999999,48,0,4.333261,0.069909394,-13.095619
857,3.0166645,181,0,57.220303,0.07088985,-13.064257
858,3.0166645,181,0,5.129054,0.06773503,-13.125215
859,3.0166645,181,0,6.5576606,0.06496423,-13.13773
860,1.5333326,92,0,1.4025326,0.06811046,-13.116676
861,3.0166645,181,0,73.09691,0.06522185,-13.183426
862,1.5666659,94,0,2.0871353,0.062828265,-13.158114
863,2.466665,148,0,11.226965,0.06472172,-13.248871
864,1.4333327,86,0,6.0045743,0.060298085,-13.261816
865,1.7333324,104,0,3.984711,0.06328318,-13.326998
866,1.7833323,107,0,5.2937326,0.061582997,-13.327085
867,1.749999,105,0,11.749529,0.06233885,-13.329087
868,1.3666661,82,0,1.9974383,0.06208802,-13.331388
869,1.3499994,81,0,3.315945,0.062429994,-13.354639
870,2.8166647,169,0,4.224986,0.060675107,-13.384442
871,1.5499992,93,0,12.315545,0.059591245,-13.347934
872,2.083332,125,0,7.856866,0.061879143,-13.412242
873,1.2666662,76,0,1.4258989,0.0617296,-13.4310255
874,1.8666656,112,0,6.5724044,0.062153738,-13.475835
875,3.0166645,181,0,51.28856,0.06191214,-13.52046
876,1.6166658,97,0,22.836685,0.06304683,-13.555161
877,3.0166645,181,0,29.424154,0.06302527,-13.613498
878,1.5166659,91,0,1.3649751,0.064113915,-13.659105
879,1.7833323,107,0,12.667617,0.064427376,-13.648327
880,2.1666653,130,0,12.912709,0.06257489,-13.673925
881,1.5166659,91,0,1.9884812,0.062262364,-13.652621
882,1.7166657,103,0,11.204654,0.0631067,-13.682263
883,1.6333325,98,0,4.5015945,0.06323362,-13.718468
884,3.0166645,181,0,20.865221,0.062589735,-13.801767
885,3.0166645,181,0,75.037025,0.06244377,-13.902369
886,3.0166645,181,0,65.64639,0.06307895,-13.905422
887,2.1666653,130,0,12.4626875,0.06302718,-13.925797
888,3.0166645,181,0,11.782523,0.06522153,-13.971872
889,3.0166645,181,0,41.89748,0.06348185,-14.039522
890,3.0166645,181,0,2.2143037,0.061247192,-14.062354
891,1.5833325,95,0,7.4175224,0.062016625,-14.036415
892,3.0166645,181,0,47.01698,0.062816486,-14.12546
893,3.0166645,181,0,14.932954,0.06287337,-14.117206
894,3.0166645,181,0,11.321194,0.06166423,-14.149183
895,3.0166645,181,0,30.17272,0.06366735,-14.1787
896,3.0166645,181,0,52.207626,0.06286647,-14.192515
897,3.0166645,181,0,8.033904,0.06198576,-14.2124605
898,1.9833322,119,0,8.4004,0.06257597,-14.210947
899,1.4999993,90,0,1.5735265,0.06102753,-14.261334
900,3.0166645,181,0,10.097213,0.06201075,-14.252961
901,3.0166645,181,0,44.273727,0.0638035,-14.313065
902,3.0166645,181,0,15.674702,0.061447687,-14.265996
903,3.0166645,181,0,52.118015,0.06515174,-14.294012
904,3.0166645,181,0,51.474216,0.06300692,-14.275587
905,3.0166645,181,0,3.3215728,0.062660754,-14.267496
906,2.8666646,172,0,50.437607,0.06368398,-14.31594
907,3.0166645,181,0,21.855291,0.0614922,-14.273885
908,1.9499989,117,0,30.972973,0.06252059,-14.313579
909,3.0166645,181,0,28.547192,0.0635829,-14.330412
910,2.0666654,124,0,19.87738,0.06353315,-14.323323
911,1.8999989,114,0,3.4040995,0.062535614,-14.344216
912,3.0166645,181,0,3.0430944,0.06133769,-14.347047
913,3.0166645,181,0,3.8115513,0.063900806,-14.361077
914,3.0166645,181,0,8.907517,0.06291414,-14.395082
915,3.0166645,181,0,35.912876,0.062989414,-14.376382
916,3.0166645,181,0,12.694799,0.06324337,-14.398289
917,3.0166645,181,0,52.864586,0.06402369,-14.365391
918,3.0166645,181,0,57.135864,0.061882444,-14.383751
919,3.0166645,181,0,10.35299,0.06375302,-14.387911
920,3.0166645,181,0,2.2936234,0.06440918,-14.443442
921,3.0166645,181,0,169.43546,0.064546324,-14.426212
922,3.0166645,181,0,62.865562,0.06347689,-14.420892
923,3.0166645,181,0,22.746166,0.06593131,-14.475831
924,3.0166645,181,0,70.17491,0.0653305,-14.513343
925,3.0166645,181,0,2.1842248,0.065567076,-14.515448
926,3.0166645,181,0,118.88033,0.06574171,-14.515984
927,3.0166645,181,0,28.7832,0.066286005,-14.569802
928,3.0166645,181,0,2.5668566,0.06564959,-14.555296
929,3.0166645,181,0,25.052776,0.06658857,-14.594312
930,3.0166645,181,0,17.329723,0.06708005,-14.552583
931,3.0166645,181,0,29.221966,0.06775534,-14.575179
932,3.0166645,181,0,0.9570422,0.06573522,-14.621765
933,3.0166645,181,0,21.795586,0.067396134,-14.665356
934,3.0166645,181,0,3.3875973,0.06750542,-14.639524
935,3.0166645,181,0,24.979952,0.06977959,-14.629369
936,3.0166645,181,0,54.792152,0.06791899,-14.59752
937,3.0166645,181,0,51.10135,0.06834858,-14.598288
938,3.0166645,181,0,68.01211,0.068381675,-14.644877
939,3.0166645,181,0,10.0699,0.06837309,-14.636363
940,3.0166645,181,0,35.04283,0.06813224,-14.629497
941,3.0166645,181,0,2.4239013,0.07130928,-14.649804
942,3.0166645,181,0,25.494457,0.068941906,-14.601784
943,3.0166645,181,0,79.430786,0.07011772,-14.63961
944,3.0166645,181,0,3.8870733,0.070949495,-14.625868
945,3.0166645,181,0,22.40345,0.070857264,-14.595579
946,3.0166645,181,0,109.06095,0.07243619,-14.562477
947,3.0166645,181,0,61.490845,0.072157644,-14.611154
948,3.0166645,181,0,22.477577,0.07434127,-14.574206
949,3.0166645,181,0,88.97995,0.07457351,-14.542851
950,3.0166645,181,0,4.6511602,0.073903374,-14.534474
951,3.0166645,181,0,50.282326,0.074446104,-14.560832
952,3.0166645,181,0,66.717255,0.075332314,-14.521938
953,3.0166645,181,0,43.597065,0.07737976,-14.564979
954,3.0166645,181,0,48.91106,0.074738815,-14.529765
955,3.0166645,181,0,72.92674,0.07775638,-14.518133
956,3.0166645,181,0,7.6240306,0.07769375,-14.50631
957,3.0166645,181,0,30.620766,0.07542546,-14.494391
958,3.0166645,181,0,84.56316,0.0781909,-14.458619
959,3.0166645,181,0,48.32753,0.07966662,-14.465994
960,3.0166645,181,0,67.84187,0.07976352,-14.496459
961,3.0166645,181,0,7.0287547,0.079629704,-14.470329
962,3.0166645,181,0,20.729605,0.079907194,-14.410036
963,3.0166645,181,0,6.5947495,0.07858524,-14.405997
964,3.0166645,181,0,92.30355,0.08042842,-14.440348
965,3.0166645,181,0,78.74342,0.08196305,-14.399219
966,3.0166645,181,0,5.9954896,0.08154929,-14.367862
967,3.0166645,181,0,62.356037,0.08153357,-14.382628
968,3.0166645,181,0,125.918785,0.0818154,-14.399844
969,3.0166645,181,0,174.42812,0.08213462,-14.3597975
970,3.0166645,181,0,3.2241845,0.08513818,-14.407617
971,3.0166645,181,0,44.433483,0.08474487,-14.419439
972,3.0166645,181,0,114.85593,0.08540528,-14.388624
973,3.0166645,181,0,13.14462,0.08684829,-14.4222975
974,3.0166645,181,0,44.401802,0.087582394,-14.376816
975,3.0166645,181,0,30.421886,0.08757177,-14.380281
976,3.0166645,181,0,5.4930043,0.087955676,-14.389446
977,3.0166645,181,0,86.05492,0.08959478,-14.39716
978,1.8333323,110,0,1.0832012,0.091135085,-14.440175
979,3.0166645,181,0,49.557602,0.08764669,-14.371754
980,3.0166645,181,0,25.680061,0.09136126,-14.404856
981,2.2999985,138,0,4.437412,0.09088005,-14.35212
982,1.849999,111,0,1.324346,0.09003477,-14.4086275
983,3.0166645,181,0,10.840135,0.092200436,-14.450776
984,3.0166645,181,0,8.359333,0.0929533,-14.376237
985,3.0166645,181,0,29.811785,0.0929481,-14.367134
986,3.0166645,181,0,10.678409,0.094322085,-14.372765
987,3.0166645,181,0,52.12267,0.09405424,-14.411333
988,3.0166645,181,0,52.866436,0.09369332,-14.404056
989,3.0166645,181,0,11.157618,0.09572487,-14.377686
990,3.0166645,181,0,36.811493,0.09678202,-14.415747
991,3.0166645,181,0,16.111845,0.09562118,-14.42055
992,1.6666658,100,0,1.084866,0.09812657,-14.462293
993,3.0166645,181,0,17.605335,0.09671187,-14.35883
994,3.0166645,181,0,78.482704,0.096838884,-14.459523
995,3.0166645,181,0,10.32983,0.098760106,-14.469562
996,3.0166645,181,0,37.70751,0.09746195,-14.42876
997,2.8666646,172,0,7.5716033,0.098764025,-14.5003805
998,2.6999981,162,0,13.218008,0.09993403,-14.519244
999,1.8833323,113,0,18.83827,0.09888198,-14.523853
1000,2.6666648,160,0,11.802207,0.09769883,-14.540084
1001,1.8166656,109,0,43.64753,0.099203825,-14.486548
1002,3.0166645,181,0,11.808361,0.10222296,-14.525721
1003,3.0166645,181,0,82.24378,0.09963861,-14.54209
1004,1.8666656,112,0,3.5997705,0.10046718,-14.609436
1005,2.566665,154,0,25.950905,0.103553966,-14.577014
1006,3.0166645,181,0,6.1820607,0.1029786,-14.690439
1007,3.0166645,181,0,48.2889,0.09892602,-14.657446
1008,3.0166645,181,0,21.990862,0.100949325,-14.665008
1009,3.0166645,181,0,17.445585,0.10107754,-14.629844
1010,3.0166645,181,0,31.62446,0.10031356,-14.6892
1011,3.0166645,181,0,63.494434,0.099420354,-14.709328
1012,2.3333318,140,0,0.971659,0.10129066,-14.807944
1013,2.3833318,143,0,2.912838,0.097715706,-14.743714
1014,3.0166645,181,0,40.931484,0.10231303,-14.784044
1015,2.9999979,180,0,2.8266985,0.10027516,-14.7697525
1016,2.849998,171,0,13.037113,0.09946064,-14.790773
1017,3.0166645,181,0,37.49451,0.10005594,-14.880071
1018,3.0166645,181,0,8.144986,0.099710084,-14.815436
1019,3.0166645,181,0,157.08286,0.09987438,-14.893459
1020,2.8666646,172,0,3.7875447,0.09900672,-14.927765
1021,3.0166645,181,0,119.00083,0.101020835,-14.933298
1022,1.9499989,117,0,1.7401946,0.10181637,-14.975127
1023,2.6833315,161,0,10.415627,0.10076423,-15.025916
1024,3.0166645,181,0,80.57957,0.101741195,-15.020114
1025,3.0166645,181,0,201.70122,0.100990176,-15.014991
1026,3.0166645,181,0,72.00202,0.10317706,-15.080228
1027,1.0166664,61,0,2.7347798,0.10087518,-15.128906
1028,2.516665,151,0,16.828638,0.10590438,-15.124183
1029,2.799998,168,0,20.298687,0.10342221,-15.171853
1030,3.0166645,181,0,55.133396,0.10330745,-15.145248
1031,3.0166645,181,0,76.15819,0.1036884,-15.197111
1032,1.6666658,100,0,9.895659,0.10324986,-15.213334
1033,3.0166645,181,0,220.37892,0.10353576,-15.195656
1034,2.9833312,179,0,39.33043,0.10599709,-15.341695
1035,2.616665,157,0,35.99892,0.10653406,-15.393751
1036,2.8833313,173,0,46.015,0.10660214,-15.353969
1037,0.98333305,59,0,5.4050407,0.103820786,-15.364426
1038,1.2499995,75,0,0.4628912,0.10449715,-15.326115
1039,1.9333322,116,0,1.7785976,0.10590779,-15.431454
1040,3.0166645,181,0,111.55908,0.10754897,-15.403108
1041,0.7666666,46,0,1.9801419,0.10540805,-15.532745
1042,3.0166645,181,0,141.9029,0.10655356,-15.499011
1043,0.9999997,60,0,11.916841,0.10554921,-15.486979
1044,0.6333334,38,0,0.63596237,0.10595214,-15.486589
1045,3.0166645,181,0,79.19419,0.1076523,-15.524224
1046,1.083333,65,0,6.418586,0.104816206,-15.576509
1047,3.0166645,181,0,56.86773,0.10612491,-15.536894
1048,3.0166645,181,0,127.10889,0.107118435,-15.572504
1049,3.0166645,181,0,73.3972,0.10880253,-15.707202
1050,1.6833324,101,0,0.76944834,0.106812246,-15.634766
1051,0.91666645,55,0,2.0346806,0.11055322,-15.571759
1052,3.0166645,181,0,46.07976,0.107062474,-15.7461
1053,3.0166645,181,0,163.7447,0.11053985,-15.826161
1054,3.0166645,181,0,202.29251,0.11039788,-15.723452
1055,1.4833326,89,0,54.74229,0.10944388,-15.850642
1056,1.5666659,94,0,14.476874,0.10698575,-15.855085
1057,2.8833313,173,0,37.6368,0.1111645,-15.882608
1058,1.8166656,109,0,1.5697331,0.110296994,-15.886463
1059,3.0166645,181,0,5.980592,0.11044934,-15.897666
1060,3.0166645,181,0,37.06904,0.11066814,-15.974526
1061,3.0166645,181,0,163.10645,0.11047407,-16.041456
1062,3.0166645,181,0,64.533646,0.111129515,-16.041813
1063,3.0166645,181,0,243.67642,0.110597394,-16.073076
1064,3.0166645,181,0,31.104681,0.11087282,-16.112665
1065,3.0166645,181,0,69.74944,0.11078961,-16.122494
1066,3.0166645,181,0,54.84581,0.11256181,-16.23929
1067,2.2166653,133,0,30.264742,0.10945706,-16.268433
1068,3.0166645,181,0,84.3228,0.11446288,-16.250872
1069,1.5333326,92,0,22.67509,0.11253773,-16.244513
1070,1.1166663,67,0,17.341913,0.114441186,-16.432531
1071,2.0666654,124,0,15.100568,0.11456177,-16.39063
1072,3.0166645,181,0,37.414513,0.11231321,-16.408522
1073,3.0166645,181,0,84.22626,0.1145581,-16.411308
1074,3.0166645,181,0,182.45917,0.1134306,-16.483086
1075,3.0166645,181,0,106.61962,0.11402698,-16.47286
1076,3.0166645,181,0,150.23897,0.112962075,-16.624067
1077,3.0166645,181,0,62.44808,0.11320107,-16.633821
1078,3.0166645,181,0,22.863777,0.11336082,-16.631235
1079,3.0166645,181,0,152.84862,0.11458529,-16.726744
1080,3.0166645,181,0,89.09196,0.11399027,-16.737823
1081,3.0166645,181,0,187.559,0.11385321,-16.845343
1082,1.1999996,72,0,26.672657,0.11495237,-16.82932
1083,3.0166645,181,0,131.2025,0.113548346,-16.91343
1084,2.233332,134,0,41.71119,0.11273343,-16.851707
1085,3.0166645,181,0,36.76082,0.114685185,-16.927181
1086,3.0166645,181,0,58.312557,0.11371055,-16.962385
1087,3.0166645,181,0,125.73157,0.113832474,-17.068419
1088,3.0166645,181,0,98.84536,0.113977656,-17.071857
1089,1.2999995,78,0,12.562677,0.11473401,-17.060995
1090,3.0166645,181,0,78.45532,0.115125775,-17.15454
1091,3.0166645,181,0,50.610046,0.11653746,-17.272278
1092,3.0166645,181,0,79.191635,0.11486254,-17.250677
1093,0.78333324,47,0,1.0856025,0.11520227,-17.33339
1094,3.0166645,181,0,177.86588,0.11775041,-17.352356
1095,3.0166645,181,0,126.594696,0.11662508,-17.397104
1096,1.749999,105,0,32.24453,0.12282441,-17.469212
1097,3.0166645,181,0,139.51672,0.11646303,-17.472488
1098,1.0499997,63,0,7.408185,0.11917065,-17.530552
1099,1.749999,105,0,8.725888,0.11605892,-17.507233
1100,1.4333327,86,0,9.127898,0.117746055,-17.572315
1101,3.0166645,181,0,113.440186,0.11705134,-17.557589
1102,0.88333315,53,0,4.748306,0.11549418,-17.621185
1103,0.6333334,38,0,0.8663206,0.11729699,-17.673807
1104,3.0166645,181,0,80.36058,0.119273625,-17.604446
1105,3.0166645,181,0,82.86223,0.11673947,-17.590034
1106,3.0166645,181,0,170.58105,0.11801842,-17.664597
1107,3.0166645,181,0,56.79919,0.12146399,-17.732851
1108,3.0166645,181,0,74.392975,0.11749291,-17.793354
1109,1.1999996,72,0,0.96738553,0.118702,-17.729683
1110,3.0166645,181,0,140.9135,0.118154995,-17.848406
1111,3.0166645,181,0,91.38179,0.1182045,-17.857948
1112,3.0166645,181,0,59.523132,0.119759075,-17.892038
1113,3.0166645,181,0,202.44263,0.12327928,-17.927065
1114,2.5833316,155,0,22.11063,0.12269248,-17.93079
1115,3.0166645,181,0,225.06245,0.12273244,-17.985376
1116,1.0499997,63,0,7.53209,0.12504683,-18.171196
1117,3.0166645,181,0,211.40253,0.12418824,-18.070324
1118,3.0166645,181,0,7.8795304,0.1211315,-18.081003
1119,3.0166645,181,0,150.26302,0.124356955,-18.104843
1120,0.8999998,54,0,2.5768557,0.12630405,-18.081606
1121,2.1499987,129,0,15.709779,0.12357999,-18.121267
1122,3.0166645,181,0,61.986523,0.12426488,-18.183414
1123,3.0166645,181,0,149.73198,0.12653401,-18.26188
1124,2.0666654,124,0,1.55296,0.12723403,-18.27228
1125,3.0166645,181,0,89.43122,0.1291568,-18.25918
1126,3.0166645,181,0,145.7411,0.12640335,-18.35845
1127,3.0166645,181,0,139.19637,0.12606949,-18.332893
1128,3.0166645,181,0,158.97731,0.12730041,-18.374735
1129,1.749999,105,0,2.6386528,0.12563795,-18.409624
1130,3.0166645,181,0,18.11444,0.13094157,-18.394817
1131,1.9333322,116,0,3.1314695,0.13070156,-18.410963
1132,3.0166645,181,0,121.09321,0.13021964,-18.43888
1133,3.0166645,181,0,7.097096,0.13238531,-18.41135
1134,2.4999983,150,0,25.282047,0.13031782,-18.427912
1135,3.0166645,181,0,28.861822,0.13273473,-18.489231
1136,3.0166645,181,0,137.65154,0.13092345,-18.44941
1137,1.749999,105,0,0.53684294,0.13359365,-18.46449
1138,3.0166645,181,0,172.94849,0.13228558,-18.468592
1139,1.1666663,70,0,1.9075809,0.13016483,-18.435741
1140,1.9333322,116,0,26.487556,0.1355019,-18.520992
1141,3.0166645,181,0,55.75815,0.13084623,-18.546495
1142,3.0166645,181,0,50.926743,0.1343748,-18.54291
1143,3.0166645,181,0,51.509712,0.13676368,-18.538853
1144,3.0166645,181,0,177.87836,0.13495402,-18.512383
1145,3.0166645,181,0,148.2335,0.1365721,-18.564877
1146,3.0166645,181,0,189.77245,0.13875279,-18.638346
1147,3.0166645,181,0,133.74141,0.13851182,-18.608843
1148,3.0166645,181,0,184.92368,0.13639039,-18.638828
1149,3.0166645,181,0,38.848007,0.13841051,-18.69702
1150,3.0166645,181,0,143.24414,0.13791214,-18.714214
1151,3.0166645,181,0,108.5001,0.13899367,-18.70794
1152,3.0166645,181,0,1.1234639,0.13919519,-18.73495
1153,3.0166645,181,0,127.87945,0.1432163,-18.921135
1154,3.0166645,181,0,73.84583,0.14129895,-18.803772
1155,3.0166645,181,0,159.14435,0.14098726,-18.863935
1156,1.4833326,89,0,12.050663,0.1401442,-18.753626
1157,3.0166645,181,0,49.488033,0.14049901,-18.865414
1158,3.0166645,181,0,161.35493,0.14001717,-18.880096
1159,3.0166645,181,0,128.0047,0.14250559,-18.988638
1160,3.0166645,181,0,90.87451,0.14356163,-18.917917
1161,3.0166645,181,0,104.296265,0.1408012,-18.99592
1162,3.0166645,181,0,0.81490797,0.14287695,-19.083548
1163,3.0166645,181,0,103.867584,0.14342438,-19.135752
1164,3.0166645,181,0,187.10797,0.14547525,-19.137041
1165,3.0166645,181,0,98.74835,0.14334215,-19.184221
1166,0.7,42,0,0.5304092,0.14963587,-19.127014
1167,3.0166645,181,0,155.54904,0.14515005,-19.220358
1168,3.0166645,181,0,134.90126,0.1470514,-19.254473
1169,3.0166645,181,0,158.70782,0.14562294,-19.326904
1170,3.0166645,181,0,162.21959,0.14841366,-19.471024
1171,3.0166645,181,0,85.0774,0.15055361,-19.48344
1172,3.0166645,181,0,114.45726,0.14901896,-19.646563
1173,3.0166645,181,0,124.88999,0.15225945,-19.652662
1174,3.0166645,181,0,183.33418,0.15067695,-19.717793
1175,3.0166645,181,0,103.532,0.1515804,-19.71195
1176,3.0166645,181,0,89.8819,0.15633854,-19.860868
1177,3.0166645,181,0,213.58699,0.15529862,-19.910004
1178,3.0166645,181,0,210.05896,0.1551623,-19.994516
1179,3.0166645,181,0,165.66765,0.15656143,-20.028778
1180,3.0166645,181,0,194.6623,0.15574402,-20.11494
1181,3.0166645,181,0,82.220085,0.15679167,-20.163475
1182,3.0166645,181,0,173.66425,0.15893233,-20.298677
1183,3.0166645,181,0,97.00478,0.16012686,-20.356087
1184,3.0166645,181,0,63.52161,0.16123606,-20.461481
1185,3.0166645,181,0,12.479292,0.161206,-20.46668
1186,3.0166645,181,0,100.1578,0.16216202,-20.577
1187,3.0166645,181,0,136.38496,0.16044076,-20.70723
1188,3.0166645,181,0,152.28021,0.16265321,-20.791435
1189,3.0166645,181,0,128.4382,0.16516888,-20.8646
1190,3.0166645,181,0,186.04533,0.16482198,-20.945532
1191,3.0166645,181,0,199.4811,0.16696185,-21.020903
1192,3.0166645,181,0,172.3692,0.17181276,-21.20292
1193,1.8333323,110,0,1.2042292,0.16858292,-21.2
1194,3.0166645,181,0,123.71316,0.16881429,-21.285221
1195,3.0166645,181,0,165.42241,0.16831365,-21.532976
1196,0.7999999,48,0,10.494822,0.17515507,-21.50054
1197,3.0166645,181,0,167.52464,0.1728669,-21.602053
1198,3.0166645,181,0,95.71724,0.17074548,-21.601864
1199,3.0166645,181,0,110.87812,0.17340885,-21.723213
1200,3.0166645,181,0,69.17195,0.17533968,-21.986612
1201,0.6333334,38,0,1.0933311,0.1803424,-22.044012
1202,3.0166645,181,0,187.37276,0.17809308,-22.09879
1203,3.0166645,181,0,171.39159,0.17614913,-22.138414
1204,3.0166645,181,0,114.41827,0.17781563,-22.31715
1205,3.0166645,181,0,183.41908,0.18136853,-22.407267
1206,3.0166645,181,0,129.08124,0.1827297,-22.460052
1207,3.0166645,181,0,224.54666,0.18537036,-22.752893
1208,1.1833329,71,0,0.5186293,0.18696798,-22.752268
1209,3.0166645,181,0,135.29663,0.18411621,-22.87272
1210,3.0166645,181,0,134.5499,0.1798097,-22.946878
1211,3.0166645,181,0,222.85266,0.1869126,-23.118372
1212,3.0166645,181,0,148.07921,0.19016488,-23.16564
1213,1.6333325,98,0,10.383697,0.18590374,-23.319984
1214,3.0166645,181,0,140.12834,0.18569262,-23.238144
1215,3.0166645,181,0,182.75125,0.19136141,-23.47438
1216,3.0166645,181,0,167.36127,0.18707529,-23.64937
1217,3.0166645,181,0,208.66849,0.19462264,-23.733614
1218,3.0166645,181,0,211.64069,0.18867122,-23.76288
1219,1.2666662,76,0,12.526078,0.19294791,-23.798162
1220,3.0166645,181,0,173.90262,0.19097513,-24.06324
1221,3.0166645,181,0,103.34356,0.196053,-24.17843
1222,1.0999997,66,0,6.9430184,0.19862372,-24.307741
1223,3.0166645,181,0,178.71567,0.19549194,-24.260977
1224,3.0166645,181,0,206.68068,0.19706884,-24.372837
1225,3.0166645,181,0,257.59384,0.19535689,-24.486221
1226,0.5166668,31,0,1.1985037,0.20170073,-24.501543
1227,3.0166645,181,0,159.27795,0.19794762,-24.63867
1228,3.0166645,181,0,200.38025,0.20131853,-24.814882
1229,3.0166645,181,0,191.90004,0.19915295,-24.825417
1230,3.0166645,181,0,133.56981,0.20174511,-25.064455
1231,3.0166645,181,0,216.946,0.2017649,-25.12023
1232,3.0166645,181,0,132.91628,0.2042766,-25.283972
1233,3.0166645,181,0,124.97009,0.2041895,-25.39811
1234,3.0166645,181,0,100.577446,0.20362815,-25.479053
1235,3.0166645,181,0,62.968067,0.20792301,-25.551172
1236,3.0166645,181,0,101.71431,0.20498766,-25.678875
1237,3.0166645,181,0,103.94419,0.20662886,-25.792187
1238,3.0166645,181,0,197.78001,0.2086263,-25.903625
1239,3.0166645,181,0,171.34929,0.21031897,-25.976006
1240,3.0166645,181,0,217.17888,0.20878264,-26.140982
1241,0.8999998,54,0,1.7687556,0.2096381,-26.248898
1242,3.0166645,181,0,180.6631,0.20882303,-26.27019
1243,3.0166645,181,0,164.53947,0.2114066,-26.381426
1244,3.0166645,181,0,165.47697,0.21061237,-26.529692
1245,3.0166645,181,0,84.997536,0.2166307,-26.597988
1246,3.0166645,181,0,214.31221,0.21232441,-26.752485
1247,3.0166645,181,0,179.56717,0.210004,-26.822271
1248,3.0166645,181,0,188.5592,0.21082978,-27.013538
1249,3.0166645,181,0,137.05908,0.21205625,-27.026634
1250,3.0166645,181,0,238.88521,0.20944272,-27.178001
1251,3.0166645,181,0,167.41893,0.21042617,-27.20293
1252,3.0166645,181,0,164.07167,0.21200451,-27.292444
1253,3.0166645,181,0,157.92645,0.20981182,-27.505077
1254,3.0166645,181,0,71.27509,0.20641905,-27.57326
1255,3.0166645,181,0,144.87257,0.20930952,-27.648926
1256,3.0166645,181,0,131.33064,0.21188155,-27.564892
1257,3.0166645,181,0,163.4115,0.20639426,-27.755665
1258,3.0166645,181,0,225.47264,0.2064002,-27.922327
1259,3.0166645,181,0,200.70924,0.2094964,-27.969227
1260,3.0166645,181,0,195.93736,0.2065729,-28.034311
1261,3.0166645,181,0,200.23672,0.20795995,-28.116615
1262,3.0166645,181,0,134.33453,0.20530096,-28.303785
1263,3.0166645,181,0,267.59692,0.20597303,-28.363142
1264,3.0166645,181,0,100.79436,0.20536728,-28.310476
1265,3.0166645,181,0,185.98862,0.20440367,-28.334658
1266,3.0166645,181,0,121.77707,0.20474812,-28.544104
1267,3.0166645,181,0,132.87509,0.2033671,-28.473127
1268,3.0166645,181,0,264.36157,0.20530309,-28.612368
1269,3.0166645,181,0,185.21844,0.20320699,-28.7024
1270,3.0166645,181,0,205.90453,0.20540266,-28.742296
1271,3.0166645,181,0,138.34734,0.21071674,-28.930048
1272,0.55000013,33,0,2.493386,0.210005,-28.911087
1273,3.0166645,181,0,188.86989,0.20391048,-28.927292
1274,3.0166645,181,0,197.04625,0.20773505,-29.024866
1275,1.3833327,83,0,2.9248235,0.20545912,-28.921404
1276,3.0166645,181,0,128.30806,0.20517004,-29.068056
1277,3.0166645,181,0,193.84956,0.20447381,-29.14427
1278,3.0166645,181,0,210.38652,0.20621872,-29.314795
1279,0.74999994,45,0,0.66191727,0.2064728,-29.51188
1280,3.0166645,181,0,241.2749,0.2095433,-29.409283
1281,0.7333333,44,0,4.9783344,0.21262841,-29.493542
1282,3.0166645,181,0,174.70308,0.20783864,-29.485508
1283,3.0166645,181,0,168.74727,0.20827146,-29.572033
1284,3.0166645,181,0,81.08943,0.20976312,-29.686422
1285,3.0166645,181,0,210.08768,0.20710094,-29.693504
1286,3.0166645,181,0,164.53671,0.20639479,-29.762619
1287,3.0166645,181,0,206.60085,0.2029826,-29.915464
1288,3.0166645,181,0,218.72652,0.2130382,-30.02635
1289,3.0166645,181,0,201.59648,0.21370623,-30.145779
1290,3.0166645,181,0,117.7962,0.21427366,-30.153893
1291,3.0166645,181,0,133.22498,0.2156683,-30.29867
1292,3.0166645,181,0,201.99461,0.2148641,-30.43107
1293,1.0166664,61,0,3.2911208,0.2082895,-30.560017
1294,3.0166645,181,0,167.26447,0.21683106,-30.375275
1295,3.0166645,181,0,176.07999,0.21587957,-30.585474
1296,3.0166645,181,0,255.97627,0.21414609,-30.741331
1297,3.0166645,181,0,154.99545,0.21895525,-30.747667
1298,3.0166645,181,0,219.76991,0.21921782,-30.880623
1299,3.0166645,181,0,194.4912,0.22203937,-31.009918
1300,0.5666668,34,0,1.1778082,0.22699778,-31.343336
1301,3.0166645,181,0,206.81584,0.23149137,-31.225315
1302,3.0166645,181,0,163.92152,0.22939366,-31.461742
1303,3.0166645,181,0,237.80812,0.22619075,-31.43845
1304,3.0166645,181,0,180.94643,0.23143896,-31.541733
1305,3.0166645,181,0,123.67822,0.23198971,-31.594833
1306,3.0166645,181,0,222.41785,0.23169787,-31.799944
1307,3.0166645,181,0,220.889,0.23559296,-31.903975
1308,3.0166645,181,0,238.36699,0.23607685,-32.015553
1309,3.0166645,181,0,130.01434,0.24056374,-32.258297
1310,3.0166645,181,0,242.18674,0.24017726,-32.196327
1311,3.0166645,181,0,224.30458,0.23695616,-32.4264
1312,3.0166645,181,0,269.5416,0.23780382,-32.44564
1313,3.0166645,181,0,38.739273,0.24541467,-32.582016
1314,3.0166645,181,0,203.32112,0.24863756,-32.57138
1315,3.0166645,181,0,202.15814,0.24660338,-32.712997
1316,0.84999985,51,0,3.282965,0.244358,-32.597275
1317,3.0166645,181,0,189.93018,0.24856295,-32.886696
1318,3.0166645,181,0,272.89902,0.25290155,-32.932766
1319,0.94999975,57,0,8.170145,0.24657673,-33.027893
1320,3.0166645,181,0,273.55707,0.25470692,-33.19995
1321,3.0166645,181,0,128.75029,0.258543,-33.224545
1322,1.1166663,67,0,11.345585,0.25892064,-33.43654
1323,3.0166645,181,0,270.43326,0.2537968,-33.386517
1324,3.0166645,181,0,89.021034,0.257751,-33.524982
1325,3.0166645,181,0,186.59747,0.2623603,-33.517967
1326,3.0166645,181,0,78.68507,0.25520444,-33.741714
1327,3.0166645,181,0,155.73486,0.2613236,-33.836826
1328,3.0166645,181,0,191.12273,0.26106775,-33.96182
1329,1.2166662,73,0,4.1788373,0.2620515,-33.95153
1330,1.466666,88,0,20.018452,0.25786635,-34.123184
1331,3.0166645,181,0,215.57826,0.26079386,-34.238766
1332,0.5333335,32,0,1.7840449,0.25398582,-34.35715
1333,0.74999994,45,0,1.6797963,0.25401965,-34.30626
1334,3.0166645,181,0,155.1914,0.26193622,-34.408554
1335,3.0166645,181,0,180.59389,0.26167423,-34.320187
1336,0.7,42,0,1.9997289,0.25498763,-34.23668
1337,3.0166645,181,0,133.32219,0.26306352,-34.47696
1338,3.0166645,181,0,145.8046,0.2582234,-34.574078
1339,3.0166645,181,0,198.28578,0.2639589,-34.76185
1340,0.6000001,36,0,3.1418903,0.26910695,-34.85216
1341,1.416666,85,0,2.0397918,0.2580445,-34.7358
1342,3.0166645,181,0,62.158436,0.26388463,-34.887466
1343,0.6333334,38,0,0.6651225,0.26703683,-35.343098
1344,0.68333334,41,0,0.46144274,0.26907676,-35.04189
1345,0.84999985,51,0,4.964295,0.2684394,-34.93179
1346,0.7,42,0,0.39506227,0.25127313,-34.85095
1347,0.8666665,52,0,2.6647723,0.26315096,-35.12528
1348,3.0166645,181,0,225.16437,0.27159876,-35.179203
1349,0.68333334,41,0,4.0184565,0.2712269,-35.262722
1350,0.65000004,39,0,1.7403696,0.26247066,-35.065067
1351,3.0166645,181,0,150.45178,0.27247173,-35.20373
1352,3.0166645,181,0,217.08244,0.2616814,-35.249195
1353,3.0166645,181,0,125.537636,0.264768,-35.4309
1354,3.0166645,181,0,155.17004,0.26286313,-35.471893
1355,1.9166656,115,0,95.16977,0.26472068,-35.613407
1356,1.0499997,63,0,24.052553,0.26646352,-35.7992
1357,3.0166645,181,0,173.53479,0.2645615,-35.66418
1358,0.6000001,36,0,0.67191833,0.2678686,-35.59212
1359,3.0166645,181,0,228.96263,0.2629514,-35.80289
1360,1.2999995,78,0,11.024459,0.26141152,-36.002823
1361,1.4499993,87,0,4.4925385,0.26005274,-35.914276
1362,3.0166645,181,0,215.53429,0.27034715,-36.004093
1363,0.7333333,44,0,0.7789247,0.27035815,-35.985714
1364,3.0166645,181,0,144.6124,0.2645861,-36.108513
1365,3.0166645,181,0,172.10089,0.27043864,-36.275776
1366,1.2499995,75,0,1.0286365,0.265768,-36.482773
1367,2.2499986,135,0,19.269497,0.26710036,-36.486645
1368,3.0166645,181,0,269.27872,0.2698403,-36.409523
1369,3.0166645,181,0,198.17647,0.2677679,-36.459618
1370,0.68333334,41,0,1.9190549,0.26218122,-36.793804
1371,3.0166645,181,0,236.67851,0.26911145,-36.657356
1372,3.0166645,181,0,113.20466,0.26986727,-36.778767
1373,3.0166645,181,0,96.56462,0.2729679,-36.94975
1374,3.0166645,181,0,158.56517,0.27813208,-36.895954
1375,3.0166645,181,0,147.17305,0.27167955,-36.90279
1376,0.55000013,33,0,1.5041459,0.2842334,-37.062897
1377,0.7333333,44,0,0.7163233,0.27044043,-37.10881
1378,0.7,42,0,1.0792514,0.2724389,-37.18036
1379,3.0166645,181,0,225.68987,0.2722021,-37.12398
1380,3.0166645,181,0,242.41165,0.2751944,-37.23004
1381,3.0166645,181,0,256.74695,0.27227154,-37.32124
1382,3.0166645,181,0,156.6409,0.27529746,-37.31588
1383,1.9499989,117,0,50.755,0.27222463,-37.356674
1384,1.7333324,104,0,22.242119,0.2695331,-37.631783
1385,1.1833329,71,0,3.3662913,0.27188674,-37.547848
1386,3.0166645,181,0,177.05945,0.27424684,-37.532326
1387,3.0166645,181,0,134.1864,0.27971563,-37.659763
1388,3.0166645,181,0,84.05096,0.27751592,-37.73972
1389,2.1666653,130,0,14.012837,0.2747847,-37.890163
1390,3.0166645,181,0,135.55281,0.28096816,-37.861343
1391,3.0166645,181,0,112.780365,0.27862045,-37.95046
1392,0.7333333,44,0,0.73251057,0.27037162,-37.985527
1393,0.6666667,40,0,2.7992926,0.27971596,-38.05467
1394,3.0166645,181,0,156.53288,0.27756488,-38.045856
1395,0.7666666,46,0,3.9468231,0.277939,-38.076817
1396,2.4333317,146,0,29.51506,0.27780396,-38.272476
1397,3.0166645,181,0,166.0759,0.27844083,-38.242096
1398,3.0166645,181,0,115.65067,0.280938,-38.48584
1399,1.1499996,69,0,4.1893864,0.29370412,-38.454838
1400,0.61666673,37,0,2.473185,0.28695345,-38.47454
1401,3.0166645,181,0,86.766045,0.28051642,-38.550873
1402,2.949998,177,0,32.677544,0.28509885,-38.52028
1403,3.0166645,181,0,163.60362,0.28627336,-38.787773
1404,0.58333343,35,0,5.219937,0.28459442,-38.736923
1405,3.0166645,181,0,77.15401,0.29016814,-38.903614
1406,3.0166645,181,0,120.88227,0.28917474,-39.167416
1407,0.61666673,37,0,9.916371,0.28344098,-39.22739
1408,1.2333329,74,0,1.7474384,0.28878966,-39.153435
1409,2.899998,174,0,141.2392,0.29256585,-39.340816
1410,2.416665,145,0,99.94312,0.29522806,-39.38722
1411,1.9999988,120,0,23.310501,0.29847577,-39.46055
1412,2.949998,177,0,116.44167,0.3003341,-39.60303
1413,2.416665,145,0,124.763115,0.29624888,-39.64306
1414,1.4999993,90,0,33.786602,0.30424622,-39.77592
1415,3.0166645,181,0,130.74104,0.30957484,-39.78684
1416,2.5333316,152,0,125.809494,0.30663007,-40.016766
1417,1.6999991,102,0,7.4867773,0.3125722,-40.149696
1418,1.1499996,69,0,1.0673858,0.30336618,-40.119232
1419,3.0166645,181,0,197.49545,0.31108153,-40.266438
1420,2.9666646,178,0,95.29613,0.32231548,-40.32736
1421,2.416665,145,0,29.00341,0.32281533,-40.474667
1422,3.0166645,181,0,206.078,0.3209599,-40.492752
1423,1.6833324,101,0,9.549619,0.32329363,-40.516273
1424,2.899998,174,0,71.610725,0.32516658,-40.62229
1425,1.6166658,97,0,23.71327,0.3323587,-40.86059
1426,3.0166645,181,0,184.76445,0.3286064,-40.676815
1427,2.5999982,156,0,47.382145,0.33315402,-40.93529
1428,3.0166645,181,0,173.78421,0.3269664,-40.91112
1429,1.4333327,86,0,11.549675,0.3239464,-41.104996
1430,3.0166645,181,0,122.00002,0.3232208,-41.233185
1431,3.0166645,181,0,205.69824,0.32146743,-41.1427
1432,3.0166645,181,0,131.31554,0.32051885,-41.29539
1433,3.0166645,181,0,69.78269,0.3195312,-41.24372
1434,1.0999997,66,0,2.1871114,0.3346936,-41.427933
1435,3.0166645,181,0,88.21007,0.320556,-41.33667
1436,0.6666667,40,0,1.0181663,0.31888333,-41.41747
1437,3.0166645,181,0,30.419722,0.31576964,-41.388077
1438,3.0166645,181,0,6.3165956,0.31254262,-41.55055
1439,3.0166645,181,0,22.52531,0.31601152,-41.422237
1440,3.0166645,181,0,18.165663,0.31417665,-41.479588
1441,3.0166645,181,0,153.2034,0.30957273,-41.527683
1442,3.0166645,181,0,119.88922,0.312909,-41.684406
1443,3.0166645,181,0,209.32256,0.30763215,-41.72162
1444,3.0166645,181,0,51.587154,0.30685127,-41.790443
1445,3.0166645,181,0,67.77218,0.30988717,-41.88196
1446,3.0166645,181,0,31.475302,0.30360276,-41.85797
1447,3.0166645,181,0,156.3882,0.31198266,-41.950027
1448,3.0166645,181,0,130.24284,0.30678326,-41.980175
1449,3.0166645,181,0,285.89163,0.3041031,-42.08866
1450,3.0166645,181,0,190.35149,0.30448925,-42.10901
1451,3.0166645,181,0,9.399162,0.29960418,-42.077106
1452,3.0166645,181,0,57.114418,0.2950943,-42.242134
1453,3.0166645,181,0,205.05568,0.29791433,-42.246426
1454,3.0166645,181,0,260.14728,0.29596153,-42.221207
1455,3.0166645,181,0,34.860645,0.2935554,-42.327118
1456,3.0166645,181,0,127.94199,0.28814057,-42.52973
1457,3.0166645,181,0,243.50287,0.28722316,-42.523182
1458,3.0166645,181,0,47.82463,0.29098147,-42.663532
1459,3.0166645,181,0,10.35308,0.29135442,-42.61803
1460,3.0166645,181,0,176.07318,0.2898271,-42.674595
1461,3.0166645,181,0,21.809603,0.28918332,-42.874382
1462,3.0166645,181,0,3.649286,0.2839234,-42.72266
1463,3.0166645,181,0,18.327265,0.28327835,-42.80072
1464,3.0166645,181,0,204.64178,0.2894336,-42.845257
1465,3.0166645,181,0,23.365404,0.28450218,-42.93297
1466,1.9999988,120,0,0.985624,0.2826674,-42.869984
1467,3.0166645,181,0,4.5441613,0.28576475,-42.906322
1468,3.0166645,181,0,90.75311,0.28420544,-42.903618
1469,3.0166645,181,0,231.04619,0.28268844,-42.903313
1470,3.0166645,181,0,109.95076,0.28169674,-43.034267
1471,3.0166645,181,0,31.10345,0.28443518,-43.049618
1472,3.0166645,181,0,208.52216,0.2791575,-43.031116
1473,3.0166645,181,0,231.77087,0.28141773,-43.186195
1474,3.0166645,181,0,53.765373,0.28045034,-43.150547
1475,3.0166645,181,0,31.646528,0.27882808,-43.11493
1476,3.0166645,181,0,109.486176,0.27799445,-43.05132
1477,3.0166645,181,0,26.616695,0.2776142,-43.1622
1478,1.1166663,67,0,1.8791128,0.27239332,-43.41717
1479,3.0166645,181,0,100.17705,0.27278793,-43.2915
1480,3.0166645,181,0,77.38996,0.27280864,-43.18246
1481,3.0166645,181,0,181.36752,0.26786605,-43.121758
1482,3.0166645,181,0,213.68428,0.27283826,-43.192375
1483,3.0166645,181,0,221.65752,0.27046543,-43.321857
1484,3.0166645,181,0,13.767668,0.272445,-43.218567
1485,1.2499995,75,0,1.6184282,0.27126297,-43.225895
1486,3.0166645,181,0,135.54173,0.2704786,-43.23084
1487,3.0166645,181,0,9.352595,0.273195,-43.05209
1488,3.0166645,181,0,21.326878,0.2695828,-43.227833
1489,3.0166645,181,0,33.189396,0.26140445,-43.08711
1490,3.0166645,181,0,74.99494,0.26625365,-43.116436
1491,3.0166645,181,0,77.72118,0.2608193,-43.203663
1492,3.0166645,181,0,171.71974,0.2689184,-43.1492
1493,3.0166645,181,0,278.33847,0.26598135,-43.352905
1494,3.0166645,181,0,220.71272,0.26480594,-43.23947
1495,3.0166645,181,0,19.003109,0.2589924,-43.255234
1496,3.0166645,181,0,10.810703,0.26629832,-43.285572
1497,3.0166645,181,0,54.37799,0.26503623,-43.130947
1498,3.0166645,181,0,114.23501,0.27114192,-43.295395
1499,3.0166645,181,0,185.42587,0.26702973,-43.29076
1500,3.0166645,181,0,272.88022,0.27244848,-43.213306
1501,3.0166645,181,0,39.664326,0.2703673,-43.400093
1502,3.0166645,181,0,61.601955,0.2715049,-43.36117
1503,3.0166645,181,0,45.39025,0.27354333,-43.47246
1504,3.0166645,181,0,204.48961,0.27101603,-43.36777
1505,3.0166645,181,0,47.40378,0.2649144,-43.420414
1506,0.58333343,35,0,5.429558,0.2924039,-43.574623
1507,3.0166645,181,0,115.402985,0.26641124,-43.529606
1508,3.0166645,181,0,53.81858,0.26845163,-43.618073
1509,3.0166645,181,0,198.29346,0.27070004,-43.570854
1510,0.68333334,41,0,1.046405,0.27307123,-43.662537
1511,3.0166645,181,0,58.99986,0.27591538,-43.68458
1512,0.7,42,0,2.2533638,0.26032323,-43.731884
1513,3.0166645,181,0,285.62955,0.27086458,-43.811703
1514,3.0166645,181,0,283.24567,0.26956835,-43.5565
1515,3.0166645,181,0,90.56311,0.27460176,-43.856613
1516,3.0166645,181,0,119.41206,0.27627543,-43.977146
1517,3.0166645,181,0,247.63759,0.2669632,-43.96852
1518,3.0166645,181,0,91.89613,0.2694475,-43.936092
1519,3.0166645,181,0,99.30219,0.2733548,-44.073013
1520,3.0166645,181,0,39.159153,0.27214718,-44.218727
1521,3.0166645,181,0,232.07434,0.27275553,-44.144375
1522,3.0166645,181,0,196.1078,0.2745278,-44.13664
1523,3.0166645,181,0,278.9594,0.28000456,-44.232475
1524,3.0166645,181,0,55.10167,0.28106886,-44.354267
1525,1.6666658,100,0,7.414354,0.27762297,-44.24701
1526,3.0166645,181,0,86.272316,0.27838045,-44.340874
1527,3.0166645,181,0,103.76393,0.2781549,-44.367046
1528,0.78333324,47,0,12.355797,0.2857362,-44.64355
1529,0.55000013,33,0,5.5523524,0.28090662,-44.605156
1530,3.0166645,181,0,152.60167,0.28169093,-44.45794
1531,3.0166645,181,0,56.677505,0.2793086,-44.593594
1532,1.9333322,116,0,6.436721,0.2854701,-44.815414
1533,3.0166645,181,0,174.1217,0.2891197,-44.685333
1534,3.0166645,181,0,254.3434,0.28635904,-44.861443
1535,2.4333317,146,0,19.242075,0.27965617,-44.866432
1536,3.0166645,181,0,81.98933,0.2842924,-44.850006
1537,3.0166645,181,0,196.84737,0.28635412,-44.846207
1538,1.2166662,73,0,1.3299152,0.28948224,-45.09181
1539,3.0166645,181,0,116.610825,0.2848379,-45.085434
1540,2.0499988,123,0,12.64744,0.28774717,-45.058823
1541,3.0166645,181,0,63.626736,0.2880209,-44.989647
1542,2.0499988,123,0,28.48469,0.29209733,-45.05012
1543,2.749998,165,0,33.76569,0.29108104,-45.085545
1544,1.9333322,116,0,10.92663,0.29024312,-44.99569
1545,3.0166645,181,0,84.67687,0.2945293,-45.158188
1546,3.0166645,181,0,46.0023,0.2856191,-45.23123
1547,3.0166645,181,0,177.90622,0.28834176,-45.212723
1548,0.6000001,36,0,0.97922254,0.29729757,-45.248974
1549,3.0166645,181,0,100.34989,0.28845903,-45.250496
1550,3.0166645,181,0,243.49548,0.29058254,-45.211025
1551,3.0166645,181,0,245.92374,0.29137558,-45.262672
1552,3.0166645,181,0,234.3097,0.2962866,-45.421593
1553,3.0166645,181,0,206.48752,0.29419735,-45.576168
1554,2.0499988,123,0,12.717904,0.29333323,-45.484093
1555,3.0166645,181,0,114.59734,0.2949929,-45.48084
1556,1.083333,65,0,4.531579,0.3035039,-45.43887
1557,2.849998,171,0,83.207436,0.2955371,-45.395058
1558,3.0166645,181,0,65.01534,0.2989958,-45.338623
1559,3.0166645,181,0,265.19528,0.29873353,-45.526592
1560,1.6166658,97,0,6.34597,0.3000787,-45.344906
1561,3.0166645,181,0,240.8687,0.2966968,-45.494194
1562,2.416665,145,0,55.431614,0.29189718,-45.44728
1563,2.2833319,137,0,26.929993,0.29476374,-45.4722
1564,0.5666668,34,0,1.283817,0.30250794,-45.556526
1565,1.5833325,95,0,12.005274,0.29791343,-45.28502
1566,3.0166645,181,0,264.3481,0.30194515,-45.392307
1567,3.0166645,181,0,60.83535,0.30079266,-45.36834
1568,2.466665,148,0,62.83628,0.29731572,-45.33721
1569,1.4499993,87,0,11.796816,0.29870534,-45.31767
1570,2.183332,131,0,39.298298,0.29942945,-45.339176
1571,0.58333343,35,0,1.4287789,0.29227972,-45.347996
1572,3.0166645,181,0,269.6713,0.29606476,-45.390507
1573,3.0166645,181,0,113.12561,0.30130625,-45.256824
1574,0.98333305,59,0,1.3092073,0.2943604,-45.24411
1575,1.5333326,92,0,2.3628523,0.2963355,-45.18028
1576,1.5499992,93,0,63.551178,0.30260274,-45.277702
1577,1.4999993,90,0,23.74832,0.29712108,-45.32335
1578,3.0166645,181,0,260.556,0.30021378,-45.238846
1579,1.9833322,119,0,36.854015,0.29592103,-45.296745
1580,1.8999989,114,0,24.329819,0.29944894,-45.286015
1581,2.8666646,172,0,64.47258,0.29480633,-45.292297
1582,3.0166645,181,0,146.55695,0.30491248,-45.157654
1583,3.0166645,181,0,96.158394,0.303989,-45.182137
1584,2.9166646,175,0,44.52744,0.30385017,-45.17297
1585,3.0166645,181,0,48.252525,0.300588,-45.088394
1586,0.8999998,54,0,14.39128,0.30777913,-45.00674
1587,0.9333331,56,0,4.377913,0.3058035,-45.02683
1588,2.5999982,156,0,19.933718,0.306332,-45.107647
1589,2.6999981,162,0,36.55138,0.30375677,-44.981056
1590,2.0666654,124,0,22.799717,0.30129194,-45.041225
1591,3.0166645,181,0,37.560375,0.30757675,-44.9495
1592,0.58333343,35,0,0.32835048,0.29892555,-44.9714
1593,0.88333315,53,0,1.4627168,0.30366734,-44.81616
1594,3.0166645,181,0,175.69221,0.30088246,-44.94023
1595,0.6666667,40,0,1.055104,0.30920845,-44.879383
1596,3.0166645,181,0,37.611706,0.29965138,-44.931705
1597,1.9499989,117,0,27.416288,0.3040094,-44.92045
1598,1.1999996,72,0,13.925583,0.30252218,-44.943375
1599,3.0166645,181,0,56.67724,0.3078467,-44.727005
1600,3.0166645,181,0,66.64208,0.30120307,-44.71587
1601,2.616665,157,0,105.212944,0.3142838,-44.747894
1602,0.7333333,44,0,2.2285998,0.3054521,-44.585594
1603,1.4999993,90,0,8.494952,0.30953938,-44.633575
1604,2.849998,171,0,58.49147,0.30643272,-44.67015
1605,2.4999983,150,0,82.957436,0.3015403,-44.735344
1606,3.0166645,181,0,103.11892,0.29744744,-44.676037
1607,3.0166645,181,0,131.46078,0.2987254,-44.59182
1608,3.0166645,181,0,65.03721,0.29826212,-44.737904
1609,3.0166645,181,0,62.685623,0.29856613,-44.660458
1610,2.9333313,176,0,21.795475,0.29588205,-44.38483
1611,2.1666653,130,0,76.7896,0.30183777,-44.363697
1612,3.0166645,181,0,71.93398,0.2957737,-44.566483
1613,3.0166645,181,0,77.42955,0.29587808,-44.297012
1614,3.0166645,181,0,117.78151,0.29595083,-44.25882
1615,0.91666645,55,0,5.3229337,0.3017196,-44.289024
1616,1.7833323,107,0,53.342194,0.28564927,-44.33128
1617,3.0166645,181,0,210.35608,0.2910292,-44.181885
1618,3.0166645,181,0,240.30862,0.28926817,-44.32912
1619,1.0499997,63,0,8.246853,0.29052073,-44.30765
1620,0.9333331,56,0,4.1958447,0.28639215,-44.208065
1621,1.4499993,87,0,4.134018,0.2873989,-44.14067
1622,3.0166645,181,0,148.1128,0.2953267,-44.22191
1623,1.3333328,80,0,1.5853945,0.29294714,-44.13889
1624,3.0166645,181,0,83.84359,0.29019526,-44.05809
1625,3.0166645,181,0,185.92365,0.29540932,-44.244907
1626,3.0166645,181,0,156.10982,0.28996775,-44.172398
1627,3.0166645,181,0,177.1968,0.28847006,-44.016724
1628,3.0166645,181,0,231.97592,0.28556082,-44.11213
1629,3.0166645,181,0,233.32542,0.2859561,-44.08762
1630,3.0166645,181,0,274.1788,0.28505912,-44.171165
1631,3.0166645,181,0,111.35376,0.28850132,-44.076424
1632,3.0166645,181,0,200.31154,0.28480422,-44.2215
1633,3.0166645,181,0,188.944,0.2864082,-44.22492
1634,3.0166645,181,0,246.38503,0.28528044,-44.171043
1635,1.9166656,115,0,0.9411579,0.28455025,-44.124588
1636,3.0166645,181,0,124.87697,0.28109047,-44.21571
1637,3.0166645,181,0,65.99722,0.2770482,-44.1623
1638,3.0166645,181,0,171.20702,0.2783078,-44.10242
1639,3.0166645,181,0,139.26962,0.27762398,-44.143593
1640,3.0166645,181,0,103.92628,0.27268738,-44.182228
1641,3.0166645,181,0,132.03146,0.27678967,-44.28253
1642,3.0166645,181,0,93.3518,0.267308,-44.21713
1643,3.0166645,181,0,131.90532,0.27366745,-44.1826
1644,3.0166645,181,0,257.32904,0.27061558,-44.073074
1645,3.0166645,181,0,195.39893,0.26833612,-44.20799
1646,3.0166645,181,0,274.2052,0.2665663,-44.164814
1647,1.3999994,84,0,2.9849896,0.2700177,-44.26099
1648,3.0166645,181,0,111.75,0.2614174,-44.266376
1649,3.0166645,181,0,193.75197,0.26147997,-44.106968
1650,3.0166645,181,0,118.94652,0.25959957,-44.257866
1651,3.0166645,181,0,154.25911,0.26121217,-44.171764
1652,3.0166645,181,0,124.57848,0.2627361,-44.274437
1653,3.0166645,181,0,158.7039,0.26525307,-44.207466
1654,3.0166645,181,0,266.9163,0.2591388,-44.140972
1655,3.0166645,181,0,135.84688,0.2567407,-44.24534
1656,3.0166645,181,0,104.525696,0.2636406,-44.31169
1657,3.0166645,181,0,205.45705,0.2555848,-44.417717
1658,3.0166645,181,0,241.27614,0.2576847,-44.335712
1659,3.0166645,181,0,6.28113,0.2506087,-44.281197
1660,3.0166645,181,0,158.92595,0.25491074,-44.344067
1661,3.0166645,181,0,108.1587,0.25684735,-44.364132
1662,3.0166645,181,0,251.42052,0.24884513,-44.42622
1663,3.0166645,181,0,239.65482,0.25159377,-44.49507
1664,3.0166645,181,0,286.4262,0.2526687,-44.59078
1665,3.0166645,181,0,304.3681,0.2548106,-44.57708
1666,3.0166645,181,0,118.3134,0.25183257,-44.59567
1667,3.0166645,181,0,120.44157,0.25849953,-44.41962
1668,2.233332,134,0,5.031807,0.25149503,-44.638813
1669,3.0166645,181,0,140.90593,0.24802878,-44.70697
1670,3.0166645,181,0,110.030106,0.24924678,-44.707447
1671,3.0166645,181,0,294.07336,0.24995086,-44.69184
1672,3.0166645,181,0,146.01213,0.2466192,-44.69597
1673,3.0166645,181,0,100.50487,0.24880257,-44.733154
1674,3.0166645,181,0,292.6003,0.2532232,-44.773495
1675,3.0166645,181,0,327.91663,0.24982765,-44.766003
1676,3.0166645,181,0,220.20688,0.25073045,-44.868004
1677,3.0166645,181,0,258.11386,0.24807686,-45.01318
1678,3.0166645,181,0,191.82501,0.24595776,-45.0687
1679,3.0166645,181,0,244.15424,0.24463475,-44.899765
1680,3.0166645,181,0,180.08223,0.24441563,-45.051945
1681,3.0166645,181,0,219.54053,0.24695762,-45.01425
1682,3.0166645,181,0,132.39005,0.24258149,-45.122852
1683,3.0166645,181,0,151.80096,0.24186924,-45.17541
1684,3.0166645,181,0,167.0568,0.24721216,-45.20542
1685,3.0166645,181,0,192.45053,0.24351086,-45.114105
1686,3.0166645,181,0,277.94882,0.24041858,-45.15865
1687,1.3666661,82,0,0.9535668,0.2448453,-45.280777
1688,3.0166645,181,0,259.4418,0.23596519,-45.224888
1689,3.0166645,181,0,250.48804,0.2423709,-45.22104
1690,3.0166645,181,0,254.37187,0.23949908,-45.425896
1691,3.0166645,181,0,310.81482,0.23501915,-45.61872
1692,3.0166645,181,0,307.35248,0.24175511,-45.396095
1693,3.0166645,181,0,134.91595,0.2395385,-45.427826
1694,3.0166645,181,0,86.017876,0.23817992,-45.466198
1695,3.0166645,181,0,138.33798,0.2329052,-45.390152
1696,3.0166645,181,0,121.5417,0.23853871,-45.45306
1697,3.0166645,181,0,182.46848,0.2379989,-45.627907
1698,3.0166645,181,0,189.16714,0.2387609,-45.58518
1699,3.0166645,181,0,302.0425,0.23545155,-45.62159
1700,3.0166645,181,0,89.98922,0.2412748,-45.693768
1701,3.0166645,181,0,305.9471,0.23875426,-45.68964
1702,3.0166645,181,0,126.26133,0.23694059,-45.700912
1703,3.0166645,181,0,130.60155,0.24071014,-45.645596
1704,3.0166645,181,0,250.33089,0.23643345,-45.85386
1705,3.0166645,181,0,185.4658,0.23847768,-45.90813
1706,3.0166645,181,0,290.60086,0.23231491,-45.993977
1707,3.0166645,181,0,188.72496,0.23517044,-45.961533
1708,3.0166645,181,0,307.50415,0.23736137,-46.094547
1709,3.0166645,181,0,213.7951,0.23992018,-46.048473
1710,3.0166645,181,0,206.94058,0.24180767,-46.0059
1711,3.0166645,181,0,143.70116,0.2415719,-46.15743
1712,3.0166645,181,0,179.57283,0.2417059,-46.14224
1713,3.0166645,181,0,208.8811,0.23673733,-46.2173
1714,3.0166645,181,0,17.849003,0.23528165,-46.15563
1715,3.0166645,181,0,182.51889,0.23847505,-46.210175
1716,3.0166645,181,0,11.198364,0.23284695,-46.296524
1717,3.0166645,181,0,205.86327,0.23711355,-46.188126
1718,1.1999996,72,0,2.7850943,0.2435745,-46.322613
1719,0.91666645,55,0,0.59998363,0.22708878,-46.461647
1720,3.0166645,181,0,192.73868,0.23604263,-46.288162
1721,3.0166645,181,0,185.46443,0.23711042,-46.387848
1722,3.0166645,181,0,171.0844,0.23863997,-46.303295
1723,3.0166645,181,0,174.16537,0.23831473,-46.381836
1724,3.0166645,181,0,288.69614,0.2367668,-46.416653
1725,3.0166645,181,0,277.2103,0.24523996,-46.529224
1726,3.0166645,181,0,225.21002,0.24085873,-46.523808
1727,3.0166645,181,0,152.58034,0.24474351,-46.418007
1728,3.0166645,181,0,142.37375,0.23812315,-46.613007
1729,3.0166645,181,0,181.2672,0.2389524,-46.432858
1730,3.0166645,181,0,248.62605,0.24095634,-46.64335
1731,3.0166645,181,0,242.43523,0.23649079,-46.595512
1732,3.0166645,181,0,232.52515,0.23923902,-46.770004
1733,3.0166645,181,0,32.524063,0.24006598,-46.665573
1734,3.0166645,181,0,107.52322,0.233976,-46.613228
1735,3.0166645,181,0,196.97241,0.23501581,-46.880363
1736,3.0166645,181,0,81.45665,0.23776942,-46.77663
1737,3.0166645,181,0,37.094917,0.23523796,-46.93199
1738,3.0166645,181,0,129.14195,0.23521732,-46.816517
1739,3.0166645,181,0,114.640366,0.23346294,-46.84688
1740,3.0166645,181,0,215.14146,0.2328091,-46.942616
1741,3.0166645,181,0,276.99652,0.23457132,-47.022778
1742,3.0166645,181,0,1.9969214,0.2352981,-47.104027
1743,3.0166645,181,0,100.08918,0.23808779,-47.1598
1744,3.0166645,181,0,64.2571,0.23510699,-47.209175
1745,3.0166645,181,0,75.88738,0.23565,-47.224316
1746,3.0166645,181,0,192.19437,0.23400329,-47.127853
1747,3.0166645,181,0,46.95242,0.23188682,-47.269276
1748,3.0166645,181,0,196.14445,0.23461586,-47.300083
1749,3.0166645,181,0,185.662,0.23648028,-47.351013
1750,3.0166645,181,0,124.50196,0.23570247,-47.198074
1751,3.0166645,181,0,194.25627,0.23525289,-47.344616
1752,3.0166645,181,0,80.521225,0.23199876,-47.45245
1753,3.0166645,181,0,253.22559,0.22894521,-47.509007
1754,3.0166645,181,0,109.67173,0.23259884,-47.533485
1755,1.0499997,63,0,3.5600746,0.22552508,-47.484413
1756,3.0166645,181,0,282.6373,0.23054227,-47.54178
1757,3.0166645,181,0,163.68045,0.23071164,-47.574993
1758,3.0166645,181,0,13.103581,0.22813852,-47.556904
1759,3.0166645,181,0,290.56424,0.22748412,-47.713345
1760,3.0166645,181,0,36.30172,0.22758628,-47.50011
1761,3.0166645,181,0,153.54488,0.22941858,-47.764893
1762,3.0166645,181,0,193.24388,0.23033592,-47.692
1763,3.0166645,181,0,104.71554,0.2324131,-47.94373
1764,3.0166645,181,0,217.96696,0.22726496,-47.756718
1765,3.0166645,181,0,10.532923,0.22773148,-47.658226
1766,3.0166645,181,0,58.596405,0.22851151,-47.78381
1767,3.0166645,181,0,1.430642,0.22787362,-47.81203
1768,3.0166645,181,0,30.081598,0.22762069,-47.853962
1769,3.0166645,181,0,143.2219,0.22685811,-47.960735
1770,3.0166645,181,0,116.68886,0.23201652,-47.951694
1771,3.0166645,181,0,135.63939,0.22508444,-47.94222
1772,3.0166645,181,0,298.64743,0.22632535,-47.900124
1773,3.0166645,181,0,82.70247,0.22494265,-48.011097
1774,3.0166645,181,0,82.78311,0.22853501,-48.153343
1775,3.0166645,181,0,0.99005616,0.22425437,-47.869473
1776,3.0166645,181,0,277.2789,0.22952782,-48.010223
1777,3.0166645,181,0,114.33116,0.22484465,-47.977097
1778,0.9999997,60,0,0.81262314,0.22856674,-47.93727
1779,3.0166645,181,0,132.96281,0.22284247,-48.077393
1780,3.0166645,181,0,101.9268,0.22691579,-48.01537
1781,3.0166645,181,0,47.85256,0.22550443,-48.0449
1782,3.0166645,181,0,68.06749,0.23041566,-48.05026
1783,3.0166645,181,0,225.39038,0.22171767,-48.030567
1784,3.0166645,181,0,53.113922,0.22543232,-47.934834
1785,3.0166645,181,0,283.96872,0.22496627,-47.87553
1786,3.0166645,181,0,221.14117,0.2243374,-48.011215
1787,3.0166645,181,0,130.17464,0.22708486,-48.05361
1788,2.7166648,163,0,0.4574846,0.21975262,-48.21678
1789,3.0166645,181,0,200.99481,0.22454175,-48.11322
1790,3.0166645,181,0,113.36033,0.22198398,-47.96025
1791,3.0166645,181,0,114.86622,0.21819627,-47.94737
1792,3.0166645,181,0,79.14374,0.22106689,-47.9551
1793,3.0166645,181,0,116.79262,0.22647104,-48.003433
1794,3.0166645,181,0,337.4231,0.22310767,-47.834564
1795,3.0166645,181,0,210.118,0.2236645,-48.003517
1796,3.0166645,181,0,183.88281,0.21970779,-47.962013
1797,3.0166645,181,0,179.75659,0.21988781,-47.974354
1798,3.0166645,181,0,112.77612,0.2204786,-48.019516
1799,3.0166645,181,0,148.67145,0.2178574,-47.99132
1800,3.0166645,181,0,153.54727,0.22191562,-48.032864
1801,3.0166645,181,0,270.01465,0.22678232,-47.84343
1802,3.0166645,181,0,166.35927,0.22471695,-47.8445
1803,3.0166645,181,0,241.3558,0.22383498,-48.125504
1804,1.3166661,79,0,1.9531657,0.22995691,-48.058655
1805,3.0166645,181,0,177.71126,0.22047134,-48.0753
1806,3.0166645,181,0,237.79977,0.22523968,-47.89175
1807,3.0166645,181,0,262.7484,0.2234703,-47.94054
1808,3.0166645,181,0,225.23369,0.21874678,-47.93576
1809,1.0999997,66,0,0.9575661,0.2238243,-47.820694
1810,3.0166645,181,0,288.1038,0.22446,-47.913013
1811,2.3499985,141,0,2.650573,0.22801466,-47.717434
1812,3.0166645,181,0,120.12193,0.22062378,-47.76263
1813,1.6833324,101,0,6.093255,0.22414206,-47.890663
1814,3.0166645,181,0,213.95769,0.2229542,-47.72486
1815,3.0166645,181,0,47.55616,0.2252736,-47.789383
1816,3.0166645,181,0,7.0547175,0.22194955,-47.524746
1817,3.0166645,181,0,161.35997,0.22517176,-47.644794
1818,3.0166645,181,0,33.670177,0.21950942,-47.562225
1819,3.0166645,181,0,205.21959,0.2251256,-47.61579
1820,3.0166645,181,0,157.00899,0.2237896,-47.538445
1821,3.0166645,181,0,96.833984,0.21996368,-47.430332
1822,3.0166645,181,0,203.54942,0.21841584,-47.47788
1823,3.0166645,181,0,21.486158,0.22102085,-47.40411
1824,3.0166645,181,0,206.00699,0.22565009,-47.336353
1825,3.0166645,181,0,126.21163,0.21934503,-47.23062
1826,3.0166645,181,0,192.18481,0.22240925,-47.35644
1827,3.0166645,181,0,302.21088,0.22122774,-47.477066
1828,3.0166645,181,0,1.5763756,0.2181444,-47.320118
1829,3.0166645,181,0,126.49898,0.2269661,-47.30746
1830,3.0166645,181,0,48.131687,0.22720851,-47.37703
1831,3.0166645,181,0,227.31084,0.2211826,-47.242493
1832,3.0166645,181,0,182.06706,0.22195213,-47.232635
1833,3.0166645,181,0,182.70024,0.22028682,-47.247517
1834,3.0166645,181,0,79.09944,0.22250669,-47.368736
1835,3.0166645,181,0,289.0824,0.22410528,-47.209343
1836,3.0166645,181,0,225.86296,0.22433133,-47.3223
1837,3.0166645,181,0,169.88635,0.2214389,-47.485584
1838,2.3833318,143,0,1.3817106,0.22524008,-46.99798
1839,3.0166645,181,0,45.468033,0.22906391,-47.12652
1840,3.0166645,181,0,149.31848,0.22486232,-47.063164
1841,3.0166645,181,0,234.2429,0.23008257,-47.173843
1842,3.0166645,181,0,230.06285,0.2252593,-47.055668
1843,2.4499984,147,0,31.940716,0.22846751,-47.0707
1844,3.0166645,181,0,194.61768,0.23253326,-47.072887
1845,3.0166645,181,0,256.86554,0.2307861,-47.09225
1846,3.0166645,181,0,43.399437,0.2301347,-47.163456
1847,1.8999989,114,0,7.328818,0.23534599,-46.938313
1848,3.0166645,181,0,161.36882,0.23623413,-46.910294
1849,3.0166645,181,0,68.219475,0.23510613,-46.944996
1850,3.0166645,181,0,124.41829,0.23333412,-46.921593
1851,3.0166645,181,0,282.2797,0.23928577,-46.84792
1852,3.0166645,181,0,218.59262,0.2395151,-46.87859
1853,3.0166645,181,0,273.50577,0.23722126,-46.856384
1854,1.3666661,82,0,2.251151,0.23815255,-46.655827
1855,2.1666653,130,0,2.8794534,0.24225008,-46.842827
1856,3.0166645,181,0,67.702835,0.2422409,-46.805134
1857,1.9333322,116,0,1.8896815,0.23908892,-46.95904
1858,3.0166645,181,0,84.14694,0.24903023,-46.786232
1859,3.0166645,181,0,125.00835,0.24441504,-46.85486
1860,3.0166645,181,0,138.7499,0.24520554,-46.86526
1861,3.0166645,181,0,152.69841,0.25094008,-46.804142
1862,3.0166645,181,0,214.15118,0.24731793,-46.67325
1863,3.0166645,181,0,202.32881,0.2505288,-46.73527
1864,3.0166645,181,0,163.37032,0.24774174,-46.802605
1865,3.0166645,181,0,119.68888,0.25341713,-46.569675
1866,3.0166645,181,0,244.45372,0.2529577,-46.671875
1867,3.0166645,181,0,5.8060575,0.25200713,-46.802288
1868,3.0166645,181,0,4.565353,0.25454357,-46.791195
1869,3.0166645,181,0,91.92673,0.2549414,-46.828644
1870,3.0166645,181,0,186.58554,0.2559537,-46.651485
1871,3.0166645,181,0,193.06248,0.26084763,-46.756447
1872,3.0166645,181,0,189.87912,0.25777635,-46.690872
1873,3.0166645,181,0,189.3706,0.2607012,-46.751625
1874,3.0166645,181,0,187.45123,0.25615114,-46.935993
1875,3.0166645,181,0,248.13377,0.2622015,-46.77401
1876,3.0166645,181,0,149.78206,0.26257733,-46.749657
1877,3.0166645,181,0,235.873,0.26313967,-46.807697
1878,3.0166645,181,0,166.01357,0.26075906,-46.807056
1879,2.1999986,132,0,2.3617747,0.26497248,-46.695145
1880,3.0166645,181,0,97.379486,0.26824954,-46.6787
1881,3.0166645,181,0,245.78362,0.26933286,-46.70044
1882,3.0166645,181,0,278.30698,0.26515976,-46.65297
1883,3.0166645,181,0,143.98325,0.26983032,-46.787277
1884,3.0166645,181,0,209.3583,0.2780231,-46.744587
1885,3.0166645,181,0,154.63379,0.2739678,-46.69751
1886,3.0166645,181,0,170.72275,0.27335504,-46.661568
1887,3.0166645,181,0,178.20688,0.2706181,-46.671646
1888,1.8999989,114,0,35.18213,0.2738444,-46.768116
1889,3.0166645,181,0,291.47153,0.27379903,-46.74789
1890,3.0166645,181,0,292.0034,0.27364662,-46.843117
1891,3.0166645,181,0,46.52497,0.27502948,-46.69796
1892,3.0166645,181,0,65.03736,0.27199215,-46.82048
1893,3.0166645,181,0,208.54274,0.27634636,-46.753857
1894,3.0166645,181,0,234.4327,0.27820492,-46.87523
1895,3.0166645,181,0,161.66788,0.27977479,-46.785706
1896,1.2333329,74,0,0.5431398,0.28361315,-46.513386
1897,3.0166645,181,0,191.66011,0.28007326,-46.725014
1898,3.0166645,181,0,82.44184,0.28392518,-46.824677
1899,3.0166645,181,0,60.180695,0.27884042,-46.7588
1900,3.0166645,181,0,162.42809,0.28155872,-46.64758
1901,3.0166645,181,0,76.59778,0.28056848,-46.69388
1902,3.0166645,181,0,197.79497,0.27706283,-46.765858
1903,3.0166645,181,0,182.78532,0.2767163,-46.581757
1904,3.0166645,181,0,138.14183,0.27731955,-46.648643
1905,3.0166645,181,0,152.12976,0.28095564,-46.66799
1906,3.0166645,181,0,298.70145,0.2824959,-46.647236
1907,2.2833319,137,0,25.537033,0.28285322,-46.674026
1908,1.749999,105,0,3.0176466,0.2766972,-46.90177
1909,3.0166645,181,0,218.64162,0.27173766,-46.656506
1910,0.9999997,60,0,2.4182427,0.28420922,-46.9617
1911,3.0166645,181,0,338.86703,0.27929834,-46.86961
1912,3.0166645,181,0,172.72676,0.28198597,-46.68492
1913,3.0166645,181,0,85.46255,0.28527448,-46.820023
1914,3.0166645,181,0,212.74208,0.28764617,-46.760067
1915,3.0166645,181,0,149.97504,0.28432328,-46.74811
1916,3.0166645,181,0,262.18427,0.28316146,-46.859196
1917,3.0166645,181,0,102.522224,0.29284006,-46.89357
1918,3.0166645,181,0,172.67998,0.28288236,-46.95154
1919,1.5166659,91,0,1.9993553,0.27701473,-46.924942
1920,3.0166645,181,0,100.75201,0.28513074,-46.93403
1921,3.0166645,181,0,115.214615,0.2849682,-46.944626
1922,3.0166645,181,0,309.14993,0.28500062,-46.70311
1923,3.0166645,181,0,202.49533,0.2938784,-46.989094
1924,3.0166645,181,0,164.5948,0.2874712,-47.003757
1925,3.0166645,181,0,190.96483,0.28791952,-46.825527
1926,3.0166645,181,0,214.669,0.28452858,-46.880363
1927,3.0166645,181,0,188.37933,0.2822162,-47.12941
1928,3.0166645,181,0,124.75843,0.2887145,-46.9534
1929,3.0166645,181,0,289.64627,0.2848592,-47.04485
1930,3.0166645,181,0,156.32745,0.2863068,-47.12197
1931,3.0166645,181,0,167.45845,0.29003373,-46.957993
1932,2.0999987,126,0,1.269792,0.2917205,-47.032005
1933,3.0166645,181,0,154.19473,0.28872404,-47.026356
1934,3.0166645,181,0,98.29301,0.29343143,-47.05454
1935,1.4333327,86,0,0.9392827,0.28617513,-47.342987
1936,3.0166645,181,0,168.31264,0.2941257,-47.111103
1937,3.0166645,181,0,212.12311,0.2981965,-47.025455
1938,3.0166645,181,0,204.91505,0.29456764,-47.265312
1939,3.0166645,181,0,199.91013,0.3019841,-47.19864
1940,3.0166645,181,0,9.822468,0.2974391,-47.11918
1941,3.0166645,181,0,272.92862,0.30689913,-47.214783
1942,3.0166645,181,0,219.7704,0.29507792,-47.3023
1943,3.0166645,181,0,225.3852,0.29608965,-47.26674
1944,3.0166645,181,0,275.83704,0.29870537,-47.328163
1945,3.0166645,181,0,1.7485428,0.30537748,-47.380554
1946,3.0166645,181,0,105.45421,0.30346948,-47.36007
1947,3.0166645,181,0,19.148937,0.31239337,-47.4872
1948,3.0166645,181,0,199.29385,0.3123838,-47.296192
1949,3.0166645,181,0,268.18686,0.3072071,-47.486248
1950,3.0166645,181,0,117.3407,0.3096397,-47.591686
1951,1.0666664,64,0,2.4387012,0.3162929,-47.54453
1952,1.3666661,82,0,8.064975,0.30892122,-47.68369
1953,3.0166645,181,0,209.12389,0.31559852,-47.589264
1954,3.0166645,181,0,55.115017,0.31093037,-47.62996
1955,3.0166645,181,0,10.825556,0.31086183,-47.683796
1956,3.0166645,181,0,284.9377,0.3163863,-47.821823
1957,3.0166645,181,0,178.09251,0.31743327,-47.823143
1958,1.749999,105,0,35.769253,0.3257521,-47.845406
1959,3.0166645,181,0,41.049088,0.31797448,-47.783154
1960,3.0166645,181,0,70.5074,0.32074913,-47.624
1961,3.0166645,181,0,5.6869493,0.32000604,-47.979126
1962,3.0166645,181,0,140.50304,0.3286347,-47.9069
1963,3.0166645,181,0,32.11008,0.32511982,-47.774464
1964,3.0166645,181,0,170.21527,0.32507423,-48.039116
1965,3.0166645,181,0,188.29239,0.3195892,-48.07012
1966,3.0166645,181,0,0.887427,0.31906343,-48.144344
1967,3.0166645,181,0,104.91382,0.3244162,-47.91786
1968,1.3166661,79,0,0.5038041,0.32374212,-48.171455
1969,3.0166645,181,0,93.18079,0.32479385,-48.195034
1970,3.0166645,181,0,111.29429,0.31729868,-48.21284
1971,3.0166645,181,0,141.57474,0.32505032,-48.23573
1972,3.0166645,181,0,238.7846,0.31896266,-48.24867
1973,3.0166645,181,0,121.11438,0.32372934,-48.376057
1974,1.416666,85,0,0.80534416,0.31747988,-48.362278
1975,1.8833323,113,0,0.26853734,0.3178915,-48.614204
1976,3.0166645,181,0,76.02198,0.32496998,-48.434788
1977,3.0166645,181,0,195.95325,0.3245838,-48.463306
1978,3.0166645,181,0,170.03348,0.31996167,-48.562954
1979,1.6166658,97,0,0.39890173,0.32364932,-48.37938
1980,3.0166645,181,0,185.33954,0.3245926,-48.53117
1981,3.0166645,181,0,247.89572,0.32128784,-48.67052
1982,3.0166645,181,0,209.90652,0.32527545,-48.726852
1983,3.0166645,181,0,221.05978,0.3168859,-48.982193
1984,3.0166645,181,0,104.36746,0.31673104,-48.803535
1985,3.0166645,181,0,164.67058,0.32378048,-49.027332
1986,1.4333327,86,0,0.63785136,0.32532555,-48.92963
1987,3.0166645,181,0,80.21756,0.31682694,-49.07811
1988,1.133333,68,0,3.3528712,0.32424483,-48.924652
1989,3.0166645,181,0,234.20662,0.32468724,-48.8295
1990,3.0166645,181,0,256.4263,0.3200567,-49.003323
1991,3.0166645,181,0,118.00967,0.3289394,-48.90389
1992,3.0166645,181,0,97.58901,0.32065874,-48.912163
1993,3.0166645,181,0,227.63208,0.3184469,-49.182373
1994,3.0166645,181,0,151.13701,0.32764226,-49.092873
1995,3.0166645,181,0,225.72922,0.32598537,-49.213123
1996,3.0166645,181,0,207.1357,0.32501516,-49.111546
1997,3.0166645,181,0,290.62964,0.32169577,-49.104134
1998,3.0166645,181,0,150.08212,0.32707626,-49.19924
1999,3.0166645,181,0,238.34215,0.32267594,-49.148663
2000,3.0166645,181,0,184.90205,0.33039933,-49.149807
2001,3.0166645,181,0,130.55411,0.325571,-49.21373
2002,3.0166645,181,0,200.02202,0.3277491,-49.265244
2003,3.0166645,181,0,158.16873,0.32416958,-49.482204
2004,3.0166645,181,0,150.26797,0.3253269,-49.288868
2005,3.0166645,181,0,212.89043,0.3237448,-49.440533
2006,3.0166645,181,0,311.68323,0.32877433,-49.534184
2007,3.0166645,181,0,211.75703,0.32167473,-49.701134
2008,3.0166645,181,0,134.26471,0.33050784,-49.47741
2009,3.0166645,181,0,141.91008,0.3391166,-49.565773
2010,3.0166645,181,0,150.57104,0.32716337,-49.710415
2011,3.0166645,181,0,172.98315,0.3175376,-49.682175
2012,2.9333313,176,0,8.7001505,0.33156025,-49.7727
2013,3.0166645,181,0,154.83589,0.32731017,-49.88074
2014,3.0166645,181,0,340.2088,0.32600042,-49.549023
2015,3.0166645,181,0,124.85891,0.32453614,-49.903625
2016,3.0166645,181,0,213.59486,0.319694,-49.483566
2017,3.0166645,181,0,148.39357,0.3180474,-49.896404
2018,3.0166645,181,0,161.41089,0.32625598,-49.88242
2019,3.0166645,181,0,130.4619,0.32610425,-49.951283
2020,3.0166645,181,0,152.93391,0.31944576,-50.15375
2021,3.0166645,181,0,108.35224,0.31753236,-50.015057
2022,3.0166645,181,0,159.80571,0.322919,-49.92708
2023,3.0166645,181,0,234.36151,0.31366885,-49.951847
2024,3.0166645,181,0,274.30533,0.32105327,-50.142315
2025,3.0166645,181,0,166.88129,0.32095557,-50.290703
2026,3.0166645,181,0,185.5634,0.32233444,-50.063095
2027,2.1499987,129,0,9.535483,0.31668845,-50.157143
2028,3.0166645,181,0,287.25488,0.3142377,-50.355774
2029,3.0166645,181,0,183.91747,0.31762883,-50.262337
2030,3.0166645,181,0,317.93005,0.3236642,-50.27591
2031,3.0166645,181,0,26.972826,0.32475612,-50.31573
2032,3.0166645,181,0,261.45245,0.31912974,-50.411716
2033,3.0166645,181,0,164.1551,0.31597233,-50.54215
2034,3.0166645,181,0,264.07663,0.3201473,-50.394516
2035,3.0166645,181,0,159.71558,0.3134612,-50.46827
2036,3.0166645,181,0,279.16803,0.32215914,-50.506
2037,3.0166645,181,0,251.86353,0.31541386,-50.566017
2038,3.0166645,181,0,188.32469,0.3224882,-50.58339
2039,3.0166645,181,0,224.98291,0.32367167,-50.541588
2040,3.0166645,181,0,209.00868,0.32220304,-50.554737
2041,3.0166645,181,0,311.87814,0.32581803,-50.76078
2042,3.0166645,181,0,179.88432,0.32802877,-50.784126
2043,3.0166645,181,0,314.016,0.32370943,-50.79599
2044,3.0166645,181,0,256.84482,0.32692894,-51.042767
2045,3.0166645,181,0,254.79823,0.32285058,-50.934532
2046,0.94999975,57,0,1.2752478,0.33064276,-51.020527
2047,3.0166645,181,0,264.7678,0.32417795,-51.01587
2048,3.0166645,181,0,203.15846,0.32979336,-51.11743
2049,3.0166645,181,0,160.99991,0.32888514,-50.988445
2050,3.0166645,181,0,175.76346,0.3244511,-51.08742
2051,3.0166645,181,0,272.64508,0.32337463,-51.272484
2052,3.0166645,181,0,211.67787,0.32527316,-51.14723
2053,3.0166645,181,0,172.52414,0.32366168,-51.241524
2054,3.0166645,181,0,202.45892,0.3352323,-51.23772
2055,3.0166645,181,0,304.4101,0.3269473,-51.24196
2056,3.0166645,181,0,249.42787,0.3269712,-51.48582
2057,3.0166645,181,0,193.19705,0.32599932,-51.598186
2058,3.0166645,181,0,1.7665868,0.32523727,-51.58603
2059,1.0666664,64,0,1.2415869,0.32330936,-51.28819
2060,3.0166645,181,0,223.47131,0.3213341,-51.567333
2061,3.0166645,181,0,1.5705417,0.33101097,-51.70953
2062,3.0166645,181,0,205.0845,0.32672736,-51.53546
2063,0.71666664,43,0,1.2629678,0.3243552,-51.61897
2064,3.0166645,181,0,179.37607,0.33363906,-51.57747
2065,3.0166645,181,0,199.02704,0.32798353,-51.719738
2066,3.0166645,181,0,238.76187,0.32361913,-51.72451
2067,0.9333331,56,0,4.139735,0.32586303,-51.777325
2068,3.0166645,181,0,147.5102,0.32496065,-51.88016
2069,3.0166645,181,0,205.74751,0.33610252,-51.807884
2070,3.0166645,181,0,72.41798,0.333881,-51.993584
2071,3.0166645,181,0,3.5417871,0.33636642,-52.0397
2072,3.0166645,181,0,303.8051,0.33420867,-52.068832
2073,3.0166645,181,0,231.58919,0.33489257,-52.149372
2074,3.0166645,181,0,114.9046,0.33769584,-52.439995
2075,1.5499992,93,0,3.8774626,0.3415123,-52.23229
2076,3.0166645,181,0,98.7662,0.34321666,-52.433006
2077,3.0166645,181,0,164.29332,0.34685674,-52.414417
2078,0.6666667,40,0,2.681382,0.33910456,-52.188698
2079,3.0166645,181,0,194.55722,0.34505615,-52.514027
2080,3.0166645,181,0,201.06395,0.34766588,-52.53593
2081,3.0166645,181,0,135.75307,0.34611604,-52.537083
2082,3.0166645,181,0,247.17606,0.34410667,-52.804962
2083,3.0166645,181,0,133.80382,0.34464833,-52.748615
2084,3.0166645,181,0,260.87912,0.34284985,-52.81844
2085,3.0166645,181,0,328.78632,0.3435136,-53.052032
2086,3.0166645,181,0,212.3621,0.35093722,-52.98463
2087,3.0166645,181,0,328.3338,0.34395427,-53.078686
2088,2.0499988,123,0,31.156458,0.34803793,-53.04747
2089,2.4499984,147,0,20.759193,0.35462058,-53.00976
2090,3.0166645,181,0,192.47392,0.35408944,-53.485416
2091,1.4999993,90,0,24.050652,0.3477999,-53.393528
2092,3.0166645,181,0,282.72382,0.35178894,-53.334743
2093,3.0166645,181,0,218.8344,0.3502047,-53.43472
2094,3.0166645,181,0,215.38875,0.3582832,-53.477707
2095,3.0166645,181,0,187.52347,0.3486375,-53.508217
2096,3.0166645,181,0,190.5321,0.35249984,-53.97134
2097,3.0166645,181,0,215.52953,0.35489455,-53.980625
2098,3.0166645,181,0,330.7983,0.34909314,-53.93173
2099,3.0166645,181,0,253.7347,0.35023907,-53.99036
2100,3.0166645,181,0,173.54437,0.35430297,-54.065643
2101,3.0166645,181,0,263.68683,0.360294,-54.30537
2102,3.0166645,181,0,77.306885,0.35483965,-54.288494
2103,3.0166645,181,0,112.19701,0.35855764,-54.1798
2104,3.0166645,181,0,140.13487,0.35724682,-54.379566
2105,3.0166645,181,0,157.05865,0.3568886,-54.11506
2106,3.0166645,181,0,153.15689,0.35754278,-54.368446
2107,3.0166645,181,0,103.6564,0.35336837,-54.19156
2108,3.0166645,181,0,174.42291,0.35974208,-54.474087
2109,3.0166645,181,0,132.00096,0.35862067,-54.463192
2110,3.0166645,181,0,190.99506,0.3560796,-54.47489
2111,3.0166645,181,0,178.98108,0.36464873,-54.484325
2112,1.3333328,80,0,0.22594735,0.3623635,-54.503456
2113,1.5333326,92,0,0.70281756,0.351852,-54.54635
2114,3.0166645,181,0,144.54526,0.36187783,-54.375355
2115,3.0166645,181,0,194.49655,0.36241338,-54.515358
2116,3.0166645,181,0,124.01012,0.36353034,-54.509895
2117,3.0166645,181,0,268.716,0.3560624,-54.50422
2118,3.0166645,181,0,145.43475,0.36018354,-54.679855
2119,3.0166645,181,0,80.95047,0.35993552,-54.47935
2120,3.0166645,181,0,123.21363,0.35159042,-54.565445
2121,3.0166645,181,0,262.37198,0.36660373,-54.43439
2122,3.0166645,181,0,242.46585,0.35718387,-54.599773
2123,3.0166645,181,0,179.02776,0.35897025,-54.60465
2124,3.0166645,181,0,279.05426,0.36342156,-54.613396
2125,3.0166645,181,0,145.96416,0.3537369,-54.702606
2126,3.0166645,181,0,142.94165,0.34354812,-54.72717
2127,3.0166645,181,0,237.98457,0.3491851,-54.61706
2128,3.0166645,181,0,194.51138,0.34448522,-54.519764
2129,3.0166645,181,0,139.44258,0.3564196,-54.37565
2130,3.0166645,181,0,142.69037,0.35189003,-54.549805
2131,3.0166645,181,0,177.67996,0.34200454,-54.72792
2132,3.0166645,181,0,276.04224,0.35066742,-54.777195
2133,3.0166645,181,0,103.7191,0.35305166,-54.709656
2134,3.0166645,181,0,324.1996,0.3533978,-54.721264
2135,3.0166645,181,0,160.87544,0.3452703,-54.990425
2136,3.0166645,181,0,172.13501,0.33647648,-54.863457
2137,3.0166645,181,0,156.46347,0.34239164,-54.894726
2138,1.1499996,69,0,1.6533393,0.33687407,-54.758892
2139,3.0166645,181,0,218.6346,0.34237763,-54.96927
2140,3.0166645,181,0,248.24794,0.3403917,-54.91694
2141,3.0166645,181,0,234.16762,0.34094262,-55.076378
2142,3.0166645,181,0,176.51472,0.3442612,-55.09137
2143,3.0166645,181,0,124.786354,0.32805392,-55.115234
2144,3.0166645,181,0,226.08405,0.3386259,-55.175983
2145,3.0166645,181,0,135.8778,0.33661544,-55.21808
2146,3.0166645,181,0,148.41814,0.33571196,-55.44767
2147,3.0166645,181,0,178.33244,0.33234587,-55.42207
2148,3.0166645,181,0,172.25175,0.32158214,-55.57768
2149,0.6666667,40,0,0.70480925,0.33299285,-55.09494
2150,3.0166645,181,0,190.95494,0.3219064,-55.651974
2151,3.0166645,181,0,155.90736,0.31678158,-55.44881
2152,1.1666663,70,0,0.6157732,0.327064,-55.64366
2153,3.0166645,181,0,8.435461,0.327341,-55.556473
2154,3.0166645,181,0,140.42247,0.32908747,-55.524868
2155,3.0166645,181,0,197.8955,0.32792938,-55.39004
2156,3.0166645,181,0,198.14394,0.33073062,-55.414112
2157,3.0166645,181,0,206.61638,0.32739472,-55.598713
2158,3.0166645,181,0,193.16345,0.32363954,-55.642693
2159,0.71666664,43,0,2.50196,0.3233739,-55.78508
2160,3.0166645,181,0,119.42134,0.32443675,-55.62698
2161,3.0166645,181,0,214.54591,0.32310003,-55.630127
2162,3.0166645,181,0,230.45352,0.32107496,-55.7385
2163,3.0166645,181,0,296.3264,0.31738275,-55.68362
2164,3.0166645,181,0,247.49771,0.32317474,-55.650898
2165,3.0166645,181,0,187.80463,0.3195372,-55.822037
2166,3.0166645,181,0,164.56332,0.31977424,-55.848366
2167,3.0166645,181,0,153.57703,0.31835514,-55.948418
2168,3.0166645,181,0,272.78632,0.31730404,-55.861477
2169,2.6666648,160,0,5.500865,0.3163613,-55.99804
2170,3.0166645,181,0,193.88646,0.3200791,-56.186817
2171,3.0166645,181,0,219.90337,0.31419468,-56.055283
2172,3.0166645,181,0,162.38435,0.31651115,-55.973408
2173,3.0166645,181,0,143.72519,0.3129731,-56.138447
2174,3.0166645,181,0,179.15184,0.31507462,-56.01786
2175,3.0166645,181,0,145.7742,0.31098384,-56.154438
2176,3.0166645,181,0,217.47072,0.3179844,-56.0642
2177,3.0166645,181,0,214.55261,0.3105907,-56.237835
2178,3.0166645,181,0,41.46056,0.30284563,-56.27576
2179,3.0166645,181,0,236.12575,0.31172684,-56.16102
2180,3.0166645,181,0,87.05964,0.31136024,-56.37102
2181,3.0166645,181,0,203.95323,0.30506465,-56.481358
2182,3.0166645,181,0,174.06958,0.3047009,-56.324398
2183,1.4999993,90,0,0.5002759,0.30482838,-56.517513
2184,3.0166645,181,0,235.19449,0.3096173,-56.38549
2185,3.0166645,181,0,192.92337,0.30709583,-56.496017
2186,3.0166645,181,0,164.61928,0.3085203,-56.582123
2187,3.0166645,181,0,71.24082,0.30507234,-56.470257
2188,3.0166645,181,0,154.84726,0.31118035,-56.76814
2189,3.0166645,181,0,185.69518,0.3122815,-56.849384
2190,3.0166645,181,0,114.31526,0.314973,-56.87943
2191,3.0166645,181,0,131.2015,0.31624794,-56.593067
2192,3.0166645,181,0,41.80896,0.31408045,-56.818806
2193,3.0166645,181,0,155.19061,0.32287583,-56.963383
2194,3.0166645,181,0,211.47705,0.3224193,-57.10665
2195,2.9999979,180,0,12.7160225,0.32407242,-57.04695
2196,3.0166645,181,0,87.663734,0.32567886,-56.789227
2197,3.0166645,181,0,146.16452,0.3266405,-57.049454
2198,3.0166645,181,0,170.2945,0.33446681,-56.902435
2199,3.0166645,181,0,188.64232,0.33292472,-57.10648
2200,3.0166645,181,0,96.885216,0.32781273,-57.23619
2201,3.0166645,181,0,186.25357,0.33073944,-57.343384
2202,3.0166645,181,0,153.78687,0.32996824,-57.250103
2203,3.0166645,181,0,125.91106,0.3367535,-57.217186
2204,3.0166645,181,0,142.51155,0.3309055,-57.304295
2205,3.0166645,181,0,36.27441,0.33185858,-57.437935
2206,3.0166645,181,0,45.56113,0.33065647,-57.249
2207,3.0166645,181,0,183.56635,0.32962653,-57.305016
2208,3.0166645,181,0,221.56123,0.32615554,-57.225483
2209,0.7666666,46,0,0.377304,0.32838485,-57.17119
2210,3.0166645,181,0,243.71843,0.32857397,-57.285763
2211,3.0166645,181,0,129.97672,0.33076036,-57.55683
2212,3.0166645,181,0,211.04861,0.3276465,-57.205013
2213,3.0166645,181,0,200.03778,0.31918684,-57.38667
2214,3.0166645,181,0,113.13549,0.3207272,-57.218925
2215,3.0166645,181,0,217.9713,0.32386965,-57.19455
2216,3.0166645,181,0,358.71152,0.31938004,-57.27609
2217,3.0166645,181,0,177.47186,0.32112822,-57.252182
2218,3.0166645,181,0,234.93712,0.31593737,-57.21959
2219,3.0166645,181,0,239.4955,0.3194821,-57.094307
2220,3.0166645,181,0,138.62054,0.31898636,-57.20136
2221,3.0166645,181,0,51.84035,0.3136147,-57.18002
2222,3.0166645,181,0,307.33206,0.310872,-57.190823
2223,3.0166645,181,0,16.187918,0.3095186,-57.279552
2224,3.0166645,181,0,161.41438,0.31049716,-57.174183
2225,3.0166645,181,0,187.26122,0.30415744,-56.989223
2226,3.0166645,181,0,93.445564,0.2992884,-56.989716
2227,3.0166645,181,0,203.02908,0.30075243,-56.99244
2228,3.0166645,181,0,216.62413,0.29864654,-57.159092
2229,2.7333314,164,0,2.1931102,0.3086755,-56.92367
2230,3.0166645,181,0,134.03848,0.29633138,-56.861126
2231,3.0166645,181,0,119.72475,0.30072856,-56.97603
2232,3.0166645,181,0,326.33524,0.2968947,-56.889137
2233,3.0166645,181,0,242.41734,0.29362702,-56.97853
2234,3.0166645,181,0,99.46591,0.2943653,-57.068813
2235,3.0166645,181,0,205.82721,0.29301992,-56.898758
2236,3.0166645,181,0,143.32817,0.30500293,-56.904297
2237,3.0166645,181,0,193.96512,0.30289382,-56.973656
2238,3.0166645,181,0,166.95158,0.29524025,-56.908745
2239,3.0166645,181,0,168.53773,0.30088967,-57.020176
2240,3.0166645,181,0,60.64901,0.30625188,-57.043873
2241,3.0166645,181,0,233.92828,0.3038002,-57.051666
2242,3.0166645,181,0,89.99928,0.3149499,-56.936268
2243,3.0166645,181,0,196.88606,0.30543268,-57.174263
2244,3.0166645,181,0,72.19935,0.30929226,-57.141262
2245,3.0166645,181,0,118.52115,0.307864,-57.204266
2246,3.0166645,181,0,124.36329,0.312898,-57.15298
2247,3.0166645,181,0,305.96204,0.306303,-57.173725
2248,3.0166645,181,0,7.312798,0.30752572,-57.12619
2249,3.0166645,181,0,52.235653,0.3079265,-57.035614
2250,3.0166645,181,0,126.351036,0.31668952,-56.94791
2251,3.0166645,181,0,121.10411,0.31746998,-57.008396
2252,3.0166645,181,0,177.43745,0.3196188,-56.916824
2253,3.0166645,181,0,127.52595,0.32221416,-56.836018
2254,3.0166645,181,0,2.5699618,0.3217204,-56.96876
2255,3.0166645,181,0,164.78816,0.32273337,-57.12626
2256,3.0166645,181,0,209.2925,0.32244346,-57.10375
2257,3.0166645,181,0,93.13523,0.3161179,-57.160725
2258,3.0166645,181,0,207.0672,0.31791034,-57.117382
2259,3.0166645,181,0,206.39893,0.31596228,-57.0962
2260,3.0166645,181,0,280.5325,0.32062837,-57.062878
2261,3.0166645,181,0,200.62912,0.31868732,-56.82925
2262,3.0166645,181,0,176.74042,0.31785086,-57.080563
2263,3.0166645,181,0,64.8199,0.3138024,-56.84168
2264,3.0166645,181,0,284.40738,0.31942955,-57.13092
2265,3.0166645,181,0,246.809,0.32157677,-57.10817
2266,3.0166645,181,0,200.34644,0.32188782,-57.12877
2267,3.0166645,181,0,167.27522,0.33107647,-57.128326
2268,3.0166645,181,0,209.0325,0.32397863,-57.114296
2269,3.0166645,181,0,230.72174,0.32110098,-57.258095
2270,3.0166645,181,0,108.23546,0.31983677,-57.01036
2271,3.0166645,181,0,183.791,0.32328814,-57.17847
2272,3.0166645,181,0,159.09605,0.33052313,-57.030815
2273,3.0166645,181,0,165.26683,0.3278851,-57.165176
2274,3.0166645,181,0,236.89276,0.34051943,-57.095478
2275,3.0166645,181,0,125.88697,0.33816075,-57.098457
2276,3.0166645,181,0,209.24123,0.33987722,-56.88447
2277,3.0166645,181,0,147.50652,0.343391,-56.76896
2278,3.0166645,181,0,247.66803,0.34433144,-56.912617
2279,3.0166645,181,0,150.03967,0.33814752,-56.99004
2280,3.0166645,181,0,263.53824,0.3447295,-56.913216
2281,3.0166645,181,0,221.33429,0.34916726,-56.908924
2282,3.0166645,181,0,0.77413315,0.35351005,-56.946735
2283,3.0166645,181,0,6.7758245,0.35150734,-56.89973
2284,3.0166645,181,0,222.57437,0.34769437,-56.826313
2285,3.0166645,181,0,141.3065,0.3506693,-56.767693
2286,3.0166645,181,0,161.94731,0.35975045,-56.76594
2287,3.0166645,181,0,164.26006,0.36325654,-56.703907
2288,3.0166645,181,0,81.00046,0.36304066,-56.633507
2289,3.0166645,181,0,135.66673,0.3621994,-56.439987
2290,3.0166645,181,0,136.03696,0.36119714,-56.60177
2291,3.0166645,181,0,142.00087,0.3639199,-56.667904
2292,3.0166645,181,0,85.81888,0.3689698,-56.410122
2293,3.0166645,181,0,169.1265,0.3659909,-56.554764
2294,3.0166645,181,0,195.94043,0.36798108,-56.40546
2295,3.0166645,181,0,247.67746,0.37088528,-56.549015
2296,3.0166645,181,0,59.189564,0.3730237,-56.66448
2297,3.0166645,181,0,159.91734,0.36826178,-56.614895
2298,3.0166645,181,0,146.37997,0.36687577,-56.683796
2299,3.0166645,181,0,226.60497,0.37085938,-56.685406
2300,3.0166645,181,0,130.21503,0.37679768,-56.828045
2301,3.0166645,181,0,194.86623,0.3811588,-57.05563
2302,3.0166645,181,0,138.89964,0.38474643,-57.224953
2303,3.0166645,181,0,215.58107,0.37640232,-57.339996
2304,3.0166645,181,0,167.26736,0.3775412,-57.36355
2305,3.0166645,181,0,205.28278,0.37540755,-57.649822
2306,3.0166645,181,0,189.68045,0.37334007,-57.664948
2307,3.0166645,181,0,156.7698,0.37668112,-57.74618
2308,3.0166645,181,0,217.67943,0.37142548,-57.77591
2309,3.0166645,181,0,149.31863,0.36881095,-57.94217
2310,3.0166645,181,0,154.52667,0.36961275,-58.14647
2311,3.0166645,181,0,204.68921,0.3676277,-58.31844
2312,3.0166645,181,0,224.0506,0.37015206,-58.084793
2313,3.0166645,181,0,188.00551,0.3732312,-58.398144
2314,3.0166645,181,0,122.03536,0.36617756,-58.50424
2315,3.0166645,181,0,155.61232,0.36787218,-58.720802
2316,3.0166645,181,0,185.42061,0.3685788,-58.79922
2317,3.0166645,181,0,185.3643,0.37376827,-59.079597
2318,3.0166645,181,0,183.17476,0.3705607,-59.027126
2319,3.0166645,181,0,209.28062,0.3719554,-59.067966
2320,3.0166645,181,0,200.90604,0.38361853,-59.22462
2321,3.0166645,181,0,173.0003,0.37792167,-59.664406
2322,3.0166645,181,0,178.7931,0.38251537,-59.47789
2323,3.0166645,181,0,159.24774,0.3875446,-59.76585
2324,3.0166645,181,0,78.18827,0.3917182,-59.815887
2325,3.0166645,181,0,141.82143,0.39848414,-59.848103
2326,3.0166645,181,0,126.62756,0.3996394,-59.975582
2327,3.0166645,181,0,192.40904,0.40058506,-59.98931
2328,3.0166645,181,0,191.87941,0.39645624,-60.16021
2329,3.0166645,181,0,129.9032,0.40020108,-60.372555
2330,3.0166645,181,0,211.09242,0.40969175,-60.299847
2331,3.0166645,181,0,120.919304,0.40716574,-60.405575
2332,3.0166645,181,0,175.0276,0.40922034,-60.547344
2333,3.0166645,181,0,164.6169,0.40813646,-60.698586
2334,3.0166645,181,0,139.92361,0.41628066,-60.498672
2335,3.0166645,181,0,201.83025,0.4087047,-60.53981
2336,3.0166645,181,0,210.4051,0.42192492,-60.863102
2337,3.0166645,181,0,153.39345,0.41562447,-60.63456
2338,3.0166645,181,0,3.9680657,0.41406906,-60.623337
2339,3.0166645,181,0,185.80968,0.4148551,-60.608135
2340,3.0166645,181,0,1.782078,0.41150874,-60.799282
2341,3.0166645,181,0,132.73398,0.40748972,-60.727715
2342,3.0166645,181,0,178.158,0.41101253,-60.68243
2343,3.0166645,181,0,131.70406,0.39876395,-60.802113
2344,3.0166645,181,0,199.59767,0.39945787,-60.541958
2345,3.0166645,181,0,131.94875,0.4002621,-60.481075
2346,3.0166645,181,0,245.46863,0.3966952,-60.630013
2347,3.0166645,181,0,212.13217,0.39495194,-60.702034
2348,3.0166645,181,0,176.09973,0.38906917,-60.405586
2349,3.0166645,181,0,192.64908,0.38882443,-60.625782
2350,3.0166645,181,0,222.06026,0.37724215,-60.54197
2351,3.0166645,181,0,177.87,0.37695432,-60.600178
2352,2.9166646,175,0,1.1979808,0.37832153,-60.446865
2353,3.0166645,181,0,194.36823,0.38002798,-60.47007
2354,3.0166645,181,0,158.35269,0.37789097,-60.301792
2355,3.0166645,181,0,124.13244,0.37815112,-60.302853
2356,3.0166645,181,0,1.6222498,0.37515157,-60.201122
2357,3.0166645,181,0,220.23737,0.37110275,-60.206932
2358,3.0166645,181,0,186.48972,0.37443632,-60.103363
2359,3.0166645,181,0,283.3435,0.36376312,-60.073986
2360,3.0166645,181,0,114.31328,0.3713793,-60.145664
2361,3.0166645,181,0,0.76465243,0.37120882,-59.968243
2362,3.0166645,181,0,195.7686,0.36987114,-59.754917
2363,3.0166645,181,0,213.05873,0.3631494,-59.656197
2364,3.0166645,181,0,104.65205,0.3639846,-59.85113
2365,3.0166645,181,0,177.9746,0.35620713,-59.928482
2366,3.0166645,181,0,251.45859,0.35602418,-59.760605
2367,3.0166645,181,0,204.37347,0.35115427,-59.674984
2368,3.0166645,181,0,251.18265,0.3511887,-59.55626
2369,3.0166645,181,0,204.94533,0.34956458,-59.403976
2370,3.0166645,181,0,218.60727,0.34680825,-59.579365
2371,3.0166645,181,0,136.35602,0.34942064,-59.506134
2372,3.0166645,181,0,148.6208,0.34648517,-59.488815
2373,3.0166645,181,0,227.81085,0.34816423,-59.390865
2374,3.0166645,181,0,220.14413,0.34612137,-59.492382
2375,3.0166645,181,0,1.6723583,0.33969608,-59.420586
2376,3.0166645,181,0,209.20502,0.3455857,-59.24113
2377,3.0166645,181,0,159.33437,0.34585434,-59.318665
2378,3.0166645,181,0,8.21153,0.33819756,-59.08014
2379,3.0166645,181,0,176.52882,0.33303094,-59.176056
2380,3.0166645,181,0,174.74492,0.333103,-59.004745
2381,3.0166645,181,0,290.7198,0.32836288,-59.02345
2382,3.0166645,181,0,135.38824,0.3318847,-58.95172
2383,3.0166645,181,0,213.67638,0.32586518,-58.996426
2384,3.0166645,181,0,153.04433,0.32837892,-58.90607
2385,3.0166645,181,0,92.923164,0.32434765,-58.89913
2386,3.0166645,181,0,120.18523,0.3206881,-58.95652
2387,3.0166645,181,0,98.390274,0.31772,-58.848915
2388,3.0166645,181,0,210.31226,0.32146627,-58.894966
2389,3.0166645,181,0,226.92456,0.32166174,-58.977345
2390,3.0166645,181,0,230.5043,0.32264647,-59.078457
2391,1.5999992,96,0,4.5667186,0.3128058,-59.126736
2392,3.0166645,181,0,33.834873,0.31523532,-58.986694
2393,3.0166645,181,0,128.48955,0.31139776,-59.08495
2394,3.0166645,181,0,193.8109,0.30141902,-59.10415
2395,3.0166645,181,0,35.98722,0.31195486,-59.33988
2396,3.0166645,181,0,55.525295,0.30146855,-59.292072
2397,3.0166645,181,0,191.42606,0.3019626,-59.40676
2398,3.0166645,181,0,255.87253,0.2946536,-59.62
2399,3.0166645,181,0,296.754,0.2885073,-59.627346
2400,3.0166645,181,0,29.66404,0.28625014,-59.856052
2401,1.799999,108,0,8.8419,0.28881258,-60.027504
2402,3.0166645,181,0,144.35953,0.28999826,-59.77232
2403,3.0166645,181,0,279.3393,0.2808786,-59.929398
2404,3.0166645,181,0,274.7906,0.28015447,-60.24455
2405,1.5333326,92,0,1.6073533,0.2918226,-60.045696
2406,2.5999982,156,0,48.716476,0.2822501,-60.27442
2407,3.0166645,181,0,3.1217475,0.28507686,-60.206398
2408,3.0166645,181,0,2.3581293,0.27951157,-60.221184
2409,3.0166645,181,0,106.94531,0.28677526,-60.14056
2410,3.0166645,181,0,260.26813,0.27445325,-60.39972
2411,1.9833322,119,0,53.177883,0.27472487,-60.357697
2412,3.0166645,181,0,237.91418,0.27662912,-60.425144
2413,3.0166645,181,0,156.71248,0.2722291,-60.47248
2414,3.0166645,181,0,211.05267,0.27995116,-60.44464
2415,3.0166645,181,0,105.42633,0.27977756,-60.325966
2416,3.0166645,181,0,263.71365,0.28093106,-60.32432
2417,3.0166645,181,0,109.54918,0.2801781,-60.554863
2418,3.0166645,181,0,253.46094,0.27789587,-60.589325
2419,3.0166645,181,0,79.67001,0.27963358,-60.50775
2420,3.0166645,181,0,266.5249,0.27390483,-60.40626
2421,3.0166645,181,0,86.37858,0.27458793,-60.453377
2422,1.1666663,70,0,25.91106,0.28025332,-60.391136
2423,3.0166645,181,0,96.549,0.27460656,-60.533848
2424,3.0166645,181,0,210.03874,0.27201682,-60.350395
2425,3.0166645,181,0,67.74031,0.27268654,-60.345955
2426,3.0166645,181,0,61.03897,0.28104007,-60.105244
2427,3.0166645,181,0,218.1006,0.27335772,-59.975918
2428,1.3166661,79,0,43.231224,0.28883648,-59.989086
2429,3.0166645,181,0,272.29242,0.27766708,-59.994316
2430,3.0166645,181,0,180.6144,0.27338207,-60.221428
2431,3.0166645,181,0,133.68199,0.27711976,-59.872524
2432,3.0166645,181,0,8.71107,0.29171804,-59.814075
2433,0.74999994,45,0,2.197185,0.28089347,-59.85547
2434,3.0166645,181,0,173.84789,0.2870664,-59.744637
2435,3.0166645,181,0,136.43088,0.28308377,-59.739475
2436,3.0166645,181,0,252.99089,0.28824326,-59.403637
2437,3.0166645,181,0,200.22945,0.2822545,-59.524475
2438,3.0166645,181,0,11.898007,0.28478014,-59.526516
2439,0.58333343,35,0,2.0087655,0.279481,-59.387684
2440,0.6666667,40,0,0.6772447,0.27479845,-59.262035
2441,3.0166645,181,0,84.66263,0.28708562,-59.365093
2442,3.0166645,181,0,166.23317,0.28226003,-59.335583
2443,3.0166645,181,0,44.315384,0.2822496,-59.208797
2444,3.0166645,181,0,224.84264,0.2804843,-59.380096
2445,3.0166645,181,0,101.71387,0.28705692,-59.368916
2446,1.5999992,96,0,20.729568,0.27863914,-59.33836
2447,3.0166645,181,0,179.59764,0.2809692,-59.23819
2448,3.0166645,181,0,82.86049,0.2819812,-59.170128
2449,3.0166645,181,0,136.24973,0.27936655,-59.16151
2450,3.0166645,181,0,137.4385,0.28073806,-59.032604
2451,0.8999998,54,0,2.1126885,0.28255036,-59.0567
2452,3.0166645,181,0,124.1463,0.28031573,-59.143772
2453,3.0166645,181,0,116.03493,0.2790454,-58.974445
2454,3.0166645,181,0,259.39154,0.2764925,-59.087177
2455,0.7,42,0,0.6566227,0.27301118,-58.97692
2456,3.0166645,181,0,172.07462,0.27418873,-58.90251
2457,3.0166645,181,0,67.31728,0.272464,-58.883957
2458,3.0166645,181,0,181.76466,0.27142993,-58.890007
2459,3.0166645,181,0,244.358,0.27255493,-58.999836
2460,3.0166645,181,0,259.09845,0.26391855,-58.936234
2461,3.0166645,181,0,103.851944,0.26705846,-59.009907
2462,3.0166645,181,0,132.34915,0.26456872,-59.04046
2463,3.0166645,181,0,215.78252,0.26252487,-58.840145
2464,3.0166645,181,0,281.68985,0.2602943,-59.06055
2465,3.0166645,181,0,240.54642,0.25868785,-59.092518
2466,1.6166658,97,0,21.061274,0.2572607,-59.102425
2467,3.0166645,181,0,192.87485,0.26129732,-58.97767
2468,3.0166645,181,0,169.15685,0.25870687,-59.054066
2469,3.0166645,181,0,216.2465,0.25589037,-59.133293
2470,3.0166645,181,0,263.07794,0.26387316,-59.064785
2471,3.0166645,181,0,281.15167,0.24670728,-59.029945
2472,0.6666667,40,0,0.29855317,0.2524108,-58.94884
2473,3.0166645,181,0,218.66335,0.25101113,-59.09621
2474,3.0166645,181,0,225.1322,0.25313926,-59.060738
2475,3.0166645,181,0,152.38136,0.24452186,-58.998062
2476,3.0166645,181,0,87.71552,0.25289157,-58.96413
2477,3.0166645,181,0,198.98788,0.24622948,-59.06531
2478,3.0166645,181,0,58.29893,0.2481832,-58.957935
2479,3.0166645,181,0,136.67711,0.2420909,-58.962734
2480,3.0166645,181,0,187.08102,0.25327784,-58.96954
2481,3.0166645,181,0,133.57307,0.24590619,-59.05606
2482,3.0166645,181,0,88.02609,0.24720904,-58.908417
2483,1.8666656,112,0,7.24825,0.24474776,-58.93824
2484,3.0166645,181,0,290.35898,0.24627246,-58.95087
2485,3.0166645,181,0,246.8674,0.24600998,-59.054283
2486,3.0166645,181,0,213.5703,0.24281366,-58.934864
2487,0.9666664,58,0,1.973374,0.24372873,-59.20846
2488,3.0166645,181,0,225.78188,0.24602357,-59.07705
2489,3.0166645,181,0,189.94052,0.24247806,-58.885498
2490,3.0166645,181,0,160.74104,0.2428647,-58.887646
2491,0.9333331,56,0,1.1380525,0.24353586,-58.860775
2492,3.0166645,181,0,285.26935,0.24521212,-59.084908
2493,3.0166645,181,0,276.02457,0.24243927,-58.989857
2494,3.0166645,181,0,210.32056,0.2368816,-59.038113
2495,3.0166645,181,0,254.26927,0.24693179,-59.056072
2496,3.0166645,181,0,198.03957,0.23941864,-58.98571
2497,3.0166645,181,0,169.58557,0.2417976,-59.178265
2498,3.0166645,181,0,244.39546,0.23803787,-59.192814
2499,3.0166645,181,0,90.28562,0.24291328,-59.27065
2500,3.0166645,181,0,225.97714,0.23918812,-59.0765
2501,3.0166645,181,0,212.97542,0.24403514,-59.190865
2502,3.0166645,181,0,226.91095,0.24405466,-59.10671
2503,3.0166645,181,0,281.6368,0.24239685,-59.005253
2504,3.0166645,181,0,212.33022,0.2410209,-59.144253
2505,0.74999994,45,0,0.77174467,0.2365463,-59.052486
2506,3.0166645,181,0,171.744,0.24255739,-59.127438
2507,3.0166645,181,0,157.09398,0.24358526,-59.060177
2508,0.7999999,48,0,1.2332621,0.24409953,-59.118797
2509,0.98333305,59,0,4.071076,0.24694094,-59.05164
2510,3.0166645,181,0,306.986,0.2470237,-58.96032
2511,3.0166645,181,0,97.04359,0.24793461,-58.87447
2512,3.0166645,181,0,245.17299,0.24901585,-58.91529
2513,3.0166645,181,0,206.93478,0.24498695,-59.019337
2514,3.0166645,181,0,118.82292,0.24524806,-59.006603
2515,3.0166645,181,0,288.77777,0.24918382,-58.767353
2516,3.0166645,181,0,192.67795,0.25112614,-58.97702
2517,1.3666661,82,0,4.761625,0.24695547,-58.897156
2518,3.0166645,181,0,311.48148,0.24776614,-58.93104
2519,3.0166645,181,0,287.67957,0.250863,-59.03428
2520,3.0166645,181,0,218.90228,0.24371624,-58.975945
2521,1.083333,65,0,2.333767,0.25360537,-59.018585
2522,3.0166645,181,0,128.4764,0.25181955,-58.95528
2523,3.0166645,181,0,3.272291,0.25446397,-58.938656
2524,3.0166645,181,0,0.5759855,0.25408635,-58.866463
2525,3.0166645,181,0,289.29147,0.25375205,-58.90569
2526,3.0166645,181,0,332.6711,0.2583499,-58.85549
2527,3.0166645,181,0,202.46703,0.2571594,-58.94771
2528,3.0166645,181,0,178.33722,0.26206264,-58.825993
2529,3.0166645,181,0,276.68524,0.25328493,-58.740524
2530,3.0166645,181,0,271.72095,0.2611449,-58.648632
2531,3.0166645,181,0,322.29456,0.26134774,-58.75445
2532,3.0166645,181,0,233.1845,0.26335615,-58.779655
2533,3.0166645,181,0,173.41972,0.2584364,-58.877888
2534,3.0166645,181,0,87.21271,0.2652785,-58.778748
2535,3.0166645,181,0,302.48843,0.25648203,-58.899857
2536,3.0166645,181,0,226.59953,0.26047564,-58.890514
2537,3.0166645,181,0,319.14423,0.2636116,-58.669716
2538,3.0166645,181,0,41.042892,0.2644486,-58.77096
2539,3.0166645,181,0,283.9213,0.26544124,-58.831867
2540,3.0166645,181,0,247.8203,0.2619793,-58.963158
2541,3.0166645,181,0,199.27748,0.26331502,-58.86813
2542,3.0166645,181,0,220.45465,0.2673789,-58.871788
2543,3.0166645,181,0,272.16046,0.26247358,-58.829117
2544,3.0166645,181,0,205.27266,0.25631756,-58.933205
2545,3.0166645,181,0,232.39989,0.2631592,-58.905315
2546,3.0166645,181,0,0.9086935,0.26501736,-58.906162
2547,3.0166645,181,0,200.8429,0.26410893,-58.92299
2548,3.0166645,181,0,229.99876,0.26799163,-58.871567
2549,3.0166645,181,0,264.22623,0.26620406,-58.80115
2550,3.0166645,181,0,244.23529,0.26657352,-58.83298
2551,3.0166645,181,0,237.41618,0.26262406,-58.92816
2552,3.0166645,181,0,156.07196,0.26770785,-59.017967
2553,3.0166645,181,0,253.21278,0.26241037,-59.112015
2554,3.0166645,181,0,60.50182,0.26618266,-59.071056
2555,3.0166645,181,0,204.12143,0.2649611,-59.020473
2556,3.0166645,181,0,259.15054,0.26221225,-59.032543
2557,3.0166645,181,0,170.60472,0.260732,-59.023117
2558,3.0166645,181,0,133.49992,0.2671661,-59.08482
2559,3.0166645,181,0,55.768314,0.2632754,-58.92979
2560,3.0166645,181,0,146.90434,0.26561254,-59.146164
2561,1.9833322,119,0,6.613851,0.26237994,-59.136723
2562,3.0166645,181,0,230.01875,0.26044175,-59.048813
2563,3.0166645,181,0,242.17603,0.26678607,-58.985313
2564,3.0166645,181,0,196.59576,0.26552102,-59.093716
2565,3.0166645,181,0,107.34955,0.2643348,-59.022827
2566,3.0166645,181,0,213.36617,0.2657897,-58.960114
2567,3.0166645,181,0,81.16965,0.26223084,-59.001762
2568,3.0166645,181,0,216.5827,0.2594599,-59.002663
2569,3.0166645,181,0,145.04836,0.2655536,-59.020035
2570,3.0166645,181,0,143.7904,0.26873747,-58.911835
2571,3.0166645,181,0,252.75671,0.26198056,-59.017677
2572,3.0166645,181,0,207.41985,0.26445732,-59.105377
2573,3.0166645,181,0,127.135345,0.26000607,-59.113384
2574,3.0166645,181,0,232.59799,0.26405135,-58.962902
2575,3.0166645,181,0,243.9816,0.25880426,-58.936077
2576,3.0166645,181,0,166.56003,0.25847876,-58.89848
2577,3.0166645,181,0,255.25995,0.26014063,-58.868404
2578,3.0166645,181,0,190.97748,0.26031685,-58.902103
2579,3.0166645,181,0,273.90265,0.25725543,-58.922432
2580,3.0166645,181,0,196.42303,0.26171336,-58.98683
2581,3.0166645,181,0,136.85349,0.25886166,-58.89146
2582,3.0166645,181,0,217.24164,0.26788634,-58.85842
2583,3.0166645,181,0,82.227806,0.2567871,-58.84716
2584,3.0166645,181,0,237.94221,0.26372695,-58.7385
2585,3.0166645,181,0,207.38559,0.25318694,-58.78473
2586,3.0166645,181,0,230.68188,0.2536709,-58.73871
2587,3.0166645,181,0,107.4613,0.26545513,-58.60117
2588,3.0166645,181,0,265.10117,0.2575869,-58.754642
2589,3.0166645,181,0,228.02988,0.25569826,-58.86555
2590,3.0166645,181,0,229.5706,0.2571009,-58.639626
2591,3.0166645,181,0,193.97704,0.25812027,-58.512634
2592,3.0166645,181,0,165.97263,0.25479063,-58.685875
2593,3.0166645,181,0,205.15178,0.26450542,-58.515667
2594,3.0166645,181,0,214.86844,0.25421327,-58.569553
2595,3.0166645,181,0,231.30438,0.2573889,-58.62918
2596,3.0166645,181,0,212.31744,0.2523164,-58.583263
2597,3.0166645,181,0,166.12413,0.25141686,-58.65116
2598,3.0166645,181,0,301.2657,0.24979033,-58.619804
2599,3.0166645,181,0,178.23715,0.2550091,-58.462715
2600,3.0166645,181,0,235.04619,0.2511104,-58.4529
2601,3.0166645,181,0,150.77992,0.2556852,-58.405186
2602,3.0166645,181,0,268.69177,0.25245377,-58.439648
2603,3.0166645,181,0,255.309,0.25550556,-58.405087
2604,3.0166645,181,0,80.67493,0.25658324,-58.364376
2605,3.0166645,181,0,219.12491,0.2556252,-58.42195
2606,3.0166645,181,0,184.33432,0.24799833,-58.401722
2607,3.0166645,181,0,238.34108,0.2535899,-58.506393
2608,3.0166645,181,0,227.47318,0.25141558,-58.45314
2609,3.0166645,181,0,159.54364,0.2496102,-58.321175
2610,3.0166645,181,0,200.48502,0.25387877,-58.16182
2611,3.0166645,181,0,209.15262,0.24820368,-58.28693
2612,3.0166645,181,0,114.09416,0.25771743,-58.105648
2613,3.0166645,181,0,250.9354,0.2519602,-58.15455
2614,3.0166645,181,0,253.14041,0.24932452,-58.14038
2615,3.0166645,181,0,234.71864,0.25195825,-58.097935
2616,0.71666664,43,0,0.32530198,0.23554574,-58.11967
2617,3.0166645,181,0,85.99504,0.253354,-58.09272
2618,3.0166645,181,0,216.92543,0.24676499,-57.957752
2619,3.0166645,181,0,256.62448,0.25167882,-58.02194
2620,3.0166645,181,0,1.5074588,0.2486129,-57.898804
2621,3.0166645,181,0,217.75842,0.24597268,-57.825283
2622,3.0166645,181,0,278.59,0.2462788,-57.787872
2623,3.0166645,181,0,265.61804,0.2536009,-57.78739
2624,2.0499988,123,0,1.470759,0.2524737,-57.792824
2625,3.0166645,181,0,250.91025,0.2510461,-57.695587
2626,3.0166645,181,0,274.91586,0.24981141,-57.372005
2627,3.0166645,181,0,164.60094,0.24989432,-57.537403
2628,3.0166645,181,0,220.81953,0.25047994,-57.496914
2629,3.0166645,181,0,235.42154,0.24499367,-57.500023
2630,3.0166645,181,0,275.683,0.24855244,-57.46171
2631,3.0166645,181,0,218.86244,0.25244728,-57.449768
2632,2.3166652,139,0,28.700235,0.24981403,-57.52261
2633,3.0166645,181,0,243.23845,0.25117776,-57.228832
2634,3.0166645,181,0,232.11568,0.25084284,-57.321743
2635,3.0166645,181,0,153.16083,0.2533687,-57.24391
2636,3.0166645,181,0,196.60191,0.25470078,-57.13417
2637,3.0166645,181,0,168.32259,0.253376,-57.14602
2638,3.0166645,181,0,249.8942,0.25285283,-57.13493
2639,3.0166645,181,0,239.97813,0.2599661,-57.075447
2640,1.8833323,113,0,7.065303,0.24567024,-57.31959
2641,3.0166645,181,0,207.28394,0.26062942,-56.98474
2642,3.0166645,181,0,216.89912,0.25188088,-56.918232
2643,3.0166645,181,0,255.73341,0.25667745,-57.06506
2644,1.1666663,70,0,1.6325004,0.24865992,-57.106174
2645,3.0166645,181,0,255.83632,0.25337663,-56.907986
2646,3.0166645,181,0,188.81973,0.2504916,-57.05045
2647,3.0166645,181,0,262.51724,0.24569488,-56.987125
2648,1.5833325,95,0,10.063648,0.24819125,-56.94558
2649,3.0166645,181,0,140.22588,0.25180477,-56.851933
2650,1.6666658,100,0,5.118435,0.25204685,-56.953487
2651,3.0166645,181,0,164.44963,0.2540587,-56.925503
2652,1.3833327,83,0,2.031119,0.25137833,-56.755123
2653,3.0166645,181,0,229.15913,0.25081798,-56.779205
2654,3.0166645,181,0,141.38986,0.25094876,-56.6527
2655,3.0166645,181,0,261.03644,0.25484124,-56.679195
2656,1.4499993,87,0,3.7999492,0.25058416,-56.73576
2657,3.0166645,181,0,212.73677,0.25303355,-56.639816
2658,3.0166645,181,0,174.60526,0.25070006,-56.61457
2659,3.0166645,181,0,109.76789,0.25253683,-56.54468
2660,3.0166645,181,0,224.54352,0.2525379,-56.620422
2661,3.0166645,181,0,255.9783,0.24953791,-56.650723
2662,3.0166645,181,0,80.128456,0.24752288,-56.670048
2663,3.0166645,181,0,194.26585,0.24757014,-56.715652
2664,3.0166645,181,0,269.81207,0.24644803,-56.68518
2665,3.0166645,181,0,197.32735,0.24866822,-56.73815
2666,3.0166645,181,0,226.32571,0.24291238,-56.603397
2667,3.0166645,181,0,158.18752,0.24523227,-56.554955
2668,3.0166645,181,0,232.89668,0.24734011,-56.60285
2669,3.0166645,181,0,145.27048,0.24365288,-56.43017
2670,3.0166645,181,0,238.79257,0.2458628,-56.59153
2671,3.0166645,181,0,193.744,0.25129727,-56.359478
2672,3.0166645,181,0,216.29434,0.24673156,-56.275394
2673,3.0166645,181,0,191.63118,0.24665485,-56.477093
2674,3.0166645,181,0,214.67787,0.25324965,-56.486225
2675,3.0166645,181,0,167.40356,0.24852435,-56.45778
2676,3.0166645,181,0,254.85303,0.24742244,-56.51451
2677,3.0166645,181,0,132.06999,0.24540226,-56.40313
2678,0.7333333,44,0,0.29166982,0.2459162,-56.560066
2679,3.0166645,181,0,128.09877,0.25352767,-56.312542
2680,1.4499993,87,0,2.2557633,0.2512771,-56.377556
2681,3.0166645,181,0,111.99753,0.24914277,-56.32632
2682,3.0166645,181,0,62.09446,0.25116754,-56.243275
2683,3.0166645,181,0,248.35796,0.2513187,-56.33434
2684,3.0166645,181,0,222.17296,0.25435075,-56.332058
2685,3.0166645,181,0,185.55911,0.25082868,-56.192127
2686,3.0166645,181,0,259.47433,0.24271968,-56.151295
2687,2.3833318,143,0,3.9309402,0.24128136,-56.27479
2688,3.0166645,181,0,320.63644,0.2515382,-56.180737
2689,3.0166645,181,0,116.03912,0.24958,-56.24309
2690,3.0166645,181,0,226.70506,0.24528614,-56.276985
2691,3.0166645,181,0,103.31599,0.2413913,-56.215824
2692,3.0166645,181,0,177.4485,0.24382633,-56.21668
2693,0.9999997,60,0,5.439498,0.24803267,-56.072178
2694,1.7666657,106,0,7.1386075,0.25088632,-56.063198
2695,3.0166645,181,0,106.14388,0.24904132,-56.094494
2696,0.7,42,0,1.4097589,0.2439084,-56.26365
2697,3.0166645,181,0,203.02702,0.25285864,-56.189457
2698,3.0166645,181,0,60.499996,0.2520389,-56.077934
2699,3.0166645,181,0,211.39995,0.24463113,-56.2175
2700,3.0166645,181,0,227.32632,0.24972722,-56.14451
2701,3.0166645,181,0,249.6358,0.24411488,-56.16543
2702,3.0166645,181,0,174.7229,0.2496986,-56.301453
2703,3.0166645,181,0,135.18565,0.24633114,-56.15252
2704,3.0166645,181,0,207.54611,0.24722497,-56.279934
2705,3.0166645,181,0,220.44711,0.24948367,-56.25594
2706,3.0166645,181,0,61.920933,0.2550492,-56.184254
2707,3.0166645,181,0,285.20435,0.25691548,-56.360203
2708,3.0166645,181,0,261.02945,0.25521526,-56.18902
2709,3.0166645,181,0,188.65543,0.26031142,-56.33465
2710,3.0166645,181,0,151.11198,0.24620135,-56.426014
2711,3.0166645,181,0,81.84425,0.2540036,-56.31594
2712,3.0166645,181,0,217.8891,0.2579804,-56.39037
2713,3.0166645,181,0,148.98874,0.25971413,-56.240868
2714,3.0166645,181,0,157.29951,0.2563578,-56.405373
2715,3.0166645,181,0,258.619,0.26185164,-56.340794
2716,3.0166645,181,0,157.91515,0.25868076,-56.534245
2717,3.0166645,181,0,308.42307,0.25294694,-56.458443
2718,3.0166645,181,0,251.33414,0.255098,-56.38075
2719,3.0166645,181,0,162.00616,0.2591571,-56.44128
2720,3.0166645,181,0,266.13168,0.25698447,-56.423485
2721,3.0166645,181,0,253.34937,0.26115787,-56.36674
2722,3.0166645,181,0,281.9136,0.26382247,-56.417183
2723,3.0166645,181,0,169.45844,0.25753504,-56.427517
2724,3.0166645,181,0,216.11229,0.2506726,-56.48406
2725,3.0166645,181,0,274.03857,0.25866717,-56.664318
2726,3.0166645,181,0,179.2117,0.25794518,-56.59207
2727,3.0166645,181,0,151.63503,0.25594333,-56.61431
2728,3.0166645,181,0,231.35355,0.25292233,-56.565823
2729,3.0166645,181,0,167.69034,0.2580539,-56.653294
2730,3.0166645,181,0,132.3584,0.2520133,-56.567165
2731,3.0166645,181,0,241.52864,0.25853232,-56.689186
2732,2.133332,128,0,2.238076,0.26714772,-56.888542
2733,3.0166645,181,0,275.048,0.2638711,-56.742466
2734,3.0166645,181,0,155.00168,0.26478556,-56.724747
2735,3.0166645,181,0,200.3713,0.2668968,-56.69828
2736,3.0166645,181,0,254.5201,0.27230763,-56.725082
2737,3.0166645,181,0,335.85468,0.26100013,-56.863914
2738,3.0166645,181,0,208.33763,0.2683561,-56.83376
2739,3.0166645,181,0,116.416275,0.26548344,-56.911083
2740,3.0166645,181,0,199.66803,0.26383552,-56.87982
2741,2.183332,131,0,2.3134975,0.26631168,-56.767994
2742,3.0166645,181,0,122.67751,0.26556268,-56.83152
2743,3.0166645,181,0,290.65216,0.26846638,-57.01172
2744,3.0166645,181,0,182.27289,0.2785244,-56.92554
2745,3.0166645,181,0,198.80415,0.27123368,-56.94077
2746,3.0166645,181,0,257.08795,0.27771467,-56.950546
2747,3.0166645,181,0,242.4778,0.26974416,-57.032623
2748,3.0166645,181,0,197.4942,0.27148503,-57.080067
2749,3.0166645,181,0,245.01578,0.27657494,-57.024277
2750,3.0166645,181,0,165.65134,0.27934423,-57.083237
2751,3.0166645,181,0,195.97089,0.27809432,-57.120235
2752,3.0166645,181,0,177.59772,0.27889815,-56.922455
2753,3.0166645,181,0,288.80347,0.28314802,-57.08135
2754,3.0166645,181,0,141.26778,0.2783957,-57.143986
2755,3.0166645,181,0,67.60029,0.27727047,-57.18675
2756,3.0166645,181,0,279.70193,0.28036892,-57.171017
2757,3.0166645,181,0,230.84085,0.2814888,-57.12664
2758,3.0166645,181,0,279.42465,0.28226778,-57.155144
2759,3.0166645,181,0,243.35434,0.28956008,-57.10825
2760,0.71666664,43,0,1.6335384,0.29810825,-57.096436
2761,3.0166645,181,0,153.68224,0.28007397,-57.12519
2762,3.0166645,181,0,291.8431,0.28312996,-57.25503
2763,3.0166645,181,0,199.65288,0.28660828,-57.10505
2764,3.0166645,181,0,116.23657,0.28675643,-57.101013
2765,3.0166645,181,0,288.9472,0.2904648,-57.32942
2766,3.0166645,181,0,309.30072,0.29100552,-57.24262
2767,3.0166645,181,0,327.70627,0.29287037,-57.30074
2768,3.0166645,181,0,213.90982,0.2882235,-57.36969
2769,3.0166645,181,0,191.92133,0.2884863,-57.234093
2770,3.0166645,181,0,305.66653,0.28674164,-57.377552
2771,3.0166645,181,0,166.0649,0.28737348,-57.407253
2772,3.0166645,181,0,260.68356,0.28983703,-57.336384
2773,3.0166645,181,0,262.4803,0.29051003,-57.492077
2774,3.0166645,181,0,198.44453,0.2902109,-57.570145
2775,3.0166645,181,0,261.64075,0.28429013,-57.53159
2776,3.0166645,181,0,239.58028,0.2833022,-57.538597
2777,3.0166645,181,0,176.82402,0.2807419,-57.515736
2778,3.0166645,181,0,231.09714,0.2867222,-57.608295
2779,3.0166645,181,0,239.5085,0.2878217,-57.554646
2780,3.0166645,181,0,14.862641,0.28607133,-57.59979
2781,3.0166645,181,0,263.98007,0.2774991,-57.527493
2782,3.0166645,181,0,210.7345,0.2865971,-57.64982
2783,3.0166645,181,0,270.37692,0.290275,-57.668327
2784,3.0166645,181,0,99.59001,0.2884227,-57.606277
2785,3.0166645,181,0,20.74656,0.28879917,-57.607574
2786,3.0166645,181,0,227.99776,0.28464773,-57.65029
2787,3.0166645,181,0,250.91165,0.28347898,-57.58731
2788,1.849999,111,0,8.798746,0.28920698,-57.64391
2789,3.0166645,181,0,262.95297,0.28110406,-57.763092
2790,3.0166645,181,0,138.61673,0.29176027,-57.673985
2791,3.0166645,181,0,210.9943,0.29228812,-57.778435
2792,3.0166645,181,0,207.29892,0.283195,-57.778843
2793,3.0166645,181,0,191.53368,0.283658,-57.75629
2794,3.0166645,181,0,142.3836,0.2871673,-57.76613
2795,3.0166645,181,0,253.22363,0.28463352,-57.908306
2796,3.0166645,181,0,197.85141,0.28426635,-57.94794
2797,3.0166645,181,0,173.88443,0.28004655,-57.88809
2798,3.0166645,181,0,227.7828,0.28692383,-58.019417
2799,3.0166645,181,0,149.29453,0.27931282,-57.95875
2800,3.0166645,181,0,172.7155,0.28024238,-57.97287
2801,3.0166645,181,0,192.9133,0.278676,-57.950386
2802,3.0166645,181,0,280.3382,0.27916524,-58.00809
2803,3.0166645,181,0,211.33423,0.28636643,-58.04582
2804,3.0166645,181,0,197.55511,0.28349274,-58.203224
2805,3.0166645,181,0,230.32103,0.2774121,-58.09563
2806,3.0166645,181,0,176.11325,0.2787211,-58.2742
2807,3.0166645,181,0,239.30815,0.27801454,-58.274036
2808,3.0166645,181,0,226.29591,0.27764907,-58.171352
2809,3.0166645,181,0,207.7017,0.28176793,-58.31894
2810,3.0166645,181,0,285.3611,0.2745218,-58.454014
2811,3.0166645,181,0,284.70786,0.27710763,-58.326263
2812,3.0166645,181,0,261.40167,0.2737588,-58.396786
2813,3.0166645,181,0,225.73958,0.27917558,-58.461292
2814,3.0166645,181,0,148.85062,0.27867305,-58.55115
2815,3.0166645,181,0,228.35992,0.27620417,-58.46293
2816,3.0166645,181,0,281.68228,0.27549306,-58.522156
2817,3.0166645,181,0,169.57047,0.27359042,-58.507065
2818,3.0166645,181,0,168.87357,0.27924132,-58.541992
2819,3.0166645,181,0,259.69916,0.27732947,-58.598328
2820,3.0166645,181,0,216.1993,0.26987115,-58.46301
2821,3.0166645,181,0,211.59238,0.2718828,-58.55887
2822,3.0166645,181,0,181.43427,0.2768043,-58.504494
2823,3.0166645,181,0,130.05128,0.2723677,-58.588673
2824,3.0166645,181,0,184.05804,0.26821238,-58.40242
2825,3.0166645,181,0,183.695,0.27001312,-58.48653
2826,3.0166645,181,0,282.98846,0.26929507,-58.415943
2827,3.0166645,181,0,181.26859,0.27737173,-58.3062
2828,3.0166645,181,0,292.23035,0.27005795,-58.366867
2829,3.0166645,181,0,217.80476,0.26891273,-58.369884
2830,3.0166645,181,0,197.0101,0.2683315,-58.345562
2831,3.0166645,181,0,256.8503,0.26185852,-58.291405
2832,3.0166645,181,0,321.92752,0.26338905,-58.246567
2833,3.0166645,181,0,176.1873,0.2642347,-58.18853
2834,3.0166645,181,0,236.83046,0.2647076,-58.1799
2835,3.0166645,181,0,159.38683,0.26167256,-58.246193
2836,3.0166645,181,0,168.25089,0.26020232,-58.24048
2837,3.0166645,181,0,195.68958,0.26064545,-58.26083
2838,3.0166645,181,0,173.61916,0.25910962,-58.224125
2839,3.0166645,181,0,159.10344,0.25262195,-58.28616
2840,3.0166645,181,0,163.80008,0.25884685,-58.160484
2841,3.0166645,181,0,119.39918,0.26066157,-58.07429
2842,3.0166645,181,0,47.612953,0.25448352,-58.080112
2843,3.0166645,181,0,234.07355,0.25647378,-58.046852
2844,3.0166645,181,0,191.5451,0.25366244,-57.91199
2845,3.0166645,181,0,149.94653,0.25903457,-57.968548
2846,3.0166645,181,0,166.55522,0.2593761,-57.853367
2847,3.0166645,181,0,150.35081,0.2633651,-57.882328
2848,3.0166645,181,0,218.30049,0.26266643,-57.918644
2849,3.0166645,181,0,118.68441,0.26590967,-57.61338
2850,3.0166645,181,0,295.0463,0.25774136,-57.69378
2851,3.0166645,181,0,151.21246,0.26051596,-57.660446
2852,3.0166645,181,0,136.12466,0.26511416,-57.64027
2853,3.0166645,181,0,239.78235,0.26471227,-57.685715
2854,3.0166645,181,0,120.407814,0.2680245,-57.607838
2855,3.0166645,181,0,276.01602,0.27088013,-57.711117
2856,3.0166645,181,0,179.05063,0.27368677,-57.500633
2857,3.0166645,181,0,203.17752,0.27357957,-57.576427
2858,3.0166645,181,0,305.86145,0.2759319,-57.581917
2859,3.0166645,181,0,336.8688,0.28050703,-57.49758
2860,3.0166645,181,0,236.1495,0.2743841,-57.423508
2861,3.0166645,181,0,174.4937,0.2794684,-57.521805
2862,3.0166645,181,0,216.9952,0.2796812,-57.466923
2863,3.0166645,181,0,115.523026,0.28385416,-57.444542
2864,3.0166645,181,0,205.05594,0.2866114,-57.39262
2865,3.0166645,181,0,189.87045,0.28390056,-57.549385
2866,3.0166645,181,0,188.38872,0.2854781,-57.552277
2867,3.0166645,181,0,199.82957,0.28369468,-57.490894
2868,3.0166645,181,0,200.38281,0.28787583,-57.474915
2869,3.0166645,181,0,153.38606,0.28836575,-57.519405
2870,3.0166645,181,0,111.82817,0.28899148,-57.39196
2871,3.0166645,181,0,162.09595,0.29562995,-57.50779
2872,3.0166645,181,0,155.66312,0.29454383,-57.436256
2873,3.0166645,181,0,199.55936,0.29758912,-57.31199
2874,3.0166645,181,0,276.7265,0.29638436,-57.331383
2875,3.0166645,181,0,166.87106,0.29681152,-57.366665
2876,3.0166645,181,0,92.14838,0.29912376,-57.524
2877,1.2166662,73,0,8.345157,0.30291435,-57.520283
2878,3.0166645,181,0,176.99916,0.2986562,-57.392883
2879,3.0166645,181,0,217.47638,0.3069596,-57.320923
2880,3.0166645,181,0,227.16205,0.30154702,-57.456387
2881,3.0166645,181,0,161.6351,0.31120953,-57.39537
2882,3.0166645,181,0,178.44333,0.312127,-57.29675
2883,1.1999996,72,0,1.7371515,0.31023034,-57.299835
2884,3.0166645,181,0,165.45192,0.3080344,-57.301567
2885,3.0166645,181,0,192.22583,0.31480697,-57.433784
2886,3.0166645,181,0,158.80025,0.3101558,-57.2778
2887,3.0166645,181,0,168.15477,0.31681842,-57.399033
2888,3.0166645,181,0,224.49493,0.32020178,-57.269997
2889,3.0166645,181,0,126.77324,0.3153379,-57.278004
2890,3.0166645,181,0,170.36232,0.31357673,-57.35551
2891,3.0166645,181,0,178.22403,0.31877974,-57.39504
2892,3.0166645,181,0,186.50197,0.3063325,-57.37014
2893,3.0166645,181,0,198.18927,0.30518028,-57.47495
2894,3.0166645,181,0,236.5677,0.3144252,-57.503094
2895,3.0166645,181,0,271.05,0.30587137,-57.436665
2896,3.0166645,181,0,154.41927,0.31043544,-57.546696
2897,1.083333,65,0,5.4531965,0.30906543,-57.20872
2898,3.0166645,181,0,257.74658,0.31355488,-57.425404
2899,3.0166645,181,0,270.1429,0.30808637,-57.675377
2900,3.0166645,181,0,145.54276,0.31264317,-57.625607
2901,1.0166664,61,0,7.5770254,0.30150342,-57.522865
2902,3.0166645,181,0,243.70407,0.30393013,-57.61758
2903,3.0166645,181,0,316.67712,0.31748033,-57.57003
2904,3.0166645,181,0,218.50252,0.30686477,-57.617706
2905,3.0166645,181,0,220.02129,0.3035015,-57.48509
2906,3.0166645,181,0,266.86432,0.3063146,-57.60454
2907,3.0166645,181,0,267.9725,0.305651,-57.654854
2908,3.0166645,181,0,297.5317,0.3034001,-57.572998
2909,3.0166645,181,0,178.17195,0.30188867,-57.57536
2910,3.0166645,181,0,169.89919,0.3013372,-57.54822
2911,3.0166645,181,0,200.50049,0.30352435,-57.578217
2912,3.0166645,181,0,126.84729,0.29481837,-57.57692
2913,3.0166645,181,0,69.65967,0.29473904,-57.527332
2914,3.0166645,181,0,88.38434,0.29212034,-57.463497
2915,3.0166645,181,0,189.11517,0.29624113,-57.510815
2916,3.0166645,181,0,214.6894,0.29367054,-57.587944
2917,3.0166645,181,0,214.44655,0.29374105,-57.645966
2918,3.0166645,181,0,203.83171,0.2941454,-57.46125
2919,3.0166645,181,0,214.45872,0.29109406,-57.543633
2920,3.0166645,181,0,265.1733,0.29218844,-57.518044
2921,3.0166645,181,0,249.49637,0.29280344,-57.499382
2922,3.0166645,181,0,178.6267,0.29845995,-57.424477
2923,3.0166645,181,0,217.73383,0.29270267,-57.42005
2924,3.0166645,181,0,276.4836,0.29339436,-57.493828
2925,3.0166645,181,0,248.11293,0.292677,-57.453136
2926,3.0166645,181,0,199.47722,0.28885177,-57.615284
2927,3.0166645,181,0,99.15277,0.28881234,-57.53176
2928,3.0166645,181,0,227.40887,0.28224117,-57.537792
2929,0.71666664,43,0,0.8577506,0.29499352,-57.43542
2930,3.0166645,181,0,201.14085,0.2854679,-57.531525
2931,3.0166645,181,0,225.53041,0.28678015,-57.35028
2932,3.0166645,181,0,136.93837,0.28954047,-57.255898
2933,1.5833325,95,0,5.3787866,0.2855713,-57.554733
2934,3.0166645,181,0,75.68434,0.28585204,-57.33656
2935,3.0166645,181,0,243.0545,0.28597027,-57.2915
2936,3.0166645,181,0,179.79538,0.29206556,-57.46727
2937,3.0166645,181,0,79.27112,0.28715184,-57.236977
2938,3.0166645,181,0,173.39641,0.29247734,-57.307873
2939,3.0166645,181,0,204.91603,0.28638843,-57.381172
2940,3.0166645,181,0,156.6527,0.28747702,-57.37758
2941,0.98333305,59,0,1.9995565,0.27705184,-57.441307
2942,3.0166645,181,0,79.36923,0.28973192,-57.409595
2943,3.0166645,181,0,103.94993,0.28798798,-57.31685
2944,3.0166645,181,0,288.3624,0.28996086,-57.450096
2945,1.0166664,61,0,4.3225536,0.28459305,-57.169365
2946,3.0166645,181,0,271.44104,0.28492874,-57.51584
2947,3.0166645,181,0,28.958963,0.28927273,-57.252254
2948,3.0166645,181,0,179.27113,0.28001383,-57.352413
2949,3.0166645,181,0,147.94443,0.27710822,-57.533936
2950,3.0166645,181,0,148.54778,0.29030892,-57.473007
2951,3.0166645,181,0,128.20422,0.28317994,-57.420364
2952,0.9666664,58,0,3.0715234,0.2898433,-57.33361
2953,3.0166645,181,0,226.37076,0.28529313,-57.585274
2954,3.0166645,181,0,204.75214,0.28771183,-57.523872
2955,3.0166645,181,0,136.08354,0.28616592,-57.425194
2956,3.0166645,181,0,320.49503,0.28772792,-57.606613
2957,1.1666663,70,0,5.888472,0.27791983,-57.399216
2958,3.0166645,181,0,164.64108,0.28837934,-57.65527
2959,3.0166645,181,0,167.27748,0.29135674,-57.497475
2960,3.0166645,181,0,251.61792,0.28615338,-57.461456
2961,0.8333332,50,0,1.0742179,0.29753044,-57.53494
2962,3.0166645,181,0,129.72043,0.28960022,-57.47456
2963,3.0166645,181,0,199.36266,0.29163757,-57.545265
2964,3.0166645,181,0,165.70448,0.29381236,-57.576973
2965,1.2833328,77,0,13.015551,0.2898911,-57.619553
2966,3.0166645,181,0,97.65697,0.30013886,-57.679523
2967,3.0166645,181,0,224.2481,0.28694877,-57.656475
2968,3.0166645,181,0,275.1339,0.29486027,-57.70356
2969,3.0166645,181,0,38.345078,0.29051164,-57.74497
2970,3.0166645,181,0,191.79535,0.2973242,-57.711647
2971,3.0166645,181,0,177.74283,0.29610938,-57.792118
2972,3.0166645,181,0,62.860104,0.29473978,-57.743885
2973,3.0166645,181,0,181.5926,0.3013126,-57.98242
2974,3.0166645,181,0,196.06735,0.30462512,-57.96055
2975,3.0166645,181,0,160.87523,0.31120566,-57.829258
2976,3.0166645,181,0,130.04283,0.3072455,-57.778027
2977,1.3999994,84,0,25.666634,0.30838102,-57.942974
2978,3.0166645,181,0,205.91087,0.30636021,-57.98108
2979,3.0166645,181,0,273.62207,0.3062981,-58.153343
2980,3.0166645,181,0,122.78491,0.31604844,-57.920975
2981,3.0166645,181,0,153.82442,0.315544,-58.067856
2982,3.0166645,181,0,102.28736,0.31280074,-57.90217
2983,0.9999997,60,0,1.5638454,0.30995172,-58.0072
2984,3.0166645,181,0,198.95308,0.30718142,-58.125534
2985,3.0166645,181,0,167.874,0.3060142,-58.174637
2986,1.5166659,91,0,25.664154,0.31014353,-58.07841
2987,3.0166645,181,0,219.63765,0.30751655,-57.91935
2988,3.0166645,181,0,209.85182,0.30446768,-58.1554
2989,3.0166645,181,0,216.24893,0.30278254,-58.006454
2990,0.8999998,54,0,4.5132585,0.2888514,-58.185154
2991,3.0166645,181,0,170.38336,0.30381948,-58.07914
2992,3.0166645,181,0,170.73741,0.29992247,-58.154385
2993,3.0166645,181,0,191.12401,0.30541033,-58.156563
2994,3.0166645,181,0,104.74709,0.3074799,-58.037872
2995,3.0166645,181,0,123.780464,0.31161287,-58.19325
2996,3.0166645,181,0,146.63326,0.30872124,-58.185726
2997,3.0166645,181,0,216.25623,0.30553693,-58.1268
2998,3.0166645,181,0,201.19542,0.31433308,-58.27666
2999,3.0166645,181,0,239.85283,0.3038568,-58.44366
3000,3.0166645,181,0,172.53802,0.3027834,-58.51012
3001,3.0166645,181,0,203.23926,0.2959931,-58.518795
3002,3.0166645,181,0,204.21786,0.30523843,-58.56202
3003,3.0166645,181,0,140.27948,0.2991634,-58.58218
3004,3.0166645,181,0,193.99622,0.30029923,-58.70519
3005,3.0166645,181,0,173.02826,0.30599463,-58.51746
3006,3.0166645,181,0,222.2408,0.304772,-58.592606
3007,3.0166645,181,0,171.10568,0.30175477,-58.436604
3008,3.0166645,181,0,215.77542,0.2973418,-58.457333
3009,3.0166645,181,0,130.11621,0.30059993,-58.626255
3010,3.0166645,181,0,151.91475,0.2975453,-58.58891
3011,3.0166645,181,0,164.67616,0.3032289,-58.5111
3012,3.0166645,181,0,178.91135,0.30721053,-58.60296
3013,3.0166645,181,0,213.61346,0.31038544,-58.62822
3014,3.0166645,181,0,116.286545,0.30868492,-58.453304
3015,3.0166645,181,0,137.43393,0.30757707,-58.489243
3016,3.0166645,181,0,178.52542,0.30975756,-58.561634
3017,0.94999975,57,0,5.6909323,0.31660137,-58.35796
3018,3.0166645,181,0,152.10023,0.3016218,-58.489143
3019,3.0166645,181,0,124.108696,0.30831695,-58.27997
3020,3.0166645,181,0,155.50229,0.3145253,-58.259895
3021,3.0166645,181,0,253.38892,0.30907914,-58.456234
3022,3.0166645,181,0,213.65845,0.30137992,-58.46798
3023,3.0166645,181,0,229.43341,0.30531546,-58.584007
3024,3.0166645,181,0,324.77185,0.30878097,-58.455257
3025,3.0166645,181,0,251.09819,0.2984569,-58.58083
3026,3.0166645,181,0,105.8157,0.3049101,-58.463108
3027,3.0166645,181,0,250.9953,0.30678046,-58.405056
3028,3.0166645,181,0,204.09834,0.30388716,-58.594116
3029,3.0166645,181,0,152.13188,0.30346164,-58.577198
3030,3.0166645,181,0,208.75389,0.30558646,-58.641453
3031,3.0166645,181,0,225.13438,0.3064536,-58.70068
3032,3.0166645,181,0,88.572655,0.30354136,-58.68129
3033,3.0166645,181,0,100.64966,0.3080417,-58.50696
3034,3.0166645,181,0,81.00643,0.3018534,-58.563858
3035,3.0166645,181,0,272.5909,0.308786,-58.588882
3036,3.0166645,181,0,37.063236,0.30597162,-58.576714
3037,3.0166645,181,0,193.72131,0.30622485,-58.534306
3038,3.0166645,181,0,176.39786,0.30524766,-58.70241
3039,3.0166645,181,0,253.8185,0.30166465,-58.68494
3040,3.0166645,181,0,220.32796,0.30198812,-58.65432
3041,3.0166645,181,0,193.68944,0.29885995,-58.678265
3042,3.0166645,181,0,273.5113,0.30081683,-58.60332
3043,3.0166645,181,0,104.61624,0.29590425,-58.655758
3044,3.0166645,181,0,244.96599,0.3022195,-58.622616
3045,3.0166645,181,0,56.73105,0.293138,-58.73422
3046,3.0166645,181,0,146.83781,0.29680976,-58.693718
3047,3.0166645,181,0,236.81894,0.29395208,-58.635906
3048,3.0166645,181,0,179.28748,0.3005992,-58.767273
3049,3.0166645,181,0,63.938484,0.29777634,-58.505215
3050,3.0166645,181,0,124.84065,0.29682595,-58.645447
3051,0.9333331,56,0,0.8545719,0.2851892,-58.58819
3052,3.0166645,181,0,169.47081,0.29608974,-58.397068
3053,1.1166663,67,0,6.2533965,0.2969403,-58.483925
3054,3.0166645,181,0,170.25836,0.297262,-58.51627
3055,3.0166645,181,0,66.48569,0.30039912,-58.497326
3056,3.0166645,181,0,164.01173,0.30176735,-58.47522
3057,0.71666664,43,0,1.3573139,0.30230772,-58.519775
3058,3.0166645,181,0,262.54572,0.30143738,-58.17553
3059,3.0166645,181,0,186.61554,0.29522064,-58.31977
3060,3.0166645,181,0,1.762597,0.30591395,-58.278244
3061,3.0166645,181,0,68.530655,0.30271077,-58.215996
3062,3.0166645,181,0,147.01721,0.29934204,-58.188885
3063,3.0166645,181,0,31.481596,0.29395694,-58.138535
3064,2.5499983,153,0,31.338297,0.30321327,-58.10896
3065,3.0166645,181,0,132.77858,0.30144417,-57.978123
3066,3.0166645,181,0,136.69238,0.30400378,-58.13815
3067,3.0166645,181,0,218.48747,0.30372936,-57.890476
3068,3.0166645,181,0,244.51613,0.30337662,-57.983295
3069,1.7166657,103,0,6.695101,0.302039,-58.07555
3070,3.0166645,181,0,256.73553,0.30267185,-57.888668
3071,3.0166645,181,0,115.400154,0.31004313,-57.841873
3072,3.0166645,181,0,271.2609,0.30572462,-57.797813
3073,3.0166645,181,0,83.2837,0.29578757,-57.801884
3074,1.6333325,98,0,57.087353,0.2918378,-57.961697
3075,3.0166645,181,0,209.45268,0.30192795,-57.63435
3076,3.0166645,181,0,194.15059,0.30345017,-57.694218
3077,3.0166645,181,0,202.24577,0.30684674,-57.765305
3078,3.0166645,181,0,223.57077,0.29700062,-57.819878
3079,3.0166645,181,0,225.23903,0.30352712,-57.61237
3080,3.0166645,181,0,79.0079,0.31590992,-57.628117
3081,3.0166645,181,0,161.62453,0.30872267,-57.56231
3082,3.0166645,181,0,205.3921,0.30111519,-57.509525
3083,3.0166645,181,0,217.28848,0.30459842,-57.69502
3084,3.0166645,181,0,140.39691,0.3088035,-57.575348
3085,3.0166645,181,0,216.74289,0.31258652,-57.747086
3086,3.0166645,181,0,169.91835,0.3130549,-57.82717
3087,0.8999998,54,0,2.0966024,0.30685994,-57.692436
3088,3.0166645,181,0,225.54234,0.31289932,-57.729805
3089,3.0166645,181,0,243.8005,0.312758,-57.65602
3090,0.68333334,41,0,1.8727273,0.32270408,-57.61739
3091,3.0166645,181,0,329.80115,0.312604,-57.90407
3092,3.0166645,181,0,213.83673,0.3223711,-57.7188
3093,3.0166645,181,0,316.2221,0.316482,-57.90834
3094,3.0166645,181,0,210.11612,0.31023914,-57.855583
3095,3.0166645,181,0,186.37694,0.31492385,-58.113106
3096,3.0166645,181,0,234.81744,0.32015607,-58.127438
3097,1.0333331,62,0,6.305864,0.30394182,-58.260166
3098,3.0166645,181,0,162.37561,0.31554043,-58.146717
3099,3.0166645,181,0,164.24185,0.31376958,-58.316357
3100,0.7666666,46,0,1.5284818,0.3185298,-58.53235
3101,3.0166645,181,0,276.1726,0.31397268,-58.183887
3102,3.0166645,181,0,182.68553,0.30457833,-58.311386
3103,3.0166645,181,0,287.83893,0.32261753,-58.44336
3104,3.0166645,181,0,205.0897,0.31059867,-58.40624
3105,3.0166645,181,0,246.99327,0.3096168,-58.314995
3106,3.0166645,181,0,239.67258,0.31914043,-58.46517
3107,3.0166645,181,0,166.9954,0.32132396,-58.395924
3108,3.0166645,181,0,199.72026,0.31503195,-58.43149
3109,3.0166645,181,0,216.37871,0.31121314,-58.5834
3110,3.0166645,181,0,223.5061,0.30413646,-58.651802
3111,3.0166645,181,0,174.21782,0.30131435,-58.72504
3112,1.4833326,89,0,15.3869095,0.30586797,-58.794067
3113,3.0166645,181,0,198.89499,0.29903737,-58.924946
3114,3.0166645,181,0,203.16988,0.30338573,-58.69819
3115,0.71666664,43,0,2.782516,0.2951808,-58.61165
3116,3.0166645,181,0,194.1278,0.29458413,-58.747997
3117,3.0166645,181,0,199.24657,0.2962899,-58.799526
3118,3.0166645,181,0,211.7226,0.29907167,-58.666145
3119,3.0166645,181,0,206.38849,0.3007302,-58.807846
3120,3.0166645,181,0,334.3733,0.29588452,-58.747883
3121,3.0166645,181,0,203.86829,0.2998488,-58.823215
3122,1.416666,85,0,1.3439288,0.30187643,-58.90722
3123,3.0166645,181,0,230.54272,0.3027384,-58.9062
3124,3.0166645,181,0,179.59657,0.3025574,-58.87032
3125,3.0166645,181,0,180.04659,0.30064335,-58.77197
3126,3.0166645,181,0,3.008803,0.30394095,-58.764633
3127,3.0166645,181,0,256.19867,0.30587196,-58.9559
3128,3.0166645,181,0,142.51476,0.30676243,-58.95552
3129,3.0166645,181,0,141.74341,0.30738297,-58.736084
3130,3.0166645,181,0,278.17108,0.30635014,-58.923473
3131,3.0166645,181,0,200.76076,0.3109829,-58.780415
3132,3.0166645,181,0,232.47346,0.29976428,-58.83525
3133,3.0166645,181,0,218.65009,0.31117672,-58.801365
3134,3.0166645,181,0,103.02783,0.3113042,-58.832577
3135,2.3166652,139,0,0.90298325,0.3083239,-59.016846
3136,3.0166645,181,0,220.29352,0.3127243,-58.92052
3137,3.0166645,181,0,224.49954,0.31496662,-58.86025
3138,3.0166645,181,0,293.90375,0.31352797,-58.89746
3139,3.0166645,181,0,64.74367,0.32399923,-58.88767
3140,1.0166664,61,0,1.1270231,0.3176382,-58.83183
3141,3.0166645,181,0,132.85255,0.32279494,-58.916702
3142,3.0166645,181,0,69.62291,0.32063335,-58.971542
3143,3.0166645,181,0,7.1643696,0.3194006,-59.00469
3144,3.0166645,181,0,146.42967,0.3273539,-58.85118
3145,3.0166645,181,0,206.54472,0.33149463,-58.834686
3146,3.0166645,181,0,170.27423,0.33651423,-59.028164
3147,3.0166645,181,0,214.53812,0.32692394,-59.081932
3148,3.0166645,181,0,116.013664,0.33425257,-59.182747
3149,3.0166645,181,0,216.92545,0.3363175,-59.06566
3150,1.3166661,79,0,4.3836417,0.32987404,-59.244038
3151,3.0166645,181,0,10.087388,0.3375997,-59.169235
3152,3.0166645,181,0,182.05495,0.34125695,-59.226574
3153,3.0166645,181,0,195.4551,0.34621957,-59.29022
3154,2.4833317,149,0,6.4181814,0.3540049,-59.27342
3155,3.0166645,181,0,188.11731,0.3595828,-59.39656
3156,1.6833324,101,0,1.6724579,0.36796176,-59.398422
3157,1.799999,108,0,6.176532,0.35540286,-59.450912
3158,1.0666664,64,0,2.3673923,0.36806968,-59.37031
3159,3.0166645,181,0,237.53842,0.36720395,-59.461594
3160,3.0166645,181,0,75.382835,0.35392234,-59.471455
3161,3.0166645,181,0,13.070241,0.37518418,-59.450916
3162,3.0166645,181,0,256.57138,0.37564683,-59.70523
3163,0.6666667,40,0,1.3663734,0.3781448,-59.689735
3164,3.0166645,181,0,192.70891,0.37688398,-59.680614
3165,3.0166645,181,0,271.33658,0.38495806,-59.81734
3166,3.0166645,181,0,153.5061,0.37782556,-59.97206
3167,3.0166645,181,0,120.54388,0.3933366,-59.92047
3168,3.0166645,181,0,209.73349,0.4007849,-60.035706
3169,3.0166645,181,0,212.19981,0.39894402,-60.157383
3170,3.0166645,181,0,25.177107,0.40929306,-60.175716
3171,3.0166645,181,0,177.6258,0.41313407,-60.273556
3172,1.5999992,96,0,2.2196755,0.41111577,-60.264652
3173,3.0166645,181,0,196.90642,0.41935807,-60.259995
3174,0.8333332,50,0,1.583458,0.4079021,-60.372894
3175,2.949998,177,0,2.8954735,0.42125228,-60.498043
3176,1.1999996,72,0,1.6286112,0.4351707,-60.34121
3177,3.0166645,181,0,190.54723,0.43470064,-60.498188
3178,0.94999975,57,0,1.5816531,0.42570078,-60.618958
3179,3.0166645,181,0,57.31712,0.43683425,-60.553455
3180,3.0166645,181,0,196.08841,0.43497366,-60.532864
3181,0.9333331,56,0,2.2717345,0.4397276,-60.85583
3182,3.0166645,181,0,162.09064,0.44839567,-60.673916
3183,1.1833329,71,0,4.2528653,0.43764597,-60.92037
3184,1.0499997,63,0,6.42063,0.4706622,-60.748024
3185,3.0166645,181,0,253.7171,0.45053962,-60.740845
3186,1.3499994,81,0,1.2726144,0.44727683,-60.680645
3187,1.4499993,87,0,11.44052,0.44053498,-60.890934
3188,1.3833327,83,0,11.359829,0.45471263,-60.777237
3189,2.1999986,132,0,8.557396,0.4508208,-60.89542
3190,1.1833329,71,0,8.40168,0.46892586,-60.71941
3191,2.1499987,129,0,51.651554,0.45399964,-60.823025
3192,0.8999998,54,0,0.32149678,0.46770462,-60.908463
3193,1.2166662,73,0,3.3259835,0.46057716,-60.71036
3194,3.0166645,181,0,257.79926,0.4732139,-60.840275
3195,2.849998,171,0,89.64433,0.4623958,-61.057762
3196,1.0666664,64,0,0.5387241,0.44515446,-60.913174
3197,3.0166645,181,0,184.6262,0.46752208,-60.876904
3198,0.88333315,53,0,2.062267,0.45812163,-60.827106
3199,1.3999994,84,0,8.49193,0.45889655,-61.066383
3200,2.0166655,121,0,68.10504,0.4493284,-60.954613
3201,1.2166662,73,0,18.019266,0.4447276,-60.77546
3202,0.6666667,40,0,1.5366718,0.45879394,-60.92641
3203,1.8166656,109,0,34.570274,0.4526621,-61.043682
3204,1.0499997,63,0,4.704167,0.45641014,-61.002422
3205,1.6999991,102,0,36.427525,0.451346,-60.868214
3206,1.1666663,70,0,1.3809388,0.4365659,-60.90446
3207,3.0166645,181,0,214.36093,0.4340076,-60.919678
3208,1.6166658,97,0,3.8088138,0.44821802,-60.78548
3209,0.84999985,51,0,4.5686097,0.4698582,-60.8002
3210,1.8166656,109,0,11.282198,0.4578064,-60.91508
3211,3.0166645,181,0,178.5813,0.44582334,-60.825344
3212,1.2166662,73,0,15.623368,0.4426232,-60.87436
3213,3.0166645,181,0,301.5227,0.44381374,-60.883804
3214,1.3333328,80,0,8.670979,0.45437735,-60.91346
3215,1.2333329,74,0,2.6575224,0.4573057,-60.80018
3216,1.1666663,70,0,9.019431,0.4392694,-60.80852
3217,1.1499996,69,0,3.5158968,0.45047662,-60.825455
3218,3.0166645,181,0,270.74063,0.45179233,-61.007004
3219,3.0166645,181,0,205.15578,0.44746202,-60.898163
3220,3.0166645,181,0,177.60446,0.4465556,-60.897903
3221,3.0166645,181,0,215.44096,0.44483444,-60.896004
3222,3.0166645,181,0,110.75859,0.44680893,-60.850357
3223,3.0166645,181,0,105.90116,0.44844767,-60.961266
3224,1.3999994,84,0,5.4261937,0.43675813,-60.94722
3225,1.4999993,90,0,1.3722042,0.44429243,-60.92405
3226,3.0166645,181,0,293.20102,0.44572347,-60.796062
3227,3.0166645,181,0,274.02597,0.45329395,-60.928905
3228,1.9999988,120,0,39.160168,0.4473825,-60.932102
3229,3.0166645,181,0,68.677315,0.43636295,-60.882694
3230,1.416666,85,0,3.1190374,0.44754857,-60.839832
3231,1.6833324,101,0,7.7067504,0.43744084,-60.763634
3232,3.0166645,181,0,139.08607,0.44238284,-60.844196
3233,1.7666657,106,0,3.3998394,0.4336821,-60.92448
3234,3.0166645,181,0,17.441673,0.44981375,-60.87853
3235,2.4833317,149,0,24.589478,0.43648803,-60.58334
3236,3.0166645,181,0,136.50111,0.43609184,-60.77367
3237,3.0166645,181,0,141.21341,0.44398114,-60.733166
3238,3.0166645,181,0,117.36914,0.42730185,-60.778133
3239,1.0499997,63,0,8.5476,0.4208627,-60.85252
3240,3.0166645,181,0,170.93335,0.4283569,-60.876713
3241,3.0166645,181,0,81.27888,0.4257976,-60.78697
3242,3.0166645,181,0,20.887375,0.4250536,-60.741222
3243,0.9333331,56,0,1.927283,0.43009114,-60.51548
3244,0.94999975,57,0,0.7274638,0.4318252,-60.670704
3245,3.0166645,181,0,7.4377823,0.43735555,-60.60615
3246,3.0166645,181,0,0.90847415,0.42975894,-60.6937
3247,3.0166645,181,0,138.69615,0.435263,-60.720905
3248,3.0166645,181,0,155.40463,0.4192035,-60.73308
3249,3.0166645,181,0,162.76138,0.41321674,-60.796112
3250,3.0166645,181,0,26.540699,0.4214437,-60.85694
3251,3.0166645,181,0,0.5493134,0.42251405,-60.611023
3252,3.0166645,181,0,1.3579621,0.41264087,-60.82909
3253,3.0166645,181,0,144.91125,0.4085779,-60.72625
3254,3.0166645,181,0,205.09044,0.40562332,-60.92763
3255,3.0166645,181,0,254.68481,0.41316062,-60.914913
3256,3.0166645,181,0,1.6646891,0.3960318,-60.991264
3257,3.0166645,181,0,5.47097,0.39906988,-60.919426
3258,3.0166645,181,0,173.30368,0.4114868,-61.059456
3259,3.0166645,181,0,61.53281,0.39852723,-60.989487
3260,3.0166645,181,0,275.14847,0.39492035,-60.937897
3261,3.0166645,181,0,11.127305,0.38861567,-61.003777
3262,3.0166645,181,0,306.98038,0.3841449,-61.185356
3263,3.0166645,181,0,114.46653,0.3903875,-61.298588
3264,3.0166645,181,0,308.44724,0.3884438,-61.4491
3265,3.0166645,181,0,212.33337,0.38559029,-61.390217
3266,3.0166645,181,0,81.17573,0.37353525,-61.307312
3267,3.0166645,181,0,214.39333,0.39159906,-61.47268
3268,2.949998,177,0,2.6339774,0.38777262,-61.76114
3269,3.0166645,181,0,209.10805,0.38141274,-61.7059
3270,3.0166645,181,0,243.83316,0.38928095,-61.86319
3271,2.4499984,147,0,2.2974644,0.38221458,-61.758602
3272,3.0166645,181,0,239.83968,0.3784079,-61.7993
3273,3.0166645,181,0,192.61372,0.3707829,-61.84251
3274,3.0166645,181,0,41.30592,0.389231,-61.930103
3275,3.0166645,181,0,300.30704,0.38704312,-61.959793
3276,3.0166645,181,0,153.90793,0.37605888,-62.28793
3277,3.0166645,181,0,270.21362,0.3889173,-62.31192
3278,3.0166645,181,0,270.1101,0.38623542,-62.505604
3279,3.0166645,181,0,3.3811963,0.39219496,-62.370457
3280,3.0166645,181,0,122.92223,0.39093107,-62.49702
3281,3.0166645,181,0,246.2054,0.39253134,-62.76348
3282,3.0166645,181,0,45.6436,0.4038636,-62.89013
3283,3.0166645,181,0,232.01848,0.41272032,-62.994816
3284,3.0166645,181,0,230.40335,0.40866148,-63.25934
3285,3.0166645,181,0,186.324,0.41027522,-63.32612
3286,3.0166645,181,0,295.84186,0.4186022,-63.572712
3287,3.0166645,181,0,289.309,0.42964387,-63.67936
3288,3.0166645,181,0,190.70969,0.42170912,-63.905117
3289,3.0166645,181,0,197.60161,0.4280081,-64.225395
3290,3.0166645,181,0,51.612392,0.4260986,-64.48041
3291,3.0166645,181,0,181.77763,0.42995563,-64.63554
3292,1.6166658,97,0,21.807863,0.43386328,-64.684326
3293,3.0166645,181,0,203.8797,0.430868,-64.982895
3294,3.0166645,181,0,154.92406,0.43755913,-65.21918
3295,3.0166645,181,0,302.2556,0.4408821,-65.36958
3296,3.0166645,181,0,345.31662,0.44152,-65.74927
3297,3.0166645,181,0,175.74579,0.4382196,-65.99113
3298,3.0166645,181,0,324.15796,0.44631377,-66.331985
3299,3.0166645,181,0,201.12817,0.44184625,-66.471596
3300,3.0166645,181,0,156.09508,0.4420244,-66.872635
3301,3.0166645,181,0,339.85785,0.4487189,-67.168205
3302,3.0166645,181,0,167.65518,0.44120452,-67.43525
3303,3.0166645,181,0,190.76367,0.4493455,-67.85544
3304,3.0166645,181,0,210.7718,0.4546375,-68.07375
3305,3.0166645,181,0,255.25735,0.4608938,-68.43501
3306,3.0166645,181,0,346.01193,0.46859097,-69.04125
3307,1.2499995,75,0,4.989806,0.471147,-68.674194
3308,3.0166645,181,0,162.72595,0.4723764,-69.310905
3309,0.88333315,53,0,3.7711911,0.4750515,-69.3366
3310,3.0166645,181,0,344.6044,0.47321332,-69.66973
3311,3.0166645,181,0,191.30801,0.47743407,-69.95007
3312,3.0166645,181,0,314.53543,0.46933034,-70.33475
3313,2.849998,171,0,5.5641236,0.5002906,-70.48042
3314,3.0166645,181,0,352.76294,0.5000691,-70.85744
3315,3.0166645,181,0,220.70804,0.4918212,-71.24445
3316,3.0166645,181,0,327.9974,0.50006247,-71.85509
3317,3.0166645,181,0,119.85525,0.5017673,-71.94073
3318,3.0166645,181,0,292.8963,0.5037206,-72.388084
3319,3.0166645,181,0,109.24441,0.5128103,-72.96994
3320,1.749999,105,0,2.7593493,0.51689255,-72.97018
3321,3.0166645,181,0,228.34984,0.5219759,-73.39923
3322,3.0166645,181,0,149.56352,0.5192721,-73.70465
3323,3.0166645,181,0,313.58804,0.5296954,-74.108734
3324,3.0166645,181,0,305.5572,0.5216354,-74.66275
3325,3.0166645,181,0,201.98051,0.53290117,-74.987434
3326,2.7333314,164,0,0.9557972,0.53142244,-75.303154
3327,3.0166645,181,0,375.11703,0.55196494,-75.47559
3328,3.0166645,181,0,73.95509,0.5532621,-75.88176
3329,3.0166645,181,0,17.71649,0.5737976,-76.06163
3330,3.0166645,181,0,306.1745,0.5702032,-76.484924
3331,3.0166645,181,0,284.94202,0.5720895,-76.96646
3332,3.0166645,181,0,0.64364797,0.5798209,-77.01611
3333,0.84999985,51,0,5.7950506,0.6051975,-77.15287
3334,3.0166645,181,0,148.93147,0.6068481,-77.11344
3335,3.0166645,181,0,255.48703,0.6098385,-77.583755
3336,2.5999982,156,0,4.993474,0.6078027,-77.79246
3337,3.0166645,181,0,83.87575,0.617671,-78.20304
3338,2.0166655,121,0,1.0654722,0.62170386,-78.24194
3339,3.0166645,181,0,362.57352,0.6242927,-78.43277
3340,3.0166645,181,0,382.3167,0.6385396,-78.66016
3341,3.0166645,181,0,190.07892,0.64226806,-78.99851
3342,1.9166656,115,0,1.1407889,0.6365403,-79.004555
3343,1.799999,108,0,2.9091141,0.63205206,-79.13583
3344,1.4999993,90,0,29.763105,0.63693243,-79.18194
3345,3.0166645,181,0,198.13953,0.62693554,-79.25596
3346,1.466666,88,0,23.786747,0.6455122,-79.31766
3347,3.0166645,181,0,349.1857,0.64064956,-79.588234
3348,3.0166645,181,0,245.02489,0.64674604,-79.73117
3349,3.0166645,181,0,143.6809,0.66687685,-79.97875
3350,3.0166645,181,0,193.63565,0.6681097,-80.109116
3351,0.8999998,54,0,2.0671692,0.6520266,-80.330376
3352,1.3999994,84,0,1.7790676,0.6362107,-80.29774
3353,3.0166645,181,0,163.34485,0.6779129,-80.38198
3354,3.0166645,181,0,157.30576,0.67610025,-80.580536
3355,1.6666658,100,0,3.312481,0.71513563,-80.80886
3356,1.9499989,117,0,2.2061248,0.68418485,-80.987885
3357,1.5999992,96,0,23.809132,0.68412024,-80.9964
3358,1.3166661,79,0,1.1028742,0.7140195,-81.054
3359,0.7333333,44,0,0.8780484,0.685424,-81.26172
3360,0.8333332,50,0,1.0389786,0.68644017,-81.64759
3361,3.0166645,181,0,71.803444,0.7223654,-81.31374
3362,3.0166645,181,0,304.50754,0.73215514,-81.36159
3363,3.0166645,181,0,385.5573,0.74287397,-81.488495
3364,3.0166645,181,0,362.01422,0.75415164,-81.627525
3365,3.0166645,181,0,205.74597,0.7485907,-81.696976
3366,1.1499996,69,0,2.4632716,0.7504032,-82.0046
3367,3.0166645,181,0,256.85602,0.7569397,-81.67263
3368,3.0166645,181,0,48.1619,0.73324007,-81.756035
3369,3.0166645,181,0,295.31647,0.73983055,-81.56856
3370,3.0166645,181,0,108.77896,0.7299714,-81.39834
3371,3.0166645,181,0,30.307663,0.7080258,-81.45811
3372,3.0166645,181,0,19.356152,0.6988188,-81.34565
3373,3.0166645,181,0,2.7524285,0.6854111,-81.48316
3374,3.0166645,181,0,196.77232,0.6784606,-81.25007
3375,3.0166645,181,0,247.09045,0.6700114,-81.32864
3376,3.0166645,181,0,244.30084,0.657431,-81.17228
3377,3.0166645,181,0,258.09637,0.64661324,-81.2876
3378,3.0166645,181,0,46.686863,0.6426016,-81.08929
3379,3.0166645,181,0,109.52744,0.6316894,-81.04668
3380,3.0166645,181,0,3.4756868,0.6272378,-81.03754
3381,2.0166655,121,0,4.653689,0.6415511,-80.86338
3382,3.0166645,181,0,0.47206503,0.6267795,-80.78889
3383,3.0166645,181,0,70.68551,0.6258976,-80.951164
3384,3.0166645,181,0,184.70937,0.60804766,-80.55778
3385,3.0166645,181,0,281.77167,0.6208159,-80.65572
3386,3.0166645,181,0,75.444145,0.6054803,-80.75625
3387,3.0166645,181,0,136.29182,0.5853707,-80.73832
3388,3.0166645,181,0,118.90937,0.5806553,-80.7998
3389,3.0166645,181,0,5.691825,0.5849411,-80.646095
3390,3.0166645,181,0,217.4756,0.5783927,-80.41744
3391,3.0166645,181,0,43.68112,0.571819,-80.65695
3392,3.0166645,181,0,101.1321,0.56137824,-80.60487
3393,3.0166645,181,0,153.9961,0.56668425,-80.464874
3394,3.0166645,181,0,159.7283,0.5643177,-80.47801
3395,3.0166645,181,0,0.4954603,0.56264096,-80.36731
3396,3.0166645,181,0,94.535416,0.5737413,-80.29932
3397,3.0166645,181,0,318.87234,0.5608319,-80.397644
3398,3.0166645,181,0,133.07896,0.5462487,-80.29093
3399,3.0166645,181,0,141.75514,0.55460846,-80.29711
3400,3.0166645,181,0,211.71185,0.5320493,-80.14134
3401,3.0166645,181,0,146.29123,0.5358786,-79.92363
3402,3.0166645,181,0,217.7232,0.5260623,-79.9596
3403,3.0166645,181,0,227.5261,0.53120583,-79.82255
3404,3.0166645,181,0,313.60712,0.5140064,-79.93349
3405,3.0166645,181,0,140.24692,0.5123496,-79.82602
3406,3.0166645,181,0,6.5920124,0.5052207,-79.65624
3407,0.9666664,58,0,2.182804,0.50885206,-79.46484
3408,3.0166645,181,0,113.94997,0.51150036,-79.351685
3409,3.0166645,181,0,282.7689,0.50159365,-79.25591
3410,1.6333325,98,0,2.7440996,0.5048593,-79.12222
3411,3.0166645,181,0,194.86931,0.5066641,-78.91358
3412,2.6999981,162,0,4.933519,0.5095066,-78.6042
3413,3.0166645,181,0,14.464821,0.5037898,-78.43512
3414,3.0166645,181,0,0.3729879,0.51505476,-78.46503
3415,3.0166645,181,0,295.72183,0.4930512,-78.05091
3416,3.0166645,181,0,5.468996,0.48089966,-77.84349
3417,3.0166645,181,0,17.373194,0.48864362,-77.67755
3418,2.183332,131,0,1.4897989,0.46644688,-77.54235
3419,3.0166645,181,0,169.15926,0.47017518,-77.17657
3420,3.0166645,181,0,1.5312469,0.46262082,-77.215324
3421,3.0166645,181,0,303.5547,0.4688899,-76.9712
3422,3.0166645,181,0,100.46115,0.45326936,-76.83731
3423,3.0166645,181,0,5.3355336,0.46907774,-76.51328
3424,3.0166645,181,0,2.0063906,0.46890172,-76.392586
3425,3.0166645,181,0,52.51072,0.45770037,-76.14556
3426,3.0166645,181,0,0.88921446,0.45194402,-75.99928
3427,3.0166645,181,0,363.54623,0.44837186,-75.668015
3428,3.0166645,181,0,63.69746,0.45402974,-75.71164
3429,3.0166645,181,0,238.24283,0.45549747,-75.27176
3430,3.0166645,181,0,112.63572,0.44345164,-75.25386
3431,3.0166645,181,0,142.40639,0.44206446,-75.083374
3432,3.0166645,181,0,208.65471,0.4344304,-74.97831
3433,3.0166645,181,0,113.56701,0.4355944,-74.71884
3434,3.0166645,181,0,177.67462,0.44064975,-74.51192
3435,3.0166645,181,0,134.17676,0.4399831,-74.36417
3436,3.0166645,181,0,4.186103,0.43791568,-74.19745
3437,3.0166645,181,0,157.71216,0.42772415,-74.11371
3438,3.0166645,181,0,1.3685029,0.4292476,-73.92899
3439,3.0166645,181,0,0.52023464,0.429169,-73.70229
3440,3.0166645,181,0,26.832916,0.43093315,-73.506744
3441,3.0166645,181,0,327.14746,0.43300906,-73.272545
3442,3.0166645,181,0,135.94353,0.42030334,-73.32986
3443,3.0166645,181,0,110.87366,0.42381164,-73.17715
3444,3.0166645,181,0,227.25484,0.41515797,-73.04969
3445,3.0166645,181,0,217.82866,0.41139975,-72.72988
3446,2.6999981,162,0,10.402762,0.42524424,-72.570114
3447,2.2999985,138,0,24.770153,0.42496723,-72.48654
3448,3.0166645,181,0,257.41812,0.41282108,-72.61866
3449,3.0166645,181,0,229.9599,0.41675526,-72.24686
3450,1.5499992,93,0,2.9619007,0.42081293,-72.19876
3451,1.2166662,73,0,8.748841,0.42327672,-72.07902
3452,3.0166645,181,0,90.45273,0.41903383,-71.90245
3453,3.0166645,181,0,245.97899,0.42118892,-71.68253
3454,3.0166645,181,0,117.353775,0.4162685,-71.490746
3455,1.2499995,75,0,0.5886583,0.41318628,-71.32422
3456,3.0166645,181,0,190.76553,0.4136768,-71.21683
3457,3.0166645,181,0,127.07525,0.40958393,-71.00586
3458,0.9666664,58,0,1.6216741,0.40086123,-70.87982
3459,0.94999975,57,0,5.9623055,0.44313842,-70.76835
3460,3.0166645,181,0,178.34885,0.41919053,-70.638336
3461,3.0166645,181,0,215.14893,0.41975877,-70.35082
3462,0.8999998,54,0,1.9369714,0.41861492,-70.50174
3463,0.68333334,41,0,1.1082103,0.43481126,-70.1058
3464,3.0166645,181,0,94.76987,0.41597173,-70.15429
3465,1.2499995,75,0,2.483513,0.41799408,-69.96352
3466,3.0166645,181,0,139.05539,0.420024,-69.86572
3467,3.0166645,181,0,166.82533,0.4079327,-69.67668
3468,1.0166664,61,0,2.725579,0.40416756,-69.577835
3469,3.0166645,181,0,244.83098,0.41274685,-69.37259
3470,3.0166645,181,0,351.62228,0.40534317,-69.24961
3471,1.1499996,69,0,2.6533422,0.41393536,-69.23769
3472,3.0166645,181,0,220.80586,0.4143454,-69.10262
3473,3.0166645,181,0,264.03207,0.41452053,-68.88629
3474,3.0166645,181,0,247.95808,0.4235365,-68.71845
3475,0.65000004,39,0,1.2650816,0.43211135,-68.85359
3476,0.9333331,56,0,7.7076373,0.42390665,-68.51956
3477,3.0166645,181,0,176.04005,0.4216121,-68.44585
3478,3.0166645,181,0,176.73375,0.41727495,-68.46341
3479,0.6000001,36,0,2.7797902,0.44283518,-68.01324
3480,3.0166645,181,0,217.6404,0.4274474,-68.10667
3481,3.0166645,181,0,208.87303,0.43503085,-67.88893
3482,3.0166645,181,0,383.40356,0.41698578,-67.99603
3483,0.78333324,47,0,1.9977102,0.4256428,-67.59252
3484,0.8999998,54,0,1.2527416,0.43531996,-67.72531
3485,3.0166645,181,0,257.1271,0.43839717,-67.603355
3486,3.0166645,181,0,238.11229,0.43823335,-67.42218
3487,0.6666667,40,0,2.6593657,0.43909425,-67.60547
3488,3.0166645,181,0,158.8895,0.43561536,-67.52983
3489,3.0166645,181,0,230.01779,0.44392395,-67.17765
3490,3.0166645,181,0,138.16719,0.45246583,-67.04221
3491,3.0166645,181,0,196.11003,0.45976692,-67.00497
3492,3.0166645,181,0,246.09033,0.46760014,-66.753975
3493,3.0166645,181,0,239.83458,0.4502073,-66.96008
3494,3.0166645,181,0,161.02386,0.46007398,-66.717514
3495,0.61666673,37,0,2.4042869,0.4584241,-66.759186
3496,3.0166645,181,0,4.150811,0.4669278,-66.46531
3497,0.61666673,37,0,4.758736,0.49296445,-66.9824
3498,3.0166645,181,0,254.63223,0.46861902,-66.42808
3499,0.81666654,49,0,4.383482,0.485887,-66.15621
3500,3.0166645,181,0,204.78223,0.47227734,-66.3534
3501,0.7333333,44,0,9.571146,0.48841426,-66.36687
3502,0.65000004,39,0,1.9300526,0.49382204,-66.22341
3503,3.0166645,181,0,202.13094,0.4828497,-66.24759
3504,0.74999994,45,0,4.6164947,0.46420306,-66.044464
3505,0.74999994,45,0,1.4538085,0.50843346,-66.14743
3506,0.68333334,41,0,2.222857,0.48486045,-66.05216
3507,0.65000004,39,0,0.72590256,0.49779722,-66.20549
3508,3.0166645,181,0,120.27938,0.48544493,-66.13614
3509,3.0166645,181,0,256.64508,0.49398786,-66.170364
3510,3.0166645,181,0,206.67485,0.49662554,-66.177246
3511,0.68333334,41,0,4.5535593,0.4942106,-66.22275
3512,3.0166645,181,0,164.28163,0.4995978,-66.090126
3513,3.0166645,181,0,285.9013,0.49954003,-66.03702
3514,3.0166645,181,0,133.43916,0.50895655,-66.08717
3515,3.0166645,181,0,264.6921,0.5165263,-66.04462
3516,0.6333334,38,0,1.9747136,0.524901,-65.89861
3517,1.0499997,63,0,0.95052,0.5025394,-66.55033
3518,3.0166645,181,0,178.92767,0.5319557,-66.1414
3519,3.0166645,181,0,184.87048,0.52853864,-66.27178
3520,3.0166645,181,0,70.11414,0.5320349,-66.44467
3521,3.0166645,181,0,189.69667,0.5431079,-66.652054
3522,3.0166645,181,0,143.4285,0.5568947,-66.571625
3523,3.0166645,181,0,196.60123,0.55914205,-66.51326
3524,3.0166645,181,0,198.11185,0.56083107,-66.90609
3525,3.0166645,181,0,209.4745,0.57077616,-66.94446
3526,3.0166645,181,0,57.258926,0.58908254,-67.16482
3527,3.0166645,181,0,216.41423,0.5930235,-67.16941
3528,3.0166645,181,0,276.96573,0.60584307,-67.38216
3529,3.0166645,181,0,279.2861,0.62675595,-67.53876
3530,3.0166645,181,0,282.20563,0.62237567,-67.903984
3531,3.0166645,181,0,10.173881,0.63799775,-68.110275
3532,3.0166645,181,0,297.77927,0.6431481,-68.18091
3533,3.0166645,181,0,284.61072,0.66197234,-68.307205
3534,2.7166648,163,0,1.8257214,0.67505074,-68.74315
3535,3.0166645,181,0,285.11636,0.70186466,-68.97671
3536,3.0166645,181,0,0.7922091,0.6995476,-69.13273
3537,3.0166645,181,0,284.63998,0.7102174,-69.56413
3538,3.0166645,181,0,172.06224,0.70583886,-69.73295
3539,3.0166645,181,0,253.93938,0.7375682,-69.920944
3540,3.0166645,181,0,303.07184,0.720024,-70.401306
3541,3.0166645,181,0,269.70724,0.7407971,-70.552376
3542,3.0166645,181,0,332.7274,0.72905385,-70.92196
3543,3.0166645,181,0,138.85684,0.734438,-71.11109
3544,3.0166645,181,0,199.84935,0.7372258,-71.38479
3545,3.0166645,181,0,303.7177,0.72273886,-71.68085
3546,3.0166645,181,0,347.54398,0.71880645,-71.96294
3547,3.0166645,181,0,326.14023,0.7207879,-72.20052
3548,3.0166645,181,0,293.62946,0.70360076,-72.3865
3549,3.0166645,181,0,1.0627878,0.71736366,-72.57107
3550,3.0166645,181,0,264.4314,0.7091327,-72.56143
3551,3.0166645,181,0,279.93985,0.6947889,-72.770065
3552,3.0166645,181,0,355.15265,0.7052188,-72.97076
3553,3.0166645,181,0,339.84015,0.7119579,-73.261345
3554,3.0166645,181,0,226.77232,0.70939314,-73.47823
3555,3.0166645,181,0,260.1571,0.7002006,-73.41951
3556,3.0166645,181,0,288.6017,0.7201962,-73.76555
3557,3.0166645,181,0,2.6598516,0.72994375,-73.7342
3558,3.0166645,181,0,319.97833,0.7161796,-73.89706
3559,3.0166645,181,0,4.402979,0.73954153,-74.11212
3560,3.0166645,181,0,279.99615,0.740995,-74.11968
3561,3.0166645,181,0,246.31516,0.75126016,-74.31442
3562,3.0166645,181,0,284.4481,0.75595456,-74.10028
3563,3.0166645,181,0,311.43106,0.7546411,-74.447105
3564,3.0166645,181,0,3.1853378,0.76151323,-74.68194
3565,3.0166645,181,0,227.0631,0.7747272,-74.498856
3566,3.0166645,181,0,286.58334,0.7700875,-74.707344
3567,3.0166645,181,0,258.51056,0.7459514,-74.69349
3568,3.0166645,181,0,173.71722,0.76594526,-75.093414
3569,3.0166645,181,0,220.08372,0.7443864,-74.82963
3570,3.0166645,181,0,261.82343,0.7678996,-75.23985
3571,3.0166645,181,0,292.52274,0.7670088,-75.500854
3572,3.0166645,181,0,273.8397,0.76189613,-75.38906
3573,3.0166645,181,0,257.71207,0.7658886,-75.416336
3574,3.0166645,181,0,264.7924,0.77305084,-75.71168
3575,3.0166645,181,0,301.0687,0.7538875,-75.517715
3576,3.0166645,181,0,260.52087,0.75337297,-75.82486
3577,3.0166645,181,0,188.3669,0.7396436,-76.01866
3578,3.0166645,181,0,149.59752,0.73826605,-76.107376
3579,3.0166645,181,0,254.87703,0.7409724,-76.177246
3580,3.0166645,181,0,182.60591,0.75205344,-76.37172
3581,3.0166645,181,0,218.83075,0.7371544,-76.366005
3582,3.0166645,181,0,284.814,0.7386138,-76.6741
3583,3.0166645,181,0,251.4208,0.73316044,-76.664696
3584,3.0166645,181,0,195.02205,0.7311312,-76.77763
3585,3.0166645,181,0,3.1390018,0.74207884,-76.65634
3586,3.0166645,181,0,289.64197,0.73753834,-76.778595
3587,3.0166645,181,0,238.37491,0.7084018,-76.88029
3588,3.0166645,181,0,326.34598,0.7082836,-76.64163
3589,3.0166645,181,0,262.74493,0.71619606,-76.928604
3590,1.4499993,87,0,3.332996,0.68449646,-76.84604
3591,3.0166645,181,0,248.69144,0.7028439,-76.83706
3592,3.0166645,181,0,297.05737,0.67978334,-76.99148
3593,3.0166645,181,0,0.8168861,0.6888235,-77.01179
3594,3.0166645,181,0,143.59677,0.6770302,-76.98385
3595,3.0166645,181,0,179.10312,0.6799966,-77.199646
3596,3.0166645,181,0,52.503033,0.67216915,-77.33114
3597,3.0166645,181,0,190.28505,0.6754151,-77.311745
3598,3.0166645,181,0,2.5532286,0.67814314,-77.32997
3599,3.0166645,181,0,33.040264,0.67784375,-77.035515
3600,3.0166645,181,0,210.83128,0.68367296,-77.035736
3601,3.0166645,181,0,9.291841,0.6748524,-77.2843
3602,3.0166645,181,0,208.89198,0.69045883,-77.29518
3603,3.0166645,181,0,125.77712,0.65763193,-77.25755
3604,3.0166645,181,0,142.6467,0.67188746,-77.357605
3605,3.0166645,181,0,22.369099,0.6680083,-77.356186
3606,3.0166645,181,0,36.652042,0.6775327,-77.34696
3607,3.0166645,181,0,209.31895,0.6779783,-77.332924
3608,3.0166645,181,0,5.573481,0.7021494,-77.25245
3609,3.0166645,181,0,83.466156,0.6823279,-77.23569
3610,2.8166647,169,0,5.699051,0.6814105,-77.42016
3611,3.0166645,181,0,212.87032,0.67084724,-77.33007
3612,3.0166645,181,0,143.42654,0.67052394,-77.22304
3613,3.0166645,181,0,218.9617,0.65706235,-77.3469
3614,3.0166645,181,0,249.87334,0.6991658,-77.30223
3615,3.0166645,181,0,40.28447,0.6701163,-77.017914
3616,0.9999997,60,0,0.81251395,0.671213,-77.101
3617,3.0166645,181,0,234.9978,0.64249414,-76.993744
3618,3.0166645,181,0,260.5222,0.6530955,-76.998566
3619,3.0166645,181,0,217.51453,0.6633551,-76.99068
3620,3.0166645,181,0,182.15027,0.65722126,-77.112495
3621,1.2666662,76,0,3.5014932,0.6381839,-76.95618
3622,3.0166645,181,0,209.8708,0.6286943,-76.90414
3623,3.0166645,181,0,229.57236,0.64994276,-76.74961
3624,3.0166645,181,0,277.62256,0.6413237,-76.52397
3625,3.0166645,181,0,123.30292,0.6185531,-76.54719
3626,3.0166645,181,0,179.37662,0.60950327,-76.41091
3627,3.0166645,181,0,163.34642,0.6168238,-76.36724
3628,3.0166645,181,0,42.86206,0.6045324,-76.18003
3629,3.0166645,181,0,265.8749,0.5998139,-76.04741
3630,3.0166645,181,0,149.62602,0.6028742,-75.95424
3631,3.0166645,181,0,185.3956,0.5983493,-75.991295
3632,3.0166645,181,0,130.2547,0.58704805,-75.602806
3633,3.0166645,181,0,216.37947,0.59148514,-75.67485
3634,3.0166645,181,0,206.93207,0.59068495,-75.480156
3635,3.0166645,181,0,182.79005,0.5801134,-75.24303
3636,3.0166645,181,0,203.81248,0.565184,-75.27727
3637,2.6499982,159,0,1.0501378,0.56145054,-75.04965
3638,1.466666,88,0,3.221531,0.55193406,-75.15445
3639,3.0166645,181,0,260.2624,0.5529122,-74.67775
3640,3.0166645,181,0,330.14026,0.56907415,-74.41772
3641,3.0166645,181,0,235.04533,0.5588974,-74.28493
3642,3.0166645,181,0,205.34702,0.5416071,-74.21811
3643,3.0166645,181,0,255.49051,0.537824,-74.070015
3644,0.9666664,58,0,2.3036747,0.53368956,-73.72827
3645,3.0166645,181,0,270.44016,0.5306087,-73.940956
3646,2.899998,174,0,2.8552248,0.51399505,-73.563515
3647,3.0166645,181,0,1.7946906,0.5010516,-73.50169
3648,3.0166645,181,0,282.9248,0.5345877,-73.298454
3649,0.94999975,57,0,0.54027396,0.5020495,-73.45562
3650,3.0166645,181,0,305.09454,0.4954739,-73.34503
3651,3.0166645,181,0,248.8495,0.5037289,-73.0421
3652,2.4499984,147,0,8.581426,0.5093508,-73.0742
3653,3.0166645,181,0,165.7922,0.49183398,-72.72079
3654,1.1833329,71,0,1.4803722,0.4746004,-72.75991
3655,3.0166645,181,0,300.44147,0.49996802,-72.67929
3656,3.0166645,181,0,152.37033,0.4959332,-72.52821
3657,3.0166645,181,0,326.63995,0.4742999,-72.23484
3658,1.0333331,62,0,2.1058688,0.49445665,-72.038055
3659,1.6499991,99,0,1.745674,0.4791515,-71.79326
3660,3.0166645,181,0,200.43306,0.47074947,-71.87794
3661,3.0166645,181,0,287.8684,0.47455812,-71.80363
3662,1.7833323,107,0,2.500324,0.47867152,-71.562744
3663,3.0166645,181,0,217.12471,0.47656667,-71.442726
3664,3.0166645,181,0,5.668289,0.47278515,-71.447296
3665,1.3666661,82,0,2.5453758,0.46069875,-71.17787
3666,3.0166645,181,0,309.82446,0.46386692,-71.09282
3667,3.0166645,181,0,285.07947,0.45998105,-71.123955
3668,1.8333323,110,0,4.1793275,0.47295946,-70.92205
3669,3.0166645,181,0,286.1857,0.45888987,-70.91907
3670,3.0166645,181,0,93.889595,0.46237245,-70.61492
3671,3.0166645,181,0,259.16098,0.4601821,-70.42824
3672,3.0166645,181,0,13.865344,0.46584243,-70.346825
3673,3.0166645,181,0,204.06213,0.46114427,-70.1991
3674,2.0999987,126,0,8.40386,0.46574822,-69.88789
3675,1.2166662,73,0,3.302431,0.45026526,-69.93116
3676,3.0166645,181,0,248.37154,0.45812806,-69.90387
3677,2.5333316,152,0,71.845795,0.43612915,-69.86039
3678,3.0166645,181,0,119.14442,0.45030254,-69.535866
3679,3.0166645,181,0,89.55946,0.45365313,-69.46738
3680,3.0166645,181,0,79.65646,0.44731337,-69.430534
3681,3.0166645,181,0,249.13132,0.45875677,-69.21809
3682,3.0166645,181,0,296.36462,0.4549531,-69.08054
3683,1.5499992,93,0,2.1163461,0.46940616,-68.96361
3684,3.0166645,181,0,64.04102,0.44247103,-68.94301
3685,3.0166645,181,0,216.67093,0.4493285,-68.81251
3686,3.0166645,181,0,125.58214,0.44689384,-68.614105
3687,1.8833323,113,0,3.4823916,0.43915474,-68.52472
3688,3.0166645,181,0,54.83669,0.43719262,-68.41288
3689,3.0166645,181,0,164.79877,0.4612157,-68.15882
3690,3.0166645,181,0,231.4686,0.43322518,-68.20949
3691,3.0166645,181,0,11.544913,0.43864134,-67.994095
3692,3.0166645,181,0,171.85828,0.42606947,-68.007576
3693,3.0166645,181,0,308.67184,0.43455565,-67.82604
3694,3.0166645,181,0,241.09476,0.4394459,-67.7521
3695,3.0166645,181,0,248.6352,0.4352027,-67.66463
3696,3.0166645,181,0,211.91814,0.43096757,-67.44603
3697,3.0166645,181,0,21.041475,0.4316638,-67.31674
3698,3.0166645,181,0,258.14777,0.42641428,-67.251
3699,3.0166645,181,0,250.06726,0.42365307,-67.16497
3700,3.0166645,181,0,22.42904,0.44355476,-66.87616
3701,3.0166645,181,0,129.98878,0.4347049,-66.74122
3702,3.0166645,181,0,215.07722,0.43867826,-66.50344
3703,3.0166645,181,0,313.74045,0.43080443,-66.61733
3704,3.0166645,181,0,254.97624,0.4372387,-66.254395
3705,2.233332,134,0,3.3938432,0.43177953,-66.33313
3706,3.0166645,181,0,241.77856,0.44055808,-66.21511
3707,3.0166645,181,0,295.66058,0.43057823,-66.05187
3708,3.0166645,181,0,10.183635,0.4351466,-66.034004
3709,3.0166645,181,0,82.6375,0.43945313,-66.08262
3710,3.0166645,181,0,230.15681,0.42517903,-65.863205
3711,3.0166645,181,0,197.3213,0.43546382,-65.87842
3712,3.0166645,181,0,197.15388,0.43537852,-65.47521
3713,3.0166645,181,0,160.05095,0.43811393,-65.691925
3714,3.0166645,181,0,1.7374626,0.44450718,-65.31597
3715,3.0166645,181,0,22.070581,0.43404138,-65.03715
3716,3.0166645,181,0,2.7324524,0.4460275,-64.87689
3717,3.0166645,181,0,224.67433,0.44032285,-64.9168
3718,3.0166645,181,0,123.37945,0.42644265,-64.68747
3719,3.0166645,181,0,216.90852,0.4358223,-64.697334
3720,3.0166645,181,0,250.79523,0.44386718,-64.3426
3721,3.0166645,181,0,285.84473,0.44521388,-64.336914
3722,3.0166645,181,0,142.81984,0.44564918,-64.46975
3723,3.0166645,181,0,225.00568,0.43099836,-64.15465
3724,3.0166645,181,0,2.2695487,0.44564274,-64.12849
3725,3.0166645,181,0,222.29587,0.4413922,-63.99311
3726,3.0166645,181,0,161.69623,0.46124604,-63.717506
3727,3.0166645,181,0,166.50888,0.4309401,-63.79214
3728,3.0166645,181,0,236.80948,0.43168366,-63.514404
3729,3.0166645,181,0,3.2319047,0.43002775,-63.55813
3730,1.9499989,117,0,4.036469,0.4365343,-63.212032
3731,3.0166645,181,0,45.137012,0.43819854,-63.229
3732,3.0166645,181,0,185.61148,0.43071926,-62.981953
3733,3.0166645,181,0,275.17413,0.42641735,-63.06912
3734,3.0166645,181,0,156.26476,0.43117818,-62.913063
3735,3.0166645,181,0,12.587676,0.43246403,-62.676704
3736,3.0166645,181,0,173.71112,0.43275014,-62.617313
3737,3.0166645,181,0,198.73677,0.4230246,-62.65697
3738,3.0166645,181,0,205.94864,0.42378324,-62.516167
3739,3.0166645,181,0,184.36055,0.41927955,-62.36475
3740,3.0166645,181,0,6.9087157,0.42284462,-62.325993
3741,3.0166645,181,0,208.44199,0.43018985,-62.166912
3742,3.0166645,181,0,318.60745,0.4144556,-62.09072
3743,3.0166645,181,0,176.16284,0.41864467,-61.950233
3744,3.0166645,181,0,277.48755,0.42101517,-61.884983
3745,3.0166645,181,0,165.87115,0.42024964,-61.821545
3746,2.3499985,141,0,6.8475685,0.41225305,-61.88768
3747,2.616665,157,0,10.623714,0.41945106,-61.69976
3748,3.0166645,181,0,217.37201,0.41023797,-61.525978
3749,3.0166645,181,0,145.04448,0.41692558,-61.380424
3750,1.749999,105,0,32.944427,0.40284467,-61.260437
3751,2.1166654,127,0,1.346697,0.4136586,-61.202763
3752,1.7666657,106,0,4.2232757,0.42590147,-60.871758
3753,2.4333317,146,0,2.6060488,0.42759585,-60.964676
3754,3.0166645,181,0,161.25377,0.42031017,-60.91363
3755,1.2166662,73,0,1.9746598,0.40379983,-61.007008
3756,3.0166645,181,0,211.05154,0.41843662,-60.731773
3757,1.7166657,103,0,29.232111,0.42657214,-60.576866
3758,3.0166645,181,0,62.356407,0.39868987,-60.643215
3759,3.0166645,181,0,297.5667,0.40968686,-60.61182
3760,3.0166645,181,0,291.08084,0.4124778,-60.47466
3761,3.0166645,181,0,121.486534,0.40355334,-60.499557
3762,3.0166645,181,0,51.029465,0.42042738,-60.405315
3763,3.0166645,181,0,294.4424,0.39625305,-60.138924
3764,2.0666654,124,0,28.235302,0.41081598,-60.419937
3765,3.0166645,181,0,219.18709,0.4204266,-60.291397
3766,1.0999997,66,0,1.2331871,0.4157301,-60.30622
3767,3.0166645,181,0,12.142065,0.418906,-60.015408
3768,3.0166645,181,0,279.31525,0.43837166,-60.049244
3769,2.3833318,143,0,5.574111,0.42115834,-60.070637
3770,3.0166645,181,0,296.3279,0.41848144,-60.09853
3771,3.0166645,181,0,60.12587,0.4198424,-59.871693
3772,3.0166645,181,0,343.32288,0.42237616,-59.8101
3773,3.0166645,181,0,210.11053,0.42608067,-59.980404
3774,3.0166645,181,0,75.52307,0.43477848,-59.75474
3775,3.0166645,181,0,161.24484,0.43266264,-59.888397
3776,3.0166645,181,0,196.59952,0.43222043,-59.852364
3777,1.1666663,70,0,3.7482247,0.4093732,-59.833893
3778,3.0166645,181,0,280.56534,0.41995052,-59.913452
3779,3.0166645,181,0,37.513176,0.44367546,-59.91107
3780,3.0166645,181,0,104.2348,0.42411467,-59.751602
3781,1.2333329,74,0,4.680122,0.45661715,-59.818867
3782,3.0166645,181,0,143.6182,0.42717606,-59.94864
3783,3.0166645,181,0,133.91125,0.41437837,-59.985947
3784,3.0166645,181,0,32.47158,0.42226294,-59.81608
3785,1.6666658,100,0,16.58963,0.45749253,-59.844635
3786,3.0166645,181,0,192.77629,0.4431443,-59.75024
3787,1.6166658,97,0,4.8445344,0.4669126,-59.83424
3788,3.0166645,181,0,124.2797,0.43257385,-59.924984
3789,1.466666,88,0,0.8889044,0.4579147,-60.09191
3790,0.9999997,60,0,6.571039,0.44243437,-59.804222
3791,0.74999994,45,0,2.091175,0.42437488,-60.108597
3792,3.0166645,181,0,41.625706,0.4400481,-59.822548
3793,3.0166645,181,0,204.5267,0.44203255,-60.120983
3794,3.0166645,181,0,69.706566,0.45563912,-60.36101
3795,1.0999997,66,0,0.7215534,0.4538728,-60.242767
3796,3.0166645,181,0,246.94418,0.44374776,-60.562195
3797,3.0166645,181,0,51.490757,0.44096306,-60.21209
3798,3.0166645,181,0,251.03716,0.4570136,-60.345573
3799,3.0166645,181,0,2.1946535,0.4459292,-60.467697
3800,3.0166645,181,0,276.15573,0.4429321,-60.30318
3801,1.1499996,69,0,3.596442,0.46266726,-60.368458
3802,3.0166645,181,0,140.22408,0.45575505,-60.650352
3803,1.4833326,89,0,0.6109287,0.45405078,-60.850124
3804,1.8166656,109,0,1.2747002,0.46172827,-60.845757
3805,3.0166645,181,0,97.675186,0.4683895,-60.923515
3806,3.0166645,181,0,1.80297,0.48038658,-60.752487
3807,3.0166645,181,0,177.42667,0.47764,-60.878056
3808,3.0166645,181,0,270.50372,0.47089833,-61.169388
3809,2.1999986,132,0,7.5590076,0.49566358,-61.03042
3810,3.0166645,181,0,133.80774,0.48512024,-61.168182
3811,1.3666661,82,0,3.3398154,0.49099278,-61.501537
3812,2.083332,125,0,36.26439,0.4766706,-61.436493
3813,3.0166645,181,0,138.68028,0.49048308,-61.448547
3814,3.0166645,181,0,120.976494,0.5067357,-61.77577
3815,3.0166645,181,0,7.5567374,0.50665206,-61.74617
3816,2.5999982,156,0,40.636574,0.51737857,-61.879776
3817,3.0166645,181,0,103.5364,0.5040007,-61.814404
3818,3.0166645,181,0,181.03572,0.52613586,-61.950768
3819,3.0166645,181,0,52.303856,0.5348634,-62.293755
3820,3.0166645,181,0,289.86078,0.51805985,-62.361782
3821,3.0166645,181,0,8.92932,0.52617395,-62.4365
3822,3.0166645,181,0,124.58313,0.5557076,-62.45625
3823,3.0166645,181,0,46.43526,0.5365531,-62.66646
3824,3.0166645,181,0,239.84775,0.56573206,-62.607765
3825,3.0166645,181,0,287.5126,0.560549,-62.964973
3826,3.0166645,181,0,200.86845,0.5496908,-63.11423
3827,3.0166645,181,0,185.0524,0.5582838,-63.23219
3828,3.0166645,181,0,1.7247331,0.567434,-63.343815
3829,3.0166645,181,0,3.1691647,0.56394714,-63.542118
3830,3.0166645,181,0,257.3987,0.5863841,-63.873894
3831,3.0166645,181,0,19.515676,0.582418,-63.973217
3832,3.0166645,181,0,1.9716057,0.5926541,-64.13451
3833,3.0166645,181,0,238.39502,0.60694635,-64.15279
3834,3.0166645,181,0,227.46472,0.58819115,-64.31945
3835,2.0666654,124,0,9.08078,0.5980663,-64.435135
3836,3.0166645,181,0,8.690194,0.6025221,-64.527275
3837,3.0166645,181,0,258.28775,0.62180275,-64.25143
3838,3.0166645,181,0,0.9973544,0.61913276,-64.569046
3839,3.0166645,181,0,0.4061712,0.621949,-64.65646
3840,3.0166645,181,0,90.55051,0.6224682,-64.665184
3841,3.0166645,181,0,124.62095,0.6495853,-64.61643
3842,3.0166645,181,0,211.80548,0.63069564,-64.929794
3843,3.0166645,181,0,94.85541,0.63381577,-64.91821
3844,3.0166645,181,0,1.6849325,0.6457971,-65.11981
3845,3.0166645,181,0,6.548646,0.6490548,-65.13097
3846,3.0166645,181,0,13.930056,0.6565711,-64.956825
3847,3.0166645,181,0,89.12107,0.6520786,-65.01749
3848,3.0166645,181,0,4.7867346,0.652008,-65.08042
3849,3.0166645,181,0,123.36849,0.6539023,-65.399254
3850,3.0166645,181,0,56.505833,0.6751546,-65.210236
3851,3.0166645,181,0,3.2024744,0.6600699,-65.26563
3852,3.0166645,181,0,44.72652,0.65337044,-65.48416
3853,3.0166645,181,0,146.89922,0.679942,-65.37784
3854,3.0166645,181,0,210.58916,0.6681272,-65.23857
3855,3.0166645,181,0,202.31766,0.65086806,-65.44229
3856,3.0166645,181,0,12.813592,0.6523807,-65.39333
3857,3.0166645,181,0,3.0179577,0.6549013,-65.5596
3858,3.0166645,181,0,8.057858,0.65960807,-65.566734
3859,3.0166645,181,0,13.192435,0.6408982,-65.52324
3860,3.0166645,181,0,272.8834,0.64888054,-65.665665
3861,3.0166645,181,0,2.3961518,0.6636578,-65.708244
3862,3.0166645,181,0,1.5445292,0.633466,-65.52247
3863,3.0166645,181,0,53.561317,0.64623857,-65.63765
3864,3.0166645,181,0,206.1288,0.6310783,-65.63747
3865,3.0166645,181,0,187.70042,0.6246528,-65.52219
3866,3.0166645,181,0,103.23772,0.6236934,-65.81022
3867,3.0166645,181,0,98.55481,0.6157383,-65.784294
3868,3.0166645,181,0,44.595524,0.594061,-65.98325
3869,3.0166645,181,0,38.16031,0.6006074,-65.876945
3870,3.0166645,181,0,142.34142,0.5963289,-66.01152
3871,3.0166645,181,0,131.78105,0.590431,-66.10259
3872,3.0166645,181,0,108.52413,0.5877764,-66.2043
3873,3.0166645,181,0,175.94563,0.5853372,-66.16776
3874,3.0166645,181,0,257.5872,0.5786129,-66.1259
3875,3.0166645,181,0,167.7157,0.57776767,-66.34335
3876,3.0166645,181,0,17.25414,0.59391665,-66.21365
3877,3.0166645,181,0,171.53278,0.5513328,-66.355835
3878,3.0166645,181,0,75.45523,0.5520925,-66.49282
3879,1.2166662,73,0,47.14054,0.55714977,-66.103004
3880,3.0166645,181,0,3.6973155,0.56823236,-66.37449
3881,3.0166645,181,0,3.8550913,0.5520559,-66.20816
3882,1.8666656,112,0,33.534008,0.5464042,-66.47704
3883,3.0166645,181,0,143.73721,0.5472073,-66.47217
3884,3.0166645,181,0,240.81535,0.5574105,-66.25721
3885,3.0166645,181,0,85.95458,0.5691306,-66.402855
3886,3.0166645,181,0,264.32678,0.54683,-66.28754
3887,3.0166645,181,0,74.55508,0.5474622,-66.27625
3888,3.0166645,181,0,65.223946,0.5328592,-66.242615
3889,3.0166645,181,0,242.42145,0.55590904,-66.18698
3890,3.0166645,181,0,60.267414,0.53391093,-66.206154
3891,3.0166645,181,0,106.36255,0.5371032,-66.06309
3892,3.0166645,181,0,51.27188,0.55016434,-65.98891
3893,3.0166645,181,0,8.078698,0.54920965,-65.87991
3894,3.0166645,181,0,183.04926,0.5492394,-65.892204
3895,1.0499997,63,0,0.6796412,0.56580514,-65.926414
3896,3.0166645,181,0,175.04088,0.5593364,-65.95953
3897,3.0166645,181,0,2.6106696,0.5539072,-65.77016
3898,3.0166645,181,0,1.1458306,0.55532825,-65.762474
3899,3.0166645,181,0,188.43503,0.55442846,-65.68623
3900,3.0166645,181,0,5.2592793,0.5438104,-65.58366
3901,3.0166645,181,0,2.879989,0.60405415,-65.45357
3902,3.0166645,181,0,211.8596,0.57693964,-65.30203
3903,3.0166645,181,0,123.242035,0.58117515,-65.206535
3904,3.0166645,181,0,215.71045,0.57305247,-65.18153
3905,3.0166645,181,0,92.622635,0.5753132,-65.30094
3906,1.6499991,99,0,5.8825355,0.55950475,-65.05145
3907,3.0166645,181,0,15.424632,0.5679814,-65.24114
3908,3.0166645,181,0,61.375027,0.5696739,-65.09416
3909,3.0166645,181,0,19.797262,0.5745552,-65.148346
3910,3.0166645,181,0,145.23654,0.60212356,-65.041214
3911,3.0166645,181,0,186.22862,0.57550526,-65.07101
3912,3.0166645,181,0,89.78713,0.5819553,-64.848404
3913,3.0166645,181,0,92.262115,0.58157384,-64.65168
3914,3.0166645,181,0,110.46235,0.6101176,-64.65072
3915,3.0166645,181,0,56.145363,0.59385645,-64.68636
3916,3.0166645,181,0,78.57546,0.5939325,-64.55038
3917,3.0166645,181,0,112.7504,0.6124358,-64.54433
3918,3.0166645,181,0,64.69581,0.58285093,-64.50901
3919,3.0166645,181,0,119.30667,0.5922824,-64.26065
3920,3.0166645,181,0,19.411661,0.5787335,-64.32557
3921,3.0166645,181,0,168.88475,0.5831138,-64.16057
3922,3.0166645,181,0,57.010693,0.5882108,-64.16521
3923,3.0166645,181,0,247.78764,0.60334545,-64.45057
3924,3.0166645,181,0,242.67131,0.5973425,-64.102684
3925,3.0166645,181,0,128.66925,0.59858674,-64.114296
3926,3.0166645,181,0,3.4736593,0.60023475,-64.19046
3927,3.0166645,181,0,83.08758,0.5846654,-64.119606
3928,3.0166645,181,0,163.15712,0.5851529,-63.801773
3929,3.0166645,181,0,207.40297,0.5907658,-63.89898
3930,2.133332,128,0,13.741566,0.6270252,-63.810154
3931,3.0166645,181,0,193.4685,0.5929656,-63.780087
3932,3.0166645,181,0,210.60876,0.5912176,-63.704025
3933,3.0166645,181,0,39.707214,0.6125254,-63.614067
3934,3.0166645,181,0,98.8668,0.60664755,-63.740753
3935,3.0166645,181,0,258.267,0.6145792,-63.82991
3936,3.0166645,181,0,8.385032,0.6005715,-63.659863
3937,3.0166645,181,0,166.70998,0.62251586,-63.56577
3938,3.0166645,181,0,54.139072,0.58528167,-63.54448
3939,3.0166645,181,0,155.40814,0.61015505,-63.59294
3940,3.0166645,181,0,185.73456,0.6085741,-63.478416
3941,3.0166645,181,0,208.40302,0.61160296,-63.55382
3942,3.0166645,181,0,186.5521,0.60126084,-63.393406
3943,3.0166645,181,0,78.86234,0.6160132,-63.51074
3944,3.0166645,181,0,38.37785,0.6205835,-63.547512
3945,3.0166645,181,0,58.422657,0.6019961,-63.429585
3946,2.2666652,136,0,11.546021,0.6088825,-63.06941
3947,3.0166645,181,0,198.07578,0.6052661,-63.409157
3948,3.0166645,181,0,158.9997,0.6192055,-63.160286
3949,3.0166645,181,0,78.19366,0.6298717,-63.150032
3950,3.0166645,181,0,130.98936,0.6259859,-63.175213
3951,3.0166645,181,0,104.27769,0.6255256,-63.334774
3952,3.0166645,181,0,138.38641,0.6140022,-63.378807
3953,3.0166645,181,0,215.02135,0.6148429,-63.36723
3954,3.0166645,181,0,127.23214,0.60888773,-63.14733
3955,1.0499997,63,0,2.1134033,0.5912394,-63.219444
3956,3.0166645,181,0,119.47217,0.6198099,-63.186752
3957,3.0166645,181,0,97.13696,0.62297654,-63.50572
3958,3.0166645,181,0,336.68277,0.6262477,-63.309864
3959,3.0166645,181,0,187.53741,0.6273052,-63.128998
3960,3.0166645,181,0,231.99959,0.6170149,-63.295414
3961,0.8333332,50,0,0.5880784,0.6122666,-63.26354
3962,3.0166645,181,0,370.67523,0.62618333,-63.323383
3963,3.0166645,181,0,127.9998,0.61745876,-63.305485
3964,2.133332,128,0,2.5928779,0.6042691,-63.220932
3965,3.0166645,181,0,335.42014,0.6022459,-63.322292
3966,3.0166645,181,0,102.85935,0.61359984,-63.36965
3967,3.0166645,181,0,202.05305,0.6094394,-63.37845
3968,3.0166645,181,0,94.15729,0.6132832,-63.430206
3969,1.3666661,82,0,1.1976537,0.62659824,-63.297558
3970,1.0499997,63,0,2.638591,0.5842781,-63.239674
3971,3.0166645,181,0,220.06961,0.6032988,-63.36405
3972,3.0166645,181,0,227.51328,0.60081124,-63.296055
3973,3.0166645,181,0,21.426277,0.60845095,-63.53429
3974,0.9333331,56,0,5.448222,0.5914506,-63.501102
3975,3.0166645,181,0,36.002014,0.587767,-63.17347
3976,3.0166645,181,0,269.37045,0.6054405,-63.22981
3977,1.1999996,72,0,2.868299,0.6158852,-63.18104
3978,3.0166645,181,0,102.07362,0.60712457,-63.305817
3979,3.0166645,181,0,97.041885,0.5926276,-63.197186
3980,3.0166645,181,0,130.52652,0.5875836,-63.115135
3981,3.0166645,181,0,314.57983,0.5969367,-63.152443
3982,3.0166645,181,0,243.57428,0.5963828,-63.520695
3983,3.0166645,181,0,113.806885,0.57539856,-63.332905
3984,1.2499995,75,0,1.186431,0.57014656,-63.661133
3985,3.0166645,181,0,356.74445,0.5981099,-63.2221
3986,3.0166645,181,0,351.44025,0.5881197,-63.470325
3987,3.0166645,181,0,401.03165,0.58037174,-63.308292
3988,0.8333332,50,0,0.8883059,0.59899276,-63.293365
3989,3.0166645,181,0,392.4589,0.579189,-63.41934
3990,3.0166645,181,0,309.20972,0.5744813,-63.472416
3991,3.0166645,181,0,17.664398,0.57580245,-63.454067
3992,3.0166645,181,0,334.7726,0.57254636,-63.361847
3993,3.0166645,181,0,85.70185,0.57137346,-63.268974
3994,3.0166645,181,0,172.4337,0.5689598,-63.42134
3995,3.0166645,181,0,335.31357,0.565248,-63.382664
3996,3.0166645,181,0,5.938319,0.5367184,-63.45219
3997,3.0166645,181,0,37.146694,0.56562203,-63.360973
3998,3.0166645,181,0,238.70547,0.5519899,-63.24961
3999,3.0166645,181,0,20.177824,0.54695934,-63.27496
4000,3.0166645,181,0,133.92514,0.5541984,-63.287895
4001,3.0166645,181,0,229.70844,0.54741734,-63.44458
4002,3.0166645,181,0,13.162974,0.5417382,-63.266106
4003,3.0166645,181,0,129.80237,0.5491173,-63.09981
4004,3.0166645,181,0,271.6056,0.53764796,-63.22168
4005,3.0166645,181,0,366.4015,0.5359381,-63.00289
4006,3.0166645,181,0,334.61288,0.52936995,-63.26101
4007,3.0166645,181,0,132.8443,0.5064301,-63.19828
4008,2.799998,168,0,4.909744,0.53852063,-63.22206
4009,3.0166645,181,0,24.77986,0.5247024,-62.932808
4010,3.0166645,181,0,405.5969,0.51831675,-62.967354
4011,3.0166645,181,0,44.62856,0.5111804,-62.927746
4012,3.0166645,181,0,82.19654,0.51327133,-62.811752
4013,3.0166645,181,0,376.5699,0.49706396,-62.850254
4014,2.2833319,137,0,2.5437753,0.5034391,-62.604595
4015,3.0166645,181,0,17.261812,0.50152993,-62.518402
4016,3.0166645,181,0,236.28188,0.49732456,-62.65408
4017,3.0166645,181,0,256.69525,0.51244885,-62.499496
4018,3.0166645,181,0,230.44167,0.4986713,-62.582462
4019,1.2499995,75,0,3.344873,0.49513003,-62.448963
4020,3.0166645,181,0,269.95932,0.5100848,-62.162086
4021,3.0166645,181,0,309.41788,0.48976958,-62.313663
4022,2.6833315,161,0,14.417697,0.48595053,-62.250774
4023,3.0166645,181,0,147.00351,0.49649543,-62.20911
4024,1.6833324,101,0,16.453926,0.48071066,-62.1647
4025,3.0166645,181,0,216.72417,0.48804694,-62.09184
4026,3.0166645,181,0,163.96791,0.47923812,-62.117897
4027,0.91666645,55,0,3.2422147,0.48351744,-61.838535
4028,3.0166645,181,0,262.13852,0.48819277,-62.04178
4029,0.71666664,43,0,1.7187725,0.47131008,-61.989376
4030,3.0166645,181,0,244.12292,0.4773961,-61.94328
4031,3.0166645,181,0,127.11405,0.475246,-61.829777
4032,0.8333332,50,0,2.619247,0.4926193,-61.865925
4033,3.0166645,181,0,217.21886,0.47946414,-62.04472
4034,3.0166645,181,0,212.41086,0.47788024,-61.828533
4035,0.7333333,44,0,1.1671118,0.48245466,-61.62734
4036,3.0166645,181,0,307.58304,0.4815762,-61.84178
4037,3.0166645,181,0,52.518185,0.48467144,-61.83987
4038,3.0166645,181,0,118.72965,0.4830989,-61.787136
4039,3.0166645,181,0,111.10722,0.4982954,-61.740574
4040,3.0166645,181,0,169.03006,0.48112842,-61.784355
4041,3.0166645,181,0,187.35658,0.48193637,-61.54369
4042,3.0166645,181,0,201.44725,0.4825402,-61.614983
4043,3.0166645,181,0,93.30655,0.48142007,-61.51396
4044,3.0166645,181,0,199.89308,0.48902118,-61.43859
4045,3.0166645,181,0,162.54123,0.48360094,-61.454067
4046,3.0166645,181,0,386.99863,0.48257953,-61.505035
4047,3.0166645,181,0,186.29256,0.4820935,-61.398518
4048,3.0166645,181,0,181.81013,0.48377198,-61.36319
4049,3.0166645,181,0,236.44853,0.4846241,-61.46241
4050,3.0166645,181,0,257.57928,0.49266976,-61.33423
4051,3.0166645,181,0,196.74313,0.47123164,-61.34839
4052,0.48333353,29,0,0.73831517,0.49567005,-61.42642
4053,3.0166645,181,0,200.35484,0.48949623,-61.36991
4054,3.0166645,181,0,216.14436,0.49378777,-61.527454
4055,3.0166645,181,0,329.828,0.48098707,-61.59094
4056,3.0166645,181,0,362.1722,0.48532987,-61.44228
4057,3.0166645,181,0,235.9349,0.48712575,-61.5046
4058,1.849999,111,0,2.543185,0.4833237,-61.631557
4059,3.0166645,181,0,275.66443,0.4941216,-61.47532
4060,0.8666665,52,0,0.33615816,0.49417144,-61.25771
4061,3.0166645,181,0,217.95323,0.48266733,-61.34333
4062,1.6999991,102,0,17.370039,0.48539737,-61.1919
4063,3.0166645,181,0,197.35776,0.4877214,-61.221992
4064,3.0166645,181,0,255.43898,0.47991252,-61.199512
4065,3.0166645,181,0,289.02515,0.48698258,-61.281807
4066,0.48333353,29,0,0.48566142,0.47163922,-61.22984
4067,3.0166645,181,0,329.6078,0.48766288,-61.41622
4068,1.6666658,100,0,18.686375,0.47244915,-61.113914
4069,3.0166645,181,0,277.43216,0.47675145,-61.3749
4070,3.0166645,181,0,346.38666,0.47964197,-61.238194
4071,3.0166645,181,0,261.94406,0.48409858,-61.338196
4072,0.71666664,43,0,4.1858726,0.49054053,-61.23274
4073,2.133332,128,0,21.253813,0.47432595,-61.37151
4074,3.0166645,181,0,114.096825,0.48160404,-61.377056
4075,3.0166645,181,0,263.2007,0.48492658,-61.103184
4076,1.9833322,119,0,2.388665,0.479617,-61.51657
4077,3.0166645,181,0,153.40306,0.48156196,-61.13799
4078,0.61666673,37,0,1.5522625,0.51004755,-60.766365
4079,1.0499997,63,0,1.8470002,0.4979343,-61.24845
4080,3.0166645,181,0,223.50668,0.48466817,-61.369965
4081,2.2833319,137,0,9.789429,0.49242264,-61.126396
4082,3.0166645,181,0,131.51947,0.4917351,-61.24519
4083,3.0166645,181,0,123.412994,0.48460248,-61.106968
4084,3.0166645,181,0,225.64948,0.4981398,-61.037502
4085,3.0166645,181,0,272.458,0.49235687,-61.107346
4086,1.416666,85,0,0.363863,0.48904607,-61.171917
4087,3.0166645,181,0,199.7837,0.48981833,-60.994698
4088,3.0166645,181,0,283.4191,0.49715018,-60.918056
4089,3.0166645,181,0,220.81868,0.5067706,-60.925766
4090,3.0166645,181,0,167.19455,0.49424654,-60.90771
4091,2.1666653,130,0,1.3230779,0.5053221,-60.975487
4092,3.0166645,181,0,281.56992,0.50203013,-60.810226
4093,3.0166645,181,0,207.6761,0.49704403,-60.923386
4094,3.0166645,181,0,394.30133,0.49995148,-60.74121
4095,3.0166645,181,0,197.73924,0.5067708,-60.747707
4096,1.9666655,118,0,15.5124855,0.50574476,-60.85913
4097,3.0166645,181,0,339.2128,0.490763,-60.821724
4098,3.0166645,181,0,188.2253,0.505694,-60.641464
4099,3.0166645,181,0,230.99564,0.5157347,-60.62491
4100,3.0166645,181,0,298.66544,0.51822746,-60.82607
4101,3.0166645,181,0,388.0667,0.5106497,-60.62423
4102,3.0166645,181,0,175.72705,0.5058915,-60.84057
4103,2.466665,148,0,0.8096875,0.50999415,-60.702015
4104,3.0166645,181,0,149.86055,0.5124093,-60.62907
4105,3.0166645,181,0,35.802208,0.52650994,-60.521244
4106,3.0166645,181,0,330.69022,0.5069105,-60.474865
4107,3.0166645,181,0,277.32083,0.52416736,-60.480175
4108,1.083333,65,0,0.92880714,0.5240114,-60.732723
4109,3.0166645,181,0,252.93263,0.5168075,-60.361973
4110,0.78333324,47,0,0.94299245,0.49428427,-60.526577
4111,3.0166645,181,0,189.43742,0.5214402,-60.63451
4112,3.0166645,181,0,330.09167,0.5023989,-60.631054
4113,3.0166645,181,0,15.39844,0.5179226,-60.46761
4114,3.0166645,181,0,99.311226,0.51755404,-60.57882
4115,2.3999984,144,0,16.465965,0.5290863,-60.393677
4116,3.0166645,181,0,226.88988,0.51562965,-60.5267
4117,3.0166645,181,0,204.03511,0.52727216,-60.424892
4118,3.0166645,181,0,245.78183,0.53095984,-60.230293
4119,3.0166645,181,0,286.47476,0.5241251,-60.29105
4120,3.0166645,181,0,102.640816,0.51379144,-60.435665
4121,3.0166645,181,0,205.91937,0.53040695,-60.296803
4122,3.0166645,181,0,12.778104,0.5404616,-60.40985
4123,3.0166645,181,0,118.11549,0.5218191,-60.44647
4124,3.0166645,181,0,388.60522,0.52943414,-60.186764
4125,1.2333329,74,0,6.3112245,0.5255083,-60.35875
4126,3.0166645,181,0,211.50513,0.53287864,-60.08344
4127,0.88333315,53,0,1.290592,0.52005404,-60.27287
4128,3.0166645,181,0,227.7211,0.5351616,-60.325928
4129,3.0166645,181,0,170.7457,0.5488951,-60.08398
4130,3.0166645,181,0,278.9681,0.52541286,-60.285915
4131,3.0166645,181,0,239.6584,0.5258846,-60.350075
4132,3.0166645,181,0,270.41528,0.5286504,-60.05896
4133,3.0166645,181,0,19.241201,0.5244125,-60.14848
4134,3.0166645,181,0,185.4415,0.52251726,-60.158215
4135,3.0166645,181,0,194.8005,0.53047264,-60.201187
4136,3.0166645,181,0,153.8602,0.5325836,-60.127476
4137,3.0166645,181,0,167.11108,0.5182922,-60.07518
4138,1.9333322,116,0,37.055984,0.53026277,-59.981407
4139,1.2333329,74,0,17.488777,0.52827954,-59.950264
4140,1.083333,65,0,13.366441,0.5171219,-60.19378
4141,3.0166645,181,0,20.759363,0.52399266,-59.878124
4142,3.0166645,181,0,56.476776,0.5211193,-59.95212
4143,3.0166645,181,0,46.707726,0.522054,-59.841053
4144,1.2333329,74,0,19.116451,0.52466655,-59.916206
4145,0.9999997,60,0,4.398507,0.5076097,-59.46315
4146,3.0166645,181,0,244.17767,0.5080216,-59.767487
4147,3.0166645,181,0,26.951597,0.5081375,-59.64465
4148,3.0166645,181,0,4.1521397,0.5088454,-59.750027
4149,3.0166645,181,0,169.96458,0.50729215,-59.577404
4150,0.8666665,52,0,0.6391924,0.51296514,-59.78439
4151,3.0166645,181,0,18.352694,0.524355,-59.415066
4152,3.0166645,181,0,190.12254,0.5042515,-59.464233
4153,0.98333305,59,0,2.1412487,0.5185952,-59.18687
4154,0.94999975,57,0,0.72269374,0.51380974,-59.144493
4155,3.0166645,181,0,117.628876,0.50249976,-59.256226
4156,0.7999999,48,0,0.9414302,0.50296015,-58.796307
4157,1.2333329,74,0,16.024384,0.52177143,-58.917183
4158,3.0166645,181,0,40.83987,0.49790746,-58.911644
4159,3.0166645,181,0,327.41727,0.49790213,-58.94858
4160,3.0166645,181,0,14.17133,0.49379352,-58.828712
4161,3.0166645,181,0,287.05853,0.51175934,-58.908897
4162,2.5499983,153,0,24.592949,0.50617194,-58.844784
4163,3.0166645,181,0,168.75612,0.4964213,-58.723083
4164,3.0166645,181,0,108.296684,0.49856862,-58.52883
4165,1.4499993,87,0,2.083431,0.50007343,-58.44812
4166,3.0166645,181,0,203.94585,0.49802747,-58.49247
4167,3.0166645,181,0,112.308365,0.5012226,-58.32248
4168,3.0166645,181,0,349.02603,0.51409006,-58.30082
4169,3.0166645,181,0,78.30104,0.5064358,-58.31086
4170,3.0166645,181,0,307.63766,0.4976655,-58.14742
4171,3.0166645,181,0,172.68517,0.49945784,-58.270256
4172,3.0166645,181,0,175.89818,0.48637378,-58.13744
4173,3.0166645,181,0,66.09247,0.49002445,-57.93202
4174,3.0166645,181,0,160.51054,0.4866373,-57.981968
4175,3.0166645,181,0,100.81832,0.49795315,-58.02802
4176,2.4999983,150,0,37.108395,0.48123395,-57.789993
4177,3.0166645,181,0,299.1207,0.4904124,-57.76568
4178,1.8666656,112,0,10.001134,0.49960345,-57.573215
4179,3.0166645,181,0,185.74596,0.4851671,-57.723965
4180,1.6333325,98,0,0.6567197,0.49609283,-57.514027
4181,2.1166654,127,0,13.339943,0.49217328,-57.773922
4182,3.0166645,181,0,364.16656,0.48531696,-57.499798
4183,1.9166656,115,0,5.4954586,0.5117311,-57.473278
4184,0.68333334,41,0,0.3777093,0.48938942,-57.396767
4185,3.0166645,181,0,237.77777,0.49359074,-57.33496
4186,1.4333327,86,0,2.5697095,0.47484934,-57.339607
4187,3.0166645,181,0,233.74283,0.50184876,-57.279865
4188,2.1666653,130,0,5.046232,0.49957117,-57.1016
4189,3.0166645,181,0,134.70573,0.5089833,-57.16343
4190,1.133333,68,0,7.759752,0.5135164,-57.105465
4191,3.0166645,181,0,239.40627,0.5093096,-56.99765
4192,3.0166645,181,0,280.08093,0.5090385,-57.12539
4193,3.0166645,181,0,273.00055,0.5146509,-57.027508
4194,1.5333326,92,0,2.9360735,0.4971446,-56.83887
4195,3.0166645,181,0,278.498,0.5099948,-57.025723
4196,3.0166645,181,0,294.66614,0.50785846,-57.102936
4197,3.0166645,181,0,205.08113,0.51486707,-57.00283
4198,3.0166645,181,0,378.87527,0.5226863,-56.722248
4199,3.0166645,181,0,286.44553,0.51455617,-56.87331
4200,0.5166668,31,0,2.3651402,0.52317387,-56.861824
4201,3.0166645,181,0,198.97324,0.5265356,-56.997612
4202,1.133333,68,0,0.83332264,0.5078614,-57.041977
4203,1.8333323,110,0,1.095376,0.51589066,-56.979794
4204,3.0166645,181,0,265.6361,0.51789653,-56.779465
4205,0.98333305,59,0,3.0726287,0.5166525,-57.14178
4206,0.61666673,37,0,0.8711058,0.5227057,-57.308895
4207,1.2833328,77,0,0.55943984,0.53489876,-56.910343
4208,3.0166645,181,0,255.66878,0.53016895,-56.94993
4209,3.0166645,181,0,191.63931,0.53225374,-56.934635
4210,3.0166645,181,0,207.56898,0.53234935,-57.059242
4211,3.0166645,181,0,275.68054,0.5363133,-57.18313
4212,3.0166645,181,0,372.2772,0.5398354,-57.10847
4213,3.0166645,181,0,148.83864,0.5404064,-57.093063
4214,3.0166645,181,0,155.06485,0.538281,-57.466217
4215,3.0166645,181,0,161.22272,0.537325,-57.344166
4216,3.0166645,181,0,230.22688,0.5453066,-57.40507
4217,3.0166645,181,0,279.2915,0.5484019,-57.525826
4218,3.0166645,181,0,336.73163,0.56444275,-57.88199
4219,3.0166645,181,0,202.26892,0.5714536,-57.73999
4220,1.4333327,86,0,1.9030542,0.5810084,-57.57972
4221,3.0166645,181,0,189.68523,0.57556057,-57.78627
4222,3.0166645,181,0,159.99913,0.574985,-57.849407
4223,2.0499988,123,0,1.2417352,0.5893646,-58.01953
4224,3.0166645,181,0,176.8566,0.5868014,-58.083576
4225,2.133332,128,0,4.1233716,0.58948714,-58.130474
4226,1.2166662,73,0,6.9851217,0.5775927,-58.05915
4227,3.0166645,181,0,275.82028,0.59261036,-58.113144
4228,3.0166645,181,0,230.64537,0.5901038,-58.09629
4229,3.0166645,181,0,270.9532,0.6007616,-58.293633
4230,3.0166645,181,0,159.13766,0.5982751,-58.61364
4231,3.0166645,181,0,227.71132,0.61701936,-58.38206
4232,3.0166645,181,0,202.98973,0.60087746,-58.47247
4233,3.0166645,181,0,227.26868,0.6133326,-58.592125
4234,1.416666,85,0,5.916329,0.6393451,-58.525368
4235,3.0166645,181,0,149.3933,0.62450683,-58.71879
4236,3.0166645,181,0,266.18442,0.6123445,-58.92933
4237,0.48333353,29,0,0.7583317,0.61261284,-58.845974
4238,3.0166645,181,0,241.31622,0.6271766,-59.024677
4239,1.2999995,78,0,2.572583,0.64274627,-59.291775
4240,0.74999994,45,0,1.2788032,0.6117572,-58.676968
4241,3.0166645,181,0,172.82796,0.62136656,-58.83788
4242,1.3333328,80,0,1.3370435,0.6364508,-58.99483
4243,3.0166645,181,0,167.422,0.6416007,-59.061596
4244,3.0166645,181,0,267.20584,0.6207862,-58.952404
